review_id,airline_id,lounge_name,airport,type_of_lounge,type_of_traveller,verify,date_submitted,nationality,comfort,cleanliness,bar_and_beverages,catering,washrooms,wifi_connectivity,staff_service,recommended,data_era,sentiment_label,sentiment_score,data_era_covid
1,9,JFK Terminal 7,New York JFK Airport,Business Class,Business,1,2024-05-21,United Kingdom,5.0,5.0,4.0,4.0,4.0,5.0,4.0,1,Modern (2015-Present),Positive,0.9698,After Covid
2,9,Aer Lingus,New York JFK Airport,Business Class,Business,1,2023-06-15,United Kingdom,5.0,5.0,4.0,2.0,5.0,5.0,5.0,1,Modern (2015-Present),Positive,0.9213,After Covid
3,9,Unknown Lounge,London Heathrow Airport,Business Class,Business,0,2023-05-25,Ireland,3.0,3.0,1.0,1.0,3.0,4.0,2.0,0,Modern (2015-Present),Negative,-0.5256,After Covid
5,9,Gold Circle,Dublin Airport,Frequent Flyer,Unknown,0,2017-02-15,Ireland,5.0,5.0,5.0,5.0,5.0,5.0,5.0,1,Modern (2015-Present),Positive,0.907,Pre Covid
6,9,Dublin,Dublin Airport,Business Class,Business,0,2017-02-10,United Kingdom,3.0,2.0,1.0,1.0,3.0,5.0,2.0,0,Modern (2015-Present),Positive,0.9452,Pre Covid
7,9,Unknown Lounge,Dublin Airport,Business Class,Business,0,2016-10-17,Ireland,2.0,2.0,1.0,1.0,1.0,3.0,1.0,0,Modern (2015-Present),Positive,0.775,Pre Covid
8,9,51st & Green,Dublin Airport,Business Class,Business,0,2016-09-26,Ireland,3.0,3.0,3.0,2.0,3.0,5.0,3.0,1,Modern (2015-Present),Positive,0.6152,Pre Covid
9,9,Unknown Lounge,New York JFK Airport,Business Class,Business,0,2015-11-21,United States,1.0,1.0,1.0,1.0,1.0,1.0,1.0,0,Modern (2015-Present),Negative,-0.4582,Pre Covid
10,9,Unknown Lounge,Boston Logan Airport,Business Class,Business,0,2015-11-03,United Kingdom,2.0,3.0,3.0,3.0,1.0,4.0,3.0,0,Modern (2015-Present),Negative,-0.1165,Pre Covid
11,9,Gold Circle Lounge,London Heathrow Airport,Frequent Flyer,Unknown,0,2015-10-29,Ireland,5.0,5.0,4.0,1.0,5.0,5.0,3.0,1,Modern (2015-Present),Positive,0.9386,Pre Covid
12,9,Unknown Lounge,Dublin Airport,Business Class,Business,0,2015-08-24,United Kingdom,4.0,5.0,4.0,3.0,3.0,4.0,5.0,1,Modern (2015-Present),Positive,0.9705,Pre Covid
13,9,Gold Circle,Boston Logan Airport,Business Class,Business,0,2015-08-13,United Kingdom,3.0,4.0,3.0,2.0,,4.0,3.0,0,Modern (2015-Present),Negative,-0.5517,Pre Covid
14,9,Gold Circle,London Heathrow Airport,Business Class,Business,0,2015-05-29,United States,4.0,4.0,2.0,2.0,3.0,4.0,1.0,0,Modern (2015-Present),Positive,0.6757,Pre Covid
15,9,Panorama,Dublin Airport,Business Class,Business,0,2015-03-29,United Kingdom,4.0,4.0,3.0,1.0,3.0,3.0,1.0,0,Modern (2015-Present),Positive,0.6341,Pre Covid
16,9,Gold Circle,London Heathrow Airport,Business Class,Business,0,2014-10-28,United Kingdom,4.0,5.0,4.0,2.0,4.0,4.0,3.0,1,Historical (Pre-2015),Positive,0.6494,Pre Covid
17,9,Gold Circle,Dublin Airport,Business Class,Business,0,2014-08-11,United Kingdom,3.0,4.0,3.0,1.0,3.0,4.0,3.0,0,Historical (Pre-2015),Positive,0.5244,Pre Covid
18,9,Gold Circle,Dublin Airport,Business Class,Business,0,2013-11-15,Ireland,4.0,3.0,1.0,1.0,1.0,4.0,2.0,0,Historical (Pre-2015),Negative,-0.8519,Pre Covid
19,9,Panorama,Zurich Airport,Business Class,Business,0,2013-11-15,Ireland,1.0,3.0,1.0,1.0,1.0,1.0,1.0,0,Historical (Pre-2015),Negative,-0.448,Pre Covid
20,9,Oasis,New York JFK Airport,Business Class,Business,0,2013-04-04,United Kingdom,4.0,3.0,4.0,4.0,2.0,4.0,2.0,0,Historical (Pre-2015),Negative,-0.9145,Pre Covid
21,9,Gold Circle,Dublin Airport,Business Class,Business,0,2012-09-17,Ireland,4.0,4.0,4.0,4.0,4.0,5.0,4.0,1,Historical (Pre-2015),Positive,0.4404,Pre Covid
22,9,Gold Circle,Dublin Airport,Business Class,Business,0,2012-09-10,United Kingdom,5.0,4.0,3.0,3.0,3.0,4.0,4.0,1,Historical (Pre-2015),Positive,0.6749,Pre Covid
23,9,Gold Circle,London Heathrow Airport,Business Class,Business,0,2012-09-10,United Kingdom,3.0,3.0,4.0,2.0,4.0,4.0,4.0,1,Historical (Pre-2015),Positive,0.9763,Pre Covid
24,9,Gold Circle,Dublin Airport,Business Class,Business,0,2011-09-13,Ireland,5.0,5.0,4.0,4.0,4.0,5.0,3.0,1,Historical (Pre-2015),Positive,0.4767,Pre Covid
25,9,Gold Circle,Boston Logan Airport,Business Class,Business,0,2011-05-03,United States,1.0,3.0,3.0,1.0,3.0,1.0,1.0,0,Historical (Pre-2015),Negative,-0.9538,Pre Covid
26,9,Gold Circle,London Heathrow Airport,Business Class,Business,0,2011-05-03,Ireland,5.0,5.0,5.0,4.0,4.0,5.0,5.0,1,Historical (Pre-2015),Positive,0.8268,Pre Covid
27,9,Gold Circle,Cork Airport,Business Class,Business,0,2011-05-03,Ireland,4.0,4.0,4.0,3.0,1.0,4.0,4.0,1,Historical (Pre-2015),Positive,0.9881,Pre Covid
28,9,Gold Circle,London Heathrow Airport,Business Class,Business,0,2010-05-01,United Kingdom,1.0,3.0,2.0,2.0,,,2.0,0,Historical (Pre-2015),Negative,-0.9521,Pre Covid
29,9,Gold Circle,Dublin Airport,Business Class,Business,0,2009-03-18,United Kingdom,2.0,3.0,3.0,2.0,1.0,1.0,3.0,0,Historical (Pre-2015),Positive,0.5719,Pre Covid
30,9,Gold Circle,London Heathrow Airport,Business Class,Business,0,2009-03-18,United Kingdom,2.0,4.0,1.0,3.0,1.0,1.0,3.0,0,Historical (Pre-2015),Positive,0.8047,Pre Covid
31,9,Gold Circle,Dublin Airport,Business Class,Business,0,2009-02-28,United Kingdom,1.0,1.0,3.0,1.0,1.0,,2.0,0,Historical (Pre-2015),Negative,-0.4976,Pre Covid
38,29,Weltbrger Lounge,Berlin Tegel Airport,Business Class,Business,0,2017-05-14,Germany,4.0,5.0,3.0,3.0,4.0,5.0,4.0,1,Modern (2015-Present),Positive,0.4019,Pre Covid
39,29,Jet Lounge,Vienna Airport,Business Class,Business,0,2017-02-24,Germany,1.0,4.0,4.0,3.0,,4.0,4.0,1,Modern (2015-Present),Positive,0.9033,Pre Covid
40,29,Weltbrger,Berlin Tegel Airport,Frequent Flyer,Unknown,0,2017-02-23,Germany,5.0,5.0,4.0,4.0,3.0,4.0,5.0,1,Modern (2015-Present),Positive,0.9871,Pre Covid
41,29,British Airways,Berlin Tegel Airport,Business Class,Business,0,2016-12-03,Germany,3.0,4.0,4.0,1.0,1.0,4.0,4.0,1,Modern (2015-Present),Positive,0.4086,Pre Covid
42,29,Air France,Berlin Tegel Airport,Business Class,Business,0,2016-12-02,Germany,3.0,4.0,4.0,3.0,1.0,4.0,4.0,1,Modern (2015-Present),Negative,-0.2185,Pre Covid
43,29,Tarom,Bucharest Otopeni Airport,Business Class,Business,0,2016-12-02,Germany,3.0,3.0,3.0,1.0,,4.0,1.0,0,Modern (2015-Present),Negative,-0.6322,Pre Covid
44,29,Hamburg Airport Lounge,Hamburg Airport,Frequent Flyer,Unknown,0,2016-05-19,Germany,5.0,5.0,3.0,2.0,3.0,4.0,5.0,1,Modern (2015-Present),Positive,0.9299,Pre Covid
45,29,Unknown Lounge,Miami Airport,Business Class,Business,0,2015-10-16,Germany,1.0,1.0,1.0,1.0,2.0,1.0,1.0,0,Modern (2015-Present),Negative,-0.9155,Pre Covid
46,29,VIP Lounge SAC,Catania Airport,Business Class,Business,0,2015-09-08,United Kingdom,1.0,3.0,1.0,1.0,3.0,4.0,2.0,0,Modern (2015-Present),Positive,0.4466,Pre Covid
47,29,Unknown Lounge,Vienna Airport,Frequent Flyer,Unknown,0,2015-06-17,Austria,4.0,4.0,4.0,4.0,4.0,5.0,5.0,1,Modern (2015-Present),Positive,0.927,Pre Covid
48,29,Unknown Lounge,Berlin Tegel Airport,Business Class,Business,0,2014-04-30,United States,2.0,1.0,1.0,1.0,1.0,1.0,1.0,0,Historical (Pre-2015),Negative,-0.2246,Pre Covid
49,8,Unknown Lounge,Athens Airport,Business Class,Business,0,2025-03-24,United Kingdom,5.0,5.0,5.0,5.0,5.0,5.0,5.0,1,Modern (2015-Present),Positive,0.8932,After Covid
50,8,Aegean Business Lounge,Athens Airport,Frequent Flyer,Unknown,0,2022-01-08,Portugal,5.0,4.0,4.0,4.0,,5.0,4.0,1,Modern (2015-Present),Positive,0.9136,After Covid
51,8,Unknown Lounge,Athens Airport,Business Class,Business,1,2020-03-05,Greece,3.0,4.0,4.0,2.0,3.0,4.0,5.0,1,Modern (2015-Present),Positive,0.7888,Covid
52,8,Aegean Lounge,Athens Airport,Business Class,Business,1,2019-09-22,Germany,5.0,5.0,5.0,5.0,4.0,5.0,5.0,1,Modern (2015-Present),Positive,0.9524,Pre Covid
53,8,Swissport,Athens Airport,Business Class,Business,0,2017-09-28,Greece,3.0,3.0,1.0,1.0,1.0,1.0,3.0,0,Modern (2015-Present),Negative,-0.9069,Pre Covid
54,8,Aegean Lounge,Athens Airport,Frequent Flyer,Unknown,0,2017-09-17,Cyprus,3.0,1.0,2.0,1.0,1.0,3.0,2.0,1,Modern (2015-Present),Positive,0.7876,Pre Covid
55,8,Intra Shengen,Athens Airport,Business Class,Business,0,2017-06-23,Greece,4.0,4.0,4.0,3.0,3.0,5.0,5.0,1,Modern (2015-Present),Positive,0.9163,Pre Covid
56,8,Sala Monteverdi,Milan Malpensa Airport,Business Class,Business,0,2017-06-23,Greece,4.0,4.0,4.0,4.0,4.0,3.0,4.0,1,Modern (2015-Present),Negative,-0.2577,Pre Covid
57,8,Swissport Lounge,Athens Airport,Business Class,Business,0,2017-06-21,Greece,2.0,2.0,1.0,1.0,1.0,1.0,2.0,0,Modern (2015-Present),Negative,-0.4215,Pre Covid
58,8,Unknown Lounge,Thessaloniki Airport,Business Class,Business,0,2016-12-27,Greece,5.0,5.0,4.0,4.0,5.0,5.0,5.0,1,Modern (2015-Present),Positive,0.8122,Pre Covid
59,8,Unknown Lounge,Larnaca Airport,Business Class,Business,0,2015-06-13,Germany,4.0,4.0,3.0,3.0,3.0,4.0,4.0,1,Modern (2015-Present),Positive,0.2732,Pre Covid
60,8,Unknown Lounge,Athens Airport,Business Class,Business,0,2014-10-05,Greece,5.0,5.0,5.0,4.0,4.0,5.0,5.0,1,Historical (Pre-2015),Positive,0.2263,Pre Covid
61,8,Unknown Lounge,Athens Airport,Business Class,Business,0,2014-03-11,Spain,3.0,3.0,2.0,1.0,2.0,3.0,2.0,0,Historical (Pre-2015),Positive,0.4019,Pre Covid
62,8,Unknown Lounge,Thessaloniki Airport,Business Class,Business,0,2012-07-24,United Kingdom,5.0,5.0,4.0,4.0,4.0,5.0,5.0,1,Historical (Pre-2015),Positive,0.7425,Pre Covid
63,8,Unknown Lounge,Thessaloniki Airport,Business Class,Business,0,2011-09-17,United States,4.0,5.0,3.0,2.0,4.0,5.0,3.0,0,Historical (Pre-2015),Positive,0.9501,Pre Covid
64,8,Unknown Lounge,Athens Airport,Business Class,Business,0,2009-07-13,United Kingdom,4.0,5.0,3.0,3.0,4.0,5.0,4.0,0,Historical (Pre-2015),Positive,0.9476,Pre Covid
65,25,Chivas,Almaty Airport,Business Class,Business,1,2018-09-01,United Kingdom,1.0,2.0,1.0,1.0,1.0,1.0,1.0,0,Modern (2015-Present),Negative,-0.5372,Pre Covid
66,25,Unknown Lounge,Almaty Airport,Business Class,Business,0,2018-08-12,Australia,4.0,4.0,1.0,1.0,3.0,3.0,,1,Modern (2015-Present),Positive,0.4404,Pre Covid
67,25,Unknown Lounge,Almaty Airport,Business Class,Business,1,2018-04-02,Australia,3.0,3.0,1.0,1.0,,3.0,1.0,0,Modern (2015-Present),Positive,0.5095,Pre Covid
68,25,Shanyrak,Astana Airport,Business Class,Business,1,2017-12-16,Russian Federation,5.0,5.0,3.0,3.0,5.0,5.0,5.0,1,Modern (2015-Present),Positive,0.8794,Pre Covid
69,25,Unknown Lounge,Almaty Airport,Business Class,Business,0,2017-10-23,United States,2.0,3.0,,,2.0,,1.0,0,Modern (2015-Present),Negative,-0.9741,Pre Covid
70,25,Unknown Lounge,Almaty Airport,Business Class,Business,0,2016-08-11,Australia,1.0,3.0,1.0,1.0,,1.0,1.0,1,Modern (2015-Present),Positive,0.8475,Pre Covid
71,25,Unknown Lounge,Almaty Airport,Business Class,Business,0,2016-07-09,United States,2.0,2.0,1.0,1.0,2.0,1.0,1.0,0,Modern (2015-Present),Negative,-0.7429,Pre Covid
72,25,Unknown Lounge,Almaty Airport,Business Class,Business,0,2009-06-04,United Kingdom,2.0,3.0,3.0,2.0,,,1.0,0,Historical (Pre-2015),Positive,0.2732,Pre Covid
73,25,Unknown Lounge,Almaty Airport,Business Class,Business,0,2009-01-18,United Kingdom,2.0,4.0,3.0,2.0,2.0,2.0,3.0,0,Historical (Pre-2015),Positive,0.2244,Pre Covid
74,13,Rublev,Moscow Sheremetyevo Airport,Business Class,Business,1,2020-03-24,Russian Federation,4.0,3.0,1.0,4.0,2.0,4.0,3.0,0,Modern (2015-Present),Positive,0.8481,Covid
75,13,Kandinskiy Lounge,Moscow Sheremetyevo Airport,Members,Unknown,1,2019-02-07,Russian Federation,5.0,5.0,4.0,4.0,5.0,4.0,5.0,1,Modern (2015-Present),Positive,0.9769,Pre Covid
76,13,All Star Lounge,Moscow Sheremetyevo Airport,Business Class,Business,1,2018-11-17,Russian Federation,4.0,3.0,4.0,3.0,5.0,3.0,4.0,1,Modern (2015-Present),Positive,0.7555,Pre Covid
77,13,Zvezdniy,Moscow Sheremetyevo Airport,Business Class,Business,1,2017-12-14,Russian Federation,1.0,2.0,1.0,1.0,,,,0,Modern (2015-Present),Negative,-0.0754,Pre Covid
78,13,Unknown Lounge,Moscow Sheremetyevo Airport,Frequent Flyer,Unknown,1,2017-11-23,Portugal,4.0,4.0,3.0,3.0,3.0,1.0,2.0,1,Modern (2015-Present),Positive,0.9875,Pre Covid
79,13,Classica,Moscow Sheremetyevo Airport,Business Class,Business,0,2017-05-21,United States,4.0,4.0,4.0,5.0,4.0,4.0,4.0,1,Modern (2015-Present),Positive,0.8005,Pre Covid
80,13,Gallery Lounge,Moscow Sheremetyevo Airport,Members,Unknown,0,2017-04-18,Romania,5.0,5.0,5.0,5.0,5.0,5.0,5.0,1,Modern (2015-Present),Positive,0.9564,Pre Covid
81,13,Sky Team Lounge,Dubai Airport,Business Class,Business,0,2017-04-15,Russian Federation,4.0,5.0,4.0,5.0,5.0,5.0,4.0,1,Modern (2015-Present),Positive,0.953,Pre Covid
82,13,Unknown Lounge,Moscow Sheremetyevo Airport,Business Class,Business,0,2017-03-03,Germany,4.0,3.0,1.0,1.0,3.0,3.0,1.0,0,Modern (2015-Present),Negative,-0.4448,Pre Covid
83,13,Jazz,Moscow Sheremetyevo Airport,Business Class,Business,0,2016-09-25,United Kingdom,5.0,4.0,5.0,5.0,5.0,5.0,4.0,1,Modern (2015-Present),Positive,0.9682,Pre Covid
84,13,Business class,Moscow Sheremetyevo Airport,Business Class,Business,0,2015-10-21,South Korea,1.0,2.0,3.0,3.0,2.0,1.0,3.0,0,Modern (2015-Present),Negative,-0.1298,Pre Covid
85,13,Air France / KLM,Bangkok Suvarnabhumi Airport,Business Class,Business,0,2015-07-05,Israel,4.0,4.0,5.0,4.0,4.0,5.0,4.0,1,Modern (2015-Present),Positive,0.7887,Pre Covid
86,13,Galaxy,Moscow Sheremetyevo Airport,Business Class,Business,0,2015-06-20,Netherlands,3.0,4.0,3.0,3.0,3.0,5.0,4.0,1,Modern (2015-Present),Positive,0.8593,Pre Covid
87,13,Unknown Lounge,Moscow Sheremetyevo Airport,Business Class,Business,0,2015-05-09,Israel,2.0,4.0,2.0,1.0,4.0,5.0,4.0,0,Modern (2015-Present),Negative,-0.8282,Pre Covid
88,13,Unknown Lounge,Moscow Sheremetyevo Airport,Business Class,Business,0,2013-04-04,Denmark,3.0,4.0,3.0,2.0,5.0,5.0,2.0,1,Historical (Pre-2015),Positive,0.9851,Pre Covid
89,13,Galactica,Moscow Sheremetyevo Airport,Business Class,Business,0,2011-09-17,China,3.0,3.0,3.0,1.0,3.0,5.0,3.0,0,Historical (Pre-2015),Positive,0.8243,Pre Covid
90,13,Travellers Lounge,Hong Kong Airport,Business Class,Business,0,2011-09-17,China,4.0,5.0,4.0,5.0,4.0,4.0,4.0,0,Historical (Pre-2015),Positive,0.9351,Pre Covid
93,38,Unknown Lounge,Beijing Capital Airport,Frequent Flyer,Unknown,1,2024-06-29,China,2.0,4.0,3.0,1.0,2.0,,4.0,0,Modern (2015-Present),Negative,-0.9286,After Covid
94,38,Terminal 3,Beijing Capital Airport,Business Class,Business,1,2019-12-12,United Kingdom,2.0,1.0,2.0,2.0,1.0,1.0,1.0,0,Modern (2015-Present),Negative,-0.9914,Pre Covid
95,38,erminal 3,Beijing Capital Airport,Business Class,Business,1,2019-05-19,Thailand,3.0,5.0,2.0,2.0,2.0,1.0,3.0,0,Modern (2015-Present),Negative,-0.1884,Pre Covid
96,38,Le Saigonnais,Ho Chi Minh City Airport,Business Class,Business,1,2019-01-06,Vietnam,4.0,4.0,4.0,4.0,4.0,5.0,4.0,1,Modern (2015-Present),Positive,0.973,Pre Covid
97,38,Unknown Lounge,Beijing Capital Airport,Business Class,Business,1,2018-10-12,United States,3.0,4.0,2.0,2.0,,1.0,2.0,0,Modern (2015-Present),Positive,0.9166,Pre Covid
98,38,Unknown Lounge,Beijing Capital Airport,Business Class,Business,0,2018-08-13,Malaysia,2.0,2.0,1.0,1.0,2.0,,2.0,0,Modern (2015-Present),Negative,-0.765,Pre Covid
99,38,Unknown Lounge,Tianjin Binhai Airport,Business Class,Business,1,2018-05-13,Germany,1.0,3.0,1.0,1.0,1.0,2.0,1.0,0,Modern (2015-Present),Negative,-0.7664,Pre Covid
100,38,Unknown Lounge,Shanghai Pudong Airport,Business Class,Business,1,2018-04-23,Germany,4.0,4.0,2.0,3.0,,3.0,3.0,1,Modern (2015-Present),Positive,0.7485,Pre Covid
101,38,Unknown Lounge,Chengdu Airport,Business Class,Business,0,2017-08-29,Thailand,4.0,4.0,3.0,3.0,4.0,4.0,4.0,1,Modern (2015-Present),Positive,0.8074,Pre Covid
102,38,Unknown Lounge,Beijing Capital Airport,Business Class,Business,0,2017-08-21,Japan,1.0,1.0,1.0,1.0,1.0,1.0,3.0,0,Modern (2015-Present),Negative,-0.9457,Pre Covid
103,38,Unknown Lounge,Beijing Capital Airport,Business Class,Business,0,2016-09-06,Japan,4.0,3.0,2.0,2.0,2.0,3.0,3.0,1,Modern (2015-Present),Positive,0.765,Pre Covid
104,38,Unknown Lounge,Beijing Capital Airport,Business Class,Business,0,2016-06-10,United Kingdom,1.0,1.0,1.0,1.0,1.0,,1.0,0,Modern (2015-Present),Negative,-0.9064,Pre Covid
105,38,Unknown Lounge,Beijing Capital Airport,Business Class,Business,0,2016-06-01,United Kingdom,3.0,5.0,1.0,1.0,,1.0,2.0,0,Modern (2015-Present),Negative,-0.677,Pre Covid
106,38,Unknown Lounge,Beijing Capital Airport,Business Class,Business,0,2016-03-18,Germany,1.0,1.0,1.0,1.0,1.0,1.0,1.0,0,Modern (2015-Present),Negative,-0.8666,Pre Covid
107,38,Unknown Lounge,Beijing Capital Airport,Business Class,Business,0,2016-01-31,Switzerland,3.0,2.0,2.0,2.0,1.0,1.0,2.0,0,Modern (2015-Present),Positive,0.7025,Pre Covid
108,38,First Class Lounge,Beijing Capital Airport,First Class,Unknown,0,2016-01-31,Denmark,5.0,4.0,2.0,3.0,3.0,3.0,3.0,1,Modern (2015-Present),Positive,0.5631,Pre Covid
109,38,Unknown Lounge,Beijing Capital Airport,Business Class,Business,0,2016-01-25,China,1.0,1.0,1.0,1.0,1.0,2.0,2.0,0,Modern (2015-Present),Negative,-0.8649,Pre Covid
110,38,Unknown Lounge,Beijing Capital Airport,Business Class,Business,0,2015-11-03,Germany,2.0,1.0,1.0,1.0,1.0,1.0,1.0,0,Modern (2015-Present),Negative,-0.4374,Pre Covid
111,38,Business,Beijing Capital Airport,Business Class,Business,0,2015-10-02,Canada,1.0,1.0,1.0,1.0,1.0,1.0,1.0,0,Modern (2015-Present),Negative,-0.9286,Pre Covid
112,38,Unknown Lounge,Shanghai Pudong Airport,Business Class,Business,0,2015-09-26,Australia,1.0,1.0,1.0,1.0,1.0,1.0,1.0,0,Modern (2015-Present),Negative,-0.9515,Pre Covid
113,38,Unknown Lounge,Beijing Capital Airport,First Class,Unknown,0,2015-08-31,United Kingdom,2.0,1.0,1.0,1.0,1.0,1.0,1.0,0,Modern (2015-Present),Negative,-0.9527,Pre Covid
114,38,Unknown Lounge,Unknown,First Class,Unknown,0,2015-08-31,Canada,1.0,1.0,1.0,1.0,1.0,1.0,1.0,0,Modern (2015-Present),Negative,-0.696,Pre Covid
115,38,Domestic Lounge,Beijing Capital Airport,First Class,Unknown,0,2015-08-12,United Kingdom,2.0,1.0,2.0,1.0,1.0,2.0,1.0,0,Modern (2015-Present),Negative,-0.9198,Pre Covid
116,38,Unknown Lounge,Beijing Capital Airport,Business Class,Business,0,2014-03-11,United Kingdom,4.0,3.0,4.0,3.0,1.0,2.0,3.0,0,Historical (Pre-2015),Positive,0.1027,Pre Covid
117,38,Unknown Lounge,Beijing Capital Airport,Business Class,Business,0,2014-03-11,Australia,2.0,1.0,2.0,1.0,1.0,3.0,1.0,0,Historical (Pre-2015),Negative,-0.2782,Pre Covid
118,38,Unknown Lounge,Beijing Capital Airport,First Class,Unknown,0,2013-09-15,New Zealand,3.0,3.0,2.0,2.0,2.0,2.0,3.0,0,Historical (Pre-2015),Positive,0.5837,Pre Covid
119,38,Unknown Lounge,Beijing Capital Airport,First Class,Unknown,0,2013-09-15,Australia,5.0,4.0,4.0,4.0,5.0,4.0,4.0,1,Historical (Pre-2015),Negative,-0.3612,Pre Covid
120,38,Unknown Lounge,Beijing Capital Airport,First Class,Unknown,0,2012-10-29,United States,3.0,4.0,2.0,3.0,4.0,1.0,2.0,0,Historical (Pre-2015),Positive,0.9426,Pre Covid
121,38,Unknown Lounge,Beijing Capital Airport,Business Class,Business,0,2012-09-10,China,5.0,4.0,4.0,4.0,4.0,4.0,4.0,1,Historical (Pre-2015),Positive,0.3071,Pre Covid
122,38,Unknown Lounge,Xiamen Airport,First Class,Unknown,0,2011-11-28,Singapore,4.0,5.0,3.0,2.0,3.0,4.0,2.0,1,Historical (Pre-2015),Negative,-0.3182,Pre Covid
123,38,Unknown Lounge,Beijing Capital Airport,Business Class,Business,0,2011-11-28,Singapore,5.0,5.0,3.0,1.0,4.0,5.0,4.0,1,Historical (Pre-2015),Positive,0.5563,Pre Covid
124,38,Unknown Lounge,Beijing Capital Airport,First Class,Unknown,0,2009-01-20,United Kingdom,4.0,3.0,2.0,1.0,2.0,3.0,2.0,0,Historical (Pre-2015),Negative,-0.4857,Pre Covid
130,41,Unknown Lounge,Abidjan Airport,Business Class,Business,1,2021-07-28,France,3.0,3.0,2.0,2.0,,3.0,2.0,0,Modern (2015-Present),Negative,-0.6964,Covid
131,44,Cibeles,Madrid Barajas Airport,Business Class,Business,1,2024-07-22,Spain,1.0,2.0,2.0,2.0,1.0,2.0,1.0,0,Modern (2015-Present),Positive,0.4973,After Covid
132,44,AENA,Ibiza Airport,Business Class,Business,1,2024-07-15,Spain,1.0,1.0,1.0,1.0,,1.0,1.0,0,Modern (2015-Present),Negative,-0.7096,After Covid
133,44,Puerta de Alcala,Madrid Barajas Airport,Business Class,Business,1,2024-04-11,Spain,1.0,1.0,1.0,1.0,1.0,3.0,1.0,0,Modern (2015-Present),Negative,-0.8885,After Covid
134,44,Puerta del Sol,Madrid Barajas Airport,Business Class,Business,1,2024-02-21,Spain,2.0,3.0,1.0,1.0,1.0,3.0,1.0,0,Modern (2015-Present),Positive,0.4065,After Covid
135,44,Sala Monteverdi,Milan Malpensa Airport,Business Class,Business,0,2022-10-11,United States,1.0,2.0,1.0,1.0,1.0,3.0,5.0,0,Modern (2015-Present),Positive,0.6524,After Covid
136,44,Blue Lounge,Lisbon Airport,Business Class,Business,1,2017-11-25,Portugal,4.0,3.0,2.0,1.0,4.0,5.0,5.0,1,Modern (2015-Present),Positive,0.9622,Pre Covid
137,44,Terminal C,Madrid Barajas Airport,Business Class,Business,1,2017-11-25,Portugal,5.0,5.0,5.0,5.0,4.0,3.0,3.0,1,Modern (2015-Present),Positive,0.9493,Pre Covid
138,44,Borromini,Rome Fiumicino Airport,Frequent Flyer,Unknown,0,2017-09-19,Indonesia,3.0,4.0,3.0,3.0,3.0,2.0,3.0,1,Modern (2015-Present),Positive,0.8428,Pre Covid
139,44,Terminal 2,Madrid Barajas Airport,Business Class,Business,0,2017-05-22,Portugal,5.0,5.0,5.0,4.0,4.0,5.0,5.0,1,Modern (2015-Present),Positive,0.946,Pre Covid
140,65,Unknown Lounge,Auckland Airport,Business Class,Business,0,2024-06-07,New Zealand,4.0,4.0,5.0,5.0,4.0,5.0,5.0,1,Modern (2015-Present),Positive,0.8281,After Covid
141,65,Auckland International,Auckland Airport,Frequent Flyer,Unknown,1,2022-03-22,New Zealand,4.0,5.0,4.0,4.0,4.0,4.0,5.0,1,Modern (2015-Present),Positive,0.9663,After Covid
142,65,Domestic Lounge,Auckland Airport,Frequent Flyer,Unknown,1,2020-01-12,Australia,2.0,4.0,3.0,1.0,2.0,4.0,3.0,1,Modern (2015-Present),Positive,0.9476,Covid
143,65,Gold Lounge,Auckland Airport,Business Class,Business,0,2019-11-08,Canada,4.0,3.0,4.0,5.0,3.0,,5.0,1,Modern (2015-Present),Positive,0.9079,Pre Covid
144,65,Unknown Lounge,Auckland Airport,Business Class,Business,1,2019-10-19,Canada,5.0,5.0,5.0,4.0,4.0,4.0,4.0,1,Modern (2015-Present),Positive,0.9258,Pre Covid
145,65,Regional lounge,Christchurch Airport,Members,Unknown,1,2019-01-22,New Zealand,1.0,3.0,4.0,3.0,,4.0,3.0,0,Modern (2015-Present),Positive,0.7964,Pre Covid
146,65,Unknown Lounge,Sydney Airport,Frequent Flyer,Unknown,1,2018-11-25,Australia,4.0,4.0,3.0,3.0,4.0,5.0,4.0,1,Modern (2015-Present),Positive,0.9512,Pre Covid
147,65,Unknown Lounge,Auckland Airport,Business Class,Business,1,2018-11-24,United States,4.0,5.0,5.0,5.0,,5.0,5.0,1,Modern (2015-Present),Positive,0.7351,Pre Covid
148,65,Unknown Lounge,Auckland Airport,Business Class,Business,1,2018-11-09,United States,5.0,5.0,5.0,5.0,5.0,5.0,5.0,1,Modern (2015-Present),Positive,0.9856,Pre Covid
149,65,Unknown Lounge,Auckland Airport,Business Class,Business,1,2018-06-05,Australia,2.0,2.0,1.0,1.0,3.0,3.0,,0,Modern (2015-Present),Negative,-0.5413,Pre Covid
150,65,Queenstown,Queenstown Airport,Frequent Flyer,Unknown,0,2018-04-17,Australia,1.0,1.0,,,,,1.0,0,Modern (2015-Present),Positive,0.2146,Pre Covid
151,65,Air New Zealand Lounge,Auckland Airport,Business Class,Business,0,2017-09-19,Australia,4.0,4.0,3.0,4.0,3.0,5.0,4.0,1,Modern (2015-Present),Positive,0.9354,Pre Covid
152,65,Unknown Lounge,Auckland Airport,Frequent Flyer,Unknown,0,2017-05-25,New Zealand,1.0,3.0,3.0,2.0,4.0,5.0,3.0,0,Modern (2015-Present),Negative,-0.8625,Pre Covid
153,65,Unknown Lounge,Auckland Airport,Frequent Flyer,Unknown,0,2017-05-25,New Zealand,1.0,3.0,3.0,3.0,,3.0,3.0,0,Modern (2015-Present),Negative,-0.8519,Pre Covid
154,65,Koru Lounge,Christchurch Airport,Frequent Flyer,Unknown,0,2017-01-02,Australia,5.0,5.0,5.0,5.0,5.0,5.0,5.0,1,Modern (2015-Present),Positive,0.9578,Pre Covid
155,65,Koru Lounge,Auckland Airport,Frequent Flyer,Unknown,0,2016-11-29,New Zealand,2.0,3.0,2.0,1.0,4.0,4.0,3.0,1,Modern (2015-Present),Negative,-0.5565,Pre Covid
156,65,Unknown Lounge,Auckland Airport,Business Class,Business,0,2016-06-09,Singapore,4.0,4.0,2.0,2.0,4.0,5.0,1.0,1,Modern (2015-Present),Negative,-0.8455,Pre Covid
157,65,Koru,Auckland Airport,Frequent Flyer,Unknown,0,2016-04-16,Australia,4.0,4.0,5.0,5.0,4.0,5.0,4.0,1,Modern (2015-Present),Positive,0.936,Pre Covid
158,65,Koru,Auckland Airport,Business Class,Business,0,2016-03-27,New Zealand,5.0,5.0,4.0,4.0,5.0,5.0,5.0,1,Modern (2015-Present),Positive,0.9131,Pre Covid
159,65,Koru Lounge,Wellington Airport,Frequent Flyer,Unknown,0,2016-03-06,Australia,4.0,3.0,2.0,2.0,,2.0,3.0,0,Modern (2015-Present),Positive,0.5909,Pre Covid
160,65,Unknown Lounge,Queenstown Airport,Frequent Flyer,Unknown,0,2016-02-05,Hong Kong,5.0,5.0,4.0,3.0,3.0,5.0,5.0,1,Modern (2015-Present),Positive,0.8332,Pre Covid
161,65,Unknown Lounge,Auckland Airport,Business Class,Business,0,2016-01-31,New Zealand,4.0,5.0,4.0,3.0,,4.0,,1,Modern (2015-Present),Positive,0.894,Pre Covid
162,65,Koru Lounge,Sydney Airport,Business Class,Business,0,2016-01-23,Australia,5.0,5.0,5.0,5.0,4.0,5.0,5.0,1,Modern (2015-Present),Positive,0.9364,Pre Covid
163,65,Unknown Lounge,Auckland Airport,Frequent Flyer,Unknown,0,2016-01-11,New Zealand,3.0,3.0,1.0,1.0,2.0,5.0,5.0,1,Modern (2015-Present),Positive,0.7941,Pre Covid
164,65,Star Alliance,Los Angeles LAX Airport,Business Class,Business,0,2016-01-08,United Kingdom,4.0,5.0,4.0,4.0,4.0,5.0,5.0,1,Modern (2015-Present),Positive,0.979,Pre Covid
165,65,Koru Lounge,Auckland Airport,Business Class,Business,0,2015-03-22,Canada,4.0,4.0,5.0,5.0,5.0,5.0,5.0,1,Modern (2015-Present),Positive,0.9153,Pre Covid
166,65,Koru Lounge,Auckland Airport,Unknown,Unknown,0,2015-01-27,New Zealand,4.0,5.0,5.0,4.0,5.0,5.0,4.0,1,Modern (2015-Present),Positive,0.7761,Pre Covid
167,65,Unknown Lounge,Auckland Airport,Business Class,Business,0,2014-11-19,United States,3.0,1.0,2.0,2.0,3.0,2.0,1.0,0,Historical (Pre-2015),Negative,-0.8479,Pre Covid
168,65,Unknown Lounge,Sydney Airport,Business Class,Business,0,2014-10-04,Australia,4.0,4.0,5.0,4.0,2.0,4.0,4.0,1,Historical (Pre-2015),Positive,0.5724,Pre Covid
169,65,Koru Lounge,Unknown,Unknown,Unknown,0,2014-10-04,New Zealand,2.0,1.0,1.0,1.0,2.0,4.0,4.0,0,Historical (Pre-2015),Negative,-0.2716,Pre Covid
170,65,Unknown Lounge,Melbourne Airport,Business Class,Business,0,2014-10-04,Australia,2.0,1.0,1.0,1.0,2.0,4.0,2.0,0,Historical (Pre-2015),Negative,-0.205,Pre Covid
171,65,Unknown Lounge,Auckland Airport,Frequent Flyer,Unknown,0,2014-08-02,New Zealand,2.0,3.0,3.0,3.0,3.0,3.0,2.0,0,Historical (Pre-2015),Positive,0.05,Pre Covid
172,65,Unknown Lounge,Auckland Airport,Business Class,Business,0,2014-07-14,Unknown,3.0,3.0,3.0,3.0,3.0,3.0,2.0,0,Historical (Pre-2015),Negative,-0.101,Pre Covid
173,65,Koru Lounge,Sydney Airport,Business Class,Business,0,2014-02-20,United Kingdom,1.0,1.0,3.0,1.0,2.0,4.0,1.0,0,Historical (Pre-2015),Negative,-0.7582,Pre Covid
174,65,Koru Lounge,Brisbane Airport,Business Class,Business,0,2014-02-20,Australia,1.0,2.0,2.0,2.0,2.0,3.0,4.0,0,Historical (Pre-2015),Positive,0.8188,Pre Covid
175,65,Unknown Lounge,Papeete Airport,Business Class,Business,0,2014-01-22,Australia,2.0,2.0,2.0,1.0,2.0,3.0,1.0,0,Historical (Pre-2015),Negative,-0.6443,Pre Covid
176,65,Unknown Lounge,Melbourne Airport,Business Class,Business,0,2014-01-03,Australia,3.0,2.0,2.0,2.0,3.0,3.0,2.0,0,Historical (Pre-2015),Negative,-0.8286,Pre Covid
177,65,Koru Lounge,Auckland Airport,Unknown,Unknown,0,2013-10-06,Australia,3.0,2.0,4.0,1.0,2.0,5.0,1.0,0,Historical (Pre-2015),Negative,-0.7089,Pre Covid
178,65,Unknown Lounge,Hong Kong Airport,Business Class,Business,0,2013-10-06,New Zealand,4.0,4.0,4.0,4.0,4.0,4.0,4.0,1,Historical (Pre-2015),Positive,0.9046,Pre Covid
179,65,Koru Lounge,Auckland Airport,Unknown,Unknown,0,2013-09-15,New Zealand,3.0,3.0,4.0,1.0,3.0,4.0,4.0,0,Historical (Pre-2015),Positive,0.6369,Pre Covid
180,65,Unknown Lounge,Sydney Airport,Business Class,Business,0,2013-08-14,United Kingdom,5.0,5.0,5.0,5.0,5.0,5.0,5.0,1,Historical (Pre-2015),Positive,0.9592,Pre Covid
181,65,Koru Lounge,Auckland Airport,Unknown,Unknown,0,2013-07-07,Tonga,5.0,4.0,5.0,4.0,5.0,4.0,,1,Historical (Pre-2015),Positive,0.9073,Pre Covid
182,65,Koru Lounge,Sydney Airport,Unknown,Unknown,0,2013-07-07,Australia,4.0,3.0,3.0,4.0,3.0,4.0,4.0,1,Historical (Pre-2015),Positive,0.5859,Pre Covid
183,65,Kona Lounge,Melbourne Airport,Business Class,Business,0,2013-05-29,Australia,4.0,4.0,1.0,1.0,4.0,,,0,Historical (Pre-2015),Negative,-0.7264,Pre Covid
184,65,Koru Lounge,Sydney Airport,Unknown,Unknown,0,2013-02-04,Australia,4.0,5.0,5.0,4.0,3.0,4.0,4.0,1,Historical (Pre-2015),Positive,0.8516,Pre Covid
185,65,Unknown Lounge,Melbourne Airport,Business Class,Business,0,2012-12-13,United Kingdom,2.0,1.0,2.0,1.0,3.0,,2.0,0,Historical (Pre-2015),Positive,0.9474,Pre Covid
186,65,Unknown Lounge,San Francisco Airport,Business Class,Business,0,2012-08-05,United Kingdom,1.0,3.0,1.0,1.0,2.0,,2.0,0,Historical (Pre-2015),Negative,-0.243,Pre Covid
187,65,Koru Lounge,Sydney Airport,Business Class,Business,0,2012-06-18,Australia,4.0,4.0,4.0,4.0,4.0,5.0,4.0,1,Historical (Pre-2015),Positive,0.9274,Pre Covid
188,65,Unknown Lounge,San Francisco Airport,Business Class,Business,0,2012-03-28,New Zealand,2.0,3.0,2.0,2.0,2.0,,2.0,0,Historical (Pre-2015),Positive,0.1154,Pre Covid
189,65,Koru Lounge,Sydney Airport,Business Class,Business,0,2012-02-27,New Zealand,3.0,2.0,4.0,4.0,4.0,4.0,3.0,0,Historical (Pre-2015),Negative,-0.5647,Pre Covid
190,65,Unknown Lounge,Los Angeles LAX Airport,Business Class,Business,0,2012-02-07,Australia,5.0,5.0,5.0,4.0,4.0,,4.0,1,Historical (Pre-2015),Positive,0.8624,Pre Covid
191,65,Koru Lounge,Auckland Airport,Unknown,Unknown,0,2012-01-25,Australia,5.0,2.0,4.0,4.0,4.0,5.0,4.0,1,Historical (Pre-2015),Positive,0.9493,Pre Covid
192,65,Unknown Lounge,Los Angeles LAX Airport,Business Class,Business,0,2011-11-28,Australia,1.0,3.0,3.0,3.0,2.0,3.0,1.0,0,Historical (Pre-2015),Negative,-0.802,Pre Covid
193,65,Unknown Lounge,Los Angeles LAX Airport,Business Class,Business,0,2011-11-28,United Kingdom,3.0,5.0,3.0,3.0,3.0,4.0,3.0,1,Historical (Pre-2015),Positive,0.8798,Pre Covid
194,65,Unknown Lounge,Los Angeles LAX Airport,Business Class,Business,0,2011-10-21,United Kingdom,3.0,4.0,4.0,3.0,3.0,3.0,3.0,1,Historical (Pre-2015),Negative,-0.1446,Pre Covid
195,65,Koru Lounge,Sydney Airport,Business Class,Business,0,2011-10-21,Australia,3.0,3.0,4.0,1.0,4.0,3.0,4.0,0,Historical (Pre-2015),Positive,0.7096,Pre Covid
196,65,Koru Lounge,Auckland Airport,Business Class,Business,0,2011-10-21,Australia,3.0,3.0,4.0,2.0,3.0,3.0,4.0,0,Historical (Pre-2015),Negative,-0.6324,Pre Covid
197,65,Unknown Lounge,Sydney Airport,Business Class,Business,0,2011-10-21,United Kingdom,3.0,3.0,5.0,2.0,4.0,5.0,2.0,0,Historical (Pre-2015),Positive,0.9403,Pre Covid
198,65,Unknown Lounge,Sydney Airport,Business Class,Business,0,2011-09-13,Kazakhstan,4.0,4.0,5.0,1.0,4.0,4.0,4.0,0,Historical (Pre-2015),Negative,-0.2468,Pre Covid
199,65,Unknown Lounge,Sydney Airport,Business Class,Business,0,2011-08-02,United States,4.0,4.0,4.0,3.0,,3.0,4.0,0,Historical (Pre-2015),Positive,0.9737,Pre Covid
200,65,Unknown Lounge,Auckland Airport,Business Class,Business,0,2011-07-04,Australia,3.0,4.0,3.0,2.0,2.0,4.0,4.0,0,Historical (Pre-2015),Positive,0.25,Pre Covid
201,65,Unknown Lounge,Auckland Airport,Business Class,Business,0,2011-06-09,New Zealand,3.0,3.0,4.0,2.0,4.0,3.0,3.0,0,Historical (Pre-2015),Negative,-0.3321,Pre Covid
202,65,Unknown Lounge,Los Angeles LAX Airport,Business Class,Business,0,2011-06-07,Australia,5.0,5.0,5.0,5.0,4.0,4.0,5.0,0,Historical (Pre-2015),Positive,0.8807,Pre Covid
203,65,Unknown Lounge,Raratonga Airport,Business Class,Business,0,2011-05-03,New Zealand,5.0,5.0,5.0,4.0,5.0,4.0,5.0,0,Historical (Pre-2015),Positive,0.9144,Pre Covid
204,65,Unknown Lounge,Melbourne Airport,Business Class,Business,0,2011-05-01,Philippines,4.0,5.0,5.0,3.0,4.0,4.0,5.0,0,Historical (Pre-2015),Positive,0.965,Pre Covid
205,65,AIR NEW ZEALAND BUSINESS CLASS LOUNGE REVIEW,Auckland Airport,Business Class,Business,0,2011-05-01,United Kingdom,5.0,4.0,4.0,2.0,4.0,3.0,1.0,0,Historical (Pre-2015),Negative,-0.3182,Pre Covid
206,65,Unknown Lounge,Sydney Airport,Business Class,Business,0,2011-05-01,United Kingdom,3.0,1.0,3.0,1.0,4.0,3.0,1.0,0,Historical (Pre-2015),Negative,-0.8479,Pre Covid
207,65,Unknown Lounge,Los Angeles LAX Airport,Business Class,Business,0,2011-02-14,New Zealand,3.0,4.0,4.0,2.0,5.0,4.0,3.0,0,Historical (Pre-2015),Positive,0.972,Pre Covid
208,65,AIR NEW ZEALAND BUSINESS CLASS LOUNGE REVIEW,Los Angeles LAX Airport,Business Class,Business,0,2011-01-28,Australia,1.0,1.0,3.0,1.0,1.0,,1.0,0,Historical (Pre-2015),Positive,0.3384,Pre Covid
209,65,AIR NEW ZEALAND BUSINESS CLASS LOUNGE REVIEW,Auckland Airport,Business Class,Business,0,2011-01-26,New Zealand,5.0,5.0,5.0,5.0,5.0,4.0,5.0,0,Historical (Pre-2015),Positive,0.9715,Pre Covid
210,65,AIR NEW ZEALAND BUSINESS CLASS LOUNGE REVIEW,Unknown,Business Class,Business,0,2011-01-10,New Zealand,5.0,5.0,4.0,3.0,5.0,,4.0,0,Historical (Pre-2015),Positive,0.9783,Pre Covid
211,65,AIR NEW ZEALAND BUSINESS CLASS INT'L LOUNGE REVIEW,Sydney Airport,Business Class,Business,0,2010-07-14,United Kingdom,1.0,1.0,3.0,1.0,3.0,1.0,1.0,0,Historical (Pre-2015),Negative,-0.9081,Pre Covid
212,65,Unknown Lounge,Sydney Airport,Business Class,Business,0,2010-07-05,United Kingdom,2.0,1.0,3.0,2.0,4.0,1.0,1.0,0,Historical (Pre-2015),Negative,-0.8764,Pre Covid
213,65,Unknown Lounge,Auckland Airport,Business Class,Business,0,2010-07-02,United Kingdom,4.0,4.0,5.0,4.0,,4.0,4.0,0,Historical (Pre-2015),Positive,0.7766,Pre Covid
214,65,Unknown Lounge,Auckland Airport,Business Class,Business,0,2010-05-01,United Kingdom,1.0,1.0,1.0,1.0,1.0,1.0,1.0,0,Historical (Pre-2015),Positive,0.9807,Pre Covid
215,65,AIR NEW ZEALAND BUSINESS CLASS LOUNGE REVIEW,Auckland Airport,Business Class,Business,0,2010-01-12,United Kingdom,3.0,3.0,3.0,2.0,2.0,3.0,4.0,0,Historical (Pre-2015),Positive,0.6124,Pre Covid
216,58,Lufthansa Business Class,London Heathrow Airport,Business Class,Business,1,2022-03-25,United Kingdom,3.0,5.0,3.0,3.0,,5.0,3.0,1,Modern (2015-Present),Positive,0.9109,After Covid
217,58,La Valette Club lounge,Malta Airport,Business Class,Business,1,2022-03-25,United Kingdom,4.0,4.0,3.0,2.0,3.0,4.0,,1,Modern (2015-Present),Positive,0.7003,After Covid
218,48,Unknown Lounge,Cochin Airport,Frequent Flyer,Unknown,1,2026-04-11,India,5.0,5.0,5.0,5.0,5.0,5.0,5.0,0,Modern (2015-Present),Positive,0.8957,After Covid
219,48,E Calm Lounge,Delhi Airport,Pay to Use,Unknown,1,2023-06-03,United Kingdom,2.0,4.0,4.0,4.0,,,4.0,1,Modern (2015-Present),Positive,0.4864,After Covid
220,48,Delhi Lounge of Air India,Unknown,Business Class,Business,1,2023-02-09,Thailand,3.0,3.0,2.0,2.0,2.0,4.0,4.0,0,Modern (2015-Present),Negative,-0.5273,After Covid
222,48,Art Lounge,Vienna Airport,Members,Unknown,0,2017-10-18,United States,4.0,3.0,5.0,4.0,3.0,4.0,3.0,1,Modern (2015-Present),Positive,0.946,Pre Covid
223,48,GVK lounge,Mumbai Airport,Business Class,Business,0,2016-03-27,Thailand,4.0,5.0,5.0,5.0,,2.0,4.0,1,Modern (2015-Present),Positive,0.9875,Pre Covid
224,48,Business,Delhi Airport,Business Class,Business,0,2016-02-06,United States,1.0,1.0,1.0,1.0,1.0,1.0,1.0,0,Modern (2015-Present),Negative,-0.8852,Pre Covid
225,48,Unknown Lounge,Newark Airport,First Class,Unknown,0,2015-08-18,Canada,2.0,3.0,1.0,1.0,1.0,2.0,3.0,0,Modern (2015-Present),Positive,0.8201,Pre Covid
226,48,Unknown Lounge,London Heathrow Airport,Business Class,Business,0,2015-07-17,India,4.0,4.0,4.0,4.0,4.0,4.0,4.0,1,Modern (2015-Present),Positive,0.8622,Pre Covid
227,48,Unknown Lounge,London Heathrow Airport,Business Class,Business,0,2015-06-11,India,2.0,1.0,1.0,1.0,1.0,1.0,1.0,0,Modern (2015-Present),Positive,0.3724,Pre Covid
228,48,Unknown Lounge,Unknown,Unknown,Unknown,0,2015-05-31,India,3.0,3.0,2.0,2.0,4.0,3.0,5.0,1,Modern (2015-Present),Positive,0.7801,Pre Covid
229,48,Unknown Lounge,London Heathrow Airport,Unknown,Unknown,0,2015-05-09,Canada,2.0,2.0,1.0,1.0,2.0,3.0,2.0,0,Modern (2015-Present),Positive,0.2323,Pre Covid
230,48,Unknown Lounge,Delhi Airport,Unknown,Unknown,0,2015-05-09,South Africa,2.0,1.0,1.0,1.0,1.0,3.0,1.0,0,Modern (2015-Present),Negative,-0.8997,Pre Covid
231,48,Unknown Lounge,Delhi Airport,Unknown,Unknown,0,2015-02-21,United Kingdom,1.0,1.0,1.0,1.0,2.0,1.0,1.0,0,Modern (2015-Present),Negative,-0.9392,Pre Covid
232,48,Unknown Lounge,London Heathrow Airport,Unknown,Unknown,0,2015-02-21,United Kingdom,3.0,4.0,4.0,3.0,4.0,3.0,2.0,0,Modern (2015-Present),Neutral,-0.0129,Pre Covid
233,48,Unknown Lounge,Delhi Airport,Unknown,Unknown,0,2015-02-04,Australia,2.0,1.0,1.0,1.0,1.0,1.0,1.0,0,Modern (2015-Present),Negative,-0.9801,Pre Covid
234,48,Unknown Lounge,London Heathrow Airport,Unknown,Unknown,0,2015-01-27,Canada,1.0,1.0,1.0,1.0,1.0,1.0,1.0,0,Modern (2015-Present),Negative,-0.784,Pre Covid
235,48,Unknown Lounge,Chennai Airport,Unknown,Unknown,0,2015-01-02,Singapore,1.0,1.0,1.0,1.0,1.0,1.0,4.0,0,Modern (2015-Present),Negative,-0.9732,Pre Covid
236,48,Maharaja Lounge,Delhi Airport,Business Class,Business,0,2015-01-02,India,1.0,1.0,2.0,2.0,1.0,1.0,2.0,0,Modern (2015-Present),Negative,-0.8719,Pre Covid
237,48,Unknown Lounge,Singapore Changi Airport,Unknown,Unknown,0,2015-01-02,Singapore,5.0,5.0,5.0,5.0,5.0,5.0,5.0,1,Modern (2015-Present),Positive,0.9792,Pre Covid
238,48,Unknown Lounge,Delhi Airport,Business Class,Business,0,2014-10-04,Canada,4.0,4.0,4.0,4.0,4.0,3.0,5.0,1,Historical (Pre-2015),Positive,0.9844,Pre Covid
239,48,Maharaja Lounge,Delhi Airport,Business Class,Business,0,2014-08-05,United States,1.0,2.0,1.0,1.0,2.0,1.0,1.0,0,Historical (Pre-2015),Negative,-0.6534,Pre Covid
240,48,Unknown Lounge,Delhi Airport,Business Class,Business,0,2014-03-11,India,4.0,4.0,1.0,1.0,1.0,1.0,1.0,0,Historical (Pre-2015),Negative,-0.9806,Pre Covid
241,48,Unknown Lounge,Delhi Airport,Business Class,Business,0,2014-02-07,United Kingdom,3.0,4.0,3.0,2.0,2.0,1.0,3.0,0,Historical (Pre-2015),Negative,-0.2363,Pre Covid
242,48,Maharaja Lounge,London Heathrow Airport,Business Class,Business,0,2014-02-07,United Kingdom,4.0,5.0,4.0,3.0,4.0,5.0,4.0,1,Historical (Pre-2015),Positive,0.5346,Pre Covid
243,48,Louis Tavern Lounge,Bangkok Suvarnabhumi Airport,Business Class,Business,0,2014-01-13,United Kingdom,5.0,4.0,5.0,3.0,1.0,5.0,4.0,1,Historical (Pre-2015),Positive,0.8886,Pre Covid
244,48,Maharaja Lounge,Mumbai Airport,Business Class,Business,0,2014-01-13,United Kingdom,5.0,4.0,1.0,1.0,4.0,2.0,3.0,0,Historical (Pre-2015),Positive,0.7192,Pre Covid
245,48,Maharaja Lounge,London Heathrow Airport,Business Class,Business,0,2014-01-13,United Kingdom,4.0,3.0,5.0,1.0,3.0,5.0,2.0,1,Historical (Pre-2015),Positive,0.1411,Pre Covid
246,48,Unknown Lounge,Delhi Airport,Business Class,Business,0,2013-11-15,United Kingdom,3.0,4.0,1.0,2.0,4.0,,3.0,0,Historical (Pre-2015),Positive,0.8305,Pre Covid
247,48,Unknown Lounge,Unknown,Business Class,Business,0,2013-11-15,United Kingdom,1.0,1.0,1.0,1.0,,,1.0,0,Historical (Pre-2015),Negative,-0.1173,Pre Covid
248,48,Unknown Lounge,Hyderabad Airport,Business Class,Business,0,2013-04-24,Australia,1.0,2.0,1.0,1.0,2.0,1.0,2.0,0,Historical (Pre-2015),Negative,-0.908,Pre Covid
249,48,Maharaja Lounge,Mumbai Airport,Business Class,Business,0,2012-05-01,United Kingdom,1.0,3.0,1.0,1.0,1.0,1.0,3.0,0,Historical (Pre-2015),Negative,-0.5621,Pre Covid
250,48,Maharaja Lounge,Mumbai Airport,Business Class,Business,0,2012-02-27,United Kingdom,2.0,3.0,1.0,1.0,1.0,1.0,1.0,0,Historical (Pre-2015),Negative,-0.7469,Pre Covid
251,48,Maharaja Lounge,Mumbai Airport,Business Class,Business,0,2009-10-12,United Kingdom,1.0,3.0,1.0,1.0,,1.0,2.0,0,Historical (Pre-2015),Negative,-0.7871,Pre Covid
253,59,Les Salons Amedee Maingard,Mauritius Airport,Business Class,Business,1,2023-04-24,South Korea,4.0,4.0,5.0,3.0,4.0,5.0,4.0,1,Modern (2015-Present),Positive,0.6808,After Covid
254,59,Air Mauritius Lounge,Mauritius Airport,Business Class,Business,1,2019-10-21,United Kingdom,5.0,5.0,5.0,5.0,,5.0,5.0,1,Modern (2015-Present),Positive,0.9725,Pre Covid
255,59,Unknown Lounge,Mauritius Airport,Business Class,Business,1,2018-05-10,United Kingdom,5.0,5.0,5.0,5.0,5.0,5.0,5.0,1,Modern (2015-Present),Positive,0.9595,Pre Covid
256,59,Amde Maingard,Mauritius Airport,Business Class,Business,0,2017-08-22,United Kingdom,4.0,4.0,4.0,2.0,3.0,4.0,3.0,1,Modern (2015-Present),Positive,0.892,Pre Covid
257,59,Air France Lounge,Unknown,Business Class,Business,0,2013-04-16,Australia,2.0,3.0,2.0,2.0,3.0,1.0,1.0,0,Historical (Pre-2015),Positive,0.4278,Pre Covid
258,59,Unknown Lounge,Mauritius Airport,Business Class,Business,0,2013-04-16,Australia,5.0,4.0,5.0,5.0,5.0,4.0,5.0,1,Historical (Pre-2015),Positive,0.9096,Pre Covid
259,59,Unknown Lounge,Mauritius Airport,Business Class,Business,0,2011-05-01,United Kingdom,3.0,3.0,3.0,2.0,4.0,1.0,3.0,0,Historical (Pre-2015),Positive,0.6833,Pre Covid
261,75,Salon Valle de Mai,Seychelles Airport,Pay to Use,Unknown,1,2023-04-24,South Korea,4.0,4.0,4.0,2.0,4.0,5.0,3.0,1,Modern (2015-Present),Positive,0.9726,After Covid
262,75,Salon Valle de Mai,Seychelles Airport,Business Class,Business,0,2022-09-13,United Kingdom,3.0,5.0,4.0,3.0,4.0,5.0,4.0,0,Modern (2015-Present),Positive,0.9575,After Covid
263,35,Maple Leaf,Toronto Pearson Airport,Business Class,Business,1,2026-02-05,United Kingdom,4.0,2.0,3.0,1.0,1.0,4.0,1.0,0,Modern (2015-Present),Negative,-0.4963,After Covid
264,35,Signature Suite,Toronto Pearson Airport,Business Class,Business,1,2025-04-26,Canada,5.0,5.0,5.0,5.0,5.0,5.0,5.0,1,Modern (2015-Present),Positive,0.9783,After Covid
265,35,International Terminal,Vancouver Airport,Business Class,Business,0,2024-01-01,United States,,,,,,,1.0,0,Modern (2015-Present),Negative,-0.722,After Covid
266,35,Maple Leaf Lounge,Toronto Pearson Airport,Pay to Use,Unknown,1,2023-10-16,United States,1.0,1.0,,,,,,0,Modern (2015-Present),Negative,-0.7197,After Covid
267,35,Maple Leaf Lounge,Montréal Airport,Business Class,Business,0,2023-08-13,Canada,1.0,1.0,1.0,1.0,1.0,1.0,1.0,0,Modern (2015-Present),Negative,-0.6697,After Covid
268,35,Maple Leaf Lounge,Ottawa Airport,Members,Unknown,1,2023-05-17,Canada,5.0,5.0,5.0,5.0,5.0,5.0,5.0,1,Modern (2015-Present),Positive,0.962,After Covid
269,35,Air Canada Lounge,Calgary Airport,Members,Unknown,1,2023-01-29,Canada,2.0,2.0,1.0,2.0,,1.0,1.0,0,Modern (2015-Present),Negative,-0.128,After Covid
270,35,Domestic Maple Leaf Lounge,Vancouver Airport,Business Class,Business,0,2023-01-13,Canada,3.0,2.0,2.0,1.0,,4.0,2.0,0,Modern (2015-Present),Negative,-0.8406,After Covid
271,35,Maple Leaf Lounge,Frankfurt Main Airport,Business Class,Business,1,2022-09-22,Germany,5.0,5.0,4.0,4.0,4.0,5.0,5.0,1,Modern (2015-Present),Positive,0.6236,After Covid
272,35,Signature Suite,Toronto Pearson Airport,Business Class,Business,0,2022-09-18,United Kingdom,5.0,5.0,4.0,5.0,5.0,5.0,5.0,1,Modern (2015-Present),Positive,0.9842,After Covid
273,35,Maple Leaf international,Montréal Airport,Business Class,Business,0,2021-11-21,Canada,4.0,4.0,4.0,1.0,4.0,5.0,5.0,0,Modern (2015-Present),Negative,-0.0783,Covid
274,35,Maple Leaf Lounge International Departures,Vancouver Airport,Business Class,Business,1,2020-03-29,Canada,5.0,5.0,4.0,,5.0,5.0,4.0,1,Modern (2015-Present),Positive,0.09,Covid
275,35,Maple Leaf Lounge,Edmonton Airport,Business Class,Business,1,2019-12-23,Germany,3.0,4.0,2.0,2.0,,4.0,2.0,0,Modern (2015-Present),Positive,0.4939,Pre Covid
276,35,Maple Leaf,Toronto Pearson Airport,Business Class,Business,1,2019-12-23,Canada,3.0,3.0,3.0,1.0,,5.0,3.0,0,Modern (2015-Present),Negative,-0.5423,Pre Covid
277,35,Maple Leaf Domestic T1,Toronto Pearson Airport,Business Class,Business,1,2019-12-23,Germany,4.0,4.0,4.0,3.0,,4.0,4.0,1,Modern (2015-Present),Positive,0.7269,Pre Covid
278,35,Signature Suite,Toronto Pearson Airport,Business Class,Business,1,2019-12-16,Germany,5.0,5.0,5.0,5.0,,5.0,5.0,1,Modern (2015-Present),Positive,0.9643,Pre Covid
279,35,Maple Leaf,Calgary Airport,Business Class,Business,1,2019-11-23,Canada,4.0,3.0,3.0,1.0,2.0,4.0,4.0,0,Modern (2015-Present),Negative,-0.5788,Pre Covid
280,35,Unknown Lounge,Newark Airport,Business Class,Business,1,2019-10-04,Australia,1.0,2.0,2.0,1.0,1.0,1.0,1.0,0,Modern (2015-Present),Negative,-0.6357,Pre Covid
281,35,Maple leaf lounge,Toronto Pearson Airport,Business Class,Business,1,2019-07-19,United States,5.0,5.0,5.0,2.0,5.0,5.0,1.0,0,Modern (2015-Present),Positive,0.5789,Pre Covid
282,35,Maple Leaf,Toronto Pearson Airport,Business Class,Business,1,2019-05-14,Canada,2.0,2.0,1.0,1.0,3.0,4.0,2.0,0,Modern (2015-Present),Positive,0.5719,Pre Covid
283,35,Maple Leaf Lounge,Regina Airport,Business Class,Business,1,2019-03-16,Canada,3.0,5.0,2.0,1.0,,5.0,2.0,1,Modern (2015-Present),Negative,-0.1761,Pre Covid
284,35,Maple lounge,Toronto Pearson Airport,Frequent Flyer,Unknown,0,2019-03-09,Mexico,4.0,4.0,4.0,4.0,,,,1,Modern (2015-Present),Positive,0.5719,Pre Covid
285,35,Maple Leaf Lounge Transborder,Toronto Pearson Airport,Frequent Flyer,Unknown,1,2019-01-11,Canada,4.0,5.0,3.0,2.0,5.0,5.0,5.0,1,Modern (2015-Present),Negative,-0.0647,Pre Covid
286,35,Signature Suite,Toronto Pearson Airport,Business Class,Business,0,2018-12-27,United States,5.0,5.0,5.0,5.0,4.0,5.0,5.0,1,Modern (2015-Present),Positive,0.7964,Pre Covid
287,35,Air Canada,Frankfurt Main Airport,Business Class,Business,1,2018-12-16,Vietnam,5.0,4.0,4.0,4.0,4.0,5.0,5.0,1,Modern (2015-Present),Positive,0.7928,Pre Covid
288,35,Maple Leaf,La Guardia Airport,Business Class,Business,1,2018-12-06,United States,2.0,4.0,2.0,2.0,,,2.0,0,Modern (2015-Present),Negative,-0.891,Pre Covid
289,35,Maple Leaf Lounge,Calgary Airport,Members,Unknown,1,2018-11-15,Canada,5.0,5.0,5.0,4.0,5.0,5.0,5.0,1,Modern (2015-Present),Positive,0.905,Pre Covid
290,35,Maple Leaf,London Heathrow Airport,Business Class,Business,1,2018-06-09,Germany,5.0,5.0,5.0,5.0,5.0,5.0,5.0,1,Modern (2015-Present),Positive,0.9719,Pre Covid
291,35,Maple Leaf,Vancouver Airport,Frequent Flyer,Unknown,1,2018-05-13,Canada,4.0,4.0,2.0,1.0,3.0,5.0,3.0,1,Modern (2015-Present),Positive,0.4417,Pre Covid
292,35,Unknown Lounge,Toronto Pearson Airport,Frequent Flyer,Unknown,0,2018-03-07,Canada,1.0,,,,,,,0,Modern (2015-Present),Positive,0.6103,Pre Covid
293,35,Unknown Lounge,London Heathrow Airport,Business Class,Business,0,2017-12-16,United Kingdom,3.0,4.0,2.0,1.0,3.0,4.0,3.0,1,Modern (2015-Present),Positive,0.1918,Pre Covid
294,35,Maple Leaf Lounge,Toronto Pearson Airport,Business Class,Business,0,2017-08-23,United Kingdom,4.0,4.0,4.0,4.0,4.0,4.0,4.0,0,Modern (2015-Present),Positive,0.8918,Pre Covid
295,35,Toronto Domestic Maple Leaf Lounge,Toronto Pearson Airport,Members,Unknown,0,2017-08-18,Canada,4.0,4.0,4.0,1.0,4.0,4.0,2.0,0,Modern (2015-Present),Negative,-0.1823,Pre Covid
296,35,Maple Leaf Lounge,Toronto Pearson Airport,Business Class,Business,0,2017-07-21,United States,4.0,5.0,,2.0,4.0,4.0,4.0,0,Modern (2015-Present),Positive,0.8707,Pre Covid
297,35,Maple Leaf Lounge,London Heathrow Airport,Business Class,Business,0,2017-07-17,Canada,1.0,3.0,2.0,2.0,,3.0,2.0,0,Modern (2015-Present),Neutral,0.0,Pre Covid
298,35,Maple Leaf Lounge,London Heathrow Airport,Business Class,Business,0,2017-06-19,United States,5.0,5.0,5.0,5.0,5.0,5.0,5.0,1,Modern (2015-Present),Positive,0.9703,Pre Covid
299,35,Maple Leaf,London Heathrow Airport,Business Class,Business,0,2017-05-11,Switzerland,4.0,5.0,5.0,5.0,5.0,5.0,5.0,1,Modern (2015-Present),Positive,0.959,Pre Covid
300,35,Maple Leaf Club,Los Angeles LAX Airport,Frequent Flyer,Unknown,0,2017-02-22,Canada,5.0,4.0,4.0,3.0,4.0,4.0,5.0,1,Modern (2015-Present),Positive,0.9918,Pre Covid
301,35,Maple Leaf,Toronto Pearson Airport,Frequent Flyer,Unknown,0,2017-01-12,Canada,5.0,5.0,5.0,4.0,5.0,5.0,5.0,1,Modern (2015-Present),Positive,0.9674,Pre Covid
302,35,Maple Leaf,Toronto Pearson Airport,Frequent Flyer,Unknown,0,2016-12-15,Canada,4.0,4.0,3.0,3.0,4.0,4.0,3.0,1,Modern (2015-Present),Positive,0.8702,Pre Covid
303,35,Unknown Lounge,Montréal Airport,Frequent Flyer,Unknown,0,2016-11-29,Canada,4.0,3.0,3.0,1.0,3.0,4.0,2.0,1,Modern (2015-Present),Negative,-0.9146,Pre Covid
304,35,US Lounge,Montréal Airport,First Class,Unknown,0,2016-10-15,Canada,4.0,4.0,4.0,1.0,4.0,5.0,5.0,1,Modern (2015-Present),Positive,0.8679,Pre Covid
305,35,Maple Leaf,Toronto Pearson Airport,Frequent Flyer,Unknown,0,2016-10-04,Canada,2.0,3.0,1.0,1.0,2.0,3.0,3.0,0,Modern (2015-Present),Neutral,0.0258,Pre Covid
306,35,Maple Lea,Los Angeles LAX Airport,Business Class,Business,0,2016-08-13,Canada,5.0,4.0,5.0,1.0,3.0,5.0,5.0,0,Modern (2015-Present),Positive,0.25,Pre Covid
307,35,Maple Leaf Lounge,Halifax Airport,Business Class,Business,0,2016-08-07,United Kingdom,3.0,4.0,3.0,1.0,2.0,2.0,2.0,0,Modern (2015-Present),Positive,0.8446,Pre Covid
308,35,Maple Leaf Lounge,Toronto Pearson Airport,Frequent Flyer,Unknown,0,2016-07-25,Canada,3.0,4.0,2.0,1.0,2.0,4.0,2.0,0,Modern (2015-Present),Negative,-0.4716,Pre Covid
309,35,Maple Leaf,Vancouver Airport,Business Class,Business,0,2016-07-03,Australia,3.0,2.0,1.0,1.0,1.0,2.0,1.0,0,Modern (2015-Present),Negative,-0.5849,Pre Covid
310,35,Maple Leaf Lounge,Vancouver Airport,Business Class,Business,0,2016-05-30,United States,5.0,5.0,,4.0,5.0,,4.0,1,Modern (2015-Present),Positive,0.8779,Pre Covid
311,35,Maple Leaf lounge,Vancouver Airport,Business Class,Business,0,2016-05-15,Japan,2.0,2.0,1.0,1.0,1.0,3.0,1.0,0,Modern (2015-Present),Positive,0.2846,Pre Covid
312,35,Maple Leaf lounge,Calgary Airport,Frequent Flyer,Unknown,0,2016-04-23,Canada,5.0,5.0,5.0,5.0,4.0,3.0,3.0,1,Modern (2015-Present),Positive,0.9868,Pre Covid
313,35,Maple Leaf Lounge,Toronto Pearson Airport,Frequent Flyer,Unknown,0,2016-04-23,Canada,4.0,5.0,4.0,4.0,4.0,5.0,5.0,1,Modern (2015-Present),Positive,0.9824,Pre Covid
314,35,Maple Leaf Lounge,Toronto Pearson Airport,Business Class,Business,0,2016-03-03,Canada,4.0,5.0,5.0,4.0,5.0,4.0,5.0,1,Modern (2015-Present),Positive,0.9645,Pre Covid
315,35,Maple Leaf Lounge Domestic,Montréal Airport,Business Class,Business,0,2016-03-02,Canada,5.0,4.0,5.0,5.0,3.0,1.0,3.0,1,Modern (2015-Present),Positive,0.9343,Pre Covid
316,35,Unknown Lounge,Toronto Pearson Airport,Business Class,Business,0,2016-02-19,Canada,5.0,5.0,5.0,5.0,5.0,5.0,5.0,1,Modern (2015-Present),Positive,0.9245,Pre Covid
317,35,Unknown Lounge,Toronto Pearson Airport,Business Class,Business,0,2016-02-09,Canada,4.0,4.0,3.0,3.0,3.0,4.0,4.0,1,Modern (2015-Present),Positive,0.9051,Pre Covid
318,35,Maple Leaf,Toronto Pearson Airport,Frequent Flyer,Unknown,0,2016-02-08,United States,1.0,2.0,1.0,1.0,4.0,1.0,2.0,1,Modern (2015-Present),Negative,-0.2362,Pre Covid
319,35,Maple Leaf,Toronto Pearson Airport,Business Class,Business,0,2015-09-24,Canada,4.0,4.0,5.0,3.0,4.0,1.0,3.0,1,Modern (2015-Present),Positive,0.9861,Pre Covid
320,35,Maple Leaf,Frankfurt Main Airport,Business Class,Business,0,2015-09-18,Canada,4.0,4.0,3.0,3.0,3.0,4.0,4.0,1,Modern (2015-Present),Positive,0.978,Pre Covid
321,35,Maple Leaf,Toronto Pearson Airport,Business Class,Business,0,2015-09-10,United Kingdom,4.0,5.0,3.0,3.0,4.0,2.0,3.0,1,Modern (2015-Present),Positive,0.9073,Pre Covid
322,35,Maple Leaf,Vancouver Airport,Business Class,Business,0,2015-09-10,United Kingdom,4.0,5.0,4.0,3.0,4.0,3.0,3.0,1,Modern (2015-Present),Positive,0.93,Pre Covid
323,35,Unknown Lounge,Frankfurt Main Airport,Business Class,Business,0,2015-09-09,United States,5.0,5.0,5.0,4.0,5.0,,5.0,1,Modern (2015-Present),Positive,0.8955,Pre Covid
324,35,Maple Leaf,Calgary Airport,Business Class,Business,0,2015-07-18,Estonia,1.0,1.0,,2.0,3.0,1.0,1.0,0,Modern (2015-Present),Negative,-0.069,Pre Covid
325,35,Maple Leaf Transborder,Toronto Pearson Airport,Frequent Flyer,Unknown,0,2015-07-03,United States,4.0,3.0,4.0,3.0,4.0,4.0,4.0,1,Modern (2015-Present),Positive,0.8074,Pre Covid
326,35,Maple Leaf,Los Angeles LAX Airport,Business Class,Business,0,2015-06-19,Canada,4.0,3.0,1.0,1.0,2.0,4.0,1.0,0,Modern (2015-Present),Positive,0.3291,Pre Covid
327,35,Maple Leaf,London Heathrow Airport,Business Class,Business,0,2015-05-29,United Kingdom,4.0,5.0,4.0,4.0,4.0,5.0,5.0,1,Modern (2015-Present),Positive,0.9852,Pre Covid
328,35,Maple Leaf,Toronto Pearson Airport,Business Class,Business,0,2015-05-09,Austria,2.0,1.0,1.0,1.0,1.0,3.0,1.0,0,Modern (2015-Present),Negative,-0.9363,Pre Covid
329,35,Maple Leaf,Toronto Pearson Airport,Business Class,Business,0,2015-05-09,Canada,3.0,3.0,2.0,1.0,2.0,1.0,4.0,0,Modern (2015-Present),Positive,0.8942,Pre Covid
330,35,Maple Leaf,Toronto Pearson Airport,Business Class,Business,0,2015-03-22,Canada,5.0,3.0,2.0,1.0,3.0,1.0,2.0,0,Modern (2015-Present),Negative,-0.8422,Pre Covid
331,35,Maple Leaf,London Heathrow Airport,Business Class,Business,0,2015-03-22,United Kingdom,5.0,5.0,5.0,4.0,5.0,4.0,4.0,1,Modern (2015-Present),Positive,0.7951,Pre Covid
332,35,Maple Leaf,Los Angeles LAX Airport,Business Class,Business,0,2015-02-21,Canada,1.0,1.0,1.0,1.0,1.0,3.0,1.0,0,Modern (2015-Present),Negative,-0.9374,Pre Covid
333,35,Maple Leaf,Toronto Pearson Airport,Business Class,Business,0,2015-02-21,Canada,4.0,3.0,3.0,1.0,3.0,2.0,3.0,0,Modern (2015-Present),Negative,-0.5413,Pre Covid
334,35,United Club,Honolulu Airport,Business Class,Business,0,2015-01-27,Canada,1.0,1.0,1.0,1.0,1.0,3.0,1.0,0,Modern (2015-Present),Negative,-0.8967,Pre Covid
335,35,Maple Leaf,Calgary Airport,Business Class,Business,0,2015-01-02,Canada,4.0,4.0,2.0,3.0,4.0,4.0,5.0,1,Modern (2015-Present),Positive,0.9704,Pre Covid
336,35,Maple Leaf,London Heathrow Airport,Business Class,Business,0,2014-10-22,Canada,4.0,4.0,4.0,4.0,4.0,3.0,2.0,1,Historical (Pre-2015),Positive,0.7558,Pre Covid
337,35,Maple Leaf,Winnipeg Airport,Business Class,Business,0,2014-10-22,Canada,4.0,4.0,4.0,4.0,4.0,4.0,2.0,1,Historical (Pre-2015),Positive,0.7614,Pre Covid
338,35,Maple Leaf,Montréal Airport,Business Class,Business,0,2014-10-22,Canada,2.0,2.0,2.0,1.0,2.0,2.0,1.0,0,Historical (Pre-2015),Negative,-0.7912,Pre Covid
339,35,Maple Leaf,Montréal Airport,Business Class,Business,0,2014-10-22,Canada,4.0,4.0,4.0,4.0,4.0,3.0,2.0,1,Historical (Pre-2015),Positive,0.9677,Pre Covid
340,35,Maple Leaf,Vancouver Airport,Business Class,Business,0,2014-10-04,United Kingdom,1.0,1.0,1.0,1.0,1.0,1.0,1.0,0,Historical (Pre-2015),Negative,-0.8316,Pre Covid
341,35,Maple Leaf,London Heathrow Airport,Business Class,Business,0,2014-10-04,Thailand,4.0,4.0,4.0,3.0,4.0,4.0,4.0,1,Historical (Pre-2015),Positive,0.8281,Pre Covid
342,35,Maple Leaf Transborder,Vancouver Airport,Business Class,Business,0,2014-10-04,Canada,5.0,5.0,5.0,5.0,4.0,5.0,5.0,1,Historical (Pre-2015),Positive,0.8586,Pre Covid
343,35,Maple Leaf,Montréal Airport,Business Class,Business,0,2014-10-04,United States,4.0,4.0,5.0,2.0,3.0,4.0,5.0,1,Historical (Pre-2015),Positive,0.8484,Pre Covid
344,35,Maple Leaf Transborder,Montréal Airport,Business Class,Business,0,2014-08-06,Brazil,4.0,5.0,4.0,4.0,3.0,4.0,4.0,1,Historical (Pre-2015),Positive,0.9606,Pre Covid
345,35,Maple Leaf,Toronto Pearson Airport,Business Class,Business,0,2014-05-01,Canada,4.0,4.0,5.0,3.0,4.0,4.0,3.0,1,Historical (Pre-2015),Positive,0.9874,Pre Covid
346,35,Maple Leaf,Vancouver Airport,Business Class,Business,0,2014-03-30,Canada,5.0,5.0,5.0,5.0,5.0,4.0,5.0,1,Historical (Pre-2015),Positive,0.9637,Pre Covid
347,35,Air Canada Arrivals Lounge,London Heathrow Airport,Unknown,Unknown,0,2014-01-10,South Africa,5.0,5.0,5.0,5.0,5.0,5.0,5.0,1,Historical (Pre-2015),Positive,0.9634,Pre Covid
348,35,Maple Leaf,Toronto Pearson Airport,Business Class,Business,0,2014-01-03,Canada,4.0,5.0,3.0,3.0,4.0,3.0,1.0,1,Historical (Pre-2015),Positive,0.2447,Pre Covid
349,35,Maple Leaf,Los Angeles LAX Airport,Business Class,Business,0,2013-10-06,Canada,2.0,2.0,2.0,2.0,2.0,2.0,3.0,0,Historical (Pre-2015),Negative,-0.9169,Pre Covid
350,35,Maple Leaf,Vancouver Airport,Business Class,Business,0,2013-07-31,New Zealand,4.0,3.0,4.0,3.0,2.0,1.0,4.0,0,Historical (Pre-2015),Positive,0.7102,Pre Covid
351,35,Maple Leaf,Toronto Pearson Airport,Business Class,Business,0,2013-07-07,Denmark,4.0,4.0,3.0,1.0,3.0,3.0,4.0,0,Historical (Pre-2015),Negative,-0.8243,Pre Covid
352,35,Maple Leaf,Ottawa Airport,Business Class,Business,0,2013-07-07,Canada,5.0,2.0,3.0,1.0,4.0,5.0,1.0,1,Historical (Pre-2015),Negative,-0.7583,Pre Covid
353,35,Maple Leaf,Vancouver Airport,Business Class,Business,0,2013-04-16,United States,4.0,5.0,1.0,2.0,3.0,,,0,Historical (Pre-2015),Positive,0.25,Pre Covid
354,35,Maple Leaf,Montréal Airport,Business Class,Business,0,2013-01-11,United States,4.0,5.0,5.0,5.0,4.0,5.0,5.0,1,Historical (Pre-2015),Positive,0.5574,Pre Covid
355,35,Maple Leaf Transborder,Toronto Pearson Airport,Business Class,Business,0,2013-01-03,Canada,4.0,4.0,4.0,3.0,4.0,,5.0,1,Historical (Pre-2015),Positive,0.9736,Pre Covid
356,35,Maple Leaf,Montréal Airport,Unknown,Unknown,0,2013-01-01,Canada,5.0,5.0,4.0,4.0,4.0,4.0,4.0,1,Historical (Pre-2015),Positive,0.9033,Pre Covid
357,35,Maple Leaf,Vancouver Airport,Unknown,Unknown,0,2012-12-13,Canada,4.0,4.0,5.0,4.0,3.0,5.0,3.0,1,Historical (Pre-2015),Positive,0.8656,Pre Covid
358,35,Maple Leaf,Toronto Pearson Airport,Business Class,Business,0,2012-09-27,Canada,5.0,5.0,4.0,4.0,5.0,4.0,5.0,1,Historical (Pre-2015),Positive,0.9559,Pre Covid
359,35,Maple Leaf,Montréal Airport,Business Class,Business,0,2012-09-10,Canada,1.0,2.0,2.0,1.0,1.0,1.0,2.0,0,Historical (Pre-2015),Negative,-0.743,Pre Covid
360,35,Maple Leaf,Vancouver Airport,Unknown,Unknown,0,2012-07-25,Australia,4.0,4.0,5.0,1.0,4.0,3.0,4.0,0,Historical (Pre-2015),Positive,0.0891,Pre Covid
361,35,Maple Leaf,Los Angeles LAX Airport,Business Class,Business,0,2012-06-05,Canada,3.0,4.0,2.0,2.0,1.0,4.0,3.0,0,Historical (Pre-2015),Negative,-0.2076,Pre Covid
362,35,Maple Leaf,Calgary Airport,Business Class,Business,0,2012-05-21,Canada,4.0,3.0,4.0,4.0,5.0,4.0,5.0,1,Historical (Pre-2015),Positive,0.4753,Pre Covid
363,35,Maple Leaf,Vancouver Airport,Business Class,Business,0,2012-05-21,Canada,3.0,3.0,3.0,3.0,3.0,1.0,3.0,0,Historical (Pre-2015),Positive,0.5701,Pre Covid
364,35,Maple Leaf,Toronto Pearson Airport,Business Class,Business,0,2012-05-01,Canada,5.0,5.0,5.0,4.0,5.0,3.0,4.0,1,Historical (Pre-2015),Positive,0.9393,Pre Covid
365,35,Maple Leaf,Toronto Pearson Airport,Business Class,Business,0,2012-03-28,Canada,5.0,5.0,4.0,4.0,5.0,3.0,4.0,1,Historical (Pre-2015),Positive,0.947,Pre Covid
366,35,Domestic Maple Leaf,Vancouver Airport,Unknown,Unknown,0,2012-03-28,Canada,5.0,5.0,5.0,4.0,4.0,4.0,5.0,1,Historical (Pre-2015),Positive,0.9519,Pre Covid
367,35,Maple Leaf Transborder,Toronto Pearson Airport,Unknown,Unknown,0,2012-02-08,Canada,2.0,3.0,1.0,1.0,2.0,1.0,1.0,0,Historical (Pre-2015),Negative,-0.1779,Pre Covid
368,35,Maple Leaf Transborder,Vancouver Airport,Unknown,Unknown,0,2011-10-17,Canada,4.0,5.0,4.0,3.0,5.0,3.0,4.0,0,Historical (Pre-2015),Positive,0.9772,Pre Covid
369,35,Domestic Maple Leaf,Toronto Pearson Airport,Unknown,Unknown,0,2011-09-17,Canada,4.0,4.0,4.0,4.0,3.0,2.0,4.0,0,Historical (Pre-2015),Positive,0.8462,Pre Covid
370,35,Maple Leaf,Vancouver Airport,Business Class,Business,0,2011-09-13,Canada,3.0,2.0,3.0,2.0,3.0,3.0,3.0,0,Historical (Pre-2015),Positive,0.6597,Pre Covid
371,35,Maple Leaf,Vancouver Airport,Business Class,Business,0,2011-05-03,Australia,3.0,3.0,1.0,1.0,1.0,1.0,1.0,0,Historical (Pre-2015),Neutral,-0.0387,Pre Covid
372,35,Maple Leaf,Toronto Pearson Airport,Business Class,Business,0,2011-05-01,Canada,3.0,4.0,3.0,3.0,1.0,5.0,4.0,0,Historical (Pre-2015),Negative,-0.5333,Pre Covid
373,35,Maple Leaf,Montréal Airport,Business Class,Business,0,2011-05-01,Canada,1.0,1.0,3.0,2.0,2.0,1.0,3.0,0,Historical (Pre-2015),Negative,-0.802,Pre Covid
374,35,Maple Leaf,Montréal Airport,Business Class,Business,0,2010-05-01,United Kingdom,3.0,2.0,2.0,1.0,1.0,,2.0,0,Historical (Pre-2015),Positive,0.7534,Pre Covid
375,35,Unknown Lounge,London Heathrow Airport,Business Class,Business,0,2010-05-01,United Kingdom,4.0,4.0,3.0,3.0,3.0,,4.0,0,Historical (Pre-2015),Positive,0.052,Pre Covid
376,35,Maple Leaf,Vancouver Airport,Business Class,Business,0,2010-05-01,United Kingdom,5.0,5.0,5.0,5.0,4.0,5.0,5.0,0,Historical (Pre-2015),Positive,0.9134,Pre Covid
377,35,Maple Leaf,Vancouver Airport,Business Class,Business,0,2010-02-01,United Kingdom,4.0,4.0,5.0,4.0,3.0,4.0,4.0,0,Historical (Pre-2015),Positive,0.9118,Pre Covid
378,35,Maple Leaf,Toronto Pearson Airport,Business Class,Business,0,2009-11-10,United Kingdom,3.0,3.0,2.0,2.0,3.0,,2.0,0,Historical (Pre-2015),Negative,-0.7845,Pre Covid
379,35,Maple Leaf,Toronto Pearson Airport,Business Class,Business,0,2009-09-06,United Kingdom,4.0,4.0,4.0,2.0,1.0,5.0,4.0,0,Historical (Pre-2015),Positive,0.9782,Pre Covid
380,35,Maple Leaf,Vancouver Airport,Business Class,Business,0,2009-08-31,United Kingdom,2.0,2.0,2.0,2.0,1.0,4.0,4.0,0,Historical (Pre-2015),Negative,-0.34,Pre Covid
387,37,Air Carabes lounge,Pointe-à-Pitre Airport,Business Class,Business,1,2018-04-22,Ireland,3.0,4.0,1.0,1.0,1.0,4.0,4.0,0,Modern (2015-Present),Neutral,-0.0183,Pre Covid
388,66,Paradise,Port Moresby Airport,Business Class,Business,1,2022-03-23,Denmark,3.0,3.0,1.0,3.0,2.0,,1.0,0,Modern (2015-Present),Positive,0.7829,After Covid
389,66,Paradise Lounge,Port Moresby Airport,Frequent Flyer,Unknown,0,2015-10-25,Papua New Guinea,1.0,3.0,1.0,1.0,1.0,1.0,3.0,0,Modern (2015-Present),Positive,0.2732,Pre Covid
390,84,Red Lounge KLIA2,KLIA Kuala Lumpur Airport,Pay to Use,Unknown,0,2018-06-16,Australia,4.0,3.0,3.0,3.0,3.0,4.0,3.0,1,Modern (2015-Present),Negative,-0.1258,Pre Covid
391,84,Red Lounge,KLIA Kuala Lumpur Airport,Business Class,Business,0,2016-12-02,Malaysia,4.0,2.0,1.0,1.0,1.0,3.0,1.0,1,Modern (2015-Present),Negative,-0.7826,Pre Covid
392,2,Tokyo Haneda Terminal 2 Power North,Tokyo Haneda Airport,Pay to Use,Unknown,1,2024-05-05,Vietnam,5.0,5.0,4.0,2.0,5.0,5.0,5.0,1,Modern (2015-Present),Positive,0.9169,After Covid
393,78,Mera Business Lounge,Cancun Airport,Pay to Use,Unknown,1,2020-03-29,Canada,5.0,5.0,4.0,4.0,5.0,5.0,4.0,1,Modern (2015-Present),Positive,0.9355,Covid
394,78,Plaza Premium,Toronto Pearson Airport,Pay to Use,Unknown,0,2020-03-29,Canada,4.0,5.0,4.0,4.0,4.0,5.0,4.0,1,Modern (2015-Present),Positive,0.9645,Covid
395,88,Hibiscus,Noumea Airport,Business Class,Business,1,2019-02-07,Spain,4.0,5.0,4.0,3.0,1.0,4.0,3.0,1,Modern (2015-Present),Negative,-0.4445,Pre Covid
396,88,Unknown Lounge,Noumea Airport,Business Class,Business,0,2017-12-17,Australia,3.0,2.0,3.0,1.0,2.0,3.0,1.0,0,Modern (2015-Present),Negative,-0.7658,Pre Covid
397,88,Unknown Lounge,Unknown,Business Class,Business,0,2015-01-04,New Caledonia,3.0,3.0,1.0,1.0,1.0,3.0,2.0,0,Modern (2015-Present),Negative,-0.8446,Pre Covid
398,88,Unknown Lounge,Unknown,Business Class,Business,0,2013-05-29,Australia,4.0,5.0,5.0,4.0,3.0,5.0,5.0,1,Historical (Pre-2015),Positive,0.9798,Pre Covid
399,76,Unknown Lounge,Los Angeles LAX Airport,Business Class,Business,0,2016-01-09,United Kingdom,3.0,2.0,2.0,1.0,2.0,,1.0,1,Modern (2015-Present),Negative,-0.8948,Pre Covid
400,76,Unknown Lounge,Papeete Airport,Business Class,Business,0,2016-01-08,United Kingdom,4.0,5.0,4.0,3.0,3.0,3.0,4.0,1,Modern (2015-Present),Positive,0.9412,Pre Covid
402,7,Business Lounge,Ljubljana Airport,Business Class,Business,0,2017-02-11,Austria,5.0,4.0,5.0,1.0,4.0,3.0,4.0,1,Modern (2015-Present),Positive,0.7584,Pre Covid
403,7,Unknown Lounge,Unknown,Business Class,Business,0,2014-03-09,Spain,3.0,4.0,3.0,3.0,3.0,2.0,2.0,1,Historical (Pre-2015),Positive,0.9686,Pre Covid
404,4,ANA Lounge Terminal 2,Tokyo Haneda Airport,Business Class,Business,1,2025-08-14,United States,1.0,2.0,4.0,1.0,1.0,,1.0,0,Modern (2015-Present),Positive,0.1655,After Covid
405,4,Domestic Lounge,Tokyo Haneda Airport,Frequent Flyer,Unknown,1,2023-12-18,Japan,4.0,5.0,3.0,,5.0,5.0,5.0,1,Modern (2015-Present),Positive,0.1655,After Covid
406,4,ANA Lounge,Tokyo Narita Airport,Business Class,Business,1,2023-11-02,New Zealand,5.0,5.0,3.0,4.0,5.0,5.0,5.0,1,Modern (2015-Present),Positive,0.9899,After Covid
407,4,ANA Suite Lounge,Kansai International Airport,Business Class,Business,1,2019-08-19,Thailand,4.0,5.0,5.0,2.0,4.0,5.0,3.0,0,Modern (2015-Present),Positive,0.9856,Pre Covid
408,4,Unknown Lounge,Tokyo Haneda Airport,Business Class,Business,1,2018-07-26,United States,5.0,5.0,5.0,5.0,4.0,4.0,5.0,1,Modern (2015-Present),Neutral,0.0,Pre Covid
409,4,Lufthansa,Washington Dulles Airport,Business Class,Business,1,2018-04-13,Thailand,3.0,5.0,3.0,3.0,5.0,5.0,5.0,1,Modern (2015-Present),Negative,-0.7261,Pre Covid
410,4,Unknown Lounge,Seattle Airport,Business Class,Business,0,2017-05-28,Philippines,1.0,3.0,1.0,1.0,2.0,3.0,3.0,1,Modern (2015-Present),Negative,-0.5574,Pre Covid
411,4,ANA Lounge,Tokyo Haneda Airport,Business Class,Business,0,2017-05-22,Thailand,4.0,5.0,4.0,3.0,5.0,5.0,5.0,1,Modern (2015-Present),Positive,0.7572,Pre Covid
412,4,Unknown Lounge,Tokyo Narita Airport,Business Class,Business,0,2017-02-14,Thailand,4.0,5.0,4.0,5.0,4.0,4.0,5.0,1,Modern (2015-Present),Positive,0.9623,Pre Covid
413,4,Unknown Lounge,Tokyo Haneda Airport,Business Class,Business,0,2016-12-13,Japan,3.0,4.0,3.0,2.0,5.0,5.0,5.0,1,Modern (2015-Present),Negative,-0.7904,Pre Covid
414,4,Royal Silk Lounge,Bangkok Suvarnabhumi Airport,Business Class,Business,0,2016-12-12,Thailand,4.0,4.0,4.0,3.0,4.0,4.0,4.0,1,Modern (2015-Present),Positive,0.9349,Pre Covid
415,4,ANA Lounge,Tokyo Haneda Airport,Frequent Flyer,Unknown,0,2016-11-15,Germany,4.0,5.0,3.0,2.0,,4.0,5.0,1,Modern (2015-Present),Positive,0.6911,Pre Covid
416,4,Unknown Lounge,Tokyo Narita Airport,Business Class,Business,0,2016-08-20,United States,4.0,4.0,5.0,5.0,4.0,5.0,5.0,1,Modern (2015-Present),Positive,0.9921,Pre Covid
417,4,Unknown Lounge,Tokyo Narita Airport,Business Class,Business,0,2016-05-22,United States,5.0,5.0,5.0,4.0,4.0,4.0,5.0,1,Modern (2015-Present),Positive,0.7221,Pre Covid
418,4,Unknown Lounge,Tokyo Narita Airport,Business Class,Business,0,2016-03-08,Japan,4.0,4.0,4.0,3.0,5.0,4.0,5.0,1,Modern (2015-Present),Positive,0.9834,Pre Covid
419,4,Unknown Lounge,Kansai International Airport,Business Class,Business,0,2016-01-14,United States,3.0,5.0,3.0,3.0,4.0,4.0,5.0,1,Modern (2015-Present),Positive,0.9936,Pre Covid
420,4,Unknown Lounge,Tokyo Narita Airport,Business Class,Business,0,2015-12-17,Canada,5.0,5.0,4.0,5.0,4.0,4.0,4.0,1,Modern (2015-Present),Positive,0.889,Pre Covid
421,4,Unknown Lounge,Xiamen Airport,Frequent Flyer,Unknown,0,2015-12-05,Japan,5.0,5.0,4.0,5.0,4.0,4.0,5.0,1,Modern (2015-Present),Positive,0.9714,Pre Covid
422,4,Unknown Lounge,Tokyo Haneda Airport,Business Class,Business,0,2015-11-04,Hong Kong,3.0,5.0,2.0,3.0,4.0,3.0,5.0,0,Modern (2015-Present),Positive,0.7402,Pre Covid
423,4,Premier Lounge,Tokyo Narita Airport,Business Class,Business,0,2015-07-20,Indonesia,4.0,5.0,4.0,4.0,5.0,4.0,5.0,1,Modern (2015-Present),Positive,0.9489,Pre Covid
424,4,ANA suite lounge,Tokyo Narita Airport,Frequent Flyer,Unknown,0,2015-07-06,Singapore,4.0,4.0,3.0,2.0,4.0,3.0,5.0,1,Modern (2015-Present),Positive,0.9193,Pre Covid
425,4,Unknown Lounge,Unknown,Business Class,Business,0,2015-06-04,United Kingdom,5.0,3.0,4.0,1.0,5.0,5.0,5.0,1,Modern (2015-Present),Positive,0.4626,Pre Covid
426,4,Unknown Lounge,Tokyo Narita Airport,Business Class,Business,0,2015-01-27,United Kingdom,5.0,5.0,4.0,3.0,5.0,5.0,5.0,1,Modern (2015-Present),Positive,0.9555,Pre Covid
427,4,Unknown Lounge,Tokyo Haneda Airport,Business Class,Business,0,2014-08-25,Japan,4.0,5.0,5.0,5.0,5.0,4.0,5.0,1,Historical (Pre-2015),Positive,0.886,Pre Covid
428,4,Unknown Lounge,Tokyo Haneda Airport,Business Class,Business,0,2014-04-22,South Korea,5.0,5.0,4.0,5.0,5.0,3.0,4.0,1,Historical (Pre-2015),Positive,0.9186,Pre Covid
429,4,Unknown Lounge,Tokyo Narita Airport,First Class,Unknown,0,2013-09-15,Canada,4.0,5.0,5.0,4.0,,5.0,5.0,1,Historical (Pre-2015),Positive,0.936,Pre Covid
430,4,Unknown Lounge,Tokyo Narita Airport,Business Class,Business,0,2013-07-31,Hong Kong,4.0,4.0,4.0,4.0,4.0,4.0,4.0,1,Historical (Pre-2015),Positive,0.9725,Pre Covid
431,4,Unknown Lounge,Tokyo Haneda Airport,Business Class,Business,0,2013-01-18,United States,3.0,3.0,3.0,3.0,3.0,4.0,2.0,0,Historical (Pre-2015),Positive,0.1406,Pre Covid
432,4,Unknown Lounge,Tokyo Haneda Airport,Business Class,Business,0,2012-08-31,United Arab Emirates,4.0,5.0,5.0,4.0,5.0,5.0,5.0,1,Historical (Pre-2015),Positive,0.959,Pre Covid
433,4,Unknown Lounge,Tokyo Narita Airport,Business Class,Business,0,2012-05-21,Canada,5.0,5.0,5.0,4.0,4.0,1.0,5.0,1,Historical (Pre-2015),Positive,0.9244,Pre Covid
434,4,Unknown Lounge,Tokyo Narita Airport,First Class,Unknown,0,2012-03-28,Canada,4.0,5.0,4.0,3.0,4.0,4.0,5.0,1,Historical (Pre-2015),Positive,0.3081,Pre Covid
435,4,Unknown Lounge,Manila Airport,Business Class,Business,0,2011-05-03,United States,2.0,4.0,3.0,3.0,3.0,4.0,2.0,0,Historical (Pre-2015),Positive,0.7351,Pre Covid
436,4,Unknown Lounge,Tokyo Narita Airport,Business Class,Business,0,2011-05-01,Canada,5.0,5.0,5.0,4.0,5.0,4.0,4.0,0,Historical (Pre-2015),Positive,0.8101,Pre Covid
437,4,Star Alliance Lounge,Hong Kong Airport,Business Class,Business,0,2010-11-21,United Kingdom,3.0,3.0,4.0,4.0,4.0,4.0,4.0,0,Historical (Pre-2015),Positive,0.8794,Pre Covid
438,4,Unknown Lounge,Tokyo Narita Airport,Business Class,Business,0,2009-08-31,United Kingdom,5.0,4.0,4.0,4.0,,4.0,4.0,0,Historical (Pre-2015),Positive,0.9054,Pre Covid
439,4,Star Alliance Lounge,Unknown,Business Class,Business,0,2009-08-31,United Kingdom,5.0,5.0,4.0,4.0,,5.0,5.0,0,Historical (Pre-2015),Positive,0.646,Pre Covid
440,4,Unknown Lounge,Tokyo Narita Airport,Business Class,Business,0,2009-05-29,United Kingdom,5.0,5.0,5.0,5.0,4.0,5.0,5.0,0,Historical (Pre-2015),Positive,0.9391,Pre Covid
441,100,American Express,Melbourne Airport,Members,Unknown,1,2022-06-21,Australia,5.0,5.0,5.0,4.0,5.0,5.0,5.0,1,Modern (2015-Present),Positive,0.9701,After Covid
442,100,Unknown Lounge,Phoenix Sky Harbor Airport,Members,Unknown,1,2020-01-19,United States,4.0,5.0,4.0,3.0,4.0,5.0,4.0,1,Modern (2015-Present),Positive,0.8074,Covid
443,100,America Express,Sydney Airport,Pay to Use,Unknown,0,2019-01-29,Australia,2.0,2.0,2.0,2.0,,,2.0,0,Modern (2015-Present),Positive,0.9369,Pre Covid
444,100,American Express Centurion,Miami Airport,Members,Unknown,1,2018-02-13,Mexico,4.0,4.0,4.0,4.0,4.0,5.0,5.0,1,Modern (2015-Present),Positive,0.9571,Pre Covid
445,100,American Express/Plaza Lounge,Toronto Pearson Airport,Unknown,Unknown,0,2016-11-06,United Kingdom,1.0,1.0,1.0,1.0,1.0,3.0,1.0,0,Modern (2015-Present),Positive,0.5624,Pre Covid
446,100,American Express Lounge Sydney,Sydney Airport,Unknown,Unknown,0,2016-08-02,Australia,3.0,4.0,3.0,3.0,3.0,5.0,5.0,1,Modern (2015-Present),Positive,0.8957,Pre Covid
447,100,Unknown Lounge,San Francisco Airport,Business Class,Business,0,2015-09-14,United Kingdom,4.0,5.0,4.0,5.0,4.0,5.0,5.0,1,Modern (2015-Present),Positive,0.9438,Pre Covid
448,100,Unknown Lounge,Las Vegas Airport,Business Class,Business,0,2015-09-14,United States,5.0,4.0,5.0,5.0,4.0,5.0,5.0,1,Modern (2015-Present),Positive,0.9042,Pre Covid
449,100,Centurion Lounge,Miami Airport,First Class,Unknown,0,2015-06-28,United States,5.0,5.0,5.0,5.0,5.0,5.0,5.0,1,Modern (2015-Present),Positive,0.926,Pre Covid
450,100,Unknown Lounge,San Francisco Airport,Business Class,Business,0,2015-03-22,United States,1.0,3.0,3.0,3.0,3.0,4.0,2.0,0,Modern (2015-Present),Negative,-0.3919,Pre Covid
451,100,Unknown Lounge,Sao Paulo Guarulhos Airport,Business Class,Business,0,2015-01-02,United States,2.0,3.0,2.0,2.0,2.0,3.0,2.0,0,Modern (2015-Present),Positive,0.6249,Pre Covid
452,100,Unknown Lounge,Sao Paulo Guarulhos Airport,Business Class,Business,0,2014-08-02,Brazil,2.0,1.0,2.0,2.0,2.0,3.0,2.0,0,Historical (Pre-2015),Positive,0.7992,Pre Covid
453,100,Unknown Lounge,San Francisco Airport,Business Class,Business,0,2013-09-15,United States,1.0,1.0,3.0,3.0,2.0,4.0,1.0,0,Historical (Pre-2015),Positive,0.6777,Pre Covid
454,100,Unknown Lounge,Sao Paulo Guarulhos Airport,Business Class,Business,0,2012-09-10,United Kingdom,3.0,4.0,3.0,3.0,4.0,1.0,4.0,1,Historical (Pre-2015),Positive,0.2263,Pre Covid
455,100,Unknown Lounge,Fortaleza Airport,Business Class,Business,0,2011-09-20,Brazil,4.0,4.0,3.0,3.0,4.0,3.0,4.0,0,Historical (Pre-2015),Positive,0.8922,Pre Covid
456,100,Unknown Lounge,Rio De Janeiro Airport,Business Class,Business,0,2011-09-17,Brazil,4.0,3.0,2.0,2.0,4.0,3.0,3.0,0,Historical (Pre-2015),Positive,0.885,Pre Covid
458,109,Star Alliance Gold,Seoul Incheon Airport,Frequent Flyer,Unknown,1,2025-07-05,United States,5.0,4.0,,3.0,,4.0,4.0,1,Modern (2015-Present),Positive,0.8854,After Covid
459,109,East Lounge,Seoul Incheon Airport,Business Class,Business,1,2024-09-22,Thailand,3.0,5.0,3.0,3.0,,5.0,,1,Modern (2015-Present),Negative,-0.283,After Covid
460,109,Asiana Lounge West,Seoul Incheon Airport,Business Class,Business,1,2023-04-24,South Korea,3.0,5.0,3.0,2.0,4.0,5.0,4.0,0,Modern (2015-Present),Positive,0.1027,After Covid
461,109,Unknown Lounge,Seoul Incheon Airport,Business Class,Business,1,2022-09-11,Indonesia,5.0,5.0,2.0,1.0,5.0,5.0,5.0,1,Modern (2015-Present),Positive,0.9484,After Covid
462,109,Business Lounge,Seoul Incheon Airport,Business Class,Business,1,2019-06-30,United States,4.0,4.0,4.0,3.0,4.0,5.0,4.0,1,Modern (2015-Present),Positive,0.8608,Pre Covid
463,109,Unknown Lounge,Seoul Incheon Airport,Members,Unknown,0,2019-01-09,United States,1.0,3.0,,,,,,0,Modern (2015-Present),Positive,0.969,Pre Covid
464,109,Royal Orchid Lounge,Phuket Airport,Business Class,Business,1,2018-10-29,United Kingdom,5.0,5.0,2.0,3.0,,4.0,5.0,1,Modern (2015-Present),Positive,0.9832,Pre Covid
465,109,Unknown Lounge,Seoul Incheon Airport,Business Class,Business,1,2018-10-26,United Kingdom,4.0,5.0,2.0,2.0,4.0,3.0,4.0,1,Modern (2015-Present),Positive,0.973,Pre Covid
466,109,Unknown Lounge,Seoul Incheon Airport,Business Class,Business,1,2018-06-25,Germany,4.0,4.0,3.0,3.0,3.0,5.0,3.0,1,Modern (2015-Present),Negative,-0.6085,Pre Covid
467,109,Unknown Lounge,Seoul Incheon Airport,Business Class,Business,0,2017-08-13,United States,5.0,5.0,,4.0,5.0,5.0,4.0,1,Modern (2015-Present),Positive,0.9652,Pre Covid
468,109,Unknown Lounge,Seoul Incheon Airport,Business Class,Business,0,2017-07-17,Australia,5.0,5.0,4.0,4.0,5.0,5.0,4.0,1,Modern (2015-Present),Positive,0.9134,Pre Covid
469,109,Unknown Lounge,Seoul Incheon Airport,Business Class,Business,0,2016-12-27,United States,1.0,1.0,3.0,1.0,5.0,5.0,2.0,1,Modern (2015-Present),Negative,-0.0512,Pre Covid
470,109,Asiana Lounge,Seoul Incheon Airport,Business Class,Business,0,2016-05-15,United States,3.0,5.0,2.0,2.0,,,4.0,1,Modern (2015-Present),Negative,-0.6757,Pre Covid
471,109,Asiana Business Lounge,Incheon Airport,Business Class,Business,0,2015-12-20,Japan,4.0,4.0,3.0,2.0,4.0,4.0,4.0,1,Modern (2015-Present),Positive,0.7787,Pre Covid
472,109,Business Class,Seoul Incheon Airport,Business Class,Business,0,2015-12-13,Singapore,4.0,5.0,3.0,3.0,4.0,5.0,5.0,1,Modern (2015-Present),Positive,0.7335,Pre Covid
473,109,Unknown Lounge,Incheon Airport,First Class,Unknown,0,2015-11-23,United States,5.0,5.0,5.0,5.0,5.0,5.0,5.0,1,Modern (2015-Present),Positive,0.9882,Pre Covid
474,109,Unknown Lounge,Seoul Incheon Airport,Business Class,Business,0,2015-10-08,Germany,5.0,5.0,5.0,3.0,5.0,5.0,5.0,1,Modern (2015-Present),Positive,0.9926,Pre Covid
475,109,Unknown Lounge,Incheon Airport,Business Class,Business,0,2015-03-29,Thailand,5.0,5.0,1.0,1.0,5.0,5.0,5.0,0,Modern (2015-Present),Positive,0.9032,Pre Covid
476,109,Unknown Lounge,Incheon Airport,Business Class,Business,0,2014-10-04,United States,5.0,5.0,3.0,3.0,4.0,5.0,5.0,1,Historical (Pre-2015),Positive,0.9209,Pre Covid
477,109,Unknown Lounge,Incheon Airport,Business Class,Business,0,2014-08-05,United Arab Emirates,4.0,4.0,1.0,1.0,4.0,4.0,3.0,0,Historical (Pre-2015),Positive,0.8222,Pre Covid
478,109,Unknown Lounge,Incheon Airport,Business Class,Business,0,2014-08-02,United States,3.0,3.0,3.0,3.0,3.0,4.0,3.0,0,Historical (Pre-2015),Positive,0.3626,Pre Covid
479,109,Unknown Lounge,Incheon Airport,Business Class,Business,0,2014-08-02,United States,5.0,5.0,4.0,4.0,4.0,5.0,5.0,1,Historical (Pre-2015),Positive,0.8176,Pre Covid
480,109,Unknown Lounge,Incheon Airport,Business Class,Business,0,2014-02-20,Japan,5.0,5.0,4.0,5.0,5.0,5.0,5.0,1,Historical (Pre-2015),Positive,0.926,Pre Covid
481,109,Unknown Lounge,Incheon Airport,Business Class,Business,0,2013-11-22,United States,5.0,5.0,4.0,3.0,5.0,5.0,4.0,1,Historical (Pre-2015),Positive,0.9402,Pre Covid
482,109,Unknown Lounge,Incheon Airport,Business Class,Business,0,2013-11-15,Japan,5.0,5.0,4.0,4.0,3.0,,5.0,1,Historical (Pre-2015),Positive,0.8176,Pre Covid
483,109,Unknown Lounge,Incheon Airport,Business Class,Business,0,2013-10-06,Canada,4.0,5.0,4.0,3.0,5.0,4.0,5.0,1,Historical (Pre-2015),Positive,0.9831,Pre Covid
484,109,Unknown Lounge,Frankfurt Main Airport,Business Class,Business,0,2013-09-15,New Zealand,5.0,5.0,4.0,5.0,5.0,5.0,5.0,1,Historical (Pre-2015),Positive,0.9784,Pre Covid
485,109,Unknown Lounge,Incheon Airport,Business Class,Business,0,2013-09-15,New Zealand,4.0,4.0,3.0,3.0,4.0,4.0,3.0,1,Historical (Pre-2015),Positive,0.831,Pre Covid
486,109,Unknown Lounge,Incheon Airport,Business Class,Business,0,2013-07-31,Australia,2.0,4.0,1.0,1.0,4.0,5.0,3.0,0,Historical (Pre-2015),Negative,-0.8318,Pre Covid
487,109,Unknown Lounge,Incheon Airport,Business Class,Business,0,2013-07-31,Hong Kong,3.0,3.0,4.0,2.0,4.0,4.0,4.0,1,Historical (Pre-2015),Positive,0.8097,Pre Covid
488,109,Unknown Lounge,Incheon Airport,Business Class,Business,0,2013-07-07,South Korea,4.0,5.0,3.0,2.0,5.0,5.0,4.0,1,Historical (Pre-2015),Positive,0.9717,Pre Covid
489,109,Unknown Lounge,Incheon Airport,Business Class,Business,0,2013-05-29,Australia,2.0,1.0,2.0,1.0,4.0,2.0,1.0,0,Historical (Pre-2015),Negative,-0.7479,Pre Covid
490,109,Unknown Lounge,Incheon Airport,Business Class,Business,0,2013-04-28,South Korea,5.0,5.0,2.0,2.0,5.0,5.0,5.0,1,Historical (Pre-2015),Positive,0.5228,Pre Covid
491,109,Unknown Lounge,Incheon Airport,Business Class,Business,0,2013-02-14,Australia,5.0,5.0,5.0,5.0,5.0,5.0,5.0,1,Historical (Pre-2015),Positive,0.9803,Pre Covid
492,109,Unknown Lounge,Incheon Airport,First Class,Unknown,0,2013-02-07,Australia,5.0,5.0,5.0,5.0,5.0,5.0,5.0,1,Historical (Pre-2015),Positive,0.9917,Pre Covid
493,109,Unknown Lounge,Incheon Airport,Business Class,Business,0,2012-11-07,Australia,4.0,4.0,3.0,2.0,,5.0,4.0,1,Historical (Pre-2015),Negative,-0.5038,Pre Covid
494,109,Unknown Lounge,Incheon Airport,First Class,Unknown,0,2012-10-04,Australia,5.0,5.0,4.0,3.0,5.0,5.0,5.0,1,Historical (Pre-2015),Positive,0.9063,Pre Covid
495,109,Unknown Lounge,Incheon Airport,Business Class,Business,0,2012-09-17,Australia,4.0,4.0,3.0,4.0,4.0,5.0,5.0,1,Historical (Pre-2015),Positive,0.2911,Pre Covid
496,109,Unknown Lounge,Seoul Incheon Airport,Business Class,Business,0,2011-05-28,New Zealand,3.0,4.0,2.0,2.0,3.0,5.0,5.0,0,Historical (Pre-2015),Negative,-0.2367,Pre Covid
497,109,Unknown Lounge,Unknown,Business Class,Business,0,2011-05-03,United States,4.0,4.0,3.0,1.0,4.0,4.0,3.0,0,Historical (Pre-2015),Neutral,0.0,Pre Covid
498,109,Swiss,New York JFK Airport,Business Class,Business,0,2011-02-14,United Kingdom,3.0,3.0,3.0,1.0,1.0,3.0,4.0,0,Historical (Pre-2015),Positive,0.9516,Pre Covid
499,109,Unknown Lounge,Seoul Incheon Airport,First Class,Unknown,0,2010-09-01,United Kingdom,4.0,5.0,3.0,2.0,4.0,5.0,5.0,0,Historical (Pre-2015),Positive,0.9085,Pre Covid
500,109,Star Alliance Lounge,London Heathrow Airport,Business Class,Business,0,2009-05-29,United Kingdom,1.0,2.0,2.0,3.0,3.0,,2.0,0,Historical (Pre-2015),Negative,-0.296,Pre Covid
501,109,Unknown Lounge,Seoul Incheon Airport,Business Class,Business,0,2009-05-29,United Kingdom,5.0,5.0,5.0,4.0,5.0,5.0,5.0,0,Historical (Pre-2015),Positive,0.8558,Pre Covid
502,109,Unknown Lounge,Seoul Incheon Airport,Business Class,Business,0,2009-04-30,United Kingdom,4.0,5.0,3.0,3.0,5.0,5.0,5.0,0,Historical (Pre-2015),Positive,0.9464,Pre Covid
503,109,Unknown Lounge,Seoul Incheon Airport,First Class,Unknown,0,2009-02-28,United Kingdom,5.0,5.0,5.0,5.0,5.0,5.0,5.0,0,Historical (Pre-2015),Positive,0.9749,Pre Covid
505,110,Schengen,Zurich Airport,Pay to Use,Unknown,0,2023-11-23,Switzerland,5.0,5.0,4.0,4.0,,5.0,5.0,1,Modern (2015-Present),Positive,0.9183,After Covid
506,110,Newcastle,Newcastle Airport,Pay to Use,Unknown,0,2023-10-01,United Kingdom,2.0,2.0,3.0,2.0,2.0,2.0,1.0,0,Modern (2015-Present),Negative,-0.904,After Covid
507,110,Unknown Lounge,Edinburgh Airport,Frequent Flyer,Unknown,0,2023-04-13,United Kingdom,3.0,3.0,2.0,2.0,,4.0,4.0,0,Modern (2015-Present),Negative,-0.3624,After Covid
508,110,Aspire Lounge,Johannesburg Airport,Business Class,Business,1,2019-09-09,Thailand,5.0,5.0,5.0,5.0,5.0,5.0,5.0,1,Modern (2015-Present),Positive,0.9847,Pre Covid
509,110,Aspire,Newcastle Airport,Pay to Use,Unknown,1,2019-05-31,United Kingdom,5.0,5.0,5.0,1.0,5.0,1.0,5.0,0,Modern (2015-Present),Negative,-0.9552,Pre Covid
510,110,Aspire,Bristol Airport,Pay to Use,Unknown,0,2019-05-13,United Kingdom,3.0,4.0,1.0,1.0,3.0,4.0,1.0,0,Modern (2015-Present),Negative,-0.647,Pre Covid
511,110,Aspire Lounge,Manchester Airport,Pay to Use,Unknown,1,2019-04-22,United Kingdom,2.0,4.0,2.0,1.0,,,2.0,0,Modern (2015-Present),Negative,-0.6053,Pre Covid
512,110,Aspire Lounge,London Heathrow Airport,Members,Unknown,1,2019-01-11,United States,4.0,4.0,4.0,4.0,,5.0,5.0,1,Modern (2015-Present),Positive,0.978,Pre Covid
513,110,Aspire,Newcastle Airport,Frequent Flyer,Unknown,1,2018-09-11,Brazil,2.0,4.0,4.0,3.0,3.0,4.0,4.0,1,Modern (2015-Present),Positive,0.6183,Pre Covid
514,110,Swissport Lounge,Larnaca Airport,Frequent Flyer,Unknown,1,2018-05-21,Germany,4.0,5.0,4.0,4.0,3.0,5.0,5.0,1,Modern (2015-Present),Positive,0.9826,Pre Covid
515,110,Aspire by Swissport,Amsterdam Schiphol Airport,Frequent Flyer,Unknown,0,2017-10-19,Netherlands,2.0,2.0,3.0,1.0,1.0,3.0,2.0,0,Modern (2015-Present),Positive,0.6864,Pre Covid
516,110,Aspire,Edinburgh Airport,Members,Unknown,0,2017-09-23,United Kingdom,5.0,5.0,5.0,5.0,,5.0,5.0,1,Modern (2015-Present),Positive,0.9583,Pre Covid
517,110,Unknown Lounge,Liverpool Airport,Pay to Use,Unknown,0,2017-07-22,United Kingdom,2.0,1.0,1.0,1.0,,1.0,1.0,0,Modern (2015-Present),Negative,-0.3173,Pre Covid
518,110,Aspire,Manchester Airport,Frequent Flyer,Unknown,0,2017-06-25,Ireland,2.0,2.0,1.0,1.0,,2.0,3.0,0,Modern (2015-Present),Positive,0.7758,Pre Covid
519,110,Swissport,Manchester Airport,Business Class,Business,0,2017-03-19,United Kingdom,1.0,3.0,1.0,1.0,,3.0,3.0,1,Modern (2015-Present),Positive,0.3612,Pre Covid
520,110,Aspire Lounge,Zurich Airport,Business Class,Business,0,2017-02-24,Germany,5.0,5.0,4.0,3.0,5.0,3.0,4.0,1,Modern (2015-Present),Positive,0.9608,Pre Covid
521,110,Aspire Lounge,London Heathrow Airport,Frequent Flyer,Unknown,0,2017-02-08,United Kingdom,3.0,1.0,4.0,3.0,,4.0,2.0,1,Modern (2015-Present),Negative,-0.9192,Pre Covid
522,110,Terminal 3,London Heathrow Airport,Unknown,Unknown,0,2017-01-30,Canada,5.0,5.0,5.0,5.0,5.0,5.0,5.0,1,Modern (2015-Present),Positive,0.5709,Pre Covid
523,110,Aspire T5,London Heathrow Airport,Frequent Flyer,Unknown,0,2017-01-30,Canada,3.0,5.0,5.0,4.0,,5.0,5.0,1,Modern (2015-Present),Negative,-0.0516,Pre Covid
524,110,Aspire,Copenhagen Airport,Business Class,Business,0,2017-01-25,Vietnam,3.0,3.0,2.0,1.0,2.0,2.0,1.0,0,Modern (2015-Present),Negative,-0.9742,Pre Covid
525,110,Unknown Lounge,Helsinki Vantaa Airport,Frequent Flyer,Unknown,0,2017-01-09,Finland,5.0,4.0,4.0,3.0,4.0,5.0,4.0,1,Modern (2015-Present),Positive,0.9347,Pre Covid
526,110,Aspire Lounge,Luton Airport,Unknown,Unknown,0,2016-08-20,Hong Kong,4.0,4.0,2.0,1.0,4.0,4.0,4.0,0,Modern (2015-Present),Negative,-0.5119,Pre Covid
527,110,Aspire Lounge,Manchester Airport,Unknown,Unknown,0,2016-08-03,Singapore,4.0,4.0,4.0,3.0,3.0,3.0,4.0,1,Modern (2015-Present),Positive,0.9559,Pre Covid
528,110,Aspire Lounge,Zurich Airport,First Class,Unknown,0,2016-07-23,Switzerland,4.0,5.0,4.0,4.0,2.0,4.0,4.0,1,Modern (2015-Present),Positive,0.9829,Pre Covid
529,110,Aspire,Malaga Airport,Unknown,Unknown,0,2016-01-31,United Kingdom,5.0,5.0,1.0,1.0,5.0,5.0,1.0,0,Modern (2015-Present),Negative,-0.5994,Pre Covid
530,110,Unknown Lounge,Amsterdam Schiphol Airport,Business Class,Business,0,2015-10-19,Netherlands,5.0,5.0,3.0,3.0,,5.0,5.0,1,Modern (2015-Present),Positive,0.9116,Pre Covid
531,110,Aspire Lounge,Edinburgh Airport,Unknown,Unknown,0,2015-10-15,United Kingdom,4.0,5.0,5.0,4.0,,4.0,5.0,1,Modern (2015-Present),Positive,0.9052,Pre Covid
532,110,Aspire Lounge,Copenhagen Airport,Business Class,Business,0,2015-10-02,Denmark,1.0,4.0,2.0,1.0,2.0,4.0,2.0,0,Modern (2015-Present),Negative,-0.9436,Pre Covid
533,98,Flagship Lounge,Chicago O'Hare Airport,Business Class,Business,1,2026-05-29,United Kingdom,2.0,3.0,5.0,1.0,,3.0,2.0,0,Modern (2015-Present),Positive,0.7501,After Covid
534,98,Flagship Lounge,Dallas Fort-Worth Airport,First Class,Unknown,1,2025-11-17,United States,4.0,4.0,,4.0,4.0,5.0,4.0,1,Modern (2015-Present),Positive,0.9584,After Covid
535,98,Flagship Lounge,Los Angeles LAX Airport,First Class,Unknown,1,2025-04-27,Australia,2.0,3.0,3.0,2.0,4.0,,5.0,0,Modern (2015-Present),Positive,0.7393,After Covid
536,98,Chelsea,New York JFK Airport,First Class,Unknown,1,2025-04-19,Australia,4.0,5.0,5.0,5.0,3.0,,5.0,1,Modern (2015-Present),Positive,0.9313,After Covid
537,98,Flagship Chelsea Lounge,New York JFK Airport,First Class,Unknown,1,2025-01-21,Australia,3.0,5.0,5.0,5.0,4.0,,5.0,1,Modern (2015-Present),Positive,0.9419,After Covid
538,98,Admirals Lounge,Nashville Airport,Business Class,Business,1,2024-04-21,United Kingdom,5.0,5.0,1.0,4.0,,5.0,1.0,0,Modern (2015-Present),Positive,0.8805,After Covid
539,98,Admiral's club gate E 48,Washington National Airport,Members,Unknown,0,2023-11-28,United States,4.0,3.0,1.0,3.0,2.0,4.0,3.0,1,Modern (2015-Present),Neutral,0.0258,After Covid
540,98,Admirals Club,Charlotte Airport,Pay to Use,Unknown,0,2023-08-18,United States,1.0,1.0,,,,,1.0,0,Modern (2015-Present),Negative,-0.7727,After Covid
541,98,Admirals Club,Honolulu Airport,Business Class,Business,1,2023-04-28,United States,3.0,5.0,3.0,1.0,,4.0,5.0,0,Modern (2015-Present),Negative,-0.4173,After Covid
542,98,E Lounge,Washington National Airport,Pay to Use,Unknown,1,2022-11-05,United States,5.0,5.0,5.0,5.0,5.0,5.0,5.0,1,Modern (2015-Present),Positive,0.9672,After Covid
543,98,Admirals Club,Houston IAH,First Class,Unknown,1,2022-11-02,United States,2.0,4.0,,2.0,2.0,2.0,4.0,1,Modern (2015-Present),Positive,0.4497,After Covid
544,98,Flagship,Miami Airport,Business Class,Business,1,2022-10-17,United Kingdom,5.0,5.0,5.0,4.0,,,4.0,1,Modern (2015-Present),Positive,0.9889,After Covid
545,98,Unknown Lounge,New York JFK Airport,First Class,Unknown,1,2022-03-30,Qatar,3.0,4.0,3.0,3.0,5.0,5.0,5.0,1,Modern (2015-Present),Positive,0.9662,After Covid
546,98,Admirals Club,Honolulu Airport,Members,Unknown,1,2022-01-29,United States,3.0,5.0,1.0,1.0,2.0,4.0,5.0,0,Modern (2015-Present),Positive,0.5267,After Covid
547,98,E Terminal,Dallas Fort-Worth Airport,Members,Unknown,1,2022-01-16,United States,1.0,1.0,,1.0,,,1.0,0,Modern (2015-Present),Negative,-0.8349,After Covid
548,98,Admirals Club,Orlando Airport,First Class,Unknown,1,2021-12-03,United States,1.0,3.0,3.0,2.0,,,1.0,0,Modern (2015-Present),Negative,-0.8827,Covid
549,98,Admirals Club,Phoenix Sky Harbor Airport,First Class,Unknown,1,2021-11-25,United States,1.0,,,,,,,0,Modern (2015-Present),Negative,-0.7066,Covid
550,98,Flagship Lounge,New York JFK Airport,First Class,Unknown,1,2021-08-28,United States,2.0,3.0,1.0,1.0,3.0,4.0,1.0,0,Modern (2015-Present),Negative,-0.25,Covid
551,98,Admirals Club,Los Angeles LAX Airport,Members,Unknown,1,2021-07-13,United States,5.0,5.0,1.0,1.0,3.0,3.0,5.0,0,Modern (2015-Present),Positive,0.3182,Covid
552,98,Flagship Lounge,Dallas Fort-Worth Airport,Business Class,Business,1,2020-02-24,Australia,5.0,5.0,4.0,4.0,5.0,5.0,5.0,1,Modern (2015-Present),Positive,0.9632,Covid
553,98,Admirals Club,Miami Airport,Business Class,Business,1,2019-12-07,Sweden,2.0,2.0,1.0,1.0,2.0,2.0,2.0,0,Modern (2015-Present),Negative,-0.7387,Pre Covid
554,98,Admiral's Club,Philadelphia Airport,Business Class,Business,1,2019-12-01,United States,4.0,4.0,2.0,2.0,,4.0,4.0,1,Modern (2015-Present),Positive,0.9803,Pre Covid
555,98,Admiral's Club,Paris CDG Airport,Business Class,Business,1,2019-11-22,United States,4.0,4.0,4.0,4.0,4.0,4.0,4.0,1,Modern (2015-Present),Positive,0.9788,Pre Covid
556,98,Admirals' Club,Paris CDG Airport,Members,Unknown,1,2019-08-23,United States,2.0,5.0,3.0,2.0,4.0,1.0,1.0,0,Modern (2015-Present),Positive,0.4442,Pre Covid
557,98,Flagship,Dallas Fort-Worth Airport,Business Class,Business,1,2019-08-13,Australia,5.0,5.0,4.0,4.0,5.0,5.0,5.0,1,Modern (2015-Present),Positive,0.9613,Pre Covid
558,98,Admirals Club,New York JFK Airport,First Class,Unknown,1,2019-07-08,United States,5.0,5.0,4.0,4.0,3.0,4.0,5.0,1,Modern (2015-Present),Negative,-0.7676,Pre Covid
559,98,Admirals' Club,Paris CDG Airport,Members,Unknown,1,2019-05-31,United States,2.0,4.0,3.0,4.0,,4.0,1.0,0,Modern (2015-Present),Negative,-0.8989,Pre Covid
560,98,Admirals Club T4,Los Angeles LAX Airport,Members,Unknown,1,2018-11-22,United Kingdom,4.0,4.0,4.0,3.0,3.0,5.0,5.0,1,Modern (2015-Present),Positive,0.25,Pre Covid
561,98,Admirals Club,Chicago O'Hare Airport,Members,Unknown,1,2018-05-18,United States,3.0,4.0,3.0,1.0,4.0,4.0,1.0,0,Modern (2015-Present),Positive,0.5345,Pre Covid
562,98,AA Flagship Lounge,New York JFK Airport,First Class,Unknown,1,2018-04-25,Switzerland,5.0,5.0,5.0,5.0,5.0,5.0,5.0,1,Modern (2015-Present),Positive,0.9794,Pre Covid
563,98,Flagship Lounge T4,Los Angeles LAX Airport,Business Class,Business,1,2018-01-29,Australia,5.0,5.0,5.0,5.0,5.0,5.0,5.0,1,Modern (2015-Present),Positive,0.9883,Pre Covid
564,98,VIP Lounge,Cancun Airport,Pay to Use,Unknown,0,2018-01-28,United Kingdom,1.0,2.0,5.0,1.0,1.0,3.0,3.0,0,Modern (2015-Present),Positive,0.9141,Pre Covid
565,98,Flagship/Admiral,New York JFK Airport,First Class,Unknown,0,2017-09-23,United States,4.0,3.0,4.0,4.0,4.0,4.0,4.0,1,Modern (2015-Present),Positive,0.989,Pre Covid
566,98,First Class Lounge,New York JFK Airport,First Class,Unknown,0,2017-05-30,United States,1.0,1.0,1.0,1.0,4.0,1.0,2.0,0,Modern (2015-Present),Negative,-0.5652,Pre Covid
567,98,Unknown Lounge,Mexico City Airport,Business Class,Business,0,2017-05-14,Mexico,2.0,4.0,2.0,2.0,,3.0,3.0,0,Modern (2015-Present),Positive,0.4312,Pre Covid
568,98,Admiral's Club,Philadelphia Airport,Business Class,Business,0,2017-04-23,United States,4.0,4.0,3.0,4.0,3.0,4.0,4.0,1,Modern (2015-Present),Positive,0.9807,Pre Covid
569,98,Admirals Club,Los Angeles LAX Airport,First Class,Unknown,0,2017-01-03,Germany,5.0,5.0,5.0,4.0,,5.0,5.0,1,Modern (2015-Present),Positive,0.9229,Pre Covid
570,98,Admirals Club,San Francisco Airport,Business Class,Business,0,2017-01-03,Germany,5.0,5.0,4.0,3.0,5.0,5.0,5.0,1,Modern (2015-Present),Positive,0.9908,Pre Covid
571,98,Admirals Club,Los Angeles LAX Airport,Business Class,Business,0,2016-12-08,United States,3.0,1.0,3.0,1.0,1.0,4.0,3.0,0,Modern (2015-Present),Negative,-0.7341,Pre Covid
572,98,Admirals Club,Dallas Fort-Worth Airport,First Class,Unknown,0,2016-11-17,United States,4.0,5.0,3.0,4.0,4.0,,5.0,1,Modern (2015-Present),Positive,0.9844,Pre Covid
573,98,Unknown Lounge,New York JFK Airport,Business Class,Business,0,2016-10-05,Australia,1.0,2.0,1.0,1.0,1.0,1.0,1.0,0,Modern (2015-Present),Negative,-0.1406,Pre Covid
574,98,Flagship Lounge,New York JFK Airport,First Class,Unknown,0,2016-09-27,Australia,4.0,4.0,4.0,3.0,4.0,4.0,5.0,1,Modern (2015-Present),Positive,0.9821,Pre Covid
575,98,Flagship Lounge,Chicago O'Hare Airport,First Class,Unknown,0,2016-07-27,United States,4.0,4.0,4.0,5.0,3.0,4.0,5.0,1,Modern (2015-Present),Positive,0.8994,Pre Covid
576,98,Admirals Club,Miami Airport,Business Class,Business,0,2016-07-19,Australia,1.0,1.0,1.0,1.0,1.0,1.0,1.0,0,Modern (2015-Present),Negative,-0.5106,Pre Covid
577,98,Admirals Club,Miami Airport,Frequent Flyer,Unknown,0,2016-07-17,United States,5.0,5.0,5.0,5.0,1.0,5.0,,1,Modern (2015-Present),Positive,0.7783,Pre Covid
578,98,Admiral,London Heathrow Airport,Frequent Flyer,Unknown,0,2016-07-17,United States,4.0,4.0,4.0,2.0,,5.0,,1,Modern (2015-Present),Positive,0.8398,Pre Covid
579,98,Flagship Lounge,New York JFK Airport,First Class,Unknown,0,2016-07-17,United Kingdom,4.0,4.0,4.0,4.0,4.0,5.0,5.0,1,Modern (2015-Present),Positive,0.9766,Pre Covid
580,98,AA Admiral's Club,St Louis Airport,Frequent Flyer,Unknown,0,2016-06-09,United States,5.0,5.0,5.0,4.0,,5.0,5.0,1,Modern (2015-Present),Positive,0.9372,Pre Covid
581,98,Admirals Club,Los Angeles LAX Airport,Frequent Flyer,Unknown,0,2016-02-19,Australia,4.0,4.0,4.0,3.0,4.0,4.0,4.0,1,Modern (2015-Present),Positive,0.9286,Pre Covid
582,98,Admirals Club,New York JFK Airport,Business Class,Business,0,2016-02-08,United Kingdom,3.0,4.0,1.0,1.0,4.0,3.0,5.0,1,Modern (2015-Present),Positive,0.6306,Pre Covid
583,98,Unknown Lounge,Tampa Airport,Business Class,Business,0,2016-02-07,United Kingdom,3.0,2.0,1.0,1.0,2.0,3.0,3.0,0,Modern (2015-Present),Positive,0.8689,Pre Covid
584,98,Admirals Club,Austin Airport,Frequent Flyer,Unknown,0,2016-02-04,United States,5.0,3.0,4.0,4.0,2.0,3.0,5.0,1,Modern (2015-Present),Positive,0.9735,Pre Covid
585,98,Admirals Club,Chicago O'Hare Airport,Business Class,Business,0,2016-01-06,United States,5.0,5.0,1.0,1.0,,5.0,5.0,0,Modern (2015-Present),Positive,0.824,Pre Covid
586,98,Admirals Club,London Heathrow Airport,Business Class,Business,0,2016-01-06,United States,5.0,5.0,5.0,5.0,,5.0,5.0,1,Modern (2015-Present),Positive,0.92,Pre Covid
587,98,Admirals Club,Austin Airport,Business Class,Business,0,2016-01-06,United States,4.0,5.0,4.0,4.0,,5.0,5.0,1,Modern (2015-Present),Positive,0.9143,Pre Covid
588,98,Flagship,London Heathrow Airport,First Class,Unknown,0,2015-11-23,United States,4.0,5.0,5.0,4.0,,2.0,1.0,0,Modern (2015-Present),Positive,0.9299,Pre Covid
589,98,Unknown Lounge,London Heathrow Airport,Business Class,Business,0,2015-11-23,Australia,3.0,2.0,3.0,1.0,3.0,4.0,3.0,0,Modern (2015-Present),Negative,-0.9514,Pre Covid
590,98,Premium Lounge,Miami Airport,Frequent Flyer,Unknown,0,2015-11-13,Norway,4.0,4.0,3.0,2.0,4.0,5.0,4.0,1,Modern (2015-Present),Positive,0.4438,Pre Covid
591,98,Admirals Club,Miami Airport,Frequent Flyer,Unknown,0,2015-11-10,United States,1.0,1.0,2.0,2.0,2.0,3.0,2.0,0,Modern (2015-Present),Positive,0.5413,Pre Covid
592,98,Unknown Lounge,Raleigh-Durham Airport,First Class,Unknown,0,2015-10-22,United States,4.0,4.0,5.0,4.0,5.0,,4.0,1,Modern (2015-Present),Positive,0.9505,Pre Covid
593,98,Admirals Club,Chicago O'Hare Airport,First Class,Unknown,0,2015-09-24,United States,5.0,4.0,4.0,4.0,4.0,,4.0,1,Modern (2015-Present),Positive,0.9847,Pre Covid
594,98,Admirals Club,Buffalo Airport,Unknown,Unknown,0,2015-09-08,United States,4.0,4.0,3.0,2.0,3.0,5.0,3.0,1,Modern (2015-Present),Positive,0.9337,Pre Covid
595,98,Unknown Lounge,Miami Airport,Business Class,Business,0,2015-08-15,United Kingdom,2.0,3.0,1.0,1.0,3.0,1.0,2.0,0,Modern (2015-Present),Negative,-0.6369,Pre Covid
596,98,Unknown Lounge,Dallas Fort-Worth Airport,Business Class,Business,0,2015-08-02,United States,5.0,5.0,4.0,5.0,5.0,5.0,5.0,1,Modern (2015-Present),Positive,0.9652,Pre Covid
597,98,Admirals Club,Los Angeles LAX Airport,First Class,Unknown,0,2015-07-11,United States,4.0,5.0,3.0,2.0,4.0,4.0,4.0,1,Modern (2015-Present),Positive,0.946,Pre Covid
598,98,Admirals Club,Paris CDG Airport,Frequent Flyer,Unknown,0,2015-07-05,United States,5.0,5.0,5.0,5.0,5.0,5.0,5.0,1,Modern (2015-Present),Positive,0.9441,Pre Covid
599,98,Admirals Club,New York JFK Airport,First Class,Unknown,0,2015-06-22,United States,5.0,5.0,3.0,3.0,5.0,4.0,5.0,1,Modern (2015-Present),Positive,0.9977,Pre Covid
600,98,Unknown Lounge,Miami Airport,First Class,Unknown,0,2015-05-09,Australia,2.0,2.0,1.0,1.0,1.0,4.0,3.0,0,Modern (2015-Present),Negative,-0.8834,Pre Covid
601,98,Admirals Club,Unknown,Business Class,Business,0,2015-03-22,Germany,2.0,2.0,1.0,1.0,2.0,3.0,2.0,0,Modern (2015-Present),Neutral,0.0,Pre Covid
602,98,Admirals Club,Unknown,Business Class,Business,0,2015-02-25,United States,4.0,4.0,1.0,1.0,4.0,2.0,2.0,0,Modern (2015-Present),Negative,-0.2944,Pre Covid
603,98,Admirals Club,New York JFK Airport,Business Class,Business,0,2015-02-22,United States,1.0,1.0,1.0,1.0,2.0,3.0,1.0,0,Modern (2015-Present),Negative,-0.9186,Pre Covid
604,98,Unknown Lounge,Unknown,First Class,Unknown,0,2015-01-02,United Kingdom,2.0,2.0,1.0,1.0,2.0,4.0,2.0,0,Modern (2015-Present),Positive,0.3786,Pre Covid
605,98,Admirals Club,New York JFK Airport,Unknown,Unknown,0,2015-01-02,United Kingdom,5.0,4.0,3.0,1.0,3.0,4.0,4.0,1,Modern (2015-Present),Positive,0.883,Pre Covid
606,98,Admirals Club,Chicago O'Hare Airport,Unknown,Unknown,0,2015-01-02,United Kingdom,3.0,4.0,3.0,2.0,3.0,3.0,4.0,0,Modern (2015-Present),Positive,0.3818,Pre Covid
607,98,Admirals Club,Chicago O'Hare Airport,Unknown,Unknown,0,2014-10-28,United Kingdom,1.0,1.0,1.0,1.0,1.0,2.0,1.0,0,Historical (Pre-2015),Negative,-0.928,Pre Covid
608,98,Admirals Club,San Francisco Airport,Unknown,Unknown,0,2014-10-04,United Kingdom,5.0,5.0,3.0,3.0,4.0,4.0,5.0,1,Historical (Pre-2015),Positive,0.9505,Pre Covid
609,98,Unknown Lounge,New York JFK Airport,First Class,Unknown,0,2014-08-25,United Kingdom,3.0,3.0,3.0,2.0,1.0,3.0,2.0,0,Historical (Pre-2015),Negative,-0.8711,Pre Covid
610,98,Admirals Club,Chicago O'Hare Airport,Unknown,Unknown,0,2014-08-05,United States,4.0,4.0,3.0,3.0,4.0,4.0,4.0,1,Historical (Pre-2015),Positive,0.8885,Pre Covid
611,98,Admirals Club,Mexico City Airport,Business Class,Business,0,2014-08-02,Germany,4.0,5.0,4.0,3.0,5.0,5.0,4.0,1,Historical (Pre-2015),Positive,0.8663,Pre Covid
612,98,Unknown Lounge,Dallas Fort-Worth Airport,Business Class,Business,0,2014-05-28,United Kingdom,2.0,4.0,1.0,1.0,3.0,4.0,3.0,0,Historical (Pre-2015),Neutral,0.0,Pre Covid
613,98,Unknown Lounge,Dallas Fort-Worth Airport,First Class,Unknown,0,2014-04-22,United States,1.0,1.0,1.0,1.0,1.0,1.0,1.0,0,Historical (Pre-2015),Negative,-0.6808,Pre Covid
614,98,Admirals Club,Miami Airport,Business Class,Business,0,2014-04-14,United Kingdom,3.0,3.0,1.0,1.0,3.0,3.0,3.0,0,Historical (Pre-2015),Positive,0.5194,Pre Covid
615,98,Unknown Lounge,Los Angeles LAX Airport,First Class,Unknown,0,2014-04-14,United Kingdom,3.0,4.0,1.0,1.0,3.0,5.0,4.0,0,Historical (Pre-2015),Negative,-0.631,Pre Covid
616,98,Admirals Club,Unknown,Business Class,Business,0,2014-03-30,United Kingdom,5.0,5.0,2.0,2.0,4.0,5.0,4.0,1,Historical (Pre-2015),Positive,0.9444,Pre Covid
617,98,Admirals Club,Unknown,Business Class,Business,0,2014-03-03,Belgium,1.0,2.0,1.0,1.0,1.0,2.0,1.0,0,Historical (Pre-2015),Negative,-0.8308,Pre Covid
618,98,Admirals Club,London Heathrow Airport,Unknown,Unknown,0,2014-01-29,United States,1.0,3.0,1.0,1.0,3.0,3.0,2.0,0,Historical (Pre-2015),Positive,0.2392,Pre Covid
619,98,AMERICAN AIRLINES FIRST CLASS LOUNGE REVIEW,New York JFK Airport,First Class,Unknown,0,2013-11-22,United States,5.0,5.0,5.0,2.0,5.0,4.0,5.0,1,Historical (Pre-2015),Positive,0.9832,Pre Covid
620,98,Admirals Club,Unknown,Business Class,Business,0,2013-11-22,United States,3.0,3.0,1.0,1.0,3.0,4.0,4.0,0,Historical (Pre-2015),Negative,-0.5719,Pre Covid
621,98,Admirals Club,Unknown,First Class,Unknown,0,2013-11-22,Brazil,4.0,4.0,4.0,4.0,5.0,4.0,4.0,1,Historical (Pre-2015),Positive,0.5574,Pre Covid
622,98,Admirals Club,Unknown,First Class,Unknown,0,2013-10-06,United States,3.0,4.0,1.0,1.0,3.0,3.0,1.0,0,Historical (Pre-2015),Positive,0.79,Pre Covid
623,98,Admirals Club,New York JFK Airport,Business Class,Business,0,2013-09-15,United Kingdom,2.0,3.0,2.0,1.0,3.0,4.0,4.0,0,Historical (Pre-2015),Negative,-0.8922,Pre Covid
624,98,Admirals Club,Chicago O'Hare Airport,Business Class,Business,0,2013-07-31,United Kingdom,3.0,3.0,1.0,1.0,2.0,4.0,3.0,0,Historical (Pre-2015),Positive,0.948,Pre Covid
625,98,Admirals Club,Chicago O'Hare Airport,Business Class,Business,0,2013-07-07,United States,3.0,4.0,2.0,1.0,1.0,,1.0,0,Historical (Pre-2015),Negative,-0.9014,Pre Covid
626,98,Admirals Club,New York JFK Airport,Business Class,Business,0,2013-07-07,United States,3.0,5.0,3.0,2.0,4.0,4.0,4.0,0,Historical (Pre-2015),Negative,-0.7179,Pre Covid
627,98,Unknown Lounge,Chicago O'Hare Airport,Unknown,Unknown,0,2013-04-24,United States,5.0,5.0,5.0,4.0,3.0,5.0,5.0,1,Historical (Pre-2015),Positive,0.9566,Pre Covid
628,98,Admirals Club,New York JFK Airport,Business Class,Business,0,2013-04-16,United Kingdom,1.0,1.0,1.0,1.0,1.0,3.0,3.0,0,Historical (Pre-2015),Negative,-0.9111,Pre Covid
629,98,Admirals Club,Miami Airport,Business Class,Business,0,2013-04-16,United States,3.0,3.0,1.0,1.0,3.0,3.0,2.0,0,Historical (Pre-2015),Positive,0.4019,Pre Covid
630,98,Admirals Club,Tokyo Narita Airport,Unknown,Unknown,0,2013-03-08,United States,5.0,5.0,5.0,5.0,5.0,5.0,5.0,1,Historical (Pre-2015),Positive,0.9368,Pre Covid
631,98,Admirals Club,Miami Airport,Business Class,Business,0,2013-03-08,United States,3.0,1.0,1.0,1.0,3.0,1.0,2.0,0,Historical (Pre-2015),Negative,-0.6249,Pre Covid
632,98,Admirals Club,Chicago O'Hare Airport,Business Class,Business,0,2012-12-25,Malaysia,4.0,3.0,2.0,2.0,5.0,4.0,3.0,1,Historical (Pre-2015),Positive,0.8176,Pre Covid
633,98,Admirals Club,London Heathrow Airport,Unknown,Unknown,0,2012-10-29,United States,5.0,5.0,4.0,1.0,5.0,,4.0,1,Historical (Pre-2015),Positive,0.7534,Pre Covid
634,98,Admirals Club,Boston Logan Airport,Unknown,Unknown,0,2012-10-29,United States,3.0,3.0,2.0,1.0,4.0,4.0,2.0,0,Historical (Pre-2015),Positive,0.6565,Pre Covid
635,98,Admirals Club,San Juan Airport,Business Class,Business,0,2012-09-27,United Kingdom,3.0,3.0,2.0,1.0,2.0,3.0,4.0,0,Historical (Pre-2015),Positive,0.3036,Pre Covid
636,98,Admirals Club,New York JFK Airport,Business Class,Business,0,2012-09-03,United Kingdom,4.0,4.0,1.0,1.0,3.0,4.0,5.0,0,Historical (Pre-2015),Positive,0.9571,Pre Covid
637,98,Admirals Club,Los Angeles LAX Airport,Unknown,Unknown,0,2012-08-05,Australia,4.0,4.0,3.0,3.0,5.0,5.0,5.0,1,Historical (Pre-2015),Positive,0.7169,Pre Covid
638,98,Admirals Club,London Heathrow Airport,Unknown,Unknown,0,2012-08-05,United Kingdom,4.0,5.0,3.0,2.0,3.0,5.0,4.0,0,Historical (Pre-2015),Negative,-0.7755,Pre Covid
639,98,Admirals Club,Chicago O'Hare Airport,Unknown,Unknown,0,2012-04-24,United States,4.0,4.0,2.0,3.0,4.0,3.0,2.0,0,Historical (Pre-2015),Positive,0.7722,Pre Covid
640,98,Admirals Club,New York JFK Airport,Business Class,Business,0,2012-03-28,Spain,3.0,2.0,1.0,1.0,2.0,4.0,3.0,0,Historical (Pre-2015),Negative,-0.8218,Pre Covid
641,98,Unknown Lounge,London Heathrow Airport,Unknown,Unknown,0,2012-02-28,Australia,4.0,5.0,5.0,5.0,5.0,5.0,5.0,1,Historical (Pre-2015),Positive,0.9325,Pre Covid
642,98,Admirals Club,London Heathrow Airport,First Class,Unknown,0,2012-02-07,United States,3.0,3.0,2.0,1.0,3.0,3.0,3.0,0,Historical (Pre-2015),Negative,-0.9462,Pre Covid
643,98,Admirals Club,Toronto Pearson Airport,Unknown,Unknown,0,2012-01-23,United States,3.0,3.0,1.0,1.0,3.0,4.0,2.0,0,Historical (Pre-2015),Positive,0.9141,Pre Covid
644,98,Admirals Club,London Heathrow Airport,Unknown,Unknown,0,2011-11-28,United Kingdom,3.0,3.0,2.0,1.0,2.0,4.0,2.0,0,Historical (Pre-2015),Negative,-0.8872,Pre Covid
645,98,Admirals Club,Miami Airport,Unknown,Unknown,0,2011-11-28,United States,3.0,2.0,2.0,2.0,2.0,4.0,2.0,0,Historical (Pre-2015),Negative,-0.6746,Pre Covid
646,98,Unknown Lounge,London Heathrow Airport,Unknown,Unknown,0,2011-10-22,United States,4.0,5.0,5.0,4.0,5.0,5.0,4.0,1,Historical (Pre-2015),Positive,0.9184,Pre Covid
647,98,Admirals Club,Los Angeles LAX Airport,Unknown,Unknown,0,2011-10-21,Australia,2.0,4.0,1.0,2.0,3.0,1.0,3.0,0,Historical (Pre-2015),Positive,0.8364,Pre Covid
648,98,Admirals Club,New York JFK Airport,Unknown,Unknown,0,2011-10-21,United States,2.0,3.0,2.0,2.0,2.0,2.0,2.0,0,Historical (Pre-2015),Negative,-0.434,Pre Covid
649,98,Admirals Club,Unknown,Unknown,Unknown,0,2011-09-13,United Kingdom,3.0,3.0,2.0,2.0,2.0,1.0,3.0,0,Historical (Pre-2015),Positive,0.7926,Pre Covid
650,98,Admirals Club,London Heathrow Airport,Unknown,Unknown,0,2011-07-11,Australia,4.0,4.0,5.0,4.0,4.0,5.0,5.0,0,Historical (Pre-2015),Positive,0.967,Pre Covid
651,98,Admirals Club,Unknown,Unknown,Unknown,0,2011-06-30,United Kingdom,1.0,1.0,2.0,1.0,3.0,2.0,1.0,0,Historical (Pre-2015),Positive,0.9909,Pre Covid
652,98,Admirals Club,Unknown,Unknown,Unknown,0,2011-01-10,United States,5.0,4.0,2.0,3.0,4.0,4.0,3.0,0,Historical (Pre-2015),Positive,0.9118,Pre Covid
653,98,Sumaq VIP,Lima Airport,Business Class,Business,0,2010-08-28,United Kingdom,2.0,3.0,2.0,1.0,,2.0,2.0,0,Historical (Pre-2015),Negative,-0.2846,Pre Covid
654,98,Unknown Lounge,London Heathrow Airport,First Class,Unknown,0,2010-07-21,United Kingdom,3.0,4.0,3.0,3.0,4.0,3.0,3.0,0,Historical (Pre-2015),Positive,0.9842,Pre Covid
655,98,Admirals Club,London Heathrow Airport,Unknown,Unknown,0,2010-07-07,United Kingdom,1.0,3.0,1.0,1.0,4.0,2.0,1.0,0,Historical (Pre-2015),Negative,-0.9014,Pre Covid
656,98,Admirals Club,London Heathrow Airport,Unknown,Unknown,0,2010-07-04,United Kingdom,2.0,4.0,3.0,3.0,,,2.0,0,Historical (Pre-2015),Negative,-0.8338,Pre Covid
657,98,Admirals Club,London Heathrow Airport,Unknown,Unknown,0,2010-05-01,United Kingdom,2.0,3.0,2.0,1.0,1.0,3.0,1.0,0,Historical (Pre-2015),Negative,-0.9606,Pre Covid
658,98,Admirals Club,Chicago O'Hare Airport,Unknown,Unknown,0,2010-05-01,United Kingdom,4.0,3.0,3.0,3.0,3.0,2.0,4.0,0,Historical (Pre-2015),Positive,0.5994,Pre Covid
659,98,Admirals Club,London Heathrow Airport,Unknown,Unknown,0,2010-01-14,United Kingdom,1.0,1.0,1.0,1.0,1.0,3.0,1.0,0,Historical (Pre-2015),Negative,-0.9105,Pre Covid
660,98,Admirals Club,Tokyo Narita Airport,Unknown,Unknown,0,2009-12-04,United Kingdom,4.0,4.0,4.0,4.0,5.0,5.0,4.0,0,Historical (Pre-2015),Positive,0.9459,Pre Covid
661,98,Admirals Club,Miami Airport,Unknown,Unknown,0,2009-09-30,United Kingdom,4.0,3.0,2.0,1.0,3.0,3.0,2.0,0,Historical (Pre-2015),Negative,-0.4767,Pre Covid
662,98,Unknown Lounge,Unknown,Unknown,Unknown,0,2009-09-20,United Kingdom,4.0,4.0,3.0,1.0,3.0,3.0,3.0,0,Historical (Pre-2015),Positive,0.6713,Pre Covid
663,98,Admirals Club,Dallas Fort-Worth Airport,Unknown,Unknown,0,2009-09-18,United Kingdom,3.0,3.0,,,3.0,3.0,2.0,0,Historical (Pre-2015),Positive,0.9759,Pre Covid
664,98,Admirals Club,London Heathrow Airport,Business Class,Business,0,2009-08-12,United Kingdom,1.0,,2.0,,,1.0,,0,Historical (Pre-2015),Negative,-0.6222,Pre Covid
665,98,Admirals Club,Boston Logan Airport,Business Class,Business,0,2009-07-30,United Kingdom,2.0,3.0,2.0,2.0,3.0,2.0,4.0,0,Historical (Pre-2015),Negative,-0.3182,Pre Covid
666,98,Admirals Club,London Heathrow Airport,Business Class,Business,0,2009-07-13,United Kingdom,1.0,2.0,2.0,1.0,1.0,2.0,1.0,0,Historical (Pre-2015),Negative,-0.7292,Pre Covid
667,98,Admirals Club,Los Angeles LAX Airport,Business Class,Business,0,2009-06-08,United Kingdom,4.0,4.0,1.0,1.0,2.0,1.0,3.0,0,Historical (Pre-2015),Negative,-0.3252,Pre Covid
668,98,Admirals Club,Unknown,Business Class,Business,0,2009-06-04,United Kingdom,3.0,3.0,1.0,1.0,3.0,3.0,2.0,0,Historical (Pre-2015),Positive,0.7617,Pre Covid
669,117,Avianca,El Salvador Intl Airport,Business Class,Business,0,2022-08-25,United States,1.0,3.0,,3.0,3.0,5.0,5.0,0,Modern (2015-Present),Positive,0.5106,After Covid
670,117,VIP Sala,Bogota Airport,Business Class,Business,1,2020-01-12,Germany,1.0,3.0,1.0,1.0,1.0,3.0,1.0,0,Modern (2015-Present),Negative,-0.9413,Covid
671,117,Gold Lounge,Bogota Airport,Business Class,Business,1,2019-03-07,Thailand,2.0,2.0,2.0,2.0,2.0,2.0,2.0,0,Modern (2015-Present),Positive,0.9293,Pre Covid
672,117,Sala VIP,Mexico City Airport,Frequent Flyer,Unknown,0,2019-02-12,Canada,1.0,1.0,2.0,1.0,,,1.0,0,Modern (2015-Present),Positive,0.6289,Pre Covid
673,117,Avianca,Santiago De Chile Airport,Business Class,Business,1,2018-11-05,Germany,2.0,2.0,1.0,2.0,1.0,3.0,2.0,0,Modern (2015-Present),Negative,-0.6306,Pre Covid
674,117,Avianca T2,Sao Paulo Guarulhos Airport,Business Class,Business,1,2018-09-15,Switzerland,3.0,3.0,2.0,2.0,4.0,3.0,3.0,0,Modern (2015-Present),Negative,-0.9611,Pre Covid
675,117,Avianca Diamond,Bogota Airport,Business Class,Business,1,2018-01-09,United States,1.0,2.0,1.0,1.0,1.0,4.0,1.0,0,Modern (2015-Present),Negative,-0.9473,Pre Covid
676,117,Diamond,Bogota Airport,Business Class,Business,0,2017-06-17,United States,1.0,3.0,1.0,1.0,1.0,2.0,1.0,0,Modern (2015-Present),Negative,-0.9039,Pre Covid
677,117,Avianca,Miami Airport,Business Class,Business,0,2017-05-14,Netherlands,2.0,2.0,2.0,2.0,2.0,3.0,2.0,1,Modern (2015-Present),Positive,0.1027,Pre Covid
678,117,Diamond,Bogota Airport,Business Class,Business,0,2017-05-06,United States,2.0,3.0,,1.0,1.0,3.0,2.0,0,Modern (2015-Present),Negative,-0.8659,Pre Covid
679,117,Diamond Elite,Bogota Airport,Business Class,Business,0,2017-02-22,Argentina,5.0,5.0,4.0,4.0,5.0,4.0,5.0,1,Modern (2015-Present),Positive,0.9529,Pre Covid
680,117,Unknown Lounge,Bogota Airport,Business Class,Business,0,2016-06-06,United Kingdom,3.0,4.0,4.0,3.0,3.0,4.0,4.0,1,Modern (2015-Present),Positive,0.7096,Pre Covid
681,117,Unknown Lounge,Mexico City Airport,Business Class,Business,0,2015-11-04,Canada,3.0,5.0,5.0,5.0,,4.0,5.0,0,Modern (2015-Present),Positive,0.8829,Pre Covid
682,117,Unknown Lounge,Bogota Airport,Frequent Flyer,Unknown,0,2015-08-24,Germany,4.0,5.0,4.0,1.0,,5.0,4.0,1,Modern (2015-Present),Positive,0.8943,Pre Covid
683,117,Swiss Lounge,New York JFK Airport,Business Class,Business,0,2014-11-19,United States,2.0,3.0,1.0,1.0,2.0,1.0,2.0,0,Historical (Pre-2015),Negative,-0.3975,Pre Covid
684,117,El Dorado,Bogota Airport,Business Class,Business,0,2013-11-15,Australia,3.0,3.0,3.0,1.0,3.0,4.0,1.0,0,Historical (Pre-2015),Negative,-0.8718,Pre Covid
685,117,El Dorado,Bogota Airport,Business Class,Business,0,2010-08-28,United Kingdom,2.0,2.0,1.0,1.0,3.0,2.0,1.0,0,Historical (Pre-2015),Positive,0.6705,Pre Covid
687,122,Absheron Lounge,Baku Airport,Members,Unknown,1,2018-09-06,United Arab Emirates,5.0,5.0,5.0,4.0,4.0,4.0,5.0,1,Modern (2015-Present),Positive,0.978,Pre Covid
688,115,Marco Polo lounge,Venice Marco Polo Airport,Pay to Use,Unknown,1,2023-07-06,Belgium,2.0,3.0,1.0,2.0,2.0,,1.0,1,Modern (2015-Present),Negative,-0.4222,After Covid
689,115,Austrian Airlines Gate G / F,Vienna Airport,Business Class,Business,0,2021-12-04,Canada,2.0,3.0,1.0,1.0,1.0,4.0,,0,Modern (2015-Present),Negative,-0.1655,Covid
690,115,Airport Lounge Terminal D,Kiev Borispol Airport,Business Class,Business,0,2021-09-16,Germany,3.0,3.0,1.0,1.0,1.0,3.0,2.0,0,Modern (2015-Present),Negative,-0.5773,Covid
691,115,Unknown Lounge,Vienna Airport,Business Class,Business,1,2020-01-26,Israel,4.0,5.0,4.0,4.0,5.0,5.0,5.0,1,Modern (2015-Present),Positive,0.8265,Covid
692,115,Unknown Lounge,Vienna Airport,Business Class,Business,1,2019-10-15,Netherlands,3.0,3.0,3.0,2.0,3.0,3.0,3.0,1,Modern (2015-Present),Positive,0.8374,Pre Covid
693,115,Star lounge Terminal 3,Vienna Airport,Frequent Flyer,Unknown,0,2019-05-18,Netherlands,3.0,4.0,2.0,1.0,3.0,4.0,4.0,0,Modern (2015-Present),Positive,0.2361,Pre Covid
694,115,Unknown Lounge,Vienna Airport,Business Class,Business,1,2019-03-31,Austria,1.0,1.0,1.0,1.0,1.0,1.0,1.0,0,Modern (2015-Present),Negative,-0.7787,Pre Covid
695,115,Unknown Lounge,Vienna Airport,Business Class,Business,0,2018-12-10,Canada,1.0,1.0,3.0,3.0,,5.0,4.0,1,Modern (2015-Present),Positive,0.8398,Pre Covid
696,115,Unknown Lounge,Vienna Airport,Business Class,Business,1,2018-12-02,United Kingdom,1.0,1.0,1.0,1.0,,4.0,1.0,1,Modern (2015-Present),Positive,0.4574,Pre Covid
697,115,Unknown Lounge,Vienna Airport,Business Class,Business,1,2018-08-13,Italy,3.0,3.0,1.0,1.0,1.0,1.0,1.0,0,Modern (2015-Present),Positive,0.7764,Pre Covid
698,115,Business Lounge,Bucharest Otopeni Airport,Business Class,Business,1,2018-05-28,Germany,4.0,4.0,4.0,1.0,,4.0,4.0,1,Modern (2015-Present),Positive,0.9585,Pre Covid
699,115,Unknown Lounge,Vienna Airport,Business Class,Business,1,2018-04-11,United Kingdom,4.0,3.0,4.0,4.0,3.0,4.0,4.0,1,Modern (2015-Present),Positive,0.9805,Pre Covid
700,115,Austrian Business Lounge,Vienna Airport,Business Class,Business,1,2018-04-03,Germany,4.0,4.0,3.0,3.0,3.0,3.0,3.0,1,Modern (2015-Present),Positive,0.4861,Pre Covid
701,115,Unknown Lounge,Vienna Airport,Business Class,Business,0,2017-11-13,Belgium,2.0,1.0,3.0,1.0,1.0,3.0,1.0,0,Modern (2015-Present),Negative,-0.9825,Pre Covid
702,115,Unknown Lounge,Vienna Airport,Business Class,Business,0,2017-10-15,Australia,1.0,1.0,1.0,1.0,1.0,2.0,1.0,0,Modern (2015-Present),Positive,0.5574,Pre Covid
703,115,Unknown Lounge,Vienna Airport,Business Class,Business,0,2017-09-22,Germany,2.0,3.0,3.0,1.0,3.0,,3.0,0,Modern (2015-Present),Negative,-0.4417,Pre Covid
704,115,Unknown Lounge,Vienna Airport,Business Class,Business,0,2017-08-02,Hong Kong,4.0,3.0,4.0,1.0,2.0,4.0,1.0,0,Modern (2015-Present),Negative,-0.8195,Pre Covid
705,115,Sky Lounge,Vienna Airport,Frequent Flyer,Unknown,0,2016-11-14,Austria,4.0,5.0,5.0,5.0,4.0,5.0,5.0,1,Modern (2015-Present),Positive,0.9537,Pre Covid
706,115,Senator Lounge,Vienna Airport,Frequent Flyer,Unknown,0,2016-09-05,Austria,5.0,4.0,5.0,4.0,5.0,5.0,5.0,1,Modern (2015-Present),Positive,0.9825,Pre Covid
707,115,Sky Lounge,Vienna Airport,Business Class,Business,0,2016-07-17,United Kingdom,4.0,4.0,4.0,3.0,,4.0,4.0,1,Modern (2015-Present),Positive,0.8271,Pre Covid
708,115,Unknown Lounge,Vienna Airport,Business Class,Business,0,2016-05-15,Australia,1.0,1.0,1.0,1.0,,,,0,Modern (2015-Present),Negative,-0.8265,Pre Covid
709,115,Unknown Lounge,Vienna Airport,Business Class,Business,0,2016-01-08,India,4.0,5.0,4.0,5.0,5.0,5.0,5.0,1,Modern (2015-Present),Positive,0.8591,Pre Covid
710,115,Austrian Airlines,Vienna Airport,Business Class,Business,0,2015-09-27,United States,2.0,2.0,2.0,1.0,3.0,3.0,2.0,0,Modern (2015-Present),Negative,-0.1779,Pre Covid
711,115,Senator Lounge review,Washington Dulles Airport,Business Class,Business,0,2015-06-09,United States,5.0,5.0,5.0,5.0,5.0,3.0,2.0,1,Modern (2015-Present),Positive,0.8689,Pre Covid
712,115,G Gates Lounge,Vienna Airport,Business Class,Business,0,2015-02-22,United States,3.0,4.0,4.0,1.0,2.0,4.0,4.0,0,Modern (2015-Present),Positive,0.5285,Pre Covid
713,115,Star Gold Lounge,Vienna Airport,Unknown,Unknown,0,2015-01-27,United States,3.0,5.0,4.0,3.0,4.0,4.0,3.0,1,Modern (2015-Present),Positive,0.7992,Pre Covid
714,115,Senator Lounge,Vienna Airport,Unknown,Unknown,0,2014-11-19,Switzerland,3.0,4.0,5.0,4.0,4.0,4.0,3.0,1,Historical (Pre-2015),Positive,0.659,Pre Covid
715,115,Star Gold / Senator Lounge,Vienna Airport,Unknown,Unknown,0,2014-02-20,Spain,3.0,3.0,2.0,2.0,2.0,2.0,3.0,0,Historical (Pre-2015),Negative,-0.3246,Pre Covid
716,115,Gold / Senator Lounge,Vienna Airport,Unknown,Unknown,0,2013-09-15,Sweden,4.0,4.0,4.0,4.0,,2.0,3.0,1,Historical (Pre-2015),Positive,0.8294,Pre Covid
717,115,Unknown Lounge,Unknown,Business Class,Business,0,2013-01-10,Austria,4.0,4.0,5.0,4.0,1.0,5.0,5.0,1,Historical (Pre-2015),Positive,0.6542,Pre Covid
718,115,HON Circle,Vienna Airport,First Class,Unknown,0,2012-12-23,Brazil,4.0,5.0,4.0,4.0,4.0,2.0,5.0,1,Historical (Pre-2015),Positive,0.982,Pre Covid
719,115,Unknown Lounge,Vienna Airport,Business Class,Business,0,2012-11-16,Germany,2.0,4.0,3.0,1.0,1.0,4.0,2.0,0,Historical (Pre-2015),Negative,-0.8169,Pre Covid
720,115,Unknown Lounge,Vienna Airport,Business Class,Business,0,2012-09-10,Hungary,2.0,4.0,3.0,1.0,4.0,4.0,3.0,0,Historical (Pre-2015),Negative,-0.9669,Pre Covid
721,115,Unknown Lounge,Vienna Airport,Business Class,Business,0,2012-05-19,Australia,3.0,3.0,2.0,2.0,2.0,4.0,4.0,0,Historical (Pre-2015),Negative,-0.6026,Pre Covid
722,115,Unknown Lounge,Vienna Airport,Business Class,Business,0,2011-09-13,Unknown,1.0,2.0,2.0,2.0,2.0,4.0,2.0,0,Historical (Pre-2015),Neutral,-0.0129,Pre Covid
723,115,Unknown Lounge,Vienna Airport,Business Class,Business,0,2011-05-03,United Kingdom,2.0,4.0,1.0,1.0,2.0,3.0,3.0,0,Historical (Pre-2015),Negative,-0.8268,Pre Covid
724,115,Unknown Lounge,Vienna Airport,Business Class,Business,0,2010-07-05,United Kingdom,4.0,4.0,4.0,4.0,3.0,1.0,3.0,0,Historical (Pre-2015),Positive,0.7717,Pre Covid
725,115,Unknown Lounge,Vienna Airport,Business Class,Business,0,2009-09-07,United Kingdom,1.0,3.0,4.0,1.0,1.0,3.0,2.0,0,Historical (Pre-2015),Negative,-0.7264,Pre Covid
729,5,Doualair,Douala Airport,Business Class,Business,1,2022-11-02,South Africa,1.0,1.0,1.0,1.0,,3.0,1.0,0,Modern (2015-Present),Negative,-0.9162,After Covid
730,45,Madrid Puerta del Sol Aena lounge,Madrid Barajas Airport,Business Class,Business,1,2025-02-10,United Kingdom,1.0,1.0,1.0,1.0,1.0,,1.0,0,Modern (2015-Present),Negative,-0.1027,After Covid
731,45,Le Salon,Paris CDG Airport,Business Class,Business,1,2024-05-21,Germany,2.0,5.0,3.0,2.0,1.0,4.0,5.0,1,Modern (2015-Present),Positive,0.7511,After Covid
732,45,Plaza Premium,Montréal Airport,Business Class,Business,1,2022-08-04,France,3.0,2.0,2.0,2.0,1.0,,1.0,0,Modern (2015-Present),Negative,-0.743,After Covid
733,45,Amex Lounge,San Jose Airport,Business Class,Business,1,2021-10-27,Spain,4.0,4.0,3.0,3.0,2.0,3.0,4.0,1,Modern (2015-Present),Positive,0.974,Covid
734,45,Unknown Lounge,Conakry Airport,Business Class,Business,1,2021-07-28,France,5.0,5.0,4.0,4.0,5.0,1.0,5.0,1,Modern (2015-Present),Positive,0.518,Covid
735,45,Charles De Gaulle 2E,Paris CDG Airport,Business Class,Business,1,2020-04-28,United Kingdom,4.0,5.0,5.0,4.0,5.0,5.0,4.0,1,Modern (2015-Present),Positive,0.9814,Covid
736,45,Unknown Lounge,Paris CDG Airport,Business Class,Business,1,2020-04-17,France,4.0,5.0,4.0,4.0,5.0,4.0,4.0,1,Modern (2015-Present),Positive,0.9864,Covid
737,45,Unknown Lounge,Munich Airport,Business Class,Business,1,2019-11-25,Germany,3.0,4.0,2.0,2.0,,4.0,2.0,0,Modern (2015-Present),Positive,0.3612,Pre Covid
738,45,Unknown Lounge,Washington Dulles Airport,Business Class,Business,1,2019-09-11,United Kingdom,5.0,5.0,5.0,5.0,5.0,5.0,5.0,1,Modern (2015-Present),Positive,0.9955,Pre Covid
739,45,Unknown Lounge,Paris CDG Airport,Business Class,Business,1,2019-01-31,Belgium,3.0,4.0,3.0,4.0,,1.0,5.0,1,Modern (2015-Present),Positive,0.9697,Pre Covid
740,45,Unknown Lounge,Paris CDG Airport,Business Class,Business,1,2019-01-22,United Kingdom,3.0,3.0,4.0,1.0,1.0,1.0,1.0,0,Modern (2015-Present),Positive,0.456,Pre Covid
741,45,Terminal 2G,Paris CDG Airport,Business Class,Business,1,2018-05-26,Germany,5.0,5.0,4.0,5.0,,4.0,4.0,1,Modern (2015-Present),Positive,0.742,Pre Covid
742,45,DNATA Lounge Terminal 1,Singapore Changi Airport,Business Class,Business,1,2018-02-12,Netherlands,4.0,4.0,3.0,3.0,1.0,1.0,2.0,1,Modern (2015-Present),Negative,-0.6535,Pre Covid
743,45,La Premire,Paris CDG Airport,First Class,Unknown,1,2017-12-20,France,5.0,5.0,5.0,5.0,5.0,5.0,5.0,1,Modern (2015-Present),Positive,0.4582,Pre Covid
744,45,Terminal 2F,Paris CDG Airport,Business Class,Business,0,2017-11-12,Portugal,2.0,2.0,2.0,2.0,2.0,3.0,3.0,1,Modern (2015-Present),Positive,0.9811,Pre Covid
745,45,La Premire,Paris CDG Airport,First Class,Unknown,0,2017-08-05,United Kingdom,5.0,5.0,5.0,5.0,5.0,5.0,5.0,1,Modern (2015-Present),Positive,0.9842,Pre Covid
746,45,Executive lounge,Dublin Airport,Business Class,Business,0,2017-08-04,Ireland,4.0,4.0,1.0,1.0,2.0,3.0,1.0,1,Modern (2015-Present),Positive,0.9551,Pre Covid
747,45,Unknown Lounge,Paris CDG Airport,Business Class,Business,0,2017-05-30,United Arab Emirates,4.0,5.0,2.0,3.0,4.0,5.0,4.0,1,Modern (2015-Present),Positive,0.9742,Pre Covid
749,45,Unknown Lounge,Bangkok Suvarnabhumi Airport,Business Class,Business,0,2016-11-23,Thailand,5.0,5.0,5.0,5.0,5.0,5.0,5.0,1,Modern (2015-Present),Positive,0.9659,Pre Covid
750,45,Unknown Lounge,Washington Dulles Airport,Business Class,Business,0,2016-10-20,United Arab Emirates,4.0,4.0,3.0,2.0,2.0,4.0,4.0,1,Modern (2015-Present),Positive,0.8047,Pre Covid
751,45,Unknown Lounge,Paris CDG Airport,First Class,Unknown,0,2016-09-28,France,4.0,5.0,2.0,4.0,3.0,5.0,4.0,1,Modern (2015-Present),Positive,0.875,Pre Covid
752,45,Lounge 2F,Paris CDG Airport,Business Class,Business,0,2016-09-12,United States,1.0,3.0,2.0,1.0,3.0,3.0,2.0,0,Modern (2015-Present),Positive,0.9911,Pre Covid
753,45,Unknown Lounge,Yaounde Airport,Business Class,Business,0,2016-09-08,United Kingdom,4.0,5.0,4.0,3.0,4.0,,4.0,1,Modern (2015-Present),Negative,-0.4678,Pre Covid
754,45,Air France,Antananarivo Airport,Business Class,Business,0,2016-02-19,Canada,4.0,5.0,4.0,4.0,,5.0,5.0,1,Modern (2015-Present),Positive,0.9383,Pre Covid
755,45,Unknown Lounge,New York JFK Airport,Business Class,Business,0,2016-01-12,Spain,4.0,4.0,4.0,3.0,3.0,4.0,3.0,1,Modern (2015-Present),Positive,0.9558,Pre Covid
756,45,Air France,Washington Dulles Airport,Business Class,Business,0,2015-10-30,United States,4.0,5.0,5.0,5.0,5.0,5.0,5.0,1,Modern (2015-Present),Positive,0.9904,Pre Covid
757,45,Unknown Lounge,San Francisco Airport,Business Class,Business,0,2015-10-30,United States,3.0,3.0,4.0,3.0,,5.0,5.0,1,Modern (2015-Present),Positive,0.3818,Pre Covid
758,45,Unknown Lounge,Johannesburg Airport,Business Class,Business,0,2015-10-06,Botswana,2.0,1.0,4.0,2.0,,4.0,,0,Modern (2015-Present),Positive,0.6124,Pre Covid
759,45,Priority Pass,Los Angeles LAX Airport,Frequent Flyer,Unknown,0,2015-07-31,Ireland,3.0,4.0,1.0,1.0,3.0,3.0,2.0,0,Modern (2015-Present),Negative,-0.659,Pre Covid
760,45,Unknown Lounge,Paris CDG Airport,Business Class,Business,0,2015-05-09,France,4.0,5.0,5.0,5.0,4.0,4.0,5.0,1,Modern (2015-Present),Positive,0.8074,Pre Covid
761,45,Unknown Lounge,Paris CDG Airport,Business Class,Business,0,2014-11-19,Belgium,1.0,1.0,1.0,1.0,1.0,1.0,1.0,0,Historical (Pre-2015),Negative,-0.296,Pre Covid
762,45,Unknown Lounge,Seoul Incheon Airport,Business Class,Business,0,2014-11-19,New Caledonia,5.0,5.0,1.0,2.0,5.0,5.0,5.0,1,Historical (Pre-2015),Positive,0.5647,Pre Covid
763,45,Unknown Lounge,Paris CDG Airport,Business Class,Business,0,2014-10-04,France,3.0,3.0,3.0,2.0,1.0,2.0,3.0,0,Historical (Pre-2015),Negative,-0.2522,Pre Covid
764,45,Unknown Lounge,Paris CDG Airport,Business Class,Business,0,2014-08-06,Vietnam,2.0,3.0,1.0,1.0,1.0,3.0,1.0,0,Historical (Pre-2015),Positive,0.1907,Pre Covid
765,45,Unknown Lounge,New York JFK Airport,Business Class,Business,0,2014-04-14,United States,3.0,3.0,3.0,1.0,4.0,3.0,3.0,0,Historical (Pre-2015),Positive,0.9643,Pre Covid
766,45,Unknown Lounge,Paris CDG Airport,Business Class,Business,0,2014-03-11,Israel,3.0,4.0,5.0,4.0,5.0,3.0,4.0,1,Historical (Pre-2015),Positive,0.9764,Pre Covid
767,45,Unknown Lounge,Paris CDG Airport,Business Class,Business,0,2014-03-11,United Kingdom,2.0,1.0,2.0,1.0,2.0,3.0,1.0,0,Historical (Pre-2015),Negative,-0.9481,Pre Covid
768,45,Unknown Lounge,Paris CDG Airport,Business Class,Business,0,2014-02-20,United Kingdom,5.0,5.0,5.0,4.0,5.0,5.0,5.0,1,Historical (Pre-2015),Positive,0.9812,Pre Covid
769,45,Unknown Lounge,Paris CDG Airport,Business Class,Business,0,2013-12-23,Israel,2.0,2.0,4.0,2.0,4.0,2.0,4.0,0,Historical (Pre-2015),Negative,-0.9259,Pre Covid
770,45,Unknown Lounge,Shanghai Pudong Airport,Business Class,Business,0,2013-10-06,New Zealand,2.0,2.0,1.0,1.0,2.0,2.0,1.0,0,Historical (Pre-2015),Negative,-0.6705,Pre Covid
771,45,Unknown Lounge,Paris CDG Airport,First Class,Unknown,0,2013-09-15,United Kingdom,5.0,5.0,5.0,5.0,5.0,5.0,5.0,1,Historical (Pre-2015),Positive,0.9705,Pre Covid
772,45,Unknown Lounge,Paris CDG Airport,Business Class,Business,0,2013-08-14,Russian Federation,1.0,1.0,3.0,1.0,1.0,,2.0,0,Historical (Pre-2015),Negative,-0.8706,Pre Covid
773,45,Unknown Lounge,Paris CDG Airport,Business Class,Business,0,2013-07-31,Thailand,2.0,2.0,3.0,3.0,2.0,2.0,1.0,0,Historical (Pre-2015),Negative,-0.5457,Pre Covid
774,45,Unknown Lounge,Paris CDG Airport,Business Class,Business,0,2013-07-20,Japan,5.0,4.0,4.0,4.0,4.0,5.0,4.0,1,Historical (Pre-2015),Positive,0.8832,Pre Covid
775,45,Unknown Lounge,Frankfurt Main Airport,Business Class,Business,0,2013-07-07,United States,2.0,3.0,2.0,2.0,,2.0,2.0,0,Historical (Pre-2015),Negative,-0.7871,Pre Covid
776,45,Unknown Lounge,Johannesburg Airport,Business Class,Business,0,2013-05-29,Israel,3.0,4.0,3.0,3.0,3.0,5.0,4.0,0,Historical (Pre-2015),Positive,0.9207,Pre Covid
777,45,Unknown Lounge,Lyon Airport,Business Class,Business,0,2013-03-20,France,2.0,4.0,1.0,1.0,1.0,4.0,3.0,0,Historical (Pre-2015),Neutral,-0.0258,Pre Covid
778,45,Unknown Lounge,Rio De Janeiro Airport,Business Class,Business,0,2013-02-07,Brazil,4.0,3.0,3.0,2.0,1.0,4.0,4.0,0,Historical (Pre-2015),Positive,0.2023,Pre Covid
779,45,Unknown Lounge,Paris CDG Airport,Business Class,Business,0,2013-02-07,Lebanon,2.0,1.0,3.0,3.0,2.0,4.0,1.0,0,Historical (Pre-2015),Negative,-0.6652,Pre Covid
780,45,Unknown Lounge,Paris CDG Airport,Business Class,Business,0,2013-01-24,South Africa,3.0,4.0,5.0,1.0,3.0,5.0,5.0,1,Historical (Pre-2015),Positive,0.685,Pre Covid
781,45,Unknown Lounge,Paris CDG Airport,First Class,Unknown,0,2013-01-10,Austria,5.0,5.0,5.0,5.0,5.0,5.0,5.0,1,Historical (Pre-2015),Positive,0.9657,Pre Covid
782,45,Unknown Lounge,Johannesburg Airport,Business Class,Business,0,2013-01-10,United States,1.0,3.0,4.0,1.0,1.0,1.0,1.0,0,Historical (Pre-2015),Negative,-0.8624,Pre Covid
783,45,Unknown Lounge,Johannesburg Airport,Business Class,Business,0,2013-01-01,United States,2.0,2.0,4.0,4.0,2.0,4.0,3.0,0,Historical (Pre-2015),Negative,-0.9222,Pre Covid
784,45,Unknown Lounge,Paris CDG Airport,Business Class,Business,0,2012-10-29,Hong Kong,2.0,3.0,1.0,1.0,3.0,1.0,1.0,0,Historical (Pre-2015),Negative,-0.9042,Pre Covid
785,45,Unknown Lounge,Paris CDG Airport,Unknown,Unknown,0,2012-09-17,United Kingdom,3.0,3.0,3.0,1.0,2.0,4.0,1.0,0,Historical (Pre-2015),Negative,-0.796,Pre Covid
786,45,Unknown Lounge,Paris CDG Airport,Business Class,Business,0,2012-09-10,Israel,3.0,3.0,4.0,1.0,3.0,4.0,4.0,0,Historical (Pre-2015),Negative,-0.624,Pre Covid
787,45,Unknown Lounge,Paris CDG Airport,Business Class,Business,0,2012-08-05,France,5.0,4.0,5.0,4.0,5.0,5.0,4.0,1,Historical (Pre-2015),Positive,0.8831,Pre Covid
788,45,Unknown Lounge,Paris CDG Airport,Business Class,Business,0,2012-08-05,Brazil,2.0,1.0,4.0,3.0,2.0,3.0,4.0,0,Historical (Pre-2015),Negative,-0.5678,Pre Covid
789,45,Unknown Lounge,Paris CDG Airport,Business Class,Business,0,2012-05-21,United States,4.0,5.0,2.0,1.0,3.0,4.0,2.0,0,Historical (Pre-2015),Negative,-0.128,Pre Covid
790,45,Unknown Lounge,Washington Dulles Airport,Business Class,Business,0,2012-05-21,United States,3.0,5.0,4.0,4.0,5.0,4.0,5.0,1,Historical (Pre-2015),Positive,0.8704,Pre Covid
791,45,Unknown Lounge,Paris CDG Airport,Business Class,Business,0,2012-04-24,United States,5.0,5.0,4.0,2.0,4.0,,5.0,1,Historical (Pre-2015),Positive,0.1134,Pre Covid
792,45,Unknown Lounge,Orlando Airport,Business Class,Business,0,2012-04-24,Czech Republic,3.0,1.0,1.0,1.0,1.0,3.0,1.0,0,Historical (Pre-2015),Negative,-0.1027,Pre Covid
793,45,Unknown Lounge,Boston Logan Airport,Business Class,Business,0,2012-03-28,France,3.0,4.0,3.0,3.0,3.0,3.0,4.0,1,Historical (Pre-2015),Positive,0.8957,Pre Covid
794,45,Unknown Lounge,Sao Paulo Guarulhos Airport,Business Class,Business,0,2012-02-28,Netherlands,5.0,5.0,4.0,5.0,4.0,3.0,5.0,1,Historical (Pre-2015),Positive,0.9753,Pre Covid
795,45,Unknown Lounge,Mumbai Airport,Business Class,Business,0,2012-01-30,Israel,3.0,3.0,3.0,2.0,3.0,1.0,3.0,0,Historical (Pre-2015),Negative,-0.5095,Pre Covid
796,45,Dan Lounge,Tel Aviv Airport,Business Class,Business,0,2012-01-25,Israel,3.0,1.0,1.0,1.0,3.0,4.0,3.0,0,Historical (Pre-2015),Positive,0.5267,Pre Covid
797,45,Unknown Lounge,Hong Kong Airport,Business Class,Business,0,2011-10-21,China,2.0,3.0,3.0,2.0,3.0,2.0,2.0,0,Historical (Pre-2015),Negative,-0.6819,Pre Covid
798,45,Unknown Lounge,Paris CDG Airport,Business Class,Business,0,2011-09-17,South Africa,4.0,4.0,3.0,1.0,1.0,4.0,4.0,0,Historical (Pre-2015),Negative,-0.3502,Pre Covid
799,45,Unknown Lounge,Paris CDG Airport,Business Class,Business,0,2011-09-13,United States,4.0,4.0,4.0,3.0,4.0,4.0,3.0,0,Historical (Pre-2015),Positive,0.9005,Pre Covid
800,45,Unknown Lounge,Chicago O'Hare Airport,Business Class,Business,0,2011-05-28,United States,4.0,5.0,5.0,4.0,3.0,4.0,3.0,0,Historical (Pre-2015),Positive,0.9575,Pre Covid
801,45,Unknown Lounge,Lagos Airport,Business Class,Business,0,2011-05-01,France,2.0,2.0,3.0,1.0,1.0,2.0,1.0,0,Historical (Pre-2015),Negative,-0.68,Pre Covid
802,45,Unknown Lounge,Paris CDG Airport,Business Class,Business,0,2011-05-01,France,1.0,2.0,1.0,1.0,1.0,1.0,2.0,0,Historical (Pre-2015),Negative,-0.7824,Pre Covid
803,45,Unknown Lounge,Paris CDG Airport,Business Class,Business,0,2011-02-14,France,3.0,4.0,4.0,1.0,4.0,4.0,3.0,0,Historical (Pre-2015),Negative,-0.4767,Pre Covid
804,45,Unknown Lounge,Paris CDG Airport,Business Class,Business,0,2011-01-28,Netherlands,3.0,2.0,4.0,4.0,,4.0,3.0,0,Historical (Pre-2015),Positive,0.431,Pre Covid
805,45,Unknown Lounge,Paris CDG Airport,Business Class,Business,0,2011-01-26,United Kingdom,2.0,2.0,3.0,2.0,,3.0,2.0,0,Historical (Pre-2015),Negative,-0.1045,Pre Covid
806,45,Unknown Lounge,Paris CDG Airport,Business Class,Business,0,2010-12-04,Ghana,2.0,3.0,2.0,1.0,2.0,3.0,2.0,0,Historical (Pre-2015),Negative,-0.2957,Pre Covid
807,45,Le Patio,Paris Orly Airport,Unknown,Unknown,0,2010-02-09,United Kingdom,3.0,3.0,2.0,1.0,1.0,4.0,3.0,0,Historical (Pre-2015),Negative,-0.0798,Pre Covid
808,45,Unknown Lounge,Paris CDG Airport,Business Class,Business,0,2010-02-01,United Kingdom,3.0,3.0,1.0,3.0,3.0,2.0,3.0,0,Historical (Pre-2015),Negative,-0.2244,Pre Covid
809,45,Unknown Lounge,Zurich Airport,Business Class,Business,0,2009-09-30,United Kingdom,3.0,3.0,3.0,2.0,,2.0,2.0,0,Historical (Pre-2015),Negative,-0.3716,Pre Covid
810,45,Unknown Lounge,Johannesburg Airport,Business Class,Business,0,2009-07-13,United Kingdom,4.0,4.0,4.0,3.0,3.0,3.0,1.0,0,Historical (Pre-2015),Positive,0.7184,Pre Covid
811,45,Unknown Lounge,Shanghai Pudong Airport,Business Class,Business,0,2009-04-30,United Kingdom,2.0,2.0,1.0,1.0,1.0,2.0,1.0,0,Historical (Pre-2015),Negative,-0.4961,Pre Covid
816,138,Balaka Lounge,Dhaka Airport,Business Class,Business,1,2019-12-31,Qatar,4.0,5.0,2.0,5.0,,4.0,5.0,1,Modern (2015-Present),Positive,0.7003,Pre Covid
817,138,Executive Lounge,Kathmandu Airport,Business Class,Business,0,2015-09-03,Bangladesh,4.0,4.0,4.0,4.0,4.0,4.0,4.0,1,Modern (2015-Present),Positive,0.9313,Pre Covid
818,93,JFK,New York JFK Airport,Business Class,Business,1,2019-12-21,United States,1.0,2.0,1.0,1.0,1.0,3.0,1.0,0,Modern (2015-Present),Negative,-0.8555,Pre Covid
819,93,casa italia,Rome Fiumicino Airport,Frequent Flyer,Unknown,0,2019-10-16,Israel,4.0,4.0,4.0,5.0,4.0,4.0,5.0,1,Modern (2015-Present),Positive,0.9183,Pre Covid
820,93,Casa Italia Piazza di Spagna,Rome Fiumicino Airport,Business Class,Business,1,2019-01-18,Netherlands,5.0,5.0,5.0,5.0,5.0,5.0,5.0,1,Modern (2015-Present),Positive,0.981,Pre Covid
821,93,Casa Alitalia Roma,Rome Fiumicino Airport,Business Class,Business,1,2018-11-25,Australia,1.0,1.0,1.0,1.0,1.0,2.0,1.0,0,Modern (2015-Present),Negative,-0.924,Pre Covid
822,93,Erste Premier Lounge,Prague Airport,Business Class,Business,0,2017-09-16,Indonesia,3.0,4.0,3.0,3.0,3.0,3.0,3.0,1,Modern (2015-Present),Positive,0.4988,Pre Covid
823,93,Terminal E,Rome Fiumicino Airport,Business Class,Business,0,2017-08-13,Canada,1.0,2.0,2.0,1.0,,,1.0,0,Modern (2015-Present),Negative,-0.9201,Pre Covid
824,93,Dolce Vita,Rome Fiumicino Airport,Pay to Use,Unknown,0,2017-06-24,Israel,4.0,3.0,4.0,3.0,,4.0,3.0,1,Modern (2015-Present),Negative,-0.4753,Pre Covid
825,93,Casa Aitalia,Rome Fiumicino Airport,Pay to Use,Unknown,0,2017-06-24,Israel,4.0,3.0,4.0,4.0,5.0,5.0,5.0,1,Modern (2015-Present),Positive,0.9838,Pre Covid
826,93,Casa Italia,Rome Fiumicino Airport,Business Class,Business,0,2017-04-08,Brazil,3.0,5.0,5.0,5.0,5.0,5.0,5.0,1,Modern (2015-Present),Positive,0.9643,Pre Covid
827,93,Casa Alitalia Roma,Rome Fiumicino Airport,Business Class,Business,0,2017-03-05,Italy,5.0,4.0,5.0,5.0,3.0,5.0,5.0,1,Modern (2015-Present),Positive,0.9254,Pre Covid
828,93,Unknown Lounge,Rome Ciampino Airport,Business Class,Business,0,2017-01-14,Australia,4.0,5.0,5.0,5.0,5.0,5.0,5.0,0,Modern (2015-Present),Positive,0.9393,Pre Covid
829,93,Terminal G,Rome Fiumicino Airport,Business Class,Business,0,2016-09-24,Canada,2.0,1.0,1.0,2.0,1.0,,1.0,0,Modern (2015-Present),Negative,-0.9348,Pre Covid
830,93,Unknown Lounge,Milan Linate Airport,Business Class,Business,0,2016-08-29,United Kingdom,5.0,5.0,5.0,5.0,5.0,5.0,5.0,1,Modern (2015-Present),Positive,0.9152,Pre Covid
831,93,Unknown Lounge,Rome Fiumicino Airport,Business Class,Business,0,2016-06-24,Italy,4.0,5.0,5.0,5.0,4.0,4.0,5.0,1,Modern (2015-Present),Positive,0.8442,Pre Covid
832,93,Le Navi,Rome Fiumicino Airport,Business Class,Business,0,2016-06-06,United Kingdom,1.0,3.0,1.0,1.0,2.0,5.0,2.0,0,Modern (2015-Present),Negative,-0.495,Pre Covid
833,93,Dolce Vita,Rome Fiumicino Airport,Frequent Flyer,Unknown,0,2016-01-25,China,4.0,4.0,4.0,4.0,4.0,3.0,4.0,1,Modern (2015-Present),Positive,0.9578,Pre Covid
834,93,Pergolesi,Milan Malpensa Airport,Business Class,Business,0,2016-01-23,Canada,4.0,3.0,1.0,1.0,3.0,3.0,1.0,0,Modern (2015-Present),Positive,0.7725,Pre Covid
835,93,Unknown Lounge,New York JFK Airport,Business Class,Business,0,2015-10-11,United States,1.0,1.0,1.0,1.0,2.0,2.0,1.0,0,Modern (2015-Present),Negative,-0.9462,Pre Covid
836,93,Le Anfore,Rome Fiumicino Airport,Business Class,Business,0,2014-10-04,United Kingdom,1.0,1.0,1.0,1.0,1.0,1.0,1.0,0,Historical (Pre-2015),Negative,-0.8956,Pre Covid
837,93,Dolce Vito,Rome Fiumicino Airport,Business Class,Business,0,2014-08-30,Indonesia,2.0,3.0,1.0,1.0,5.0,1.0,1.0,0,Historical (Pre-2015),Negative,-0.6847,Pre Covid
838,93,Giotto,Rome Fiumicino Airport,Business Class,Business,0,2014-06-04,Canada,1.0,2.0,1.0,1.0,1.0,4.0,1.0,0,Historical (Pre-2015),Negative,-0.951,Pre Covid
839,93,Unknown Lounge,Rome Fiumicino Airport,Business Class,Business,0,2013-07-07,Canada,2.0,2.0,3.0,1.0,1.0,4.0,2.0,0,Historical (Pre-2015),Negative,-0.9293,Pre Covid
840,93,Unknown Lounge,Rome Fiumicino Airport,Business Class,Business,0,2013-05-29,Israel,3.0,2.0,4.0,1.0,2.0,4.0,3.0,0,Historical (Pre-2015),Positive,0.5504,Pre Covid
841,93,Le Anfore,Rome Fiumicino Airport,Business Class,Business,0,2013-03-20,China,3.0,4.0,2.0,2.0,3.0,4.0,4.0,0,Historical (Pre-2015),Positive,0.3071,Pre Covid
842,93,Unknown Lounge,Rome Fiumicino Airport,Business Class,Business,0,2012-12-13,Australia,3.0,3.0,2.0,1.0,3.0,3.0,1.0,0,Historical (Pre-2015),Negative,-0.7579,Pre Covid
843,93,Unknown Lounge,Rome Fiumicino Airport,Business Class,Business,0,2012-06-18,Canada,3.0,4.0,1.0,1.0,2.0,3.0,2.0,0,Historical (Pre-2015),Negative,-0.6567,Pre Covid
844,93,Unknown Lounge,Milan Linate Airport,Business Class,Business,0,2011-09-17,United Kingdom,2.0,3.0,2.0,1.0,1.0,4.0,3.0,0,Historical (Pre-2015),Negative,-0.9208,Pre Covid
845,93,Unknown Lounge,Milan Malpensa Airport,Business Class,Business,0,2011-07-31,United States,1.0,1.0,2.0,1.0,1.0,1.0,1.0,0,Historical (Pre-2015),Negative,-0.2962,Pre Covid
846,93,Unknown Lounge,Venice Marco Polo Airport,Business Class,Business,0,2011-05-01,Italy,4.0,4.0,3.0,3.0,4.0,5.0,4.0,0,Historical (Pre-2015),Positive,0.8268,Pre Covid
849,142,Unknown Lounge,Jersey Airport,Unknown,Unknown,0,2009-09-20,United Kingdom,5.0,5.0,5.0,5.0,,3.0,5.0,0,Historical (Pre-2015),Positive,0.7257,Pre Covid
851,130,Blue Ribbon Lounge,Koh Samui Airport,Pay to Use,Unknown,1,2024-07-28,Serbia,5.0,5.0,5.0,5.0,2.0,1.0,5.0,1,Modern (2015-Present),Positive,0.9643,After Covid
852,130,Business Class,Bangkok Suvarnabhumi Airport,Business Class,Business,0,2022-12-12,New Zealand,5.0,5.0,5.0,5.0,5.0,5.0,5.0,1,Modern (2015-Present),Positive,0.8658,After Covid
853,130,Blue Ribbon Lounge,Koh Samui Airport,Business Class,Business,1,2022-10-09,United Kingdom,4.0,4.0,4.0,4.0,3.0,4.0,4.0,1,Modern (2015-Present),Positive,0.2023,After Covid
854,130,Bangkok Airways Lounge,Bangkok Suvarnabhumi Airport,Members,Unknown,1,2019-10-02,Philippines,4.0,5.0,3.0,3.0,,4.0,4.0,1,Modern (2015-Present),Positive,0.9682,Pre Covid
855,130,Unknown Lounge,Phnom Penh Airport,Business Class,Business,1,2019-08-24,Brazil,4.0,3.0,3.0,3.0,2.0,3.0,2.0,1,Modern (2015-Present),Positive,0.9203,Pre Covid
856,130,Blue Ribbon Domestic,Bangkok Suvarnabhumi Airport,Business Class,Business,1,2019-05-19,Thailand,1.0,2.0,3.0,2.0,1.0,2.0,1.0,0,Modern (2015-Present),Negative,-0.8578,Pre Covid
857,130,Krabi,Krabi Airport,Members,Unknown,1,2019-04-05,Mexico,4.0,5.0,4.0,4.0,5.0,5.0,5.0,1,Modern (2015-Present),Positive,0.9081,Pre Covid
858,130,Mingalabar Sky Lounge,Yangon Airport,Business Class,Business,1,2018-01-28,United Kingdom,4.0,4.0,3.0,4.0,5.0,5.0,5.0,1,Modern (2015-Present),Positive,0.9845,Pre Covid
859,130,Unknown Lounge,Bangkok Suvarnabhumi Airport,Members,Unknown,0,2017-04-15,Russian Federation,4.0,5.0,3.0,3.0,,5.0,5.0,1,Modern (2015-Present),Positive,0.9527,Pre Covid
860,130,Boutique lounge,Bangkok Suvarnabhumi Airport,Unknown,Unknown,0,2017-02-22,Thailand,4.0,4.0,4.0,4.0,,4.0,5.0,1,Modern (2015-Present),Positive,0.9665,Pre Covid
861,130,Unknown Lounge,Koh Samui Airport,Business Class,Business,0,2016-12-03,Germany,4.0,5.0,4.0,3.0,3.0,5.0,5.0,1,Modern (2015-Present),Positive,0.919,Pre Covid
862,130,Blue Ribbon Lounge,Bangkok Suvarnabhumi Airport,Business Class,Business,0,2016-08-23,Thailand,5.0,5.0,4.0,3.0,5.0,5.0,5.0,0,Modern (2015-Present),Positive,0.93,Pre Covid
863,130,Bangkok airways lounge,Krabi Airport,Unknown,Unknown,0,2016-08-06,Spain,4.0,3.0,4.0,4.0,,4.0,3.0,1,Modern (2015-Present),Positive,0.775,Pre Covid
864,130,Blue Ribbon,Bangkok Suvarnabhumi Airport,Business Class,Business,0,2016-03-30,Thailand,4.0,4.0,3.0,3.0,,4.0,4.0,1,Modern (2015-Present),Positive,0.8953,Pre Covid
865,130,Unknown Lounge,Vientiane Airport,Frequent Flyer,Unknown,0,2016-02-19,Japan,2.0,3.0,3.0,2.0,,2.0,3.0,1,Modern (2015-Present),Neutral,0.0,Pre Covid
866,130,Unknown Lounge,Bangkok Suvarnabhumi Airport,Unknown,Unknown,0,2016-02-04,Chile,3.0,4.0,3.0,3.0,2.0,5.0,5.0,1,Modern (2015-Present),Positive,0.9724,Pre Covid
867,130,Unknown Lounge,Phuket Airport,Unknown,Unknown,0,2016-02-04,Kazakhstan,4.0,5.0,4.0,4.0,,5.0,5.0,1,Modern (2015-Present),Positive,0.9711,Pre Covid
868,130,Unknown Lounge,Bangkok Suvarnabhumi Airport,Frequent Flyer,Unknown,0,2016-01-25,United Kingdom,5.0,5.0,5.0,5.0,,5.0,5.0,1,Modern (2015-Present),Positive,0.5563,Pre Covid
869,130,Blue Ribbon Lounge,Bangkok Suvarnabhumi Airport,Business Class,Business,0,2015-07-01,Thailand,5.0,5.0,4.0,4.0,4.0,5.0,5.0,1,Modern (2015-Present),Positive,0.8885,Pre Covid
870,130,Unknown Lounge,Krabi Airport,Unknown,Unknown,0,2015-06-28,United Kingdom,4.0,3.0,3.0,3.0,,2.0,4.0,0,Modern (2015-Present),Positive,0.791,Pre Covid
871,130,Unknown Lounge,Bangkok Suvarnabhumi Airport,Unknown,Unknown,0,2013-10-06,Belgium,4.0,5.0,4.0,4.0,3.0,5.0,5.0,1,Historical (Pre-2015),Positive,0.9283,Pre Covid
872,130,Blue Ribbon Lounge,Bangkok Suvarnabhumi Airport,Business Class,Business,0,2013-07-07,Thailand,3.0,2.0,3.0,4.0,,4.0,2.0,0,Historical (Pre-2015),Negative,-0.3818,Pre Covid
873,130,Unknown Lounge,Bangkok Suvarnabhumi Airport,Unknown,Unknown,0,2013-03-08,Canada,5.0,5.0,5.0,5.0,5.0,5.0,5.0,1,Historical (Pre-2015),Positive,0.9674,Pre Covid
874,130,Blue Ribbon Lounge,Bangkok Suvarnabhumi Airport,Business Class,Business,0,2012-09-03,Germany,5.0,5.0,4.0,5.0,,4.0,4.0,1,Historical (Pre-2015),Positive,0.8625,Pre Covid
875,130,Blue Ribbon Lounge,Bangkok Suvarnabhumi Airport,Business Class,Business,0,2012-02-08,Germany,4.0,5.0,4.0,4.0,4.0,,4.0,1,Historical (Pre-2015),Positive,0.6908,Pre Covid
876,130,Blue Ribbon Lounge,Koh Samui Airport,Business Class,Business,0,2012-02-08,Germany,5.0,5.0,5.0,5.0,5.0,5.0,5.0,1,Historical (Pre-2015),Positive,0.9659,Pre Covid
877,130,Blue Ribbon Lounge,Unknown,Business Class,Business,0,2011-01-03,Thailand,5.0,5.0,3.0,3.0,4.0,5.0,4.0,0,Historical (Pre-2015),Positive,0.9203,Pre Covid
878,74,Air Serbia Premium Lounge,Belgrade Airport,Business Class,Business,0,2024-05-06,Norway,1.0,4.0,1.0,1.0,3.0,4.0,2.0,0,Modern (2015-Present),Negative,-0.6435,After Covid
879,74,Premium Lounge,Belgrade Airport,Business Class,Business,0,2017-11-17,Netherlands,5.0,5.0,5.0,5.0,5.0,5.0,5.0,1,Modern (2015-Present),Positive,0.8399,Pre Covid
880,74,Unknown Lounge,Belgrade Airport,Business Class,Business,0,2016-10-15,Thailand,4.0,5.0,4.0,4.0,5.0,5.0,5.0,1,Modern (2015-Present),Positive,0.95,Pre Covid
881,74,Unknown Lounge,Belgrade Airport,Business Class,Business,0,2016-09-28,United Arab Emirates,4.0,5.0,4.0,5.0,5.0,5.0,5.0,1,Modern (2015-Present),Positive,0.9208,Pre Covid
882,74,Unknown Lounge,Belgrade Airport,Business Class,Business,0,2016-09-16,Sweden,4.0,5.0,5.0,1.0,5.0,5.0,2.0,1,Modern (2015-Present),Positive,0.8658,Pre Covid
883,74,Unknown Lounge,Belgrade Airport,Business Class,Business,0,2016-01-10,Russian Federation,4.0,5.0,5.0,5.0,5.0,5.0,5.0,1,Modern (2015-Present),Positive,0.9729,Pre Covid
884,17,Heineken,Mexico City Airport,Business Class,Business,1,2025-03-31,United Kingdom,1.0,2.0,2.0,1.0,2.0,2.0,3.0,0,Modern (2015-Present),Negative,-0.8057,After Covid
885,17,Club Premier,Mexico City Airport,Business Class,Business,1,2023-05-28,Mexico,1.0,4.0,4.0,1.0,,4.0,4.0,0,Modern (2015-Present),Positive,0.296,After Covid
886,17,Unknown Lounge,Mexico City Airport,Business Class,Business,1,2022-11-07,Spain,1.0,2.0,1.0,1.0,1.0,3.0,3.0,0,Modern (2015-Present),Positive,0.3241,After Covid
887,17,Premier,Mexico City Airport,Business Class,Business,1,2021-03-15,Argentina,4.0,5.0,4.0,2.0,,5.0,3.0,1,Modern (2015-Present),Positive,0.6369,Covid
888,17,Unknown Lounge,Mexico City Airport,Business Class,Business,1,2019-07-09,United States,1.0,1.0,4.0,1.0,1.0,1.0,1.0,0,Modern (2015-Present),Negative,-0.7986,Pre Covid
889,17,Unknown Lounge,Mexico City Airport,Members,Unknown,1,2019-06-05,United States,4.0,4.0,4.0,4.0,4.0,4.0,4.0,1,Modern (2015-Present),Positive,0.3612,Pre Covid
890,17,Premier Lounge,Mexico City Airport,Business Class,Business,1,2018-10-20,Canada,1.0,1.0,1.0,1.0,1.0,1.0,1.0,0,Modern (2015-Present),Negative,-0.9775,Pre Covid
891,17,Salon Premier,Mexico City Airport,Business Class,Business,1,2018-02-23,Mexico,4.0,5.0,4.0,3.0,4.0,5.0,5.0,1,Modern (2015-Present),Positive,0.3912,Pre Covid
892,17,Terminal 2,Mexico City Airport,Business Class,Business,0,2017-09-30,Portugal,4.0,5.0,4.0,4.0,,1.0,4.0,1,Modern (2015-Present),Positive,0.9476,Pre Covid
893,17,Salones Premier,Guadalajara Airport,First Class,Unknown,0,2017-03-05,Japan,1.0,2.0,3.0,1.0,1.0,2.0,1.0,0,Modern (2015-Present),Negative,-0.9384,Pre Covid
894,17,Salones Premier,Mexico City Airport,Business Class,Business,0,2017-03-05,Japan,3.0,3.0,4.0,2.0,3.0,4.0,3.0,0,Modern (2015-Present),Positive,0.1845,Pre Covid
895,17,CDG 2E Hall L,Paris CDG Airport,Business Class,Business,0,2017-01-26,France,1.0,3.0,2.0,1.0,1.0,1.0,1.0,0,Modern (2015-Present),Positive,0.471,Pre Covid
896,17,Mexico City T2,Mexico City Airport,Business Class,Business,0,2016-04-23,United States,4.0,3.0,2.0,1.0,1.0,2.0,2.0,0,Modern (2015-Present),Negative,-0.9546,Pre Covid
897,17,T1 Domestic Lounge,Mexico City Airport,Business Class,Business,0,2016-01-13,United States,3.0,5.0,3.0,3.0,3.0,3.0,5.0,1,Modern (2015-Present),Positive,0.9697,Pre Covid
898,17,Club Premier,Mexico City Airport,Business Class,Business,0,2015-12-02,Mexico,4.0,4.0,1.0,1.0,3.0,1.0,3.0,0,Modern (2015-Present),Negative,-0.3574,Pre Covid
899,17,Unknown Lounge,Mexico City Airport,Frequent Flyer,Unknown,0,2015-11-27,Mexico,3.0,5.0,3.0,1.0,2.0,4.0,3.0,0,Modern (2015-Present),Neutral,0.0276,Pre Covid
900,17,Unknown Lounge,Mexico City Airport,Business Class,Business,0,2014-04-14,United States,3.0,3.0,3.0,2.0,2.0,4.0,2.0,1,Historical (Pre-2015),Positive,0.8246,Pre Covid
901,17,Skyteam,London Heathrow Airport,Business Class,Business,0,2014-03-03,United Kingdom,2.0,2.0,2.0,1.0,3.0,4.0,1.0,0,Historical (Pre-2015),Positive,0.5558,Pre Covid
902,17,Salon Premier Lounge,Mexico City Airport,Business Class,Business,0,2010-08-09,United Kingdom,5.0,4.0,4.0,4.0,4.0,4.0,4.0,0,Historical (Pre-2015),Positive,0.9365,Pre Covid
903,17,Salon Premier Lounge,Tijuana Airport,Business Class,Business,0,2009-01-09,United Kingdom,3.0,3.0,4.0,2.0,3.0,4.0,3.0,0,Historical (Pre-2015),Positive,0.8893,Pre Covid
905,92,Unknown Lounge,Seattle Airport,Members,Unknown,0,2023-04-27,United States,5.0,4.0,4.0,4.0,,5.0,,1,Modern (2015-Present),Positive,0.9001,After Covid
906,92,Alaska Lounge,Seattle Airport,Members,Unknown,0,2020-11-06,United States,5.0,5.0,,4.0,5.0,5.0,5.0,1,Modern (2015-Present),Positive,0.9829,Covid
907,92,Unknown Lounge,New York JFK Airport,First Class,Unknown,1,2019-09-02,United Kingdom,2.0,5.0,2.0,1.0,,5.0,1.0,0,Modern (2015-Present),Negative,-0.8973,Pre Covid
908,92,The Boardroom,Anchorage Airport,Frequent Flyer,Unknown,0,2016-12-28,United States,5.0,5.0,5.0,4.0,,4.0,5.0,1,Modern (2015-Present),Positive,0.9931,Pre Covid
909,92,The Boardroom,Anchorage Airport,Frequent Flyer,Unknown,0,2016-11-04,United States,4.0,5.0,5.0,4.0,,5.0,5.0,1,Modern (2015-Present),Positive,0.9899,Pre Covid
910,92,The Boardroom,Anchorage Airport,Frequent Flyer,Unknown,0,2016-06-24,United States,4.0,5.0,5.0,4.0,4.0,,5.0,1,Modern (2015-Present),Positive,0.9531,Pre Covid
911,92,Boardroom,Seattle Airport,Frequent Flyer,Unknown,0,2016-02-20,United States,4.0,5.0,4.0,4.0,3.0,,4.0,1,Modern (2015-Present),Positive,0.8622,Pre Covid
912,92,Boarding Room,Los Angeles LAX Airport,First Class,Unknown,0,2016-02-07,Indonesia,3.0,4.0,3.0,2.0,2.0,4.0,5.0,1,Modern (2015-Present),Positive,0.2617,Pre Covid
913,92,Boardroom,Anchorage Airport,Frequent Flyer,Unknown,0,2015-11-29,United States,4.0,5.0,4.0,4.0,4.0,5.0,5.0,1,Modern (2015-Present),Positive,0.967,Pre Covid
914,92,Unknown Lounge,Portland Airport,First Class,Unknown,0,2015-10-03,United Kingdom,3.0,3.0,2.0,2.0,3.0,3.0,3.0,1,Modern (2015-Present),Negative,-0.2351,Pre Covid
915,92,Boardroom,Anchorage Airport,Frequent Flyer,Unknown,0,2015-07-15,United States,4.0,5.0,5.0,,,4.0,5.0,1,Modern (2015-Present),Positive,0.9683,Pre Covid
916,92,Board Room,Seattle Airport,Unknown,Unknown,0,2015-01-04,United States,4.0,4.0,3.0,3.0,3.0,4.0,4.0,1,Modern (2015-Present),Negative,-0.6369,Pre Covid
917,92,Priority Pass,Los Angeles LAX Airport,Unknown,Unknown,0,2014-03-30,United States,5.0,5.0,5.0,5.0,5.0,5.0,5.0,1,Historical (Pre-2015),Positive,0.9565,Pre Covid
918,92,Board Room,Portland Airport,First Class,Unknown,0,2013-08-27,United States,3.0,4.0,4.0,4.0,4.0,4.0,5.0,1,Historical (Pre-2015),Positive,0.8702,Pre Covid
919,92,Board Room,Anchorage Airport,First Class,Unknown,0,2013-08-27,United States,5.0,5.0,5.0,5.0,5.0,5.0,5.0,1,Historical (Pre-2015),Positive,0.9325,Pre Covid
920,120,Aviator Lounge,Copenhagen Airport,Business Class,Business,0,2015-12-29,United Kingdom,2.0,3.0,1.0,1.0,2.0,4.0,2.0,0,Modern (2015-Present),Negative,-0.7551,Pre Covid
921,120,Aviator Lounge,Copenhagen Airport,Business Class,Business,0,2015-10-12,Netherlands,2.0,1.0,3.0,1.0,1.0,3.0,1.0,0,Modern (2015-Present),Negative,-0.9399,Pre Covid
922,154,Vitosha lounge,Sofia Airport,Business Class,Business,0,2016-04-20,Bulgaria,5.0,4.0,4.0,3.0,,3.0,4.0,1,Modern (2015-Present),Negative,-0.25,Pre Covid
923,174,Unknown Lounge,Shanghai Pudong Airport,Business Class,Business,1,2026-06-14,United Kingdom,1.0,1.0,1.0,1.0,1.0,1.0,3.0,0,Modern (2015-Present),Negative,-0.9468,After Covid
924,174,Unknown Lounge,Beijing Capital Airport,Business Class,Business,1,2019-05-19,United States,5.0,5.0,3.0,3.0,3.0,4.0,3.0,1,Modern (2015-Present),Positive,0.9611,Pre Covid
925,174,Unknown Lounge,Shanghai Pudong Airport,Business Class,Business,0,2018-08-12,United States,3.0,5.0,3.0,3.0,5.0,5.0,5.0,1,Modern (2015-Present),Positive,0.5574,Pre Covid
926,174,Air France-KLM Lounge,Chicago O'Hare Airport,Business Class,Business,1,2018-03-30,United States,3.0,4.0,3.0,2.0,1.0,3.0,3.0,0,Modern (2015-Present),Positive,0.25,Pre Covid
927,174,Unknown Lounge,Shanghai Pudong Airport,Business Class,Business,0,2017-04-25,United States,5.0,5.0,4.0,3.0,5.0,2.0,4.0,1,Modern (2015-Present),Positive,0.9934,Pre Covid
928,174,Business Class Lounge,Shanghai Pudong Airport,Business Class,Business,0,2017-04-05,China,2.0,2.0,2.0,1.0,1.0,3.0,2.0,0,Modern (2015-Present),Negative,-0.891,Pre Covid
929,174,Unknown Lounge,Shanghai Pudong Airport,Business Class,Business,0,2017-04-03,United Kingdom,5.0,5.0,5.0,4.0,4.0,4.0,5.0,1,Modern (2015-Present),Positive,0.9545,Pre Covid
930,174,Unknown Lounge,Shanghai Pudong Airport,First Class,Unknown,0,2017-01-07,United States,5.0,5.0,5.0,5.0,5.0,5.0,5.0,1,Modern (2015-Present),Positive,0.8381,Pre Covid
931,174,Unknown Lounge,Shanghai Pudong Airport,Business Class,Business,0,2016-11-05,Netherlands,3.0,3.0,3.0,2.0,2.0,1.0,3.0,1,Modern (2015-Present),Negative,-0.3555,Pre Covid
932,174,Unknown Lounge,Shanghai Pudong Airport,First Class,Unknown,0,2016-10-22,Hong Kong,1.0,1.0,1.0,1.0,1.0,1.0,1.0,0,Modern (2015-Present),Negative,-0.6705,Pre Covid
933,174,Unknown Lounge,Manila Airport,First Class,Unknown,0,2016-06-02,Canada,1.0,2.0,2.0,1.0,1.0,1.0,,0,Modern (2015-Present),Negative,-0.9062,Pre Covid
934,174,Unknown Lounge,Shanghai Pudong Airport,First Class,Unknown,0,2016-05-26,Canada,1.0,1.0,1.0,1.0,1.0,1.0,1.0,0,Modern (2015-Present),Negative,-0.9623,Pre Covid
935,174,Unknown Lounge,Shanghai Pudong Airport,First Class,Unknown,0,2016-05-10,Australia,1.0,1.0,1.0,1.0,1.0,1.0,1.0,1,Modern (2015-Present),Negative,-0.8938,Pre Covid
936,174,Lounge Gate 21,Shanghai Pudong Airport,First Class,Unknown,0,2015-12-29,United Kingdom,1.0,2.0,2.0,2.0,1.0,1.0,1.0,0,Modern (2015-Present),Negative,-0.9283,Pre Covid
937,174,Unknown Lounge,Shanghai Pudong Airport,Business Class,Business,0,2015-11-02,United Kingdom,1.0,1.0,2.0,1.0,2.0,1.0,1.0,0,Modern (2015-Present),Negative,-0.6249,Pre Covid
938,174,Unknown Lounge,Shanghai Pudong Airport,Business Class,Business,0,2015-10-20,United States,1.0,2.0,4.0,1.0,1.0,4.0,4.0,1,Modern (2015-Present),Negative,-0.4342,Pre Covid
939,174,Unknown Lounge,Shanghai Pudong Airport,Business Class,Business,0,2015-09-26,United States,1.0,1.0,1.0,2.0,1.0,1.0,1.0,0,Modern (2015-Present),Negative,-0.8812,Pre Covid
940,174,Unknown Lounge,Dhaka Airport,Frequent Flyer,Unknown,0,2015-07-14,China,4.0,4.0,3.0,4.0,5.0,5.0,5.0,1,Modern (2015-Present),Positive,0.862,Pre Covid
941,174,Unknown Lounge,Shanghai Pudong Airport,Business Class,Business,0,2015-06-11,Australia,2.0,4.0,2.0,2.0,1.0,1.0,3.0,0,Modern (2015-Present),Positive,0.9081,Pre Covid
942,174,Unknown Lounge,Beijing Capital Airport,Business Class,Business,0,2015-01-27,Australia,1.0,2.0,1.0,2.0,2.0,2.0,1.0,0,Modern (2015-Present),Negative,-0.8785,Pre Covid
943,174,Unknown Lounge,Shanghai Pudong Airport,Business Class,Business,0,2015-01-02,Australia,1.0,1.0,1.0,1.0,1.0,1.0,1.0,0,Modern (2015-Present),Negative,-0.8849,Pre Covid
944,174,Unknown Lounge,Shanghai Pudong Airport,First Class,Unknown,0,2014-08-12,China,2.0,3.0,4.0,2.0,5.0,1.0,3.0,1,Historical (Pre-2015),Positive,0.8123,Pre Covid
945,174,Unknown Lounge,Shanghai Pudong Airport,First Class,Unknown,0,2014-01-13,United States,1.0,2.0,3.0,1.0,3.0,4.0,2.0,0,Historical (Pre-2015),Negative,-0.8908,Pre Covid
946,174,Unknown Lounge,Shanghai Pudong Airport,First Class,Unknown,0,2013-03-20,China,2.0,3.0,3.0,1.0,3.0,3.0,1.0,0,Historical (Pre-2015),Positive,0.6231,Pre Covid
947,174,Unknown Lounge,Shanghai Pudong Airport,Business Class,Business,0,2013-03-20,United States,2.0,3.0,2.0,4.0,2.0,2.0,1.0,0,Historical (Pre-2015),Negative,-0.624,Pre Covid
948,174,Unknown Lounge,Shanghai Pudong Airport,First Class,Unknown,0,2012-09-10,China,1.0,2.0,2.0,2.0,3.0,2.0,1.0,0,Historical (Pre-2015),Positive,0.1986,Pre Covid
949,174,Unknown Lounge,Shanghai Pudong Airport,Business Class,Business,0,2012-04-24,United States,4.0,5.0,5.0,5.0,4.0,4.0,5.0,1,Historical (Pre-2015),Positive,0.9432,Pre Covid
950,174,Unknown Lounge,Beijing Capital Airport,Business Class,Business,0,2012-01-25,Australia,4.0,4.0,4.0,5.0,4.0,4.0,4.0,1,Historical (Pre-2015),Positive,0.8932,Pre Covid
951,174,Unknown Lounge,Shanghai Pudong Airport,First Class,Unknown,0,2011-10-21,China,1.0,3.0,3.0,3.0,4.0,3.0,4.0,0,Historical (Pre-2015),Positive,0.4678,Pre Covid
952,174,Unknown Lounge,Beijing Capital Airport,Business Class,Business,0,2011-09-14,Australia,3.0,3.0,3.0,2.0,2.0,3.0,2.0,0,Historical (Pre-2015),Positive,0.2161,Pre Covid
953,174,Unknown Lounge,Shanghai Pudong Airport,Business Class,Business,0,2011-09-14,Australia,4.0,4.0,4.0,4.0,3.0,4.0,3.0,0,Historical (Pre-2015),Positive,0.8141,Pre Covid
956,175,China Southern Kapok Lounge,Urumqi Airport,Business Class,Business,1,2026-03-26,Uzbekistan,5.0,5.0,1.0,2.0,5.0,5.0,3.0,1,Modern (2015-Present),Negative,-0.9258,After Covid
957,175,Sky Pearl VIP Lounge,Guangzhou Airport,Business Class,Business,1,2023-07-08,New Zealand,2.0,3.0,3.0,5.0,3.0,3.0,4.0,1,Modern (2015-Present),Positive,0.9733,After Covid
958,175,Unknown Lounge,Guangzhou Airport,First Class,Unknown,1,2018-08-21,Canada,5.0,5.0,5.0,5.0,5.0,5.0,5.0,1,Modern (2015-Present),Positive,0.9283,Pre Covid
959,175,Unknown Lounge,Guangzhou Airport,Business Class,Business,1,2018-05-17,United States,3.0,5.0,1.0,5.0,5.0,5.0,5.0,1,Modern (2015-Present),Positive,0.871,Pre Covid
960,175,Domestic Lounge,Guangzhou Airport,Frequent Flyer,Unknown,1,2018-01-18,Kenya,1.0,2.0,1.0,1.0,3.0,4.0,1.0,0,Modern (2015-Present),Negative,-0.3257,Pre Covid
961,175,Business,Guangzhou Airport,Business Class,Business,0,2017-11-04,Australia,2.0,4.0,1.0,1.0,4.0,2.0,3.0,1,Modern (2015-Present),Positive,0.3307,Pre Covid
962,175,Unknown Lounge,Guangzhou Airport,Business Class,Business,0,2017-10-23,Russian Federation,2.0,4.0,1.0,2.0,3.0,4.0,1.0,1,Modern (2015-Present),Negative,-0.4443,Pre Covid
963,175,First / Business Class,Guangzhou Airport,Business Class,Business,0,2017-07-17,Germany,1.0,4.0,1.0,2.0,3.0,1.0,2.0,1,Modern (2015-Present),Negative,-0.8354,Pre Covid
964,175,South China Airplane,Guangzhou Airport,First Class,Unknown,0,2017-04-10,Australia,5.0,5.0,4.0,4.0,4.0,4.0,4.0,1,Modern (2015-Present),Positive,0.3744,Pre Covid
965,175,Silver members,Guangzhou Airport,Frequent Flyer,Unknown,0,2017-03-05,Australia,5.0,5.0,4.0,4.0,5.0,5.0,4.0,1,Modern (2015-Present),Positive,0.9678,Pre Covid
966,175,Unknown Lounge,Shanghai Hongqiao Airport,Business Class,Business,0,2016-12-02,Australia,4.0,5.0,4.0,3.0,,2.0,4.0,1,Modern (2015-Present),Negative,-0.2628,Pre Covid
967,175,Unknown Lounge,Guangzhou Airport,Business Class,Business,0,2016-09-23,Australia,5.0,5.0,5.0,4.0,5.0,4.0,5.0,1,Modern (2015-Present),Positive,0.9162,Pre Covid
968,175,Unknown Lounge,Guangzhou Airport,Business Class,Business,0,2016-07-03,Australia,5.0,5.0,5.0,4.0,5.0,5.0,5.0,1,Modern (2015-Present),Positive,0.9559,Pre Covid
969,175,Unknown Lounge,Guangzhou Airport,Business Class,Business,0,2016-05-15,Australia,2.0,3.0,3.0,3.0,2.0,4.0,4.0,1,Modern (2015-Present),Positive,0.9631,Pre Covid
970,175,Unknown Lounge,Shenzhen Baoan Airport,Frequent Flyer,Unknown,0,2016-01-31,China,2.0,3.0,2.0,1.0,2.0,2.0,1.0,0,Modern (2015-Present),Negative,-0.7346,Pre Covid
971,175,Guangzhou,Guangzhou Airport,Business Class,Business,0,2015-09-20,New Zealand,5.0,5.0,4.0,4.0,4.0,4.0,4.0,1,Modern (2015-Present),Positive,0.8543,Pre Covid
972,175,Unknown Lounge,Guangzhou Airport,Business Class,Business,0,2015-09-17,Australia,5.0,5.0,4.0,5.0,5.0,5.0,4.0,1,Modern (2015-Present),Positive,0.9941,Pre Covid
973,175,Unknown Lounge,Guangzhou Airport,Business Class,Business,0,2015-09-14,United States,2.0,2.0,2.0,1.0,1.0,2.0,2.0,0,Modern (2015-Present),Negative,-0.7506,Pre Covid
974,175,Unknown Lounge,Shanghai Hongqiao Airport,First Class,Unknown,0,2015-07-03,New Zealand,2.0,2.0,1.0,1.0,1.0,1.0,1.0,0,Modern (2015-Present),Negative,-0.9755,Pre Covid
975,175,Unknown Lounge,Guangzhou Airport,Business Class,Business,0,2015-06-17,New Zealand,3.0,4.0,3.0,3.0,3.0,4.0,3.0,1,Modern (2015-Present),Positive,0.9053,Pre Covid
976,175,Unknown Lounge,Guangzhou Airport,Business Class,Business,0,2015-02-07,United Kingdom,3.0,5.0,3.0,3.0,4.0,3.0,3.0,1,Modern (2015-Present),Positive,0.6428,Pre Covid
977,175,Unknown Lounge,Guangzhou Airport,Business Class,Business,0,2014-01-17,Australia,4.0,3.0,1.0,2.0,2.0,4.0,3.0,1,Historical (Pre-2015),Positive,0.8465,Pre Covid
978,175,Unknown Lounge,Dalian Airport,First Class,Unknown,0,2013-12-30,United States,5.0,5.0,4.0,5.0,,4.0,5.0,1,Historical (Pre-2015),Positive,0.9325,Pre Covid
979,175,Unknown Lounge,Guangzhou Airport,Business Class,Business,0,2013-12-23,United Kingdom,,4.0,2.0,2.0,4.0,4.0,1.0,0,Historical (Pre-2015),Negative,-0.8403,Pre Covid
980,175,Unknown Lounge,Unknown,First Class,Unknown,0,2013-05-29,United States,5.0,5.0,5.0,5.0,5.0,5.0,5.0,1,Historical (Pre-2015),Positive,0.9371,Pre Covid
981,175,Skyteam,London Heathrow Airport,Unknown,Unknown,0,2013-02-14,United Kingdom,4.0,5.0,4.0,5.0,4.0,4.0,5.0,1,Historical (Pre-2015),Positive,0.8805,Pre Covid
982,175,Unknown Lounge,Guangzhou Airport,Business Class,Business,0,2012-10-29,Japan,5.0,5.0,4.0,5.0,4.0,5.0,5.0,1,Historical (Pre-2015),Positive,0.92,Pre Covid
983,175,Unknown Lounge,Guangzhou Airport,Business Class,Business,0,2012-05-01,Canada,5.0,5.0,4.0,3.0,5.0,4.0,2.0,1,Historical (Pre-2015),Positive,0.6161,Pre Covid
984,175,Unknown Lounge,Xiamen Airport,First Class,Unknown,0,2011-10-21,China,5.0,5.0,4.0,4.0,5.0,4.0,5.0,0,Historical (Pre-2015),Positive,0.9672,Pre Covid
985,175,Unknown Lounge,Guangzhou Airport,Business Class,Business,0,2009-09-30,United Kingdom,3.0,3.0,2.0,2.0,2.0,2.0,3.0,0,Historical (Pre-2015),Positive,0.3064,Pre Covid
986,181,SLOW,Cape Town Airport,Business Class,Business,1,2018-12-03,United Kingdom,3.0,3.0,4.0,4.0,3.0,3.0,3.0,1,Modern (2015-Present),Positive,0.5572,Pre Covid
987,152,Unknown Lounge,Brussels Charleroi Airport,Business Class,Business,0,2024-09-10,United States,5.0,5.0,4.0,4.0,5.0,5.0,3.0,1,Modern (2015-Present),Negative,-0.2644,After Covid
988,152,THE LOFT,Brussels Zaventem Airport,Business Class,Business,1,2024-03-04,Belgium,2.0,4.0,4.0,1.0,,4.0,1.0,0,Modern (2015-Present),Negative,-0.5262,After Covid
989,152,The Loft,Brussels Zaventem Airport,Business Class,Business,1,2023-04-22,United Kingdom,4.0,4.0,3.0,4.0,3.0,3.0,4.0,0,Modern (2015-Present),Positive,0.926,After Covid
990,152,Diamond Lounge,Brussels Zaventem Airport,Business Class,Business,1,2023-04-22,United Kingdom,3.0,4.0,3.0,2.0,2.0,3.0,3.0,0,Modern (2015-Present),Positive,0.9366,After Covid
991,152,The Loft,Brussels Zaventem Airport,Business Class,Business,1,2023-02-03,Belgium,2.0,3.0,1.0,1.0,1.0,,1.0,0,Modern (2015-Present),Positive,0.429,After Covid
992,152,The Loft,Brussels Zaventem Airport,Business Class,Business,1,2022-03-29,France,4.0,1.0,2.0,1.0,1.0,2.0,2.0,0,Modern (2015-Present),Negative,-0.9421,After Covid
993,152,The Loft,Brussels Zaventem Airport,Business Class,Business,1,2019-09-09,Belgium,4.0,4.0,2.0,3.0,4.0,,3.0,1,Modern (2015-Present),Positive,0.3016,Pre Covid
994,152,Unknown Lounge,Brussels Zaventem Airport,Business Class,Business,1,2019-08-31,Switzerland,2.0,2.0,1.0,2.0,1.0,,3.0,0,Modern (2015-Present),Negative,-0.6322,Pre Covid
995,152,marco polo,Venice Marco Polo Airport,Business Class,Business,1,2019-07-17,Belgium,3.0,4.0,1.0,3.0,,,3.0,0,Modern (2015-Present),Positive,0.9496,Pre Covid
996,152,Brussels Airlines Lounge,Brussels Zaventem Airport,Business Class,Business,1,2019-04-08,Thailand,5.0,5.0,5.0,4.0,5.0,5.0,5.0,1,Modern (2015-Present),Positive,0.9099,Pre Covid
997,152,Unknown Lounge,Brussels Zaventem Airport,Business Class,Business,1,2019-03-20,France,4.0,5.0,3.0,3.0,5.0,5.0,4.0,1,Modern (2015-Present),Positive,0.8008,Pre Covid
998,152,THE LOFT,Brussels Zaventem Airport,Business Class,Business,0,2017-11-16,Germany,4.0,4.0,4.0,4.0,,2.0,3.0,1,Modern (2015-Present),Positive,0.2944,Pre Covid
999,152,The Loft,Brussels Zaventem Airport,Frequent Flyer,Unknown,0,2017-10-01,United Kingdom,3.0,3.0,3.0,3.0,3.0,,3.0,0,Modern (2015-Present),Positive,0.9411,Pre Covid
1000,152,Unknown Lounge,Brussels Zaventem Airport,Frequent Flyer,Unknown,0,2017-06-11,Portugal,4.0,4.0,5.0,5.0,4.0,5.0,4.0,1,Modern (2015-Present),Positive,0.9814,Pre Covid
1001,152,Loft Lounge,Brussels Zaventem Airport,Business Class,Business,0,2017-01-03,Thailand,5.0,5.0,5.0,5.0,5.0,5.0,5.0,1,Modern (2015-Present),Positive,0.9515,Pre Covid
1002,152,The Suite,Brussels Zaventem Airport,Business Class,Business,0,2016-09-30,United States,2.0,3.0,3.0,2.0,2.0,2.0,4.0,0,Modern (2015-Present),Positive,0.9707,Pre Covid
1003,152,The Loft,Brussels Zaventem Airport,Business Class,Business,0,2016-09-21,United Kingdom,5.0,4.0,5.0,5.0,5.0,5.0,4.0,1,Modern (2015-Present),Positive,0.9674,Pre Covid
1004,152,The Suite,Brussels Zaventem Airport,Business Class,Business,0,2016-07-09,Tunisia,3.0,3.0,4.0,2.0,2.0,4.0,3.0,1,Modern (2015-Present),Negative,-0.4592,Pre Covid
1005,152,The Loft,Brussels Zaventem Airport,Business Class,Business,0,2016-04-04,Belgium,4.0,3.0,4.0,4.0,3.0,3.0,3.0,1,Modern (2015-Present),Negative,-0.6705,Pre Covid
1006,152,Sala VIP,Malaga Airport,Frequent Flyer,Unknown,0,2016-02-20,Canada,5.0,5.0,5.0,4.0,5.0,5.0,5.0,1,Modern (2015-Present),Positive,0.9382,Pre Covid
1007,152,DAN Lounge,Tel Aviv Airport,Business Class,Business,0,2015-08-07,United Kingdom,2.0,1.0,2.0,2.0,3.0,4.0,2.0,0,Modern (2015-Present),Negative,-0.6912,Pre Covid
1008,152,The Loft,Brussels Zaventem Airport,Business Class,Business,0,2015-07-27,Belgium,4.0,4.0,4.0,4.0,4.0,4.0,4.0,1,Modern (2015-Present),Positive,0.7346,Pre Covid
1009,152,Unknown Lounge,Brussels Zaventem Airport,Business Class,Business,0,2015-05-09,Switzerland,5.0,4.0,5.0,5.0,5.0,4.0,4.0,1,Modern (2015-Present),Positive,0.8126,Pre Covid
1010,152,Unknown Lounge,Unknown,Business Class,Business,0,2014-12-31,Rwanda,5.0,5.0,4.0,4.0,4.0,4.0,5.0,1,Historical (Pre-2015),Positive,0.9413,Pre Covid
1011,152,Unknown Lounge,Brussels Zaventem Airport,Business Class,Business,0,2014-12-31,Austria,5.0,5.0,5.0,5.0,5.0,4.0,4.0,1,Historical (Pre-2015),Positive,0.7495,Pre Covid
1012,152,Unknown Lounge,Brussels Zaventem Airport,Business Class,Business,0,2014-11-19,Austria,5.0,4.0,4.0,4.0,5.0,4.0,4.0,1,Historical (Pre-2015),Positive,0.7506,Pre Covid
1013,152,Unknown Lounge,Brussels Zaventem Airport,Business Class,Business,0,2014-04-14,United States,1.0,1.0,4.0,1.0,1.0,1.0,2.0,0,Historical (Pre-2015),Negative,-0.8311,Pre Covid
1014,152,Unknown Lounge,Brussels Zaventem Airport,Business Class,Business,0,2014-03-30,United States,1.0,2.0,2.0,1.0,1.0,1.0,2.0,0,Historical (Pre-2015),Negative,-0.4019,Pre Covid
1015,152,Unknown Lounge,Brussels Zaventem Airport,Business Class,Business,0,2013-09-15,Belgium,2.0,4.0,4.0,1.0,3.0,1.0,2.0,0,Historical (Pre-2015),Positive,0.2732,Pre Covid
1016,152,Unknown Lounge,Brussels Zaventem Airport,Business Class,Business,0,2013-05-29,Finland,2.0,3.0,3.0,1.0,,2.0,4.0,0,Historical (Pre-2015),Positive,0.1022,Pre Covid
1017,152,Unknown Lounge,Brussels Zaventem Airport,Business Class,Business,0,2012-11-22,United Kingdom,3.0,4.0,5.0,5.0,4.0,5.0,3.0,1,Historical (Pre-2015),Positive,0.9118,Pre Covid
1018,152,Unknown Lounge,Brussels Zaventem Airport,Business Class,Business,0,2012-03-28,Canada,4.0,4.0,5.0,2.0,3.0,5.0,4.0,1,Historical (Pre-2015),Positive,0.8494,Pre Covid
1019,152,Unknown Lounge,Unknown,Business Class,Business,0,2011-10-21,Unknown,3.0,3.0,4.0,1.0,1.0,1.0,1.0,0,Historical (Pre-2015),Positive,0.2911,Pre Covid
1020,152,Unknown Lounge,Brussels Zaventem Airport,Business Class,Business,0,2010-12-20,United Kingdom,2.0,2.0,1.0,1.0,1.0,1.0,1.0,0,Historical (Pre-2015),Negative,-0.9113,Pre Covid
1021,189,Business lounge,Split Airport,Business Class,Business,0,2019-08-15,Germany,2.0,3.0,1.0,1.0,2.0,2.0,3.0,0,Modern (2015-Present),Negative,-0.973,Pre Covid
1022,189,Prime Class Lounge,Zagreb Airport,Business Class,Business,0,2017-06-06,United States,2.0,5.0,3.0,3.0,2.0,5.0,3.0,1,Modern (2015-Present),Positive,0.9139,Pre Covid
1023,189,Zrinjevac Lounge,Zagreb Airport,Business Class,Business,0,2015-09-14,Germany,2.0,1.0,1.0,1.0,,1.0,1.0,0,Modern (2015-Present),Negative,-0.8653,Pre Covid
1024,167,Travel Club Lounge,Kolkata Airport,Business Class,Business,1,2019-03-20,United States,3.0,3.0,3.0,2.0,3.0,2.0,3.0,1,Modern (2015-Present),Positive,0.8481,Pre Covid
1026,195,Amex Centurion Lounge Atlanta,Atlanta Hartsfield Airport,Members,Unknown,1,2024-02-16,United States,5.0,5.0,5.0,4.0,4.0,5.0,5.0,1,Modern (2015-Present),Positive,0.9841,After Covid
1027,195,Delta Sky Club,Tokyo Haneda Airport,Business Class,Business,1,2024-01-28,Japan,5.0,5.0,4.0,4.0,5.0,5.0,5.0,1,Modern (2015-Present),Positive,0.7893,After Covid
1028,195,Delta Sky Lounge,Salt Lake City Airport,Members,Unknown,1,2023-10-28,United States,4.0,4.0,4.0,2.0,4.0,4.0,3.0,0,Modern (2015-Present),Positive,0.6799,After Covid
1029,195,Delta Skylounge Terminal E,Atlanta Hartsfield Airport,Members,Unknown,0,2023-09-11,United States,1.0,1.0,1.0,2.0,1.0,5.0,1.0,0,Modern (2015-Present),Negative,-0.5829,After Covid
1030,195,Sky Club,Los Angeles LAX Airport,First Class,Unknown,1,2023-02-05,United States,5.0,5.0,5.0,5.0,5.0,5.0,5.0,1,Modern (2015-Present),Positive,0.9459,After Covid
1031,195,Delta Sky Club,La Guardia Airport,First Class,Unknown,1,2022-08-25,United States,5.0,5.0,5.0,5.0,5.0,5.0,5.0,1,Modern (2015-Present),Positive,0.5719,After Covid
1032,195,Delta Sky Club,New York JFK Airport,Frequent Flyer,Unknown,1,2022-07-15,United States,5.0,5.0,5.0,5.0,,5.0,5.0,1,Modern (2015-Present),Positive,0.9366,After Covid
1033,195,Airport Lounge World,Munich Airport,Business Class,Business,1,2019-08-03,United States,4.0,5.0,3.0,2.0,5.0,5.0,4.0,0,Modern (2015-Present),Positive,0.8307,Pre Covid
1034,195,Terminal F,Atlanta Hartsfield Airport,Business Class,Business,0,2019-06-14,South Africa,1.0,3.0,1.0,1.0,5.0,3.0,5.0,0,Modern (2015-Present),Positive,0.9505,Pre Covid
1035,195,Delta Sky lounge,Los Angeles LAX Airport,Members,Unknown,1,2019-05-19,Australia,4.0,5.0,5.0,1.0,2.0,4.0,4.0,0,Modern (2015-Present),Negative,-0.7641,Pre Covid
1036,195,Sky Lounge,Detroit Airport,Members,Unknown,0,2019-05-11,United States,1.0,1.0,1.0,1.0,1.0,1.0,1.0,0,Modern (2015-Present),Negative,-0.9501,Pre Covid
1037,195,Unknown Lounge,Seattle Airport,First Class,Unknown,0,2018-09-30,United States,1.0,1.0,,,,,,0,Modern (2015-Present),Positive,0.3786,Pre Covid
1038,195,Sky Club,Los Angeles LAX Airport,First Class,Unknown,1,2018-03-30,United States,3.0,4.0,,3.0,2.0,1.0,4.0,0,Modern (2015-Present),Negative,-0.0531,Pre Covid
1039,195,Unknown Lounge,Detroit Airport,Business Class,Business,1,2017-12-21,Canada,3.0,5.0,4.0,3.0,4.0,4.0,4.0,1,Modern (2015-Present),Positive,0.9552,Pre Covid
1040,195,Delta Sky,Miami Airport,Business Class,Business,0,2017-09-17,Portugal,5.0,5.0,4.0,4.0,4.0,5.0,5.0,1,Modern (2015-Present),Positive,0.9907,Pre Covid
1041,195,Terminal 4 Concourse B,New York JFK Airport,Frequent Flyer,Unknown,0,2017-08-23,Canada,2.0,1.0,2.0,1.0,1.0,3.0,1.0,0,Modern (2015-Present),Negative,-0.4627,Pre Covid
1042,195,Unknown Lounge,Salt Lake City Airport,Members,Unknown,0,2017-07-15,United Kingdom,5.0,5.0,5.0,5.0,4.0,5.0,5.0,1,Modern (2015-Present),Positive,0.9904,Pre Covid
1043,195,Sky Lounge,Minneapolis St Paul Airport,Business Class,Business,0,2016-10-02,Switzerland,3.0,5.0,5.0,1.0,,5.0,3.0,0,Modern (2015-Present),Negative,-0.7783,Pre Covid
1044,195,Sky Club,Honolulu Airport,Frequent Flyer,Unknown,0,2016-09-17,Japan,5.0,5.0,5.0,4.0,4.0,5.0,5.0,1,Modern (2015-Present),Positive,0.9408,Pre Covid
1045,195,Skyclub,Atlanta Hartsfield Airport,First Class,Unknown,0,2016-08-01,United States,3.0,5.0,1.0,2.0,5.0,4.0,3.0,0,Modern (2015-Present),Positive,0.9589,Pre Covid
1046,195,SkyClub F concourse,Minneapolis St Paul Airport,Frequent Flyer,Unknown,0,2016-07-30,United States,5.0,5.0,5.0,4.0,5.0,5.0,5.0,1,Modern (2015-Present),Positive,0.8957,Pre Covid
1047,195,Sky Club,Atlanta Hartsfield Airport,Frequent Flyer,Unknown,0,2016-07-16,Germany,2.0,1.0,3.0,2.0,2.0,4.0,4.0,0,Modern (2015-Present),Negative,-0.2205,Pre Covid
1048,195,Delta Sky Club,Detroit Airport,Unknown,Unknown,0,2016-06-04,United States,4.0,5.0,3.0,3.0,5.0,4.0,4.0,1,Modern (2015-Present),Positive,0.1281,Pre Covid
1049,195,SkyClub,New York JFK Airport,Frequent Flyer,Unknown,0,2016-03-05,United States,2.0,2.0,2.0,1.0,,2.0,2.0,0,Modern (2015-Present),Positive,0.5262,Pre Covid
1050,195,Unknown Lounge,Salt Lake City Airport,First Class,Unknown,0,2016-01-19,United States,1.0,1.0,1.0,1.0,1.0,2.0,1.0,0,Modern (2015-Present),Negative,-0.9574,Pre Covid
1051,195,Sanbra,Accra Kotoka Airport,Business Class,Business,0,2016-01-06,Peru,3.0,4.0,1.0,3.0,4.0,2.0,1.0,0,Modern (2015-Present),Positive,0.6902,Pre Covid
1052,195,Unknown Lounge,Orlando Airport,First Class,Unknown,0,2015-12-25,United Kingdom,1.0,,,,,,,0,Modern (2015-Present),Negative,-0.8263,Pre Covid
1053,195,Sky Clubs,Boston Logan Airport,Frequent Flyer,Unknown,0,2015-11-26,United States,3.0,4.0,4.0,3.0,,5.0,4.0,1,Modern (2015-Present),Positive,0.9588,Pre Covid
1054,195,Unknown Lounge,Frankfurt Main Airport,Business Class,Business,0,2015-09-09,United Kingdom,4.0,4.0,4.0,4.0,4.0,4.0,4.0,1,Modern (2015-Present),Positive,0.7845,Pre Covid
1055,195,Skyclub,New York JFK Airport,Business Class,Business,0,2015-09-08,United Kingdom,4.0,4.0,2.0,4.0,4.0,4.0,3.0,1,Modern (2015-Present),Negative,-0.4767,Pre Covid
1056,195,SkyClub,Seattle Airport,Business Class,Business,0,2015-07-11,United States,5.0,5.0,5.0,4.0,4.0,4.0,4.0,1,Modern (2015-Present),Positive,0.9814,Pre Covid
1057,195,Unknown Lounge,New York JFK Airport,Business Class,Business,0,2015-05-09,United States,2.0,5.0,1.0,1.0,4.0,4.0,3.0,0,Modern (2015-Present),Negative,-0.2074,Pre Covid
1058,195,SkyClub,Unknown,Unknown,Unknown,0,2015-05-09,United States,5.0,4.0,4.0,5.0,3.0,4.0,4.0,1,Modern (2015-Present),Positive,0.3919,Pre Covid
1059,195,Unknown Lounge,Atlanta Hartsfield Airport,Unknown,Unknown,0,2015-05-09,United Kingdom,4.0,5.0,3.0,2.0,5.0,4.0,5.0,1,Modern (2015-Present),Positive,0.9943,Pre Covid
1060,195,SkyClub,Santiago De Chile Airport,Unknown,Unknown,0,2015-01-27,United States,1.0,2.0,1.0,1.0,2.0,4.0,1.0,0,Modern (2015-Present),Negative,-0.9597,Pre Covid
1061,195,SkyClub,Atlanta Hartsfield Airport,Unknown,Unknown,0,2015-01-02,United States,1.0,2.0,2.0,1.0,2.0,2.0,2.0,0,Modern (2015-Present),Negative,-0.7234,Pre Covid
1062,195,SkyClub,Atlanta Hartsfield Airport,Unknown,Unknown,0,2015-01-02,United States,2.0,1.0,4.0,1.0,1.0,1.0,1.0,0,Modern (2015-Present),Negative,-0.9645,Pre Covid
1063,195,Unknown Lounge,Unknown,Business Class,Business,0,2015-01-02,Laos,3.0,3.0,1.0,1.0,2.0,3.0,2.0,0,Modern (2015-Present),Negative,-0.0772,Pre Covid
1064,195,SkyClub,Chicago O'Hare Airport,Unknown,Unknown,0,2014-10-22,United Kingdom,1.0,1.0,1.0,1.0,3.0,3.0,2.0,0,Historical (Pre-2015),Negative,-0.9607,Pre Covid
1065,195,Unknown Lounge,Rome Fiumicino Airport,Business Class,Business,0,2014-10-22,United States,3.0,4.0,3.0,3.0,2.0,3.0,3.0,0,Historical (Pre-2015),Negative,-0.8896,Pre Covid
1066,195,SkyClub,Seattle Airport,Unknown,Unknown,0,2014-08-12,Brazil,3.0,4.0,3.0,3.0,2.0,3.0,3.0,1,Historical (Pre-2015),Positive,0.6428,Pre Covid
1067,195,DELTA AIR LINES SKYCLUB FIRST & BUSINESS CLASS LOUNGE REVIEW,Atlanta Hartsfield Airport,Business Class,Business,0,2014-08-06,Brazil,4.0,4.0,3.0,3.0,4.0,4.0,4.0,1,Historical (Pre-2015),Positive,0.9317,Pre Covid
1068,195,Unknown Lounge,New York JFK Airport,Frequent Flyer,Unknown,0,2014-08-06,United States,4.0,4.0,4.0,1.0,3.0,4.0,3.0,0,Historical (Pre-2015),Positive,0.8777,Pre Covid
1069,195,Unknown Lounge,Atlanta Hartsfield Airport,First Class,Unknown,0,2014-06-04,United Kingdom,1.0,1.0,2.0,1.0,1.0,2.0,1.0,0,Historical (Pre-2015),Negative,-0.9316,Pre Covid
1070,195,Unknown Lounge,Tokyo Narita Airport,Business Class,Business,0,2014-06-04,Hong Kong,2.0,2.0,2.0,1.0,1.0,4.0,2.0,0,Historical (Pre-2015),Negative,-0.8658,Pre Covid
1071,195,SkyClub,New York JFK Airport,First Class,Unknown,0,2014-05-28,United States,2.0,2.0,1.0,1.0,2.0,3.0,1.0,0,Historical (Pre-2015),Negative,-0.2867,Pre Covid
1072,195,SkyClub,Seattle Airport,Business Class,Business,0,2014-03-11,United States,3.0,3.0,2.0,4.0,3.0,5.0,5.0,1,Historical (Pre-2015),Positive,0.5922,Pre Covid
1073,195,SkyClub,Seattle Airport,Business Class,Business,0,2014-03-11,United States,4.0,4.0,4.0,4.0,3.0,3.0,4.0,1,Historical (Pre-2015),Positive,0.9003,Pre Covid
1074,195,SkyClub,Salt Lake City Airport,Unknown,Unknown,0,2014-01-29,United States,1.0,1.0,3.0,1.0,3.0,3.0,1.0,0,Historical (Pre-2015),Negative,-0.5479,Pre Covid
1075,195,Unknown Lounge,Atlanta Hartsfield Airport,Business Class,Business,0,2014-01-21,Canada,4.0,4.0,2.0,1.0,3.0,3.0,3.0,0,Historical (Pre-2015),Positive,0.1901,Pre Covid
1076,195,Unknown Lounge,New York JFK Airport,First Class,Unknown,0,2014-01-17,United Kingdom,3.0,2.0,5.0,1.0,3.0,5.0,1.0,0,Historical (Pre-2015),Positive,0.2144,Pre Covid
1077,195,SkyClub,Atlanta Hartsfield Airport,First Class,Unknown,0,2014-01-13,United States,3.0,4.0,1.0,1.0,4.0,2.0,,0,Historical (Pre-2015),Positive,0.9159,Pre Covid
1078,195,SkyClub,Atlanta Hartsfield Airport,Business Class,Business,0,2013-12-23,United States,5.0,5.0,4.0,3.0,5.0,4.0,4.0,1,Historical (Pre-2015),Positive,0.6538,Pre Covid
1079,195,Crown Room,Los Angeles LAX Airport,First Class,Unknown,0,2013-11-15,United States,1.0,,1.0,1.0,1.0,2.0,,0,Historical (Pre-2015),Negative,-0.8903,Pre Covid
1080,195,Unknown Lounge,Atlanta Hartsfield Airport,Business Class,Business,0,2013-09-15,United States,2.0,1.0,3.0,3.0,1.0,3.0,3.0,0,Historical (Pre-2015),Negative,-0.4939,Pre Covid
1081,195,Unknown Lounge,New York JFK Airport,Business Class,Business,0,2013-09-15,United States,4.0,2.0,2.0,2.0,2.0,2.0,3.0,0,Historical (Pre-2015),Negative,-0.9167,Pre Covid
1082,195,Unknown Lounge,New York JFK Airport,Business Class,Business,0,2013-09-15,United States,5.0,5.0,4.0,4.0,5.0,5.0,5.0,1,Historical (Pre-2015),Positive,0.7321,Pre Covid
1083,195,Unknown Lounge,Minneapolis St Paul Airport,Business Class,Business,0,2013-09-15,Japan,2.0,2.0,2.0,1.0,1.0,5.0,3.0,0,Historical (Pre-2015),Positive,0.6529,Pre Covid
1084,195,Unknown Lounge,San Diego Airport,Business Class,Business,0,2013-09-15,United States,5.0,5.0,4.0,3.0,4.0,5.0,5.0,1,Historical (Pre-2015),Positive,0.9872,Pre Covid
1085,195,Unknown Lounge,Los Angeles LAX Airport,Business Class,Business,0,2013-08-05,Jordan,3.0,4.0,3.0,2.0,3.0,4.0,4.0,1,Historical (Pre-2015),Positive,0.765,Pre Covid
1086,195,Unknown Lounge,New York JFK Airport,Business Class,Business,0,2013-07-07,United States,3.0,2.0,3.0,1.0,2.0,4.0,3.0,0,Historical (Pre-2015),Positive,0.7275,Pre Covid
1087,195,Unknown Lounge,New York JFK Airport,Business Class,Business,0,2013-07-07,United States,4.0,4.0,1.0,1.0,1.0,4.0,1.0,0,Historical (Pre-2015),Positive,0.903,Pre Covid
1088,195,SkyClub,Atlanta Hartsfield Airport,Unknown,Unknown,0,2013-07-07,United States,3.0,4.0,1.0,1.0,3.0,2.0,4.0,1,Historical (Pre-2015),Negative,-0.6747,Pre Covid
1089,195,Unknown Lounge,New York JFK Airport,Business Class,Business,0,2013-07-07,United States,5.0,5.0,2.0,2.0,4.0,4.0,2.0,0,Historical (Pre-2015),Negative,-0.7901,Pre Covid
1090,195,Unknown Lounge,New York JFK Airport,Business Class,Business,0,2013-05-29,Israel,3.0,3.0,1.0,1.0,2.0,5.0,3.0,0,Historical (Pre-2015),Positive,0.1779,Pre Covid
1091,195,SkyClub,Detroit Airport,Business Class,Business,0,2013-04-16,Philippines,4.0,3.0,4.0,4.0,2.0,5.0,3.0,1,Historical (Pre-2015),Positive,0.8761,Pre Covid
1092,195,SkyClub,Los Angeles LAX Airport,Business Class,Business,0,2013-02-18,Australia,2.0,3.0,2.0,2.0,3.0,3.0,3.0,0,Historical (Pre-2015),Negative,-0.7342,Pre Covid
1093,195,SkyClub,Unknown,Business Class,Business,0,2013-01-11,United States,5.0,5.0,4.0,3.0,,5.0,4.0,1,Historical (Pre-2015),Positive,0.8933,Pre Covid
1094,195,Unknown Lounge,Detroit Airport,Business Class,Business,0,2013-01-01,United States,3.0,3.0,1.0,1.0,3.0,4.0,3.0,0,Historical (Pre-2015),Negative,-0.1643,Pre Covid
1095,195,Unknown Lounge,Rome Fiumicino Airport,Business Class,Business,0,2012-09-27,United States,1.0,2.0,1.0,1.0,2.0,1.0,1.0,0,Historical (Pre-2015),Negative,-0.9733,Pre Covid
1096,195,Unknown Lounge,Atlanta Hartsfield Airport,Business Class,Business,0,2012-09-17,Switzerland,2.0,4.0,3.0,1.0,4.0,3.0,3.0,0,Historical (Pre-2015),Negative,-0.2023,Pre Covid
1097,195,SkyClub,New York JFK Airport,Unknown,Unknown,0,2012-09-10,United States,4.0,4.0,5.0,1.0,4.0,5.0,4.0,1,Historical (Pre-2015),Positive,0.8431,Pre Covid
1098,195,SkyClub,Atlanta Hartsfield Airport,Unknown,Unknown,0,2012-05-02,United States,3.0,2.0,,2.0,3.0,1.0,5.0,0,Historical (Pre-2015),Positive,0.6705,Pre Covid
1099,195,SkyClub,Memphis Airport,Business Class,Business,0,2012-05-01,United States,5.0,4.0,4.0,2.0,3.0,5.0,4.0,1,Historical (Pre-2015),Positive,0.9102,Pre Covid
1100,195,Unknown Lounge,Atlanta Hartsfield Airport,Business Class,Business,0,2012-02-28,Netherlands,3.0,3.0,3.0,1.0,2.0,4.0,5.0,0,Historical (Pre-2015),Positive,0.8468,Pre Covid
1101,195,Unknown Lounge,Brussels Zaventem Airport,Business Class,Business,0,2012-02-28,Netherlands,5.0,5.0,5.0,5.0,3.0,5.0,5.0,1,Historical (Pre-2015),Positive,0.3573,Pre Covid
1102,195,SkyClub,New York JFK Airport,Unknown,Unknown,0,2012-01-25,United States,4.0,3.0,4.0,2.0,3.0,3.0,4.0,1,Historical (Pre-2015),Negative,-0.9171,Pre Covid
1103,195,SkyClub,Atlanta Hartsfield Airport,Unknown,Unknown,0,2012-01-23,United States,3.0,1.0,2.0,1.0,1.0,1.0,1.0,0,Historical (Pre-2015),Negative,-0.9349,Pre Covid
1104,195,SkyClub,Seattle Airport,Business Class,Business,0,2012-01-23,United States,5.0,5.0,4.0,3.0,5.0,5.0,5.0,1,Historical (Pre-2015),Positive,0.9732,Pre Covid
1105,195,SkyClub,Cincinnati Airport,Business Class,Business,0,2012-01-23,United States,5.0,5.0,4.0,3.0,3.0,,4.0,1,Historical (Pre-2015),Positive,0.8516,Pre Covid
1106,195,SkyClub,Portland Airport,Unknown,Unknown,0,2011-10-21,United States,4.0,4.0,3.0,2.0,3.0,4.0,3.0,0,Historical (Pre-2015),Neutral,0.0129,Pre Covid
1107,195,Unknown Lounge,Orlando Airport,Unknown,Unknown,0,2011-10-21,United States,4.0,4.0,3.0,2.0,4.0,3.0,3.0,0,Historical (Pre-2015),Positive,0.3197,Pre Covid
1108,195,Unknown Lounge,London Heathrow Airport,Unknown,Unknown,0,2011-07-31,United States,4.0,3.0,4.0,3.0,2.0,3.0,1.0,0,Historical (Pre-2015),Negative,-0.6805,Pre Covid
1109,195,Unknown Lounge,Miami Airport,Unknown,Unknown,0,2011-07-31,Switzerland,2.0,1.0,2.0,1.0,2.0,3.0,2.0,0,Historical (Pre-2015),Negative,-0.8702,Pre Covid
1110,195,Unknown Lounge,Boston Logan Airport,Unknown,Unknown,0,2011-05-23,United Kingdom,2.0,2.0,3.0,1.0,,,2.0,0,Historical (Pre-2015),Negative,-0.8208,Pre Covid
1111,195,Unknown Lounge,London Heathrow Airport,Business Class,Business,0,2011-05-22,United Kingdom,3.0,4.0,1.0,3.0,,,3.0,0,Historical (Pre-2015),Negative,-0.312,Pre Covid
1112,195,Unknown Lounge,London Heathrow Airport,Unknown,Unknown,0,2011-05-22,United States,4.0,4.0,4.0,4.0,4.0,2.0,4.0,0,Historical (Pre-2015),Negative,-0.6,Pre Covid
1113,195,Unknown Lounge,Atlanta Hartsfield Airport,Unknown,Unknown,0,2011-05-03,United States,4.0,4.0,2.0,1.0,1.0,1.0,3.0,0,Historical (Pre-2015),Negative,-0.7096,Pre Covid
1114,195,SkyClub,Unknown,Unknown,Unknown,0,2011-05-01,Japan,2.0,2.0,3.0,3.0,2.0,5.0,2.0,0,Historical (Pre-2015),Positive,0.3508,Pre Covid
1115,195,Unknown Lounge,Los Angeles LAX Airport,Business Class,Business,0,2011-02-14,United States,3.0,3.0,2.0,1.0,3.0,1.0,1.0,0,Historical (Pre-2015),Positive,0.8268,Pre Covid
1116,195,Unknown Lounge,Seattle Airport,Unknown,Unknown,0,2010-06-13,United Kingdom,1.0,3.0,4.0,4.0,4.0,4.0,4.0,0,Historical (Pre-2015),Negative,-0.0909,Pre Covid
1117,192,Singapore Terminal 3,Singapore Changi Airport,Business Class,Business,0,2019-04-18,Australia,1.0,1.0,2.0,2.0,2.0,1.0,4.0,0,Modern (2015-Present),Negative,-0.8766,Pre Covid
1118,192,Dnata,Singapore Changi Airport,Business Class,Business,1,2018-01-05,United Kingdom,1.0,1.0,1.0,1.0,3.0,2.0,2.0,1,Modern (2015-Present),Negative,-0.156,Pre Covid
1119,192,Dnata,Singapore Changi Airport,Business Class,Business,0,2017-09-24,Netherlands,1.0,1.0,1.0,1.0,1.0,1.0,1.0,0,Modern (2015-Present),Negative,-0.8012,Pre Covid
1120,192,Dnata T1,Singapore Changi Airport,Business Class,Business,0,2017-02-23,United Kingdom,4.0,5.0,4.0,5.0,5.0,5.0,5.0,1,Modern (2015-Present),Positive,0.9531,Pre Covid
1121,192,DNATA T3,Singapore Changi Airport,Business Class,Business,0,2017-02-07,United Kingdom,1.0,1.0,1.0,1.0,1.0,1.0,1.0,0,Modern (2015-Present),Negative,-0.9715,Pre Covid
1122,192,Unknown Lounge,Singapore Changi Airport,Business Class,Business,0,2016-12-30,Greece,3.0,3.0,1.0,1.0,3.0,4.0,4.0,1,Modern (2015-Present),Positive,0.5908,Pre Covid
1123,192,Dnata Singapore,Singapore Changi Airport,Business Class,Business,0,2016-12-27,United Kingdom,1.0,1.0,1.0,1.0,1.0,1.0,1.0,1,Modern (2015-Present),Negative,-0.7184,Pre Covid
1124,192,dnata lounge,Singapore Changi Airport,Business Class,Business,0,2016-11-06,Singapore,5.0,5.0,5.0,5.0,5.0,4.0,5.0,1,Modern (2015-Present),Positive,0.9811,Pre Covid
1125,192,DNATA,Singapore Seletar Airport,Business Class,Business,0,2016-08-06,Spain,3.0,3.0,2.0,2.0,3.0,5.0,4.0,0,Modern (2015-Present),Positive,0.3903,Pre Covid
1126,192,DNATA Lounge T1,Singapore Changi Airport,Frequent Flyer,Unknown,0,2016-03-21,Hong Kong,4.0,4.0,4.0,4.0,4.0,2.0,3.0,1,Modern (2015-Present),Negative,-0.9101,Pre Covid
1127,199,G16,Hong Kong Airport,Business Class,Business,0,2016-04-26,Hong Kong,4.0,5.0,5.0,5.0,4.0,5.0,4.0,1,Modern (2015-Present),Positive,0.9398,Pre Covid
1128,199,G16 lounge,Hong Kong Airport,Business Class,Business,0,2016-02-24,United Kingdom,4.0,5.0,5.0,5.0,4.0,,4.0,1,Modern (2015-Present),Positive,0.9688,Pre Covid
1129,157,Unknown Lounge,Prague Airport,Business Class,Business,1,2019-01-02,Germany,3.0,4.0,2.0,2.0,2.0,3.0,2.0,1,Modern (2015-Present),Positive,0.0754,Pre Covid
1130,157,Diamond Lounge,Brussels Zaventem Airport,Business Class,Business,0,2017-09-17,Indonesia,3.0,3.0,3.0,3.0,3.0,3.0,3.0,1,Modern (2015-Present),Positive,0.6597,Pre Covid
1131,157,Unknown Lounge,Prague Airport,Business Class,Business,0,2017-08-10,Netherlands,2.0,4.0,3.0,1.0,3.0,2.0,2.0,0,Modern (2015-Present),Negative,-0.2541,Pre Covid
1132,157,Unknown Lounge,Prague Airport,Business Class,Business,0,2012-01-25,Czech Republic,5.0,4.0,5.0,4.0,4.0,5.0,4.0,1,Historical (Pre-2015),Positive,0.9134,Pre Covid
1133,157,Unknown Lounge,Prague Airport,Business Class,Business,0,2011-07-31,United States,4.0,5.0,4.0,4.0,,5.0,4.0,0,Historical (Pre-2015),Positive,0.9804,Pre Covid
1134,157,Unknown Lounge,Prague Airport,Business Class,Business,0,2010-07-31,United Kingdom,4.0,5.0,4.0,3.0,5.0,5.0,5.0,0,Historical (Pre-2015),Positive,0.9638,Pre Covid
1135,151,Pearl Lounge,Sharm El Sheikh Airport,Frequent Flyer,Unknown,1,2026-02-21,United Kingdom,1.0,1.0,1.0,1.0,1.0,4.0,1.0,0,Modern (2015-Present),Negative,-0.8018,After Covid
1136,151,First wing,London Heathrow Airport,First Class,Unknown,1,2025-12-15,United Kingdom,2.0,1.0,3.0,1.0,1.0,1.0,1.0,0,Modern (2015-Present),Positive,0.8666,After Covid
1137,151,Business Class,Barbados Grantley Adams Airport,Business Class,Business,1,2024-03-14,Belgium,3.0,3.0,3.0,3.0,1.0,,3.0,1,Modern (2015-Present),Positive,0.6347,After Covid
1138,151,Unknown Lounge,London Heathrow Airport,Business Class,Business,1,2023-12-21,Australia,5.0,5.0,4.0,5.0,5.0,5.0,5.0,1,Modern (2015-Present),Positive,0.9552,After Covid
1139,151,South Terminal,London Gatwick Airport,Business Class,Business,1,2023-09-28,United Kingdom,1.0,1.0,2.0,2.0,1.0,3.0,1.0,0,Modern (2015-Present),Negative,-0.7443,After Covid
1140,151,First Lounge - T5,London Heathrow Airport,First Class,Unknown,1,2023-09-01,United Kingdom,2.0,2.0,3.0,2.0,1.0,2.0,2.0,0,Modern (2015-Present),Positive,0.4404,After Covid
1141,151,T5 Galleries South,London Heathrow Airport,Business Class,Business,1,2023-06-20,United Kingdom,4.0,4.0,5.0,5.0,4.0,,,1,Modern (2015-Present),Positive,0.973,After Covid
1142,151,Terminal 5 South Lounge,London Heathrow Airport,Business Class,Business,1,2023-05-04,United States,1.0,1.0,1.0,,1.0,,1.0,0,Modern (2015-Present),Negative,-0.9586,After Covid
1143,151,Arrivals,London Heathrow Airport,Business Class,Business,1,2023-04-28,United Kingdom,3.0,3.0,4.0,4.0,2.0,4.0,1.0,0,Modern (2015-Present),Positive,0.9377,After Covid
1144,151,T5 Galleries South,London Heathrow Airport,Business Class,Business,1,2023-04-12,United Kingdom,3.0,3.0,3.0,3.0,,3.0,3.0,0,Modern (2015-Present),Positive,0.9846,After Covid
1145,151,Concorde Room T5,London Heathrow Airport,First Class,Unknown,0,2023-03-11,United Kingdom,4.0,4.0,,3.0,3.0,,1.0,0,Modern (2015-Present),Negative,-0.9387,After Covid
1146,151,Escape Lounge T3,Manchester Airport,Business Class,Business,1,2023-01-25,United Kingdom,2.0,3.0,1.0,1.0,1.0,,1.0,0,Modern (2015-Present),Negative,-0.3182,After Covid
1147,151,Galleries Lounge South,London Heathrow Airport,Business Class,Business,1,2023-01-17,United Kingdom,3.0,3.0,2.0,4.0,4.0,4.0,4.0,0,Modern (2015-Present),Negative,-0.6808,After Covid
1148,151,T5 Business,London Heathrow Airport,Business Class,Business,1,2022-12-13,United Kingdom,1.0,1.0,,1.0,,2.0,,0,Modern (2015-Present),Neutral,0.012,After Covid
1149,151,T5 South / North Lounges,London Heathrow Airport,Business Class,Business,1,2022-12-10,United Kingdom,5.0,5.0,3.0,5.0,5.0,5.0,5.0,1,Modern (2015-Present),Negative,-0.8848,After Covid
1150,151,Club Lounge,London Heathrow Airport,Business Class,Business,1,2022-11-19,Ireland,5.0,4.0,4.0,5.0,,5.0,5.0,1,Modern (2015-Present),Positive,0.9479,After Covid
1151,151,Galleries T5,London Heathrow Airport,Business Class,Business,1,2022-10-24,United States,1.0,4.0,2.0,3.0,4.0,4.0,5.0,0,Modern (2015-Present),Positive,0.9131,After Covid
1152,151,Heathrow T5 South,London Heathrow Airport,Business Class,Business,1,2022-10-16,United Kingdom,2.0,1.0,1.0,1.0,1.0,2.0,2.0,0,Modern (2015-Present),Negative,-0.8591,After Covid
1153,151,Terminal 5,London Heathrow Airport,Business Class,Business,1,2022-06-25,Thailand,5.0,5.0,4.0,5.0,,4.0,5.0,1,Modern (2015-Present),Positive,0.6757,After Covid
1154,151,T5B Lounge,London Heathrow Airport,Business Class,Business,1,2022-06-08,United Kingdom,5.0,5.0,5.0,3.0,4.0,5.0,5.0,1,Modern (2015-Present),Positive,0.764,After Covid
1155,151,Unknown Lounge,Chicago O'Hare Airport,Business Class,Business,0,2022-04-21,United Kingdom,4.0,5.0,4.0,2.0,,5.0,5.0,1,Modern (2015-Present),Negative,-0.0968,After Covid
1156,151,Galleries South T5,London Heathrow Airport,Business Class,Business,1,2022-04-05,United Kingdom,3.0,3.0,5.0,1.0,,,3.0,0,Modern (2015-Present),Positive,0.931,After Covid
1157,151,Marco Polo Venice,Venice Marco Polo Airport,Business Class,Business,1,2022-04-05,United Kingdom,4.0,4.0,3.0,3.0,4.0,4.0,3.0,1,Modern (2015-Present),Positive,0.9163,After Covid
1158,151,Terminal 5,London Heathrow Airport,Business Class,Business,1,2022-04-05,United Kingdom,1.0,1.0,1.0,1.0,1.0,2.0,1.0,0,Modern (2015-Present),Negative,-0.9524,After Covid
1159,151,Galleries South T5,London Heathrow Airport,Business Class,Business,1,2022-04-04,Switzerland,2.0,3.0,4.0,2.0,3.0,3.0,2.0,0,Modern (2015-Present),Positive,0.1321,After Covid
1160,151,Geneva,Geneva Airport,Business Class,Business,0,2022-02-09,United Kingdom,4.0,5.0,5.0,,,,5.0,1,Modern (2015-Present),Positive,0.7671,After Covid
1161,151,T5 Galleries South,London Heathrow Airport,Business Class,Business,1,2021-11-15,United Kingdom,4.0,3.0,5.0,2.0,,,3.0,1,Modern (2015-Present),Positive,0.4678,Covid
1162,151,Unknown Lounge,London Heathrow Airport,First Class,Unknown,1,2021-08-22,United Kingdom,4.0,5.0,5.0,5.0,2.0,4.0,5.0,1,Modern (2015-Present),Positive,0.9821,Covid
1163,151,Club Lounge,Chicago O'Hare Airport,Business Class,Business,1,2020-04-25,India,4.0,5.0,,4.0,3.0,4.0,5.0,1,Modern (2015-Present),Neutral,-0.0,Covid
1164,151,Admirals Club,Rio De Janeiro Airport,Business Class,Business,1,2020-01-12,United Kingdom,3.0,3.0,1.0,1.0,3.0,3.0,2.0,0,Modern (2015-Present),Positive,0.9444,Covid
1165,151,Unknown Lounge,London Heathrow Airport,Business Class,Business,1,2020-01-03,United Kingdom,3.0,2.0,3.0,2.0,2.0,5.0,4.0,1,Modern (2015-Present),Negative,-0.8949,Covid
1166,151,Unknown Lounge,New York JFK Airport,Business Class,Business,1,2019-12-17,United Kingdom,3.0,3.0,3.0,1.0,1.0,3.0,1.0,1,Modern (2015-Present),Positive,0.7278,Pre Covid
1167,151,Galleries First lounge,London Heathrow Airport,First Class,Unknown,1,2019-12-07,Sweden,4.0,5.0,5.0,5.0,4.0,5.0,5.0,1,Modern (2015-Present),Positive,0.9153,Pre Covid
1168,151,Concorde lounge,London Heathrow Airport,First Class,Unknown,1,2019-12-07,Sweden,5.0,5.0,5.0,5.0,3.0,5.0,5.0,1,Modern (2015-Present),Positive,0.9467,Pre Covid
1169,151,Galleries,Johannesburg Airport,Business Class,Business,1,2019-12-07,United Kingdom,4.0,4.0,4.0,4.0,4.0,4.0,4.0,1,Modern (2015-Present),Positive,0.9471,Pre Covid
1170,151,British Airways Lounge,Singapore Changi Airport,Frequent Flyer,Unknown,1,2019-10-20,Australia,4.0,4.0,4.0,4.0,3.0,4.0,4.0,1,Modern (2015-Present),Positive,0.9752,Pre Covid
1171,151,Unknown Lounge,London Heathrow Airport,Business Class,Business,1,2019-10-19,United Kingdom,3.0,4.0,5.0,5.0,5.0,5.0,5.0,1,Modern (2015-Present),Negative,-0.079,Pre Covid
1172,151,Unknown Lounge,Washington Dulles Airport,Business Class,Business,1,2019-09-16,Malaysia,3.0,1.0,3.0,1.0,2.0,4.0,2.0,0,Modern (2015-Present),Negative,-0.1747,Pre Covid
1173,151,Unknown Lounge,Newark Airport,Business Class,Business,0,2019-08-19,United Kingdom,4.0,5.0,4.0,5.0,5.0,4.0,5.0,1,Modern (2015-Present),Positive,0.944,Pre Covid
1174,151,Unknown Lounge,London Heathrow Airport,Business Class,Business,1,2019-07-18,Belgium,3.0,4.0,4.0,3.0,,4.0,4.0,1,Modern (2015-Present),Positive,0.1531,Pre Covid
1175,151,Club lounge,Bermuda Airport,Business Class,Business,1,2019-07-02,United Kingdom,3.0,4.0,3.0,1.0,4.0,3.0,2.0,0,Modern (2015-Present),Negative,-0.8778,Pre Covid
1176,151,Club World Lounge,London Gatwick Airport,Business Class,Business,1,2019-07-02,United Kingdom,5.0,5.0,5.0,5.0,5.0,5.0,5.0,1,Modern (2015-Present),Positive,0.9731,Pre Covid
1177,151,Unknown Lounge,Atlanta Hartsfield Airport,Business Class,Business,1,2019-06-03,United Kingdom,3.0,2.0,3.0,1.0,3.0,4.0,3.0,0,Modern (2015-Present),Negative,-0.2238,Pre Covid
1178,151,Air Lounge Vienna,Vienna Airport,Business Class,Business,1,2019-01-04,United Kingdom,1.0,2.0,2.0,1.0,2.0,,1.0,1,Modern (2015-Present),Negative,-0.8942,Pre Covid
1179,151,Unknown Lounge,London Heathrow Airport,Business Class,Business,1,2019-01-02,Canada,1.0,1.0,2.0,1.0,,4.0,,0,Modern (2015-Present),Negative,-0.383,Pre Covid
1180,151,Unknown Lounge,Boston Logan Airport,Frequent Flyer,Unknown,1,2018-12-19,United Kingdom,5.0,5.0,5.0,5.0,5.0,5.0,5.0,1,Modern (2015-Present),Positive,0.9841,Pre Covid
1181,151,Galleries First,Johannesburg Airport,First Class,Unknown,1,2018-12-03,United Kingdom,3.0,4.0,3.0,3.0,3.0,3.0,3.0,1,Modern (2015-Present),Positive,0.6808,Pre Covid
1183,151,Menzies Aurora Lounge,Stockholm Arlanda Airport,Business Class,Business,1,2018-11-16,Sweden,1.0,1.0,1.0,1.0,1.0,3.0,1.0,0,Modern (2015-Present),Negative,-0.4926,Pre Covid
1184,151,Unknown Lounge,London Gatwick Airport,First Class,Unknown,1,2018-11-16,Sweden,3.0,2.0,2.0,3.0,1.0,3.0,3.0,1,Modern (2015-Present),Positive,0.6948,Pre Covid
1185,151,Unknown Lounge,New York JFK Airport,Business Class,Business,1,2018-11-11,Italy,2.0,3.0,2.0,3.0,3.0,1.0,3.0,0,Modern (2015-Present),Negative,-0.2968,Pre Covid
1186,151,Unknown Lounge,Seattle Airport,Business Class,Business,1,2018-10-20,United Kingdom,2.0,4.0,2.0,2.0,2.0,4.0,3.0,0,Modern (2015-Present),Positive,0.3048,Pre Covid
1187,151,Unknown Lounge,Singapore Changi Airport,Business Class,Business,1,2018-10-17,Singapore,4.0,4.0,5.0,3.0,,5.0,5.0,1,Modern (2015-Present),Positive,0.8779,Pre Covid
1188,151,Arrival Lounge LHR T5,London Heathrow Airport,Business Class,Business,1,2018-10-16,Singapore,4.0,4.0,5.0,4.0,5.0,4.0,2.0,1,Modern (2015-Present),Positive,0.7,Pre Covid
1189,151,T5 South,Unknown,Business Class,Business,1,2018-09-20,Unknown,1.0,1.0,2.0,2.0,,,,1,Modern (2015-Present),Positive,0.9711,Pre Covid
1190,151,Galleries T5,London Heathrow Airport,Business Class,Business,1,2018-09-11,Brazil,2.0,3.0,5.0,4.0,,4.0,3.0,1,Modern (2015-Present),Positive,0.6336,Pre Covid
1191,151,Unknown Lounge,San Francisco Airport,Business Class,Business,0,2018-08-12,United Kingdom,4.0,3.0,4.0,2.0,,,4.0,0,Modern (2015-Present),Positive,0.5752,Pre Covid
1192,151,Galleries,London Heathrow Airport,Business Class,Business,0,2018-08-02,United Kingdom,4.0,4.0,5.0,5.0,,5.0,4.0,1,Modern (2015-Present),Positive,0.8375,Pre Covid
1193,151,British Airways Lounge,Bermuda Airport,Business Class,Business,1,2018-07-27,United Kingdom,3.0,3.0,2.0,1.0,4.0,4.0,1.0,0,Modern (2015-Present),Positive,0.8778,Pre Covid
1194,151,The Club at ATL,Atlanta Hartsfield Airport,Frequent Flyer,Unknown,0,2018-05-29,United Kingdom,1.0,1.0,2.0,1.0,2.0,1.0,1.0,1,Modern (2015-Present),Negative,-0.908,Pre Covid
1195,151,Unknown Lounge,London Heathrow Airport,Business Class,Business,1,2018-05-25,Australia,4.0,4.0,3.0,3.0,4.0,4.0,3.0,0,Modern (2015-Present),Positive,0.8977,Pre Covid
1196,151,Unknown Lounge,Rome Fiumicino Airport,Business Class,Business,1,2018-04-04,Indonesia,2.0,2.0,1.0,2.0,3.0,4.0,1.0,0,Modern (2015-Present),Negative,-0.4404,Pre Covid
1197,151,Unknown Lounge,Dubai Airport,Frequent Flyer,Unknown,0,2018-03-30,United States,3.0,4.0,4.0,2.0,3.0,5.0,4.0,1,Modern (2015-Present),Positive,0.8271,Pre Covid
1198,151,Unknown Lounge,London Gatwick Airport,Business Class,Business,1,2018-03-30,United Kingdom,5.0,5.0,5.0,5.0,5.0,5.0,5.0,1,Modern (2015-Present),Positive,0.9152,Pre Covid
1199,151,British Airways Lounge,Edinburgh Airport,Business Class,Business,1,2018-03-19,United Kingdom,5.0,5.0,5.0,4.0,4.0,4.0,5.0,1,Modern (2015-Present),Positive,0.9721,Pre Covid
1200,151,Bolero,Warsaw Chopin Airport,Pay to Use,Unknown,1,2018-03-10,United States,1.0,2.0,3.0,1.0,2.0,,2.0,0,Modern (2015-Present),Positive,0.3291,Pre Covid
1201,151,Galleries Lounge T5,London Heathrow Airport,Business Class,Business,1,2018-01-17,United States,3.0,3.0,4.0,1.0,3.0,4.0,3.0,0,Modern (2015-Present),Positive,0.6652,Pre Covid
1202,151,Junker,Dusseldorf Airport,Business Class,Business,1,2018-01-17,United Kingdom,3.0,4.0,2.0,2.0,2.0,2.0,3.0,1,Modern (2015-Present),Negative,-0.2495,Pre Covid
1203,151,Unknown Lounge,San Francisco Airport,Business Class,Business,1,2018-01-17,United Kingdom,3.0,4.0,3.0,3.0,4.0,3.0,4.0,1,Modern (2015-Present),Positive,0.9263,Pre Covid
1204,151,British Airways First,Chicago O'Hare Airport,First Class,Unknown,1,2018-01-07,United States,4.0,5.0,5.0,3.0,3.0,,3.0,1,Modern (2015-Present),Positive,0.4939,Pre Covid
1205,151,Unknown Lounge,London Heathrow Airport,Frequent Flyer,Unknown,1,2018-01-01,Mexico,4.0,4.0,3.0,3.0,3.0,4.0,1.0,0,Modern (2015-Present),Positive,0.8456,Pre Covid
1206,151,T5 Satellite B,London Heathrow Airport,Frequent Flyer,Unknown,1,2017-12-22,United Kingdom,3.0,4.0,4.0,4.0,,3.0,4.0,1,Modern (2015-Present),Positive,0.9286,Pre Covid
1207,151,Unknown Lounge,Sofia Airport,Frequent Flyer,Unknown,1,2017-12-22,United Kingdom,3.0,3.0,3.0,1.0,,3.0,3.0,1,Modern (2015-Present),Positive,0.6494,Pre Covid
1208,151,Unknown Lounge,Tampa Airport,Business Class,Business,1,2017-11-22,United Kingdom,2.0,4.0,1.0,1.0,3.0,4.0,3.0,0,Modern (2015-Present),Positive,0.7385,Pre Covid
1209,151,North Lounge T5,London Heathrow Airport,Business Class,Business,0,2017-11-17,Saudi Arabia,3.0,1.0,2.0,4.0,1.0,3.0,1.0,0,Modern (2015-Present),Positive,0.8975,Pre Covid
1210,151,First,London Gatwick Airport,First Class,Unknown,0,2017-11-14,United Kingdom,4.0,5.0,4.0,3.0,4.0,5.0,4.0,1,Modern (2015-Present),Positive,0.8992,Pre Covid
1211,151,First,London Heathrow Airport,First Class,Unknown,0,2017-11-14,United Kingdom,3.0,3.0,3.0,2.0,3.0,4.0,3.0,1,Modern (2015-Present),Negative,-0.9369,Pre Covid
1212,151,Galleries,London Heathrow Airport,Business Class,Business,0,2017-11-13,United Kingdom,3.0,2.0,2.0,1.0,3.0,3.0,2.0,0,Modern (2015-Present),Positive,0.9009,Pre Covid
1213,151,Concorde Room,New York JFK Airport,First Class,Unknown,0,2017-10-31,United Kingdom,3.0,4.0,4.0,4.0,2.0,3.0,4.0,1,Modern (2015-Present),Positive,0.8253,Pre Covid
1214,151,Express,Oakland Airport,Business Class,Business,0,2017-10-26,United Kingdom,4.0,4.0,4.0,4.0,3.0,4.0,4.0,1,Modern (2015-Present),Positive,0.6705,Pre Covid
1215,151,VIP Lounge,Malaga Airport,Pay to Use,Unknown,0,2017-10-18,United Kingdom,4.0,3.0,3.0,1.0,,,4.0,1,Modern (2015-Present),Positive,0.9485,Pre Covid
1216,151,Galleries South,London Heathrow Airport,Business Class,Business,0,2017-09-29,United Kingdom,5.0,5.0,5.0,5.0,,4.0,5.0,1,Modern (2015-Present),Positive,0.9517,Pre Covid
1217,151,Atlanta Lounge,Atlanta Hartsfield Airport,First Class,Unknown,0,2017-07-22,United States,2.0,2.0,,1.0,1.0,1.0,1.0,0,Modern (2015-Present),Positive,0.1444,Pre Covid
1218,151,Unknown Lounge,Basel Mulhouse Airport,Business Class,Business,0,2017-04-29,United Kingdom,4.0,4.0,3.0,2.0,,,,1,Modern (2015-Present),Positive,0.9521,Pre Covid
1219,151,Terminal 5 South,London Heathrow Airport,First Class,Unknown,0,2017-04-24,United Kingdom,1.0,1.0,3.0,1.0,1.0,4.0,1.0,0,Modern (2015-Present),Negative,-0.3818,Pre Covid
1220,151,Unknown Lounge,London Gatwick Airport,Business Class,Business,0,2017-04-21,United Kingdom,5.0,4.0,5.0,4.0,4.0,5.0,5.0,1,Modern (2015-Present),Positive,0.9766,Pre Covid
1221,151,Unknown Lounge,Pisa Airport,Business Class,Business,0,2017-04-21,United Kingdom,4.0,3.0,2.0,1.0,2.0,5.0,1.0,0,Modern (2015-Present),Negative,-0.7183,Pre Covid
1222,151,Unknown Lounge,London Gatwick Airport,Business Class,Business,0,2017-04-07,United Kingdom,4.0,4.0,4.0,4.0,2.0,,,1,Modern (2015-Present),Positive,0.5248,Pre Covid
1223,151,Concorde lounge,Boston Logan Airport,Business Class,Business,0,2017-03-26,United Kingdom,5.0,5.0,5.0,5.0,5.0,5.0,5.0,1,Modern (2015-Present),Positive,0.875,Pre Covid
1224,151,Unknown Lounge,Copenhagen Airport,Business Class,Business,0,2017-03-21,Sweden,3.0,3.0,2.0,1.0,3.0,3.0,3.0,0,Modern (2015-Present),Positive,0.6474,Pre Covid
1225,151,Aspire,Zurich Airport,Business Class,Business,0,2017-03-07,United Kingdom,1.0,3.0,1.0,1.0,2.0,3.0,1.0,0,Modern (2015-Present),Negative,-0.1406,Pre Covid
1226,151,Unknown Lounge,London Gatwick Airport,Business Class,Business,0,2017-02-26,United Kingdom,5.0,5.0,4.0,4.0,4.0,5.0,5.0,1,Modern (2015-Present),Positive,0.9703,Pre Covid
1227,151,Terraces Lounge,Berlin Tegel Airport,Frequent Flyer,Unknown,0,2017-02-23,Germany,4.0,5.0,5.0,3.0,2.0,4.0,5.0,1,Modern (2015-Present),Positive,0.991,Pre Covid
1228,151,Terminal 5 Galleries First,London Heathrow Airport,First Class,Unknown,0,2017-02-23,Germany,4.0,5.0,5.0,3.0,5.0,4.0,3.0,1,Modern (2015-Present),Positive,0.9313,Pre Covid
1229,151,Executive Lounge,Rome Fiumicino Airport,Business Class,Business,0,2017-02-22,United Kingdom,5.0,5.0,5.0,1.0,4.0,4.0,4.0,1,Modern (2015-Present),Positive,0.567,Pre Covid
1230,151,T5 Arrivals,London Heathrow Airport,Business Class,Business,0,2017-02-07,China,4.0,4.0,4.0,3.0,4.0,4.0,4.0,1,Modern (2015-Present),Positive,0.9478,Pre Covid
1231,151,Concorde Room,London Heathrow Airport,First Class,Unknown,0,2017-01-28,United Kingdom,4.0,4.0,4.0,4.0,4.0,4.0,3.0,1,Modern (2015-Present),Positive,0.8579,Pre Covid
1232,151,Unknown Lounge,London Heathrow Airport,First Class,Unknown,0,2017-01-26,United Kingdom,3.0,3.0,3.0,3.0,3.0,3.0,1.0,0,Modern (2015-Present),Negative,-0.5276,Pre Covid
1233,151,Unknown Lounge,Houston IAH,Business Class,Business,0,2017-01-14,United Kingdom,5.0,5.0,5.0,5.0,3.0,5.0,5.0,0,Modern (2015-Present),Positive,0.9715,Pre Covid
1234,151,Unknown Lounge,Singapore Changi Airport,Business Class,Business,0,2016-12-07,Australia,4.0,4.0,3.0,3.0,4.0,4.0,4.0,1,Modern (2015-Present),Positive,0.7653,Pre Covid
1235,151,First lounge,London Heathrow Airport,First Class,Unknown,0,2016-11-24,United Kingdom,5.0,4.0,5.0,4.0,,,,1,Modern (2015-Present),Positive,0.6648,Pre Covid
1236,151,Gallery,Johannesburg Airport,First Class,Unknown,0,2016-11-22,United Kingdom,2.0,2.0,2.0,2.0,,2.0,2.0,0,Modern (2015-Present),Negative,-0.1027,Pre Covid
1237,151,Club Europe,London Gatwick Airport,Business Class,Business,0,2016-11-21,United Kingdom,1.0,2.0,1.0,1.0,3.0,3.0,1.0,0,Modern (2015-Present),Negative,-0.8213,Pre Covid
1238,151,Concorde Lounge,London Heathrow Airport,First Class,Unknown,0,2016-11-17,United States,5.0,5.0,5.0,5.0,,,5.0,1,Modern (2015-Present),Positive,0.9666,Pre Covid
1239,151,Terraces Lounge,San Francisco Airport,Business Class,Business,0,2016-11-14,United States,3.0,4.0,4.0,1.0,,4.0,4.0,0,Modern (2015-Present),Positive,0.9356,Pre Covid
1240,151,Concorde - First Class,Dubai Airport,First Class,Unknown,0,2016-11-09,United Kingdom,1.0,3.0,1.0,1.0,,2.0,1.0,0,Modern (2015-Present),Positive,0.1932,Pre Covid
1241,151,Swissport,Larnaca Airport,Business Class,Business,0,2016-11-08,Cyprus,2.0,2.0,2.0,1.0,2.0,2.0,2.0,0,Modern (2015-Present),Negative,-0.6188,Pre Covid
1242,151,First Class Lounge T5,London Heathrow Airport,First Class,Unknown,0,2016-10-27,Germany,4.0,3.0,4.0,4.0,3.0,4.0,4.0,1,Modern (2015-Present),Positive,0.8162,Pre Covid
1243,151,Unknown Lounge,Boston Logan Airport,First Class,Unknown,0,2016-10-18,United Kingdom,1.0,4.0,1.0,1.0,1.0,1.0,2.0,1,Modern (2015-Present),Negative,-0.8399,Pre Covid
1244,151,Gatwick North,London Gatwick Airport,Business Class,Business,0,2016-10-10,United Kingdom,3.0,4.0,2.0,3.0,4.0,2.0,2.0,0,Modern (2015-Present),Positive,0.9654,Pre Covid
1245,151,Galleries Lounge T3,London Heathrow Airport,Business Class,Business,0,2016-10-08,United Kingdom,3.0,3.0,4.0,2.0,3.0,3.0,2.0,0,Modern (2015-Present),Negative,-0.902,Pre Covid
1246,151,Business Class,Johannesburg Airport,Business Class,Business,0,2016-09-13,United States,3.0,3.0,5.0,4.0,2.0,5.0,4.0,0,Modern (2015-Present),Positive,0.6124,Pre Covid
1247,151,Unknown Lounge,Phoenix Sky Harbor Airport,Business Class,Business,0,2016-08-29,United Kingdom,1.0,1.0,1.0,1.0,,1.0,2.0,0,Modern (2015-Present),Negative,-0.8753,Pre Covid
1248,151,Unknown Lounge,London Heathrow Airport,Business Class,Business,0,2016-08-16,China,5.0,4.0,4.0,4.0,4.0,,4.0,1,Modern (2015-Present),Positive,0.7227,Pre Covid
1249,151,The Concorde Room,London Heathrow Airport,First Class,Unknown,0,2016-07-31,Brazil,5.0,5.0,5.0,5.0,5.0,5.0,5.0,1,Modern (2015-Present),Positive,0.967,Pre Covid
1250,151,Galleries Lounge,London Heathrow Airport,Business Class,Business,0,2016-07-23,United Kingdom,2.0,3.0,2.0,1.0,1.0,2.0,1.0,0,Modern (2015-Present),Positive,0.6305,Pre Covid
1251,151,Galleries,Athens Airport,Frequent Flyer,Unknown,0,2016-07-19,Belgium,2.0,4.0,3.0,3.0,,4.0,4.0,1,Modern (2015-Present),Positive,0.4861,Pre Covid
1252,151,Concorde Room,London Heathrow Airport,First Class,Unknown,0,2016-07-17,United Kingdom,5.0,4.0,5.0,5.0,5.0,3.0,4.0,1,Modern (2015-Present),Positive,0.9493,Pre Covid
1253,151,Galleries,New York JFK Airport,Business Class,Business,0,2016-07-16,United Kingdom,4.0,5.0,4.0,4.0,4.0,4.0,4.0,1,Modern (2015-Present),Positive,0.9538,Pre Covid
1254,151,T5 Business Lounge,London Heathrow Airport,Business Class,Business,0,2016-07-16,United Kingdom,1.0,2.0,,1.0,2.0,3.0,1.0,0,Modern (2015-Present),Positive,0.9229,Pre Covid
1255,151,Unknown Lounge,Rome Fiumicino Airport,Business Class,Business,0,2016-07-10,United Kingdom,1.0,1.0,,,,,,0,Modern (2015-Present),Positive,0.8242,Pre Covid
1256,151,Concorde First,Dubai Airport,First Class,Unknown,0,2016-07-03,United Arab Emirates,4.0,3.0,2.0,1.0,,3.0,1.0,0,Modern (2015-Present),Positive,0.636,Pre Covid
1257,151,Terminal 3,London Heathrow Airport,Business Class,Business,0,2016-06-04,Australia,3.0,2.0,1.0,1.0,3.0,3.0,2.0,0,Modern (2015-Present),Positive,0.4221,Pre Covid
1258,151,Slow Lounge,Cape Town Airport,Business Class,Business,0,2016-05-28,South Africa,4.0,4.0,3.0,4.0,5.0,4.0,4.0,1,Modern (2015-Present),Positive,0.9601,Pre Covid
1259,151,Galleries Terminal 5,London Heathrow Airport,Business Class,Business,0,2016-05-13,United Kingdom,3.0,2.0,3.0,2.0,1.0,4.0,3.0,0,Modern (2015-Present),Negative,-0.7717,Pre Covid
1260,151,Unknown Lounge,Munich Airport,First Class,Unknown,0,2016-05-05,United Kingdom,2.0,1.0,2.0,1.0,,3.0,2.0,0,Modern (2015-Present),Negative,-0.8234,Pre Covid
1261,151,Slow Lounge,Johannesburg Airport,Business Class,Business,0,2016-04-16,United Kingdom,4.0,5.0,4.0,4.0,4.0,4.0,5.0,1,Modern (2015-Present),Positive,0.7264,Pre Covid
1262,151,Unknown Lounge,London Heathrow Airport,Business Class,Business,0,2016-04-16,China,3.0,4.0,4.0,3.0,4.0,3.0,3.0,1,Modern (2015-Present),Negative,-0.5656,Pre Covid
1263,151,No1 traveller,London Gatwick Airport,Business Class,Business,0,2016-04-15,United Kingdom,3.0,4.0,2.0,1.0,2.0,,3.0,1,Modern (2015-Present),Negative,-0.9344,Pre Covid
1264,151,Unknown Lounge,Amsterdam Schiphol Airport,Business Class,Business,0,2016-04-07,United Kingdom,1.0,4.0,2.0,1.0,2.0,3.0,2.0,0,Modern (2015-Present),Positive,0.1027,Pre Covid
1265,151,Terminal 3 lounge,London Heathrow Airport,Business Class,Business,0,2016-04-05,United Kingdom,1.0,1.0,1.0,1.0,1.0,2.0,1.0,0,Modern (2015-Present),Positive,0.9425,Pre Covid
1266,151,The Terrace,San Francisco Airport,Business Class,Business,0,2016-04-03,United Kingdom,2.0,3.0,2.0,2.0,3.0,3.0,2.0,0,Modern (2015-Present),Negative,-0.9397,Pre Covid
1267,151,No 1 Traveller,London Gatwick Airport,Business Class,Business,0,2016-04-01,United Kingdom,3.0,3.0,4.0,5.0,,3.0,5.0,1,Modern (2015-Present),Positive,0.3321,Pre Covid
1268,151,Galleries Lounge,Dubai Airport,Business Class,Business,0,2016-04-01,United States,3.0,4.0,3.0,3.0,,,3.0,1,Modern (2015-Present),Positive,0.7222,Pre Covid
1269,151,First Class Lounge,Dubai Airport,First Class,Unknown,0,2016-04-01,United Kingdom,1.0,5.0,2.0,1.0,3.0,3.0,1.0,0,Modern (2015-Present),Negative,-0.7675,Pre Covid
1270,151,Unknown Lounge,Chicago O'Hare Airport,First Class,Unknown,0,2016-03-24,United States,4.0,5.0,5.0,4.0,,,5.0,1,Modern (2015-Present),Positive,0.9311,Pre Covid
1271,151,BA Arrivals Lounge,London Heathrow Airport,First Class,Unknown,0,2016-03-24,United States,5.0,5.0,5.0,5.0,,,5.0,1,Modern (2015-Present),Positive,0.1643,Pre Covid
1272,151,Unknown Lounge,London Gatwick Airport,Business Class,Business,0,2016-03-23,United Kingdom,2.0,1.0,1.0,1.0,2.0,1.0,2.0,0,Modern (2015-Present),Negative,-0.9017,Pre Covid
1273,151,Unknown Lounge,Rome Fiumicino Airport,Business Class,Business,0,2016-03-12,United Kingdom,3.0,1.0,1.0,1.0,2.0,4.0,1.0,1,Modern (2015-Present),Negative,-0.6595,Pre Covid
1274,151,First,Chicago O'Hare Airport,First Class,Unknown,0,2016-03-07,Australia,1.0,3.0,2.0,1.0,1.0,4.0,4.0,0,Modern (2015-Present),Positive,0.2591,Pre Covid
1275,151,Blue lounge,Lisbon Airport,Business Class,Business,0,2016-02-22,Portugal,2.0,2.0,1.0,1.0,1.0,3.0,2.0,0,Modern (2015-Present),Positive,0.6808,Pre Covid
1276,151,VIP lounge,Marrakech Airport,Business Class,Business,0,2016-02-21,United Kingdom,1.0,3.0,1.0,2.0,1.0,1.0,2.0,0,Modern (2015-Present),Positive,0.069,Pre Covid
1277,151,No 1 lounge,London Gatwick Airport,Business Class,Business,0,2016-02-20,United Kingdom,4.0,4.0,5.0,4.0,3.0,4.0,5.0,1,Modern (2015-Present),Positive,0.6236,Pre Covid
1278,151,T3 Lounge,London Heathrow Airport,Business Class,Business,0,2016-02-12,United Kingdom,1.0,1.0,1.0,1.0,1.0,3.0,1.0,0,Modern (2015-Present),Positive,0.8615,Pre Covid
1279,151,ProAir VIP lounge,Rio De Janeiro Airport,Business Class,Business,0,2016-02-11,United Kingdom,1.0,1.0,1.0,1.0,2.0,2.0,1.0,0,Modern (2015-Present),Negative,-0.2259,Pre Covid
1280,151,Unknown Lounge,London Heathrow Airport,Business Class,Business,0,2016-02-07,United Kingdom,4.0,4.0,4.0,4.0,5.0,4.0,4.0,1,Modern (2015-Present),Positive,0.8885,Pre Covid
1281,151,Galleries South T5,London Heathrow Airport,Business Class,Business,0,2016-02-06,United Kingdom,5.0,5.0,5.0,5.0,5.0,5.0,5.0,1,Modern (2015-Present),Positive,0.9768,Pre Covid
1282,151,Club Lounge Gate 15,Glasgow Airport,Business Class,Business,0,2016-02-06,United Kingdom,5.0,5.0,5.0,4.0,5.0,5.0,5.0,1,Modern (2015-Present),Positive,0.9258,Pre Covid
1283,151,Unknown Lounge,Dubai Airport,Frequent Flyer,Unknown,0,2016-02-03,United Kingdom,2.0,3.0,2.0,2.0,2.0,1.0,2.0,0,Modern (2015-Present),Negative,-0.5815,Pre Covid
1284,151,Unknown Lounge,Warsaw Chopin Airport,Frequent Flyer,Unknown,0,2016-02-03,United Kingdom,2.0,3.0,4.0,4.0,3.0,,,1,Modern (2015-Present),Positive,0.9284,Pre Covid
1285,151,Concorde Lounge,London Heathrow Airport,First Class,Unknown,0,2016-01-31,United Kingdom,4.0,3.0,3.0,1.0,4.0,4.0,4.0,0,Modern (2015-Present),Positive,0.9356,Pre Covid
1286,151,Galleries,London Heathrow Airport,Business Class,Business,0,2016-01-18,United Kingdom,4.0,4.0,4.0,3.0,4.0,4.0,1.0,1,Modern (2015-Present),Negative,-0.9011,Pre Covid
1287,151,Terminal 5 Zone A,London Heathrow Airport,Business Class,Business,0,2016-01-05,United Kingdom,3.0,3.0,,,3.0,,3.0,0,Modern (2015-Present),Positive,0.6121,Pre Covid
1288,151,Terminal 5 South Lounge,London Heathrow Airport,Business Class,Business,0,2015-12-31,United Kingdom,3.0,2.0,3.0,2.0,3.0,4.0,3.0,0,Modern (2015-Present),Negative,-0.821,Pre Covid
1289,151,Munich,Munich Airport,Business Class,Business,0,2015-12-23,Australia,2.0,2.0,2.0,1.0,1.0,1.0,1.0,0,Modern (2015-Present),Negative,-0.6951,Pre Covid
1290,151,Galleries Lounge,London Heathrow Airport,Business Class,Business,0,2015-12-12,United States,3.0,3.0,2.0,1.0,,,1.0,0,Modern (2015-Present),Negative,-0.9386,Pre Covid
1291,151,Gallery Lounge,London Heathrow Airport,Business Class,Business,0,2015-12-12,Germany,3.0,3.0,5.0,4.0,4.0,4.0,3.0,1,Modern (2015-Present),Positive,0.872,Pre Covid
1292,151,Concorde Lounge,London Heathrow Airport,First Class,Unknown,0,2015-11-26,United Kingdom,5.0,5.0,5.0,5.0,5.0,5.0,5.0,1,Modern (2015-Present),Positive,0.9229,Pre Covid
1293,151,Galleries Lounge,Washington Dulles Airport,Business Class,Business,0,2015-11-21,South Africa,4.0,5.0,4.0,4.0,5.0,5.0,4.0,1,Modern (2015-Present),Positive,0.9336,Pre Covid
1294,151,Oneworld,Los Angeles LAX Airport,Business Class,Business,0,2015-11-16,United Kingdom,4.0,4.0,1.0,3.0,5.0,5.0,3.0,0,Modern (2015-Present),Negative,-0.7323,Pre Covid
1295,151,Unknown Lounge,Cape Town Airport,First Class,Unknown,0,2015-11-15,United Kingdom,4.0,5.0,5.0,3.0,5.0,5.0,4.0,1,Modern (2015-Present),Positive,0.9184,Pre Covid
1296,151,Terminal 5 Galleries South,London Heathrow Airport,Business Class,Business,0,2015-11-15,United Kingdom,5.0,3.0,5.0,1.0,5.0,5.0,5.0,1,Modern (2015-Present),Negative,-0.8417,Pre Covid
1297,151,T5 Galleries South,London Heathrow Airport,Business Class,Business,0,2015-11-03,United Kingdom,2.0,1.0,4.0,2.0,,,1.0,0,Modern (2015-Present),Negative,-0.228,Pre Covid
1298,151,Unknown Lounge,Singapore Changi Airport,First Class,Unknown,0,2015-10-23,Singapore,1.0,1.0,,,,,,0,Modern (2015-Present),Negative,-0.4871,Pre Covid
1299,151,Unknown Lounge,London Heathrow Airport,Business Class,Business,0,2015-10-20,Australia,1.0,1.0,2.0,1.0,2.0,3.0,2.0,1,Modern (2015-Present),Negative,-0.862,Pre Covid
1300,151,T5 Galleries South,London Heathrow Airport,Business Class,Business,0,2015-10-16,United Kingdom,1.0,1.0,2.0,2.0,3.0,2.0,3.0,0,Modern (2015-Present),Negative,-0.9183,Pre Covid
1301,151,Unknown Lounge,London Heathrow Airport,Business Class,Business,0,2015-10-13,United Kingdom,3.0,3.0,5.0,1.0,,3.0,3.0,0,Modern (2015-Present),Negative,-0.502,Pre Covid
1302,151,Aena Miro,Barcelona Airport,Business Class,Business,0,2015-09-28,United Kingdom,4.0,2.0,3.0,2.0,1.0,1.0,2.0,0,Modern (2015-Present),Negative,-0.3818,Pre Covid
1303,151,Unknown Lounge,Boston Logan Airport,First Class,Unknown,0,2015-09-20,United Kingdom,1.0,1.0,1.0,1.0,1.0,1.0,3.0,0,Modern (2015-Present),Negative,-0.9023,Pre Covid
1304,151,Concorde Room,London Heathrow Airport,First Class,Unknown,0,2015-09-20,United Kingdom,2.0,3.0,3.0,2.0,4.0,3.0,4.0,0,Modern (2015-Present),Positive,0.088,Pre Covid
1305,151,Unknown Lounge,London Heathrow Airport,First Class,Unknown,0,2015-09-19,United Kingdom,4.0,3.0,5.0,3.0,2.0,5.0,4.0,1,Modern (2015-Present),Positive,0.9826,Pre Covid
1306,151,Unknown Lounge,Washington Dulles Airport,Business Class,Business,0,2015-09-18,United States,5.0,5.0,5.0,5.0,4.0,4.0,5.0,1,Modern (2015-Present),Positive,0.9674,Pre Covid
1307,151,T5 North and South,London Heathrow Airport,Business Class,Business,0,2015-09-08,United Kingdom,2.0,3.0,4.0,4.0,3.0,4.0,4.0,1,Modern (2015-Present),Positive,0.6364,Pre Covid
1308,151,Aspire,Zurich Airport,Business Class,Business,0,2015-09-08,Singapore,3.0,1.0,2.0,2.0,,3.0,2.0,0,Modern (2015-Present),Negative,-0.4767,Pre Covid
1309,151,Galleries,London Heathrow Airport,Business Class,Business,0,2015-09-07,United Kingdom,4.0,4.0,5.0,4.0,3.0,3.0,3.0,1,Modern (2015-Present),Positive,0.25,Pre Covid
1310,151,Unknown Lounge,London Heathrow Airport,Business Class,Business,0,2015-08-28,United Kingdom,4.0,4.0,4.0,3.0,4.0,5.0,4.0,1,Modern (2015-Present),Positive,0.8625,Pre Covid
1311,151,Unknown Lounge,Verona Airport,Business Class,Business,0,2015-08-24,United Kingdom,3.0,3.0,3.0,1.0,3.0,,1.0,1,Modern (2015-Present),Positive,0.7377,Pre Covid
1312,151,Unknown Lounge,London Heathrow Airport,Business Class,Business,0,2015-08-17,Canada,5.0,5.0,5.0,5.0,5.0,5.0,5.0,1,Modern (2015-Present),Positive,0.9538,Pre Covid
1313,151,Unknown Lounge,Washington Dulles Airport,Business Class,Business,0,2015-08-15,United Kingdom,5.0,5.0,5.0,4.0,,5.0,5.0,1,Modern (2015-Present),Positive,0.9382,Pre Covid
1314,151,Unknown Lounge,Miami Airport,Business Class,Business,0,2015-08-15,United Kingdom,4.0,5.0,4.0,4.0,4.0,5.0,5.0,1,Modern (2015-Present),Positive,0.9794,Pre Covid
1315,151,Unknown Lounge,Chicago O'Hare Airport,First Class,Unknown,0,2015-08-06,United Kingdom,1.0,5.0,2.0,1.0,,,5.0,1,Modern (2015-Present),Positive,0.2724,Pre Covid
1316,151,Galleries T5,London Heathrow Airport,Business Class,Business,0,2015-08-03,United Kingdom,2.0,2.0,5.0,1.0,1.0,3.0,1.0,0,Modern (2015-Present),Positive,0.7628,Pre Covid
1317,151,Business Lounge T3,London Heathrow Airport,Business Class,Business,0,2015-08-02,United Kingdom,2.0,1.0,4.0,1.0,3.0,4.0,1.0,0,Modern (2015-Present),Negative,-0.9011,Pre Covid
1318,151,Unknown Lounge,Rome Fiumicino Airport,Business Class,Business,0,2015-07-24,United Kingdom,1.0,1.0,,,,,,1,Modern (2015-Present),Negative,-0.8673,Pre Covid
1319,151,Jet Lounge,Vienna Airport,Business Class,Business,0,2015-07-22,United Kingdom,3.0,4.0,5.0,4.0,3.0,4.0,5.0,1,Modern (2015-Present),Positive,0.9392,Pre Covid
1320,151,Concorde,London Heathrow Airport,First Class,Unknown,0,2015-07-19,United Kingdom,4.0,4.0,4.0,3.0,1.0,3.0,3.0,0,Modern (2015-Present),Positive,0.5598,Pre Covid
1321,151,Unknown Lounge,Chicago O'Hare Airport,First Class,Unknown,0,2015-07-17,United Kingdom,3.0,2.0,2.0,1.0,3.0,,3.0,0,Modern (2015-Present),Neutral,-0.0296,Pre Covid
1322,151,Unknown Lounge,Philadelphia Airport,Business Class,Business,0,2015-07-12,Malaysia,4.0,3.0,4.0,1.0,2.0,4.0,4.0,0,Modern (2015-Present),Positive,0.7845,Pre Covid
1323,151,Unknown Lounge,Rome Fiumicino Airport,Business Class,Business,0,2015-07-07,United Kingdom,1.0,1.0,,,,,,0,Modern (2015-Present),Negative,-0.8885,Pre Covid
1324,151,Galleries Lounge,London Heathrow Airport,Business Class,Business,0,2015-06-23,United Kingdom,1.0,3.0,2.0,2.0,2.0,5.0,2.0,1,Modern (2015-Present),Negative,-0.3616,Pre Covid
1325,151,Club ATL,Atlanta Hartsfield Airport,Business Class,Business,0,2015-06-22,United Kingdom,4.0,4.0,5.0,4.0,4.0,4.0,5.0,1,Modern (2015-Present),Positive,0.836,Pre Covid
1326,151,Galleries T5 North,London Heathrow Airport,Business Class,Business,0,2015-06-18,United States,4.0,5.0,5.0,4.0,5.0,5.0,5.0,1,Modern (2015-Present),Positive,0.9665,Pre Covid
1327,151,Club Europe,Amsterdam Schiphol Airport,Business Class,Business,0,2015-06-12,United Kingdom,3.0,1.0,1.0,1.0,4.0,1.0,,0,Modern (2015-Present),Negative,-0.8122,Pre Covid
1328,151,Unknown Lounge,Amsterdam Schiphol Airport,Business Class,Business,0,2015-06-05,United Kingdom,1.0,3.0,2.0,1.0,1.0,1.0,1.0,0,Modern (2015-Present),Negative,-0.971,Pre Covid
1329,151,Unknown Lounge,London Gatwick Airport,Business Class,Business,0,2015-06-03,United Kingdom,4.0,4.0,3.0,3.0,4.0,4.0,5.0,1,Modern (2015-Present),Positive,0.9823,Pre Covid
1330,151,Unknown Lounge,Glasgow Prestwick Airport,Business Class,Business,0,2015-05-31,United Kingdom,5.0,4.0,4.0,3.0,3.0,5.0,4.0,1,Modern (2015-Present),Positive,0.9073,Pre Covid
1331,151,Unknown Lounge,Amsterdam Schiphol Airport,Business Class,Business,0,2015-05-29,Netherlands,3.0,3.0,2.0,2.0,3.0,3.0,3.0,0,Modern (2015-Present),Negative,-0.6553,Pre Covid
1332,151,Unknown Lounge,Alicante Airport,Business Class,Business,0,2015-05-29,United Kingdom,3.0,4.0,2.0,1.0,2.0,1.0,3.0,0,Modern (2015-Present),Negative,-0.4218,Pre Covid
1333,151,Unknown Lounge,Lisbon Airport,Business Class,Business,0,2015-05-29,United Kingdom,1.0,2.0,2.0,1.0,2.0,2.0,1.0,0,Modern (2015-Present),Negative,-0.8688,Pre Covid
1334,151,Unknown Lounge,London Heathrow Airport,Business Class,Business,0,2015-05-29,United Kingdom,4.0,5.0,5.0,2.0,4.0,4.0,4.0,1,Modern (2015-Present),Positive,0.977,Pre Covid
1335,151,Unknown Lounge,Dubai Airport,Business Class,Business,0,2015-05-29,United Kingdom,5.0,4.0,4.0,4.0,3.0,3.0,4.0,1,Modern (2015-Present),Positive,0.8286,Pre Covid
1336,151,TAM First / Business,Sao Paulo Guarulhos Airport,Business Class,Business,0,2015-05-09,Brazil,2.0,2.0,2.0,1.0,1.0,1.0,2.0,0,Modern (2015-Present),Negative,-0.8622,Pre Covid
1337,151,Salon Des Vignobles,Bordeaux Airport,Business Class,Business,0,2015-05-09,United Kingdom,4.0,3.0,3.0,3.0,1.0,2.0,1.0,0,Modern (2015-Present),Positive,0.9047,Pre Covid
1338,151,Unknown Lounge,Amsterdam Schiphol Airport,Business Class,Business,0,2015-05-09,United Kingdom,1.0,4.0,1.0,1.0,1.0,3.0,5.0,0,Modern (2015-Present),Positive,0.0854,Pre Covid
1339,151,Galleries Lounge,Edinburgh Airport,Unknown,Unknown,0,2015-05-09,Canada,4.0,5.0,5.0,3.0,4.0,4.0,5.0,1,Modern (2015-Present),Positive,0.9746,Pre Covid
1340,151,Terraces Lounge,London Gatwick Airport,Unknown,Unknown,0,2015-05-09,Canada,1.0,3.0,5.0,4.0,4.0,4.0,5.0,1,Modern (2015-Present),Positive,0.9782,Pre Covid
1341,151,Galleries Lounge,London Heathrow Airport,Business Class,Business,0,2015-05-09,Brazil,3.0,3.0,3.0,3.0,3.0,4.0,4.0,1,Modern (2015-Present),Positive,0.8225,Pre Covid
1342,151,Unknown Lounge,London Heathrow Airport,Business Class,Business,0,2015-05-09,United Kingdom,1.0,1.0,1.0,1.0,1.0,1.0,1.0,0,Modern (2015-Present),Neutral,0.0034,Pre Covid
1343,151,Blue Lounge,Lisbon Airport,Business Class,Business,0,2015-04-02,United Kingdom,1.0,1.0,1.0,1.0,1.0,1.0,1.0,0,Modern (2015-Present),Negative,-0.8393,Pre Covid
1344,151,Unknown Lounge,Vancouver Airport,Business Class,Business,0,2015-04-02,Canada,4.0,5.0,5.0,4.0,5.0,5.0,5.0,1,Modern (2015-Present),Positive,0.9834,Pre Covid
1345,151,Unknown Lounge,Rome Fiumicino Airport,Business Class,Business,0,2015-03-24,United Kingdom,5.0,5.0,4.0,4.0,4.0,4.0,4.0,1,Modern (2015-Present),Positive,0.9501,Pre Covid
1346,151,Unknown Lounge,London Heathrow Airport,Business Class,Business,0,2015-03-01,United Kingdom,2.0,1.0,2.0,1.0,1.0,2.0,3.0,0,Modern (2015-Present),Negative,-0.8832,Pre Covid
1347,151,Unknown Lounge,London Heathrow Airport,Business Class,Business,0,2015-02-21,United States,1.0,1.0,1.0,1.0,1.0,1.0,3.0,0,Modern (2015-Present),Negative,-0.7615,Pre Covid
1348,151,Unknown Lounge,London Heathrow Airport,Business Class,Business,0,2015-02-07,United Kingdom,1.0,1.0,1.0,1.0,1.0,1.0,1.0,0,Modern (2015-Present),Negative,-0.1779,Pre Covid
1349,151,Unknown Lounge,Amsterdam Schiphol Airport,Business Class,Business,0,2015-02-04,United Kingdom,1.0,2.0,1.0,1.0,1.0,1.0,1.0,0,Modern (2015-Present),Negative,-0.7798,Pre Covid
1350,151,Unknown Lounge,London Heathrow Airport,Business Class,Business,0,2015-01-30,United Kingdom,1.0,2.0,2.0,1.0,1.0,2.0,1.0,0,Modern (2015-Present),Positive,0.8658,Pre Covid
1351,151,Unknown Lounge,London Heathrow Airport,Business Class,Business,0,2015-01-30,United Kingdom,2.0,1.0,2.0,1.0,1.0,2.0,1.0,0,Modern (2015-Present),Negative,-0.8779,Pre Covid
1352,151,Sea Pro Air,Rio De Janeiro Airport,Business Class,Business,0,2015-01-27,United Kingdom,1.0,2.0,2.0,1.0,1.0,1.0,1.0,0,Modern (2015-Present),Negative,-0.939,Pre Covid
1353,151,Club Europe,Amsterdam Schiphol Airport,Business Class,Business,0,2015-01-02,United Kingdom,2.0,4.0,2.0,2.0,1.0,4.0,4.0,0,Modern (2015-Present),Negative,-0.0516,Pre Covid
1354,151,Galleries Lounge,Athens Airport,Business Class,Business,0,2015-01-02,United Kingdom,4.0,5.0,4.0,3.0,1.0,5.0,4.0,1,Modern (2015-Present),Positive,0.9765,Pre Covid
1355,151,Concorde,London Heathrow Airport,First Class,Unknown,0,2015-01-02,United Kingdom,5.0,5.0,5.0,5.0,5.0,3.0,5.0,1,Modern (2015-Present),Positive,0.9412,Pre Covid
1356,151,Unknown Lounge,Singapore Changi Airport,Business Class,Business,0,2015-01-02,United Kingdom,5.0,5.0,5.0,4.0,5.0,5.0,5.0,1,Modern (2015-Present),Positive,0.6597,Pre Covid
1357,151,Unknown Lounge,Rome Fiumicino Airport,Business Class,Business,0,2015-01-02,United Kingdom,5.0,4.0,4.0,3.0,3.0,1.0,3.0,1,Modern (2015-Present),Positive,0.4468,Pre Covid
1358,151,Chinook Lounge,New York JFK Airport,Business Class,Business,0,2015-01-02,United Kingdom,1.0,1.0,3.0,3.0,3.0,4.0,3.0,0,Modern (2015-Present),Negative,-0.8513,Pre Covid
1359,151,Chinook Lounge,Calgary Airport,Business Class,Business,0,2015-01-02,United Kingdom,2.0,3.0,1.0,1.0,3.0,2.0,2.0,0,Modern (2015-Present),Negative,-0.9117,Pre Covid
1360,151,Unknown Lounge,Toulouse Airport,Business Class,Business,0,2015-01-02,United Kingdom,1.0,2.0,2.0,1.0,1.0,3.0,2.0,0,Modern (2015-Present),Negative,-0.7901,Pre Covid
1361,151,Galleries Lounge,London Heathrow Airport,First Class,Unknown,0,2014-11-19,Australia,1.0,2.0,1.0,1.0,1.0,2.0,2.0,0,Historical (Pre-2015),Negative,-0.0507,Pre Covid
1362,151,Delta Sky,Orlando Airport,Business Class,Business,0,2014-11-19,United Kingdom,3.0,3.0,3.0,3.0,3.0,4.0,3.0,0,Historical (Pre-2015),Positive,0.5525,Pre Covid
1363,151,Iberia Lounge,Madrid Barajas Airport,Business Class,Business,0,2014-10-28,United Kingdom,4.0,4.0,4.0,4.0,4.0,4.0,4.0,1,Historical (Pre-2015),Positive,0.9819,Pre Covid
1364,151,Unknown Lounge,Mumbai Airport,Business Class,Business,0,2014-10-28,United Kingdom,4.0,5.0,2.0,2.0,1.0,1.0,3.0,0,Historical (Pre-2015),Negative,-0.3369,Pre Covid
1365,151,Galleries Lounge,London Heathrow Airport,Business Class,Business,0,2014-10-22,Unknown,3.0,4.0,4.0,4.0,3.0,5.0,3.0,1,Historical (Pre-2015),Positive,0.8078,Pre Covid
1366,151,Unknown Lounge,Philadelphia Airport,Business Class,Business,0,2014-10-04,United Kingdom,4.0,4.0,3.0,4.0,3.0,4.0,4.0,1,Historical (Pre-2015),Negative,-0.5106,Pre Covid
1367,151,Unknown Lounge,Rome Fiumicino Airport,Business Class,Business,0,2014-10-04,United Kingdom,1.0,1.0,1.0,1.0,1.0,1.0,1.0,0,Historical (Pre-2015),Negative,-0.6316,Pre Covid
1368,151,Unknown Lounge,Singapore Changi Airport,Business Class,Business,0,2014-10-04,United Kingdom,4.0,4.0,3.0,3.0,4.0,4.0,4.0,1,Historical (Pre-2015),Positive,0.1718,Pre Covid
1369,151,Terraces Lounge,London Gatwick Airport,Unknown,Unknown,0,2014-10-04,United Kingdom,2.0,3.0,3.0,3.0,3.0,5.0,2.0,0,Historical (Pre-2015),Positive,0.8501,Pre Covid
1370,151,Prime Class,Istanbul Airport,Business Class,Business,0,2014-10-04,Canada,1.0,1.0,1.0,1.0,3.0,3.0,1.0,0,Historical (Pre-2015),Negative,-0.9073,Pre Covid
1371,151,Unknown Lounge,London Heathrow Airport,First Class,Unknown,0,2014-10-04,Spain,2.0,2.0,2.0,2.0,1.0,2.0,2.0,0,Historical (Pre-2015),Negative,-0.3774,Pre Covid
1372,151,Sala VIP,Barcelona Airport,Business Class,Business,0,2014-10-04,United Kingdom,4.0,3.0,5.0,1.0,3.0,1.0,2.0,1,Historical (Pre-2015),Positive,0.9913,Pre Covid
1373,151,Unknown Lounge,London Heathrow Airport,Business Class,Business,0,2014-10-04,Australia,3.0,3.0,4.0,3.0,4.0,4.0,4.0,1,Historical (Pre-2015),Negative,-0.4019,Pre Covid
1374,151,Galleries Lounge,London Heathrow Airport,Business Class,Business,0,2014-10-04,United Arab Emirates,2.0,2.0,1.0,2.0,2.0,3.0,1.0,0,Historical (Pre-2015),Negative,-0.8826,Pre Covid
1375,151,Unknown Lounge,Hannover Airport,Business Class,Business,0,2014-10-04,United Kingdom,1.0,3.0,1.0,1.0,1.0,1.0,1.0,0,Historical (Pre-2015),Positive,0.1082,Pre Covid
1376,151,Unknown Lounge,Amsterdam Schiphol Airport,Business Class,Business,0,2014-10-04,United Kingdom,2.0,4.0,2.0,1.0,1.0,4.0,3.0,0,Historical (Pre-2015),Positive,0.1439,Pre Covid
1377,151,Terraces Lounge,London Heathrow Airport,Business Class,Business,0,2014-10-04,United Kingdom,3.0,3.0,3.0,2.0,3.0,5.0,3.0,1,Historical (Pre-2015),Positive,0.7613,Pre Covid
1378,151,Concorde,London Heathrow Airport,Unknown,Unknown,0,2014-08-30,United Kingdom,5.0,5.0,5.0,5.0,5.0,3.0,5.0,1,Historical (Pre-2015),Positive,0.9938,Pre Covid
1379,151,Unknown Lounge,Singapore Changi Airport,Business Class,Business,0,2014-08-30,United Kingdom,2.0,4.0,1.0,1.0,3.0,1.0,1.0,0,Historical (Pre-2015),Negative,-0.5887,Pre Covid
1380,151,Terraces Lounge,London Gatwick Airport,Unknown,Unknown,0,2014-08-21,United Kingdom,2.0,2.0,2.0,1.0,2.0,2.0,2.0,0,Historical (Pre-2015),Positive,0.9487,Pre Covid
1381,151,Unknown Lounge,London Gatwick Airport,First Class,Unknown,0,2014-08-21,United Kingdom,1.0,3.0,3.0,1.0,1.0,4.0,3.0,0,Historical (Pre-2015),Negative,-0.325,Pre Covid
1382,151,Unknown Lounge,London Heathrow Airport,Business Class,Business,0,2014-08-21,Australia,1.0,1.0,1.0,1.0,1.0,1.0,1.0,0,Historical (Pre-2015),Positive,0.7946,Pre Covid
1383,151,Galleries Lounge,London Heathrow Airport,Unknown,Unknown,0,2014-08-21,United Kingdom,4.0,4.0,4.0,4.0,3.0,3.0,4.0,1,Historical (Pre-2015),Positive,0.7579,Pre Covid
1384,151,Unknown Lounge,Toronto Pearson Airport,Business Class,Business,0,2014-08-21,United Kingdom,5.0,5.0,5.0,5.0,4.0,2.0,5.0,1,Historical (Pre-2015),Positive,0.9828,Pre Covid
1385,151,Concorde,London Heathrow Airport,Unknown,Unknown,0,2014-08-12,United Kingdom,2.0,2.0,4.0,4.0,4.0,4.0,2.0,0,Historical (Pre-2015),Positive,0.9518,Pre Covid
1386,151,DAN Lounge,Tel Aviv Airport,Business Class,Business,0,2014-08-05,United Kingdom,1.0,1.0,2.0,2.0,2.0,2.0,2.0,0,Historical (Pre-2015),Positive,0.8481,Pre Covid
1387,151,Unknown Lounge,Unknown,First Class,Unknown,0,2014-08-05,United Kingdom,3.0,4.0,2.0,4.0,3.0,4.0,2.0,0,Historical (Pre-2015),Negative,-0.7239,Pre Covid
1388,151,Galleries Lounge,Vancouver Airport,Business Class,Business,0,2014-08-05,Switzerland,4.0,4.0,4.0,3.0,3.0,5.0,5.0,1,Historical (Pre-2015),Positive,0.5718,Pre Covid
1389,151,Terraces Lounge,London Gatwick Airport,Unknown,Unknown,0,2014-08-02,United Kingdom,4.0,5.0,4.0,1.0,3.0,5.0,5.0,0,Historical (Pre-2015),Positive,0.2957,Pre Covid
1390,151,Terraces Lounge,Manchester Airport,Unknown,Unknown,0,2014-08-02,United Kingdom,5.0,5.0,5.0,4.0,5.0,5.0,5.0,1,Historical (Pre-2015),Positive,0.6369,Pre Covid
1391,151,Galleries Lounge,Glasgow Prestwick Airport,Unknown,Unknown,0,2014-08-02,United Kingdom,5.0,5.0,5.0,5.0,5.0,5.0,5.0,1,Historical (Pre-2015),Positive,0.7343,Pre Covid
1392,151,Unknown Lounge,London Heathrow Airport,Business Class,Business,0,2014-08-02,United Kingdom,3.0,3.0,3.0,1.0,3.0,1.0,3.0,0,Historical (Pre-2015),Negative,-0.5106,Pre Covid
1393,151,Unknown Lounge,Miami Airport,Business Class,Business,0,2014-08-02,United States,3.0,3.0,3.0,3.0,3.0,2.0,1.0,0,Historical (Pre-2015),Positive,0.3314,Pre Covid
1394,151,Unknown Lounge,Amsterdam Schiphol Airport,Business Class,Business,0,2014-08-02,Australia,4.0,4.0,4.0,3.0,1.0,2.0,3.0,0,Historical (Pre-2015),Negative,-0.7899,Pre Covid
1395,151,Terraces Lounge,London Heathrow Airport,Unknown,Unknown,0,2014-08-02,United States,3.0,1.0,2.0,1.0,2.0,3.0,1.0,0,Historical (Pre-2015),Negative,-0.0945,Pre Covid
1396,151,Unknown Lounge,Rome Fiumicino Airport,Business Class,Business,0,2014-08-02,United States,1.0,3.0,1.0,1.0,1.0,1.0,3.0,0,Historical (Pre-2015),Negative,-0.25,Pre Covid
1397,151,Unknown Lounge,London Heathrow Airport,Business Class,Business,0,2014-06-04,United Kingdom,1.0,1.0,1.0,2.0,1.0,4.0,1.0,0,Historical (Pre-2015),Negative,-0.8793,Pre Covid
1398,151,Terraces Lounge,London Gatwick Airport,Business Class,Business,0,2014-05-28,United Kingdom,3.0,3.0,5.0,2.0,2.0,4.0,3.0,0,Historical (Pre-2015),Positive,0.9813,Pre Covid
1399,151,Galleries Lounge,Geneva Airport,Business Class,Business,0,2014-05-28,United Kingdom,4.0,4.0,4.0,3.0,3.0,4.0,4.0,1,Historical (Pre-2015),Positive,0.9567,Pre Covid
1400,151,Iberia Lounge,Madrid Barajas Airport,Business Class,Business,0,2014-05-28,United Kingdom,4.0,2.0,1.0,1.0,4.0,2.0,1.0,0,Historical (Pre-2015),Positive,0.9573,Pre Covid
1401,151,Galleries Lounge,Rome Fiumicino Airport,Business Class,Business,0,2014-05-28,United Kingdom,1.0,3.0,1.0,1.0,3.0,1.0,1.0,0,Historical (Pre-2015),Negative,-0.4005,Pre Covid
1402,151,Galleries Lounge,London Heathrow Airport,Business Class,Business,0,2014-05-28,United Kingdom,5.0,5.0,5.0,5.0,5.0,4.0,5.0,1,Historical (Pre-2015),Positive,0.9949,Pre Covid
1403,151,Concorde,London Heathrow Airport,First Class,Unknown,0,2014-05-12,United Kingdom,5.0,5.0,5.0,5.0,5.0,5.0,5.0,1,Historical (Pre-2015),Positive,0.9747,Pre Covid
1404,151,The Club,Atlanta Hartsfield Airport,Business Class,Business,0,2014-05-01,United Kingdom,4.0,5.0,4.0,3.0,5.0,5.0,5.0,1,Historical (Pre-2015),Positive,0.9117,Pre Covid
1405,151,Unknown Lounge,Rome Fiumicino Airport,Business Class,Business,0,2014-05-01,United States,1.0,2.0,4.0,1.0,2.0,1.0,2.0,0,Historical (Pre-2015),Positive,0.7144,Pre Covid
1406,151,Le Anfore,Rome Fiumicino Airport,Business Class,Business,0,2014-04-22,United Kingdom,3.0,3.0,2.0,1.0,1.0,2.0,1.0,0,Historical (Pre-2015),Negative,-0.7169,Pre Covid
1407,151,Club Valetta,Malta Airport,Business Class,Business,0,2014-04-22,United Kingdom,5.0,5.0,4.0,4.0,4.0,5.0,4.0,1,Historical (Pre-2015),Positive,0.9081,Pre Covid
1408,151,Unknown Lounge,Sofia Airport,Business Class,Business,0,2014-04-16,United Kingdom,3.0,4.0,3.0,1.0,1.0,2.0,1.0,0,Historical (Pre-2015),Negative,-0.8112,Pre Covid
1409,151,Unknown Lounge,Oslo Airport,Business Class,Business,0,2014-04-14,Norway,4.0,4.0,3.0,2.0,3.0,5.0,4.0,1,Historical (Pre-2015),Positive,0.9467,Pre Covid
1410,151,Terraces Lounge,London Heathrow Airport,Business Class,Business,0,2014-03-30,United Kingdom,3.0,4.0,2.0,2.0,3.0,4.0,4.0,0,Historical (Pre-2015),Negative,-0.3802,Pre Covid
1411,151,Galleries Lounge,London Heathrow Airport,Business Class,Business,0,2014-03-30,Norway,4.0,2.0,2.0,2.0,2.0,4.0,3.0,0,Historical (Pre-2015),Negative,-0.6159,Pre Covid
1412,151,Terraces Lounge,Jersey Airport,Business Class,Business,0,2014-03-30,United Kingdom,4.0,5.0,5.0,4.0,3.0,3.0,3.0,1,Historical (Pre-2015),Negative,-0.428,Pre Covid
1413,151,Unknown Lounge,London Heathrow Airport,First Class,Unknown,0,2014-03-11,France,5.0,5.0,5.0,5.0,5.0,5.0,5.0,1,Historical (Pre-2015),Positive,0.9826,Pre Covid
1414,151,Galleries Lounge,Newark Airport,Business Class,Business,0,2014-02-07,United Kingdom,5.0,5.0,5.0,5.0,4.0,5.0,5.0,1,Historical (Pre-2015),Positive,0.9719,Pre Covid
1415,151,Terraces Lounge,London Gatwick Airport,Business Class,Business,0,2014-02-07,United Kingdom,4.0,4.0,4.0,3.0,4.0,5.0,3.0,1,Historical (Pre-2015),Positive,0.6337,Pre Covid
1416,151,Galleries Lounge,Unknown,Business Class,Business,0,2014-01-29,United Kingdom,2.0,2.0,2.0,2.0,1.0,3.0,1.0,0,Historical (Pre-2015),Negative,-0.2428,Pre Covid
1417,151,Galleries Lounge,London Heathrow Airport,Business Class,Business,0,2014-01-29,United Kingdom,3.0,3.0,3.0,2.0,3.0,3.0,3.0,0,Historical (Pre-2015),Positive,0.794,Pre Covid
1418,151,JAL Sakura,Tokyo Narita Airport,Business Class,Business,0,2014-01-29,United Kingdom,4.0,4.0,4.0,4.0,4.0,4.0,5.0,1,Historical (Pre-2015),Positive,0.8316,Pre Covid
1419,151,Unknown Lounge,Turin Airport,Business Class,Business,0,2014-01-21,United Kingdom,1.0,3.0,1.0,1.0,2.0,3.0,1.0,0,Historical (Pre-2015),Negative,-0.875,Pre Covid
1420,151,Unknown Lounge,St Louis Airport,Business Class,Business,0,2014-01-21,United Kingdom,3.0,4.0,3.0,2.0,4.0,4.0,4.0,1,Historical (Pre-2015),Positive,0.9249,Pre Covid
1421,151,Unknown Lounge,London Gatwick Airport,First Class,Unknown,0,2014-01-17,United Kingdom,3.0,1.0,1.0,1.0,5.0,5.0,1.0,0,Historical (Pre-2015),Negative,-0.988,Pre Covid
1422,151,Galleries Lounge,London Heathrow Airport,Business Class,Business,0,2014-01-10,United Kingdom,3.0,3.0,4.0,1.0,3.0,5.0,3.0,1,Historical (Pre-2015),Positive,0.661,Pre Covid
1423,151,Terraces Lounge,Aberdeen Airport,Business Class,Business,0,2014-01-10,United Kingdom,4.0,5.0,4.0,4.0,,5.0,5.0,1,Historical (Pre-2015),Positive,0.3818,Pre Covid
1424,151,Piemonte Lounge,Turin Airport,Business Class,Business,0,2014-01-10,United Kingdom,4.0,2.0,1.0,1.0,4.0,1.0,1.0,0,Historical (Pre-2015),Negative,-0.731,Pre Covid
1425,151,Concorde,London Heathrow Airport,First Class,Unknown,0,2014-01-06,Qatar,2.0,3.0,3.0,1.0,2.0,3.0,1.0,0,Historical (Pre-2015),Neutral,0.0258,Pre Covid
1426,151,Galleries Lounge,London Heathrow Airport,Business Class,Business,0,2013-12-30,United Kingdom,4.0,4.0,5.0,3.0,4.0,5.0,4.0,1,Historical (Pre-2015),Positive,0.9929,Pre Covid
1427,151,Galleries Lounge,London Heathrow Airport,Business Class,Business,0,2013-12-30,United Kingdom,5.0,5.0,5.0,4.0,5.0,4.0,4.0,1,Historical (Pre-2015),Positive,0.9451,Pre Covid
1428,151,Unknown Lounge,Madrid Barajas Airport,Business Class,Business,0,2013-12-30,United Kingdom,4.0,4.0,4.0,3.0,4.0,3.0,4.0,1,Historical (Pre-2015),Positive,0.9928,Pre Covid
1429,151,Terraces Lounge,Rome Fiumicino Airport,Business Class,Business,0,2013-12-23,United Kingdom,3.0,3.0,1.0,,2.0,5.0,2.0,0,Historical (Pre-2015),Negative,-0.4927,Pre Covid
1430,151,Terraces Lounge,New York JFK Airport,Business Class,Business,0,2013-12-23,United Kingdom,3.0,3.0,2.0,1.0,4.0,4.0,3.0,0,Historical (Pre-2015),Negative,-0.8074,Pre Covid
1431,151,Unknown Lounge,London City Airport,Business Class,Business,0,2013-12-23,United Kingdom,4.0,4.0,4.0,4.0,3.0,,4.0,1,Historical (Pre-2015),Positive,0.9136,Pre Covid
1432,151,Unknown Lounge,New York JFK Airport,First Class,Unknown,0,2013-11-22,United States,1.0,2.0,3.0,1.0,3.0,4.0,1.0,0,Historical (Pre-2015),Positive,0.4696,Pre Covid
1433,151,Galleries Lounge,Johannesburg Airport,First Class,Unknown,0,2013-11-22,United States,1.0,1.0,1.0,1.0,3.0,1.0,1.0,0,Historical (Pre-2015),Negative,-0.9336,Pre Covid
1434,151,Unknown Lounge,Barcelona Airport,Business Class,Business,0,2013-11-15,United Kingdom,2.0,4.0,4.0,3.0,4.0,2.0,3.0,0,Historical (Pre-2015),Positive,0.3491,Pre Covid
1435,151,Galleries Lounge,London Gatwick Airport,Business Class,Business,0,2013-11-15,United Kingdom,3.0,4.0,4.0,4.0,3.0,4.0,4.0,1,Historical (Pre-2015),Negative,-0.7265,Pre Covid
1436,151,Inn at Atlanta,Atlanta Hartsfield Airport,Business Class,Business,0,2013-11-15,United Kingdom,3.0,3.0,3.0,3.0,3.0,4.0,3.0,0,Historical (Pre-2015),Neutral,-0.0378,Pre Covid
1437,151,Plaza Premium,Toronto Pearson Airport,Unknown,Unknown,0,2013-10-06,Canada,4.0,4.0,3.0,2.0,4.0,3.0,2.0,0,Historical (Pre-2015),Positive,0.908,Pre Covid
1438,151,Galleries Lounge,London Heathrow Airport,Business Class,Business,0,2013-10-06,United States,5.0,5.0,5.0,5.0,5.0,5.0,5.0,1,Historical (Pre-2015),Positive,0.9647,Pre Covid
1439,151,La Croix du Sud,Toulouse Airport,Business Class,Business,0,2013-10-06,United Kingdom,4.0,4.0,4.0,3.0,,4.0,3.0,1,Historical (Pre-2015),Positive,0.8479,Pre Covid
1440,151,Terraces Lounge,London Gatwick Airport,Business Class,Business,0,2013-10-06,United Kingdom,4.0,3.0,4.0,3.0,3.0,4.0,3.0,1,Historical (Pre-2015),Positive,0.4413,Pre Covid
1441,151,Concorde,London Heathrow Airport,First Class,Unknown,0,2013-10-06,United Kingdom,5.0,5.0,5.0,4.0,5.0,5.0,5.0,1,Historical (Pre-2015),Positive,0.974,Pre Covid
1442,151,Galleries Lounge,London Heathrow Airport,Business Class,Business,0,2013-10-06,United Kingdom,5.0,5.0,5.0,5.0,5.0,5.0,4.0,1,Historical (Pre-2015),Positive,0.875,Pre Covid
1443,151,Unknown Lounge,Bangkok Suvarnabhumi Airport,First Class,Unknown,0,2013-10-06,United Kingdom,4.0,4.0,4.0,4.0,,1.0,5.0,1,Historical (Pre-2015),Positive,0.8124,Pre Covid
1444,151,Unknown Lounge,London Heathrow Airport,Business Class,Business,0,2013-10-06,United Kingdom,2.0,2.0,3.0,2.0,3.0,3.0,4.0,0,Historical (Pre-2015),Negative,-0.531,Pre Covid
1445,151,Le Anfore,Rome Fiumicino Airport,Business Class,Business,0,2013-10-06,Australia,3.0,3.0,3.0,1.0,3.0,4.0,2.0,0,Historical (Pre-2015),Neutral,0.0402,Pre Covid
1446,151,Unknown Lounge,Philadelphia Airport,First Class,Unknown,0,2013-09-15,United Kingdom,2.0,3.0,2.0,2.0,3.0,1.0,2.0,0,Historical (Pre-2015),Negative,-0.7148,Pre Covid
1447,151,Unknown Lounge,Toronto Pearson Airport,Business Class,Business,0,2013-08-14,United Kingdom,5.0,5.0,5.0,5.0,4.0,4.0,5.0,1,Historical (Pre-2015),Positive,0.9784,Pre Covid
1448,151,Galleries Lounge,London Heathrow Airport,Business Class,Business,0,2013-07-31,United Kingdom,5.0,4.0,4.0,4.0,4.0,5.0,4.0,1,Historical (Pre-2015),Positive,0.8955,Pre Covid
1449,151,Concorde,London Heathrow Airport,First Class,Unknown,0,2013-07-31,France,5.0,5.0,5.0,4.0,4.0,5.0,4.0,1,Historical (Pre-2015),Positive,0.9832,Pre Covid
1450,151,Concorde,New York JFK Airport,First Class,Unknown,0,2013-07-31,France,5.0,5.0,5.0,5.0,4.0,5.0,5.0,1,Historical (Pre-2015),Positive,0.9823,Pre Covid
1451,151,Terraces Lounge,Dubai Airport,Business Class,Business,0,2013-07-07,United States,5.0,5.0,4.0,3.0,3.0,4.0,5.0,1,Historical (Pre-2015),Positive,0.9819,Pre Covid
1452,151,Terraces Lounge,Edinburgh Airport,Business Class,Business,0,2013-07-07,Australia,4.0,4.0,5.0,4.0,1.0,3.0,4.0,1,Historical (Pre-2015),Positive,0.3818,Pre Covid
1453,151,Galleries Lounge,London Heathrow Airport,Business Class,Business,0,2013-07-07,South Africa,5.0,5.0,5.0,5.0,5.0,4.0,4.0,1,Historical (Pre-2015),Positive,0.9607,Pre Covid
1454,151,Galleries Lounge,London Heathrow Airport,First Class,Unknown,0,2013-07-07,Australia,4.0,3.0,3.0,1.0,2.0,3.0,1.0,0,Historical (Pre-2015),Negative,-0.8721,Pre Covid
1455,151,Concorde,London Heathrow Airport,First Class,Unknown,0,2013-07-07,United Kingdom,4.0,4.0,3.0,1.0,3.0,1.0,3.0,0,Historical (Pre-2015),Negative,-0.6468,Pre Covid
1456,151,Concorde,London Heathrow Airport,First Class,Unknown,0,2013-07-07,United Kingdom,2.0,1.0,2.0,3.0,3.0,,1.0,0,Historical (Pre-2015),Negative,-0.1838,Pre Covid
1457,151,Galleries Lounge,London Heathrow Airport,First Class,Unknown,0,2013-07-07,United Kingdom,5.0,5.0,4.0,4.0,4.0,4.0,4.0,1,Historical (Pre-2015),Positive,0.9269,Pre Covid
1458,151,Concorde,London Heathrow Airport,First Class,Unknown,0,2013-05-29,United Kingdom,4.0,4.0,3.0,3.0,3.0,5.0,3.0,0,Historical (Pre-2015),Negative,-0.6559,Pre Covid
1459,151,Bolero,Warsaw Chopin Airport,Business Class,Business,0,2013-05-29,United Kingdom,3.0,4.0,4.0,2.0,4.0,3.0,4.0,0,Historical (Pre-2015),Negative,-0.836,Pre Covid
1460,151,Galleries Lounge,Rome Fiumicino Airport,Business Class,Business,0,2013-05-29,United Kingdom,4.0,4.0,3.0,3.0,,,4.0,1,Historical (Pre-2015),Negative,-0.5725,Pre Covid
1461,151,Galleries Lounge,London Gatwick Airport,Business Class,Business,0,2013-05-29,United Kingdom,4.0,4.0,5.0,3.0,,4.0,4.0,1,Historical (Pre-2015),Positive,0.4627,Pre Covid
1462,151,Joan Miro,Barcelona Airport,Business Class,Business,0,2013-04-16,United Kingdom,5.0,5.0,4.0,3.0,3.0,2.0,3.0,1,Historical (Pre-2015),Positive,0.9482,Pre Covid
1463,151,Terraces Lounge,Berlin Tegel Airport,Business Class,Business,0,2013-04-04,United Kingdom,3.0,3.0,3.0,1.0,1.0,3.0,1.0,0,Historical (Pre-2015),Negative,-0.934,Pre Covid
1464,151,Galleries Lounge,London Heathrow Airport,Business Class,Business,0,2013-03-08,United Kingdom,2.0,3.0,3.0,1.0,4.0,4.0,4.0,0,Historical (Pre-2015),Positive,0.8779,Pre Covid
1466,151,Terraces Lounge,Rome Fiumicino Airport,Business Class,Business,0,2013-02-14,United Kingdom,4.0,4.0,4.0,3.0,5.0,5.0,5.0,1,Historical (Pre-2015),Positive,0.9788,Pre Covid
1467,151,Terraces Lounge,London Gatwick Airport,Business Class,Business,0,2013-02-04,United Kingdom,5.0,5.0,5.0,3.0,5.0,4.0,5.0,1,Historical (Pre-2015),Positive,0.9584,Pre Covid
1468,151,Unknown Lounge,Bermuda Airport,Business Class,Business,0,2013-01-18,United Kingdom,4.0,4.0,5.0,2.0,3.0,4.0,5.0,1,Historical (Pre-2015),Positive,0.892,Pre Covid
1469,151,Terraces Lounge,London Heathrow Airport,Business Class,Business,0,2013-01-18,United Kingdom,4.0,4.0,5.0,4.0,4.0,5.0,4.0,1,Historical (Pre-2015),Positive,0.8873,Pre Covid
1470,151,Galleries Lounge,London Heathrow Airport,Business Class,Business,0,2013-01-03,United Kingdom,4.0,5.0,4.0,4.0,5.0,5.0,5.0,1,Historical (Pre-2015),Positive,0.8688,Pre Covid
1471,151,Unknown Lounge,San Francisco Airport,Business Class,Business,0,2012-11-22,South Africa,5.0,5.0,5.0,5.0,5.0,5.0,5.0,1,Historical (Pre-2015),Positive,0.9371,Pre Covid
1472,151,Unknown Lounge,London Heathrow Airport,Business Class,Business,0,2012-11-08,United Kingdom,3.0,4.0,4.0,2.0,3.0,5.0,5.0,1,Historical (Pre-2015),Positive,0.4939,Pre Covid
1473,151,Terraces Lounge,Manchester Airport,Business Class,Business,0,2012-11-07,United Kingdom,4.0,4.0,4.0,3.0,3.0,3.0,4.0,1,Historical (Pre-2015),Positive,0.7935,Pre Covid
1474,151,Terraces Lounge,Manchester Airport,Business Class,Business,0,2012-09-03,United Kingdom,2.0,2.0,3.0,1.0,2.0,5.0,1.0,0,Historical (Pre-2015),Negative,-0.624,Pre Covid
1475,151,Concorde,London Heathrow Airport,First Class,Unknown,0,2012-08-05,United Kingdom,5.0,5.0,5.0,5.0,5.0,4.0,5.0,1,Historical (Pre-2015),Positive,0.9832,Pre Covid
1476,151,Concorde,London Heathrow Airport,First Class,Unknown,0,2012-08-05,United Kingdom,5.0,3.0,4.0,5.0,4.0,5.0,5.0,1,Historical (Pre-2015),Positive,0.5106,Pre Covid
1477,151,Unknown Lounge,Vancouver Airport,First Class,Unknown,0,2012-08-05,United Kingdom,4.0,4.0,2.0,1.0,3.0,1.0,3.0,0,Historical (Pre-2015),Negative,-0.8107,Pre Covid
1478,151,Galleries Lounge,London Heathrow Airport,Business Class,Business,0,2012-06-18,United Kingdom,5.0,5.0,4.0,3.0,4.0,,5.0,1,Historical (Pre-2015),Positive,0.9573,Pre Covid
1479,151,Admirals Club,Paris CDG Airport,Unknown,Unknown,0,2012-06-18,United Kingdom,4.0,4.0,3.0,3.0,4.0,,3.0,0,Historical (Pre-2015),Positive,0.5583,Pre Covid
1480,151,Terraces Lounge,New York JFK Airport,First Class,Unknown,0,2012-06-18,United Kingdom,4.0,4.0,4.0,1.0,3.0,4.0,3.0,0,Historical (Pre-2015),Positive,0.5106,Pre Covid
1481,151,Unknown Lounge,Prague Airport,Business Class,Business,0,2012-05-21,United Kingdom,2.0,2.0,2.0,1.0,2.0,3.0,2.0,0,Historical (Pre-2015),Positive,0.8275,Pre Covid
1482,151,Unknown Lounge,London Heathrow Airport,Business Class,Business,0,2012-05-21,United Kingdom,5.0,5.0,5.0,5.0,4.0,4.0,5.0,1,Historical (Pre-2015),Positive,0.9153,Pre Covid
1483,151,Terraces Lounge,London Heathrow Airport,Business Class,Business,0,2012-05-08,Bahamas,5.0,5.0,5.0,4.0,4.0,5.0,4.0,1,Historical (Pre-2015),Positive,0.9318,Pre Covid
1484,151,Galleries Lounge,London Heathrow Airport,Business Class,Business,0,2012-05-02,United Kingdom,5.0,5.0,5.0,5.0,5.0,5.0,5.0,1,Historical (Pre-2015),Positive,0.9665,Pre Covid
1485,151,Admirals Club,San Diego Airport,Business Class,Business,0,2012-05-01,United Kingdom,5.0,5.0,5.0,2.0,2.0,,5.0,1,Historical (Pre-2015),Positive,0.8948,Pre Covid
1486,151,Terraces Lounge,London Heathrow Airport,Business Class,Business,0,2012-05-01,United Kingdom,3.0,5.0,4.0,3.0,3.0,3.0,3.0,1,Historical (Pre-2015),Positive,0.5859,Pre Covid
1487,151,Premium,Miami Airport,First Class,Unknown,0,2012-04-24,Australia,4.0,4.0,4.0,4.0,4.0,4.0,4.0,1,Historical (Pre-2015),Positive,0.296,Pre Covid
1488,151,Galleries Lounge,London Heathrow Airport,First Class,Unknown,0,2012-04-24,Australia,4.0,4.0,4.0,3.0,4.0,4.0,2.0,1,Historical (Pre-2015),Negative,-0.7278,Pre Covid
1489,151,Unknown Lounge,Singapore Changi Airport,First Class,Unknown,0,2012-04-24,Australia,1.0,3.0,1.0,1.0,4.0,1.0,1.0,0,Historical (Pre-2015),Positive,0.7964,Pre Covid
1490,151,Galleries Lounge,London Heathrow Airport,Business Class,Business,0,2012-04-24,Australia,4.0,4.0,4.0,4.0,4.0,4.0,4.0,1,Historical (Pre-2015),Positive,0.9217,Pre Covid
1491,151,Galleries Lounge,London Heathrow Airport,Unknown,Unknown,0,2012-02-28,Australia,5.0,5.0,5.0,4.0,5.0,5.0,5.0,1,Historical (Pre-2015),Positive,0.6997,Pre Covid
1492,151,Unknown Lounge,Hong Kong Airport,Business Class,Business,0,2012-02-27,Switzerland,5.0,5.0,4.0,5.0,5.0,5.0,4.0,1,Historical (Pre-2015),Positive,0.9885,Pre Covid
1493,151,Concorde,London Heathrow Airport,First Class,Unknown,0,2012-01-24,United Kingdom,5.0,5.0,5.0,5.0,5.0,5.0,5.0,1,Historical (Pre-2015),Positive,0.6848,Pre Covid
1494,151,Unknown Lounge,Philadelphia Airport,Business Class,Business,0,2011-11-28,United States,3.0,4.0,4.0,4.0,3.0,4.0,5.0,1,Historical (Pre-2015),Positive,0.6519,Pre Covid
1495,151,Oneworld,Miami Airport,Business Class,Business,0,2011-11-28,United Kingdom,5.0,5.0,5.0,1.0,4.0,5.0,3.0,1,Historical (Pre-2015),Negative,-0.816,Pre Covid
1496,151,Galleries Lounge,London Heathrow Airport,First Class,Unknown,0,2011-10-22,United States,5.0,4.0,5.0,5.0,4.0,4.0,4.0,1,Historical (Pre-2015),Positive,0.9657,Pre Covid
1497,151,Admirals Club,Los Angeles LAX Airport,Business Class,Business,0,2011-10-21,United Kingdom,2.0,2.0,1.0,1.0,2.0,1.0,1.0,0,Historical (Pre-2015),Positive,0.7841,Pre Covid
1498,151,Concorde,London Heathrow Airport,First Class,Unknown,0,2011-10-21,United States,3.0,4.0,4.0,2.0,4.0,,3.0,0,Historical (Pre-2015),Negative,-0.6589,Pre Covid
1499,151,Galleries Lounge,London Heathrow Airport,Business Class,Business,0,2011-09-17,United Kingdom,2.0,3.0,3.0,3.0,3.0,3.0,3.0,0,Historical (Pre-2015),Negative,-0.211,Pre Covid
1500,151,Terraces Lounge,Geneva Airport,Business Class,Business,0,2011-09-13,United Kingdom,5.0,5.0,3.0,3.0,4.0,5.0,5.0,0,Historical (Pre-2015),Positive,0.9702,Pre Covid
1501,151,Concorde,London Heathrow Airport,First Class,Unknown,0,2011-07-31,United Kingdom,5.0,5.0,5.0,5.0,5.0,5.0,5.0,0,Historical (Pre-2015),Positive,0.9729,Pre Covid
1502,151,Concorde,New York JFK Airport,First Class,Unknown,0,2011-07-31,United Kingdom,5.0,5.0,5.0,5.0,,3.0,5.0,0,Historical (Pre-2015),Positive,0.624,Pre Covid
1503,151,Unknown Lounge,Seattle Airport,Business Class,Business,0,2011-07-18,Australia,3.0,4.0,2.0,1.0,3.0,4.0,4.0,0,Historical (Pre-2015),Negative,-0.2732,Pre Covid
1504,151,Concorde,London Heathrow Airport,First Class,Unknown,0,2011-07-04,United States,4.0,4.0,3.0,3.0,4.0,4.0,2.0,0,Historical (Pre-2015),Positive,0.499,Pre Covid
1505,151,Unknown Lounge,Sydney Airport,First Class,Unknown,0,2011-07-04,Australia,5.0,5.0,5.0,5.0,5.0,5.0,5.0,0,Historical (Pre-2015),Positive,0.965,Pre Covid
1506,151,Unknown Lounge,Houston Hobby Airport,First Class,Unknown,0,2011-06-13,United Kingdom,3.0,4.0,3.0,1.0,1.0,4.0,1.0,0,Historical (Pre-2015),Negative,-0.6696,Pre Covid
1507,151,Unknown Lounge,Chicago O'Hare Airport,First Class,Unknown,0,2011-05-03,United States,3.0,5.0,3.0,5.0,4.0,5.0,5.0,0,Historical (Pre-2015),Positive,0.9753,Pre Covid
1508,151,Unknown Lounge,London Heathrow Airport,Business Class,Business,0,2011-05-03,United States,5.0,5.0,5.0,5.0,5.0,5.0,5.0,0,Historical (Pre-2015),Positive,0.9766,Pre Covid
1509,151,Unknown Lounge,Hong Kong Airport,First Class,Unknown,0,2011-05-01,Israel,5.0,5.0,5.0,3.0,3.0,3.0,3.0,0,Historical (Pre-2015),Negative,-0.8201,Pre Covid
1510,151,Galleries Lounge,London Heathrow Airport,First Class,Unknown,0,2011-02-14,United Kingdom,4.0,5.0,5.0,3.0,4.0,5.0,4.0,0,Historical (Pre-2015),Positive,0.128,Pre Covid
1511,151,Galleries Lounge,London Heathrow Airport,Business Class,Business,0,2010-12-20,Denmark,5.0,5.0,5.0,4.0,4.0,5.0,5.0,0,Historical (Pre-2015),Positive,0.8735,Pre Covid
1512,151,Terraces Lounge,Jersey Airport,Unknown,Unknown,0,2010-11-20,United Kingdom,5.0,5.0,5.0,5.0,5.0,5.0,5.0,0,Historical (Pre-2015),Positive,0.9101,Pre Covid
1513,151,Terraces Lounge,London Gatwick Airport,Unknown,Unknown,0,2010-09-01,United Kingdom,5.0,5.0,4.0,4.0,4.0,5.0,5.0,0,Historical (Pre-2015),Negative,-0.1531,Pre Covid
1514,151,Galleries Lounge,London Heathrow Airport,Business Class,Business,0,2010-08-28,United Kingdom,5.0,5.0,5.0,4.0,4.0,5.0,5.0,0,Historical (Pre-2015),Positive,0.891,Pre Covid
1515,151,La Croix du Sud,Toulouse Airport,Business Class,Business,0,2010-08-28,United Kingdom,2.0,3.0,3.0,1.0,2.0,3.0,4.0,0,Historical (Pre-2015),Negative,-0.4478,Pre Covid
1516,151,Unknown Lounge,Athens Airport,Business Class,Business,0,2010-08-13,United Kingdom,4.0,5.0,4.0,3.0,4.0,5.0,5.0,0,Historical (Pre-2015),Positive,0.3898,Pre Covid
1517,151,Terraces Lounge,Chicago O'Hare Airport,Business Class,Business,0,2010-08-06,United Kingdom,4.0,4.0,4.0,1.0,3.0,5.0,3.0,0,Historical (Pre-2015),Positive,0.9184,Pre Covid
1518,151,Unknown Lounge,London Heathrow Airport,Business Class,Business,0,2010-07-03,United Kingdom,4.0,5.0,5.0,5.0,4.0,4.0,4.0,0,Historical (Pre-2015),Positive,0.8306,Pre Covid
1519,151,Unknown Lounge,Los Angeles LAX Airport,First Class,Unknown,0,2010-07-03,United Kingdom,1.0,3.0,2.0,1.0,2.0,4.0,2.0,0,Historical (Pre-2015),Negative,-0.749,Pre Covid
1520,151,Concorde,London Heathrow Airport,First Class,Unknown,0,2010-07-03,United Kingdom,3.0,5.0,5.0,5.0,5.0,5.0,5.0,0,Historical (Pre-2015),Positive,0.9229,Pre Covid
1521,151,Unknown Lounge,Unknown,Business Class,Business,0,2010-07-02,United Kingdom,3.0,4.0,5.0,4.0,4.0,5.0,5.0,0,Historical (Pre-2015),Positive,0.908,Pre Covid
1522,151,Galleries Lounge,London Heathrow Airport,Business Class,Business,0,2010-05-01,United Kingdom,3.0,4.0,5.0,4.0,3.0,4.0,3.0,0,Historical (Pre-2015),Negative,-0.7596,Pre Covid
1523,151,Concorde,London Heathrow Airport,First Class,Unknown,0,2010-05-01,United Kingdom,5.0,5.0,5.0,4.0,5.0,5.0,5.0,0,Historical (Pre-2015),Positive,0.796,Pre Covid
1524,151,Unknown Lounge,Newcastle Airport,Business Class,Business,0,2010-04-09,United Kingdom,3.0,3.0,4.0,3.0,2.0,4.0,4.0,0,Historical (Pre-2015),Positive,0.9768,Pre Covid
1525,151,Unknown Lounge,Stockholm Vasteras Airport,Business Class,Business,0,2010-04-09,United Kingdom,3.0,5.0,2.0,2.0,4.0,4.0,5.0,0,Historical (Pre-2015),Positive,0.85,Pre Covid
1526,151,Unknown Lounge,Sao Paulo Guarulhos Airport,Business Class,Business,0,2010-04-09,United Kingdom,4.0,4.0,4.0,4.0,4.0,,4.0,0,Historical (Pre-2015),Negative,-0.088,Pre Covid
1527,151,Concorde,London Heathrow Airport,Unknown,Unknown,0,2010-04-09,United Kingdom,4.0,5.0,5.0,4.0,,5.0,4.0,0,Historical (Pre-2015),Positive,0.9217,Pre Covid
1528,151,Galleries Lounge,Unknown,First Class,Unknown,0,2010-04-09,United Kingdom,4.0,4.0,5.0,3.0,4.0,4.0,3.0,0,Historical (Pre-2015),Positive,0.7833,Pre Covid
1529,151,Unknown Lounge,Mumbai Airport,Business Class,Business,0,2010-04-03,United Kingdom,5.0,4.0,4.0,4.0,4.0,4.0,4.0,0,Historical (Pre-2015),Positive,0.6444,Pre Covid
1530,151,Galleries Lounge,Mumbai Airport,Business Class,Business,0,2010-02-09,United Kingdom,3.0,3.0,3.0,1.0,3.0,2.0,1.0,0,Historical (Pre-2015),Negative,-0.6696,Pre Covid
1531,151,Terraces Lounge,Cape Town Airport,Business Class,Business,0,2010-02-03,United Kingdom,2.0,4.0,3.0,3.0,3.0,,3.0,0,Historical (Pre-2015),Positive,0.4282,Pre Covid
1532,151,Unknown Lounge,London Heathrow Airport,Business Class,Business,0,2010-01-23,United Kingdom,5.0,5.0,4.0,4.0,4.0,5.0,4.0,0,Historical (Pre-2015),Positive,0.802,Pre Covid
1533,151,Terraces Lounge,Jersey Airport,Unknown,Unknown,0,2010-01-12,United Kingdom,1.0,1.0,2.0,1.0,1.0,1.0,1.0,0,Historical (Pre-2015),Negative,-0.6537,Pre Covid
1534,151,Terraces Lounge,London Gatwick Airport,Business Class,Business,0,2010-01-08,United Kingdom,1.0,3.0,2.0,2.0,2.0,2.0,1.0,0,Historical (Pre-2015),Negative,-0.6096,Pre Covid
1535,151,Terraces Lounge,London Gatwick Airport,Business Class,Business,0,2010-01-07,United Kingdom,2.0,3.0,2.0,1.0,3.0,3.0,1.0,0,Historical (Pre-2015),Positive,0.6977,Pre Covid
1536,151,Unknown Lounge,Bangkok Suvarnabhumi Airport,First Class,Unknown,0,2009-12-31,United Kingdom,3.0,4.0,4.0,3.0,4.0,4.0,4.0,0,Historical (Pre-2015),Negative,-0.6612,Pre Covid
1537,151,Unknown Lounge,Miami Airport,First Class,Unknown,0,2009-12-24,United Kingdom,2.0,3.0,3.0,2.0,3.0,1.0,2.0,0,Historical (Pre-2015),Negative,-0.4767,Pre Covid
1538,151,Terraces Lounge,London Heathrow Airport,Unknown,Unknown,0,2009-12-20,United Kingdom,1.0,3.0,3.0,1.0,2.0,3.0,2.0,0,Historical (Pre-2015),Negative,-0.656,Pre Covid
1539,151,Unknown Lounge,Philadelphia Airport,Business Class,Business,0,2009-12-20,United Kingdom,4.0,5.0,4.0,5.0,4.0,5.0,5.0,0,Historical (Pre-2015),Positive,0.9335,Pre Covid
1540,151,Terraces Lounge,London Heathrow Airport,Unknown,Unknown,0,2009-12-08,United Kingdom,4.0,3.0,3.0,2.0,2.0,4.0,3.0,0,Historical (Pre-2015),Positive,0.8126,Pre Covid
1541,151,Unknown Lounge,London Gatwick Airport,First Class,Unknown,0,2009-12-04,United Kingdom,3.0,3.0,2.0,2.0,5.0,1.0,1.0,0,Historical (Pre-2015),Negative,-0.426,Pre Covid
1542,151,Terraces Lounge,Berlin Tegel Airport,Unknown,Unknown,0,2009-12-04,United Kingdom,4.0,5.0,3.0,3.0,2.0,3.0,4.0,0,Historical (Pre-2015),Positive,0.631,Pre Covid
1543,151,Unknown Lounge,Hong Kong Airport,Business Class,Business,0,2009-12-04,United Kingdom,3.0,4.0,3.0,3.0,4.0,3.0,4.0,0,Historical (Pre-2015),Negative,-0.296,Pre Covid
1544,151,Unknown Lounge,Antigua Vc Bird Airport,Business Class,Business,0,2009-12-04,United Kingdom,2.0,2.0,1.0,1.0,,,,0,Historical (Pre-2015),Negative,-0.4393,Pre Covid
1545,151,Unknown Lounge,Milan Malpensa Airport,Business Class,Business,0,2009-09-07,United Kingdom,4.0,4.0,4.0,4.0,4.0,3.0,5.0,0,Historical (Pre-2015),Positive,0.9421,Pre Covid
1546,151,Unknown Lounge,Kiev Borispol Airport,Business Class,Business,0,2009-09-06,United Kingdom,5.0,4.0,4.0,4.0,4.0,,3.0,0,Historical (Pre-2015),Positive,0.9743,Pre Covid
1547,151,Unknown Lounge,Singapore Changi Airport,First Class,Unknown,0,2009-09-01,United Kingdom,2.0,2.0,3.0,1.0,1.0,3.0,2.0,0,Historical (Pre-2015),Positive,0.5425,Pre Covid
1548,151,Galleries Lounge,London Heathrow Airport,Unknown,Unknown,0,2009-08-30,United Kingdom,4.0,4.0,4.0,3.0,5.0,5.0,5.0,0,Historical (Pre-2015),Positive,0.7612,Pre Covid
1549,151,Club World,London Heathrow Airport,Unknown,Unknown,0,2009-08-14,United Kingdom,5.0,5.0,4.0,5.0,5.0,5.0,5.0,0,Historical (Pre-2015),Positive,0.6766,Pre Covid
1550,151,Galleries Lounge,Washington Dulles Airport,First Class,Unknown,0,2009-08-12,United Kingdom,4.0,4.0,4.0,5.0,3.0,4.0,4.0,0,Historical (Pre-2015),Positive,0.9142,Pre Covid
1551,151,Unknown Lounge,London Heathrow Airport,First Class,Unknown,0,2009-08-12,United Kingdom,2.0,4.0,2.0,2.0,3.0,4.0,3.0,0,Historical (Pre-2015),Positive,0.9712,Pre Covid
1552,151,Club Europe,Jersey Airport,Unknown,Unknown,0,2009-08-11,United Kingdom,2.0,1.0,1.0,1.0,,2.0,1.0,0,Historical (Pre-2015),Negative,-0.8834,Pre Covid
1553,151,Concorde,London Heathrow Airport,First Class,Unknown,0,2009-08-11,United Kingdom,4.0,4.0,4.0,3.0,3.0,4.0,4.0,0,Historical (Pre-2015),Positive,0.3238,Pre Covid
1554,151,Club Europe / World Lounge,London Gatwick Airport,Unknown,Unknown,0,2009-07-30,United Kingdom,4.0,4.0,4.0,4.0,4.0,4.0,4.0,0,Historical (Pre-2015),Positive,0.9326,Pre Covid
1555,151,Club World,Montréal Airport,Unknown,Unknown,0,2009-07-30,United Kingdom,4.0,5.0,3.0,3.0,4.0,4.0,4.0,0,Historical (Pre-2015),Positive,0.8402,Pre Covid
1556,151,Club World,Antigua Vc Bird Airport,Unknown,Unknown,0,2009-07-15,United Kingdom,2.0,2.0,1.0,1.0,2.0,,1.0,0,Historical (Pre-2015),Positive,0.631,Pre Covid
1557,151,Club World,Seattle Airport,Unknown,Unknown,0,2009-07-13,United Kingdom,4.0,5.0,3.0,3.0,4.0,3.0,4.0,0,Historical (Pre-2015),Positive,0.875,Pre Covid
1558,168,Unknown Lounge,Beijing Capital Airport,Frequent Flyer,Unknown,1,2025-11-07,France,5.0,5.0,5.0,5.0,5.0,5.0,5.0,1,Modern (2015-Present),Positive,0.886,After Covid
1559,168,Unknown Lounge,Bangkok Suvarnabhumi Airport,Business Class,Business,1,2025-08-16,Thailand,5.0,5.0,3.0,5.0,,5.0,5.0,1,Modern (2015-Present),Positive,0.7351,After Covid
1560,168,The Pier First Class,Hong Kong Airport,First Class,Unknown,1,2025-03-16,United States,5.0,5.0,5.0,5.0,5.0,5.0,5.0,1,Modern (2015-Present),Positive,0.9922,After Covid
1561,168,The Pier,Hong Kong Airport,First Class,Unknown,1,2025-02-23,France,3.0,3.0,,,1.0,5.0,1.0,0,Modern (2015-Present),Negative,-0.6997,After Covid
1562,168,Miracle Lounge,Bangkok Suvarnabhumi Airport,Frequent Flyer,Unknown,1,2025-02-02,Thailand,5.0,5.0,4.0,4.0,5.0,5.0,5.0,1,Modern (2015-Present),Positive,0.9803,After Covid
1563,168,The Wing,Hong Kong Airport,First Class,Unknown,1,2024-05-03,Singapore,2.0,2.0,2.0,2.0,4.0,4.0,1.0,0,Modern (2015-Present),Positive,0.4854,After Covid
1565,168,The Pier,Hong Kong Airport,Business Class,Business,1,2024-01-19,India,5.0,5.0,5.0,5.0,5.0,5.0,4.0,1,Modern (2015-Present),Positive,0.3457,After Covid
1566,168,Hong Kong,Hong Kong Airport,Business Class,Business,1,2023-01-20,United Kingdom,1.0,1.0,2.0,1.0,4.0,3.0,1.0,0,Modern (2015-Present),Negative,-0.9048,After Covid
1567,168,Unknown Lounge,Hong Kong Airport,First Class,Unknown,1,2020-03-19,Russian Federation,3.0,3.0,3.0,3.0,5.0,5.0,4.0,1,Modern (2015-Present),Positive,0.7003,Covid
1568,168,Qantas Business,Sydney Airport,Business Class,Business,1,2019-12-07,Australia,3.0,3.0,2.0,1.0,4.0,3.0,4.0,0,Modern (2015-Present),Positive,0.6605,Pre Covid
1569,168,The Deck,Hong Kong Airport,Business Class,Business,1,2019-11-29,Malaysia,5.0,5.0,5.0,5.0,5.0,5.0,5.0,1,Modern (2015-Present),Positive,0.34,Pre Covid
1570,168,The Wing,Hong Kong Airport,First Class,Unknown,1,2019-10-18,Australia,5.0,5.0,5.0,5.0,5.0,5.0,5.0,1,Modern (2015-Present),Positive,0.8875,Pre Covid
1571,168,The Pier First,Hong Kong Airport,First Class,Unknown,1,2019-10-18,Australia,4.0,5.0,4.0,5.0,5.0,4.0,4.0,1,Modern (2015-Present),Positive,0.9835,Pre Covid
1572,168,Unknown Lounge,Vancouver Airport,Members,Unknown,1,2019-04-25,Canada,5.0,5.0,5.0,5.0,5.0,5.0,5.0,1,Modern (2015-Present),Neutral,0.0,Pre Covid
1573,168,The Pier,Hong Kong Airport,Business Class,Business,1,2019-04-21,Australia,5.0,5.0,4.0,4.0,5.0,5.0,4.0,1,Modern (2015-Present),Positive,0.9803,Pre Covid
1574,168,The Deck,Hong Kong Airport,Business Class,Business,1,2019-03-31,Australia,3.0,4.0,3.0,3.0,3.0,5.0,4.0,1,Modern (2015-Present),Positive,0.9329,Pre Covid
1575,168,Airlines Association Lounge,Seoul Incheon Airport,Frequent Flyer,Unknown,1,2019-03-31,Australia,3.0,4.0,2.0,3.0,,,4.0,0,Modern (2015-Present),Positive,0.9622,Pre Covid
1576,168,Wing,Hong Kong Airport,Business Class,Business,1,2019-03-28,United Kingdom,2.0,2.0,2.0,2.0,1.0,2.0,1.0,0,Modern (2015-Present),Negative,-0.8059,Pre Covid
1577,168,The Wing,Hong Kong Airport,Business Class,Business,1,2019-03-26,United States,4.0,4.0,4.0,4.0,4.0,4.0,4.0,1,Modern (2015-Present),Positive,0.9062,Pre Covid
1578,168,The Bridge,Hong Kong Airport,Business Class,Business,1,2019-03-26,Australia,4.0,4.0,4.0,4.0,3.0,5.0,4.0,1,Modern (2015-Present),Positive,0.981,Pre Covid
1579,168,Pier First Class,Hong Kong Airport,First Class,Unknown,1,2019-03-25,Australia,3.0,5.0,4.0,3.0,5.0,5.0,4.0,1,Modern (2015-Present),Positive,0.9511,Pre Covid
1580,168,Unknown Lounge,Melbourne Airport,Frequent Flyer,Unknown,1,2019-03-23,Australia,3.0,3.0,2.0,2.0,3.0,,4.0,0,Modern (2015-Present),Positive,0.9207,Pre Covid
1581,168,Unknown Lounge,Vancouver Airport,Frequent Flyer,Unknown,1,2019-02-13,United States,5.0,5.0,5.0,4.0,4.0,4.0,5.0,1,Modern (2015-Present),Positive,0.8439,Pre Covid
1582,168,Unknown Lounge,Taipei Airport,Business Class,Business,1,2019-01-08,United Kingdom,4.0,4.0,5.0,4.0,4.0,4.0,4.0,1,Modern (2015-Present),Positive,0.9633,Pre Covid
1583,168,Pier,Hong Kong Airport,Business Class,Business,1,2019-01-07,United Kingdom,4.0,4.0,5.0,4.0,5.0,4.0,4.0,1,Modern (2015-Present),Positive,0.9464,Pre Covid
1584,168,Unknown Lounge,London Heathrow Airport,Business Class,Business,1,2018-12-31,United Kingdom,5.0,5.0,5.0,5.0,4.0,4.0,3.0,1,Modern (2015-Present),Positive,0.5413,Pre Covid
1585,168,Unknown Lounge,London Heathrow Airport,Business Class,Business,1,2018-12-03,United Kingdom,5.0,5.0,5.0,5.0,5.0,5.0,5.0,1,Modern (2015-Present),Positive,0.944,Pre Covid
1586,168,The Wing,Hong Kong Airport,First Class,Unknown,1,2018-11-01,Australia,4.0,5.0,4.0,4.0,4.0,5.0,5.0,1,Modern (2015-Present),Positive,0.1646,Pre Covid
1587,168,The Pier,Hong Kong Airport,Business Class,Business,1,2018-09-19,Thailand,5.0,5.0,5.0,5.0,5.0,5.0,5.0,1,Modern (2015-Present),Positive,0.9789,Pre Covid
1588,168,The Pier,Hong Kong Airport,Business Class,Business,1,2018-06-18,United Kingdom,5.0,5.0,5.0,5.0,5.0,5.0,5.0,1,Modern (2015-Present),Positive,0.96,Pre Covid
1589,168,The Pier,Hong Kong Airport,Business Class,Business,1,2018-03-10,United Kingdom,5.0,5.0,5.0,5.0,5.0,5.0,5.0,1,Modern (2015-Present),Positive,0.7264,Pre Covid
1590,168,Cathay Pacific Airways,London Heathrow Airport,Business Class,Business,1,2018-03-09,United Kingdom,5.0,5.0,4.0,4.0,4.0,4.0,5.0,1,Modern (2015-Present),Positive,0.8777,Pre Covid
1591,168,London,London Heathrow Airport,First Class,Unknown,0,2018-02-21,United Kingdom,5.0,5.0,5.0,5.0,5.0,5.0,5.0,1,Modern (2015-Present),Positive,0.8636,Pre Covid
1592,168,The Cabin,Hong Kong Airport,Business Class,Business,1,2018-02-13,Hong Kong,5.0,5.0,4.0,4.0,5.0,4.0,4.0,1,Modern (2015-Present),Positive,0.7964,Pre Covid
1593,168,Unknown Lounge,Manila Airport,Business Class,Business,1,2018-02-12,Hong Kong,5.0,5.0,4.0,3.0,5.0,4.0,4.0,1,Modern (2015-Present),Positive,0.7964,Pre Covid
1594,168,The Pier,Hong Kong Airport,Business Class,Business,1,2018-01-12,New Zealand,5.0,5.0,5.0,4.0,5.0,5.0,5.0,1,Modern (2015-Present),Positive,0.9341,Pre Covid
1595,168,Unknown Lounge,Manchester Airport,Business Class,Business,1,2018-01-11,New Zealand,3.0,3.0,4.0,1.0,1.0,4.0,4.0,0,Modern (2015-Present),Negative,-0.8139,Pre Covid
1596,168,The Pier,Hong Kong Airport,Business Class,Business,1,2018-01-06,Australia,5.0,5.0,4.0,5.0,5.0,4.0,5.0,1,Modern (2015-Present),Positive,0.1584,Pre Covid
1597,168,Cathay Pacific,Paris CDG Airport,Business Class,Business,1,2017-12-21,Pakistan,5.0,5.0,5.0,1.0,5.0,5.0,5.0,0,Modern (2015-Present),Positive,0.7184,Pre Covid
1598,168,Unknown Lounge,Hong Kong Airport,Business Class,Business,1,2017-12-18,Switzerland,3.0,1.0,2.0,3.0,4.0,3.0,3.0,0,Modern (2015-Present),Positive,0.7336,Pre Covid
1599,168,The Wing,Hong Kong Airport,First Class,Unknown,1,2017-11-22,Singapore,5.0,5.0,5.0,5.0,5.0,5.0,5.0,1,Modern (2015-Present),Positive,0.9817,Pre Covid
1600,168,First Class,London Heathrow Airport,First Class,Unknown,0,2017-11-17,United Kingdom,4.0,4.0,1.0,1.0,1.0,,3.0,0,Modern (2015-Present),Negative,-0.1406,Pre Covid
1601,168,First,London Heathrow Airport,First Class,Unknown,0,2017-11-14,United Kingdom,5.0,5.0,5.0,5.0,,4.0,5.0,1,Modern (2015-Present),Positive,0.6467,Pre Covid
1602,168,Rose Lounge,Ho Chi Minh City Airport,Frequent Flyer,Unknown,0,2017-10-29,Hong Kong,3.0,3.0,1.0,1.0,2.0,2.0,2.0,0,Modern (2015-Present),Positive,0.3662,Pre Covid
1603,168,Unknown Lounge,London Heathrow Airport,First Class,Unknown,0,2017-09-28,Hong Kong,1.0,5.0,4.0,1.0,,5.0,,1,Modern (2015-Present),Negative,-0.9476,Pre Covid
1604,168,Unknown Lounge,Manila Airport,Business Class,Business,0,2017-07-10,Philippines,4.0,4.0,5.0,4.0,2.0,2.0,4.0,1,Modern (2015-Present),Negative,-0.4859,Pre Covid
1605,168,The Pier,Hong Kong Airport,Business Class,Business,0,2017-07-10,Philippines,5.0,4.0,5.0,5.0,4.0,5.0,3.0,1,Modern (2015-Present),Positive,0.9595,Pre Covid
1606,168,Unknown Lounge,London Heathrow Airport,Business Class,Business,0,2017-07-01,United Kingdom,5.0,5.0,5.0,5.0,5.0,5.0,5.0,1,Modern (2015-Present),Positive,0.7841,Pre Covid
1607,168,The Pier,Hong Kong Airport,Business Class,Business,0,2017-06-12,United Kingdom,5.0,5.0,5.0,5.0,5.0,5.0,5.0,1,Modern (2015-Present),Positive,0.9936,Pre Covid
1608,168,The Wing,Hong Kong Airport,Business Class,Business,0,2017-06-12,United Kingdom,4.0,5.0,4.0,3.0,5.0,2.0,4.0,1,Modern (2015-Present),Positive,0.9498,Pre Covid
1609,168,The Wing,Hong Kong Airport,Business Class,Business,0,2017-06-03,China,5.0,5.0,4.0,5.0,5.0,4.0,4.0,1,Modern (2015-Present),Positive,0.9468,Pre Covid
1610,168,Unknown Lounge,Vancouver Airport,Frequent Flyer,Unknown,0,2017-05-03,Switzerland,5.0,5.0,3.0,3.0,5.0,5.0,5.0,1,Modern (2015-Present),Positive,0.9638,Pre Covid
1611,168,Unknown Lounge,Hong Kong Airport,Business Class,Business,0,2017-04-16,Philippines,5.0,5.0,5.0,5.0,5.0,5.0,4.0,1,Modern (2015-Present),Positive,0.8326,Pre Covid
1612,168,The Bridge,Hong Kong Airport,Business Class,Business,0,2017-03-21,United States,4.0,5.0,5.0,4.0,5.0,4.0,5.0,0,Modern (2015-Present),Positive,0.9589,Pre Covid
1613,168,The Wing,Hong Kong Airport,First Class,Unknown,0,2017-03-20,United States,5.0,5.0,3.0,3.0,3.0,3.0,4.0,1,Modern (2015-Present),Positive,0.9791,Pre Covid
1614,168,The Bridge,Hong Kong Airport,Business Class,Business,0,2017-02-11,Canada,5.0,5.0,5.0,4.0,5.0,5.0,5.0,1,Modern (2015-Present),Positive,0.9595,Pre Covid
1615,168,The Pier,Hong Kong Airport,Business Class,Business,0,2017-01-16,Philippines,5.0,5.0,4.0,5.0,4.0,5.0,4.0,1,Modern (2015-Present),Positive,0.9718,Pre Covid
1616,168,The Cabin,Hong Kong Airport,Business Class,Business,0,2017-01-13,Saudi Arabia,4.0,5.0,4.0,,5.0,5.0,4.0,1,Modern (2015-Present),Positive,0.9496,Pre Covid
1617,168,Cathay Pacific Lounge,Manila Airport,Business Class,Business,0,2017-01-09,Philippines,5.0,5.0,3.0,3.0,4.0,2.0,4.0,1,Modern (2015-Present),Positive,0.9349,Pre Covid
1618,168,Unknown Lounge,San Francisco Airport,First Class,Unknown,0,2017-01-03,Germany,5.0,5.0,4.0,4.0,5.0,5.0,5.0,1,Modern (2015-Present),Positive,0.9742,Pre Covid
1619,168,The Pier,Hong Kong Airport,First Class,Unknown,0,2017-01-03,Switzerland,5.0,5.0,5.0,5.0,5.0,5.0,5.0,1,Modern (2015-Present),Positive,0.9873,Pre Covid
1620,168,Pier First Class,Hong Kong Airport,First Class,Unknown,0,2016-12-31,Hong Kong,4.0,4.0,3.0,3.0,3.0,4.0,2.0,0,Modern (2015-Present),Positive,0.8243,Pre Covid
1621,168,The Pier,Hong Kong Airport,Business Class,Business,0,2016-12-18,Saudi Arabia,4.0,4.0,5.0,5.0,4.0,5.0,3.0,1,Modern (2015-Present),Positive,0.8807,Pre Covid
1622,168,AA Arrivals Lounge,London Heathrow Airport,Business Class,Business,0,2016-11-12,China,4.0,5.0,4.0,4.0,4.0,5.0,4.0,1,Modern (2015-Present),Positive,0.9543,Pre Covid
1623,168,The Wing,Hong Kong Airport,Business Class,Business,0,2016-11-11,Australia,4.0,5.0,,4.0,5.0,4.0,5.0,1,Modern (2015-Present),Positive,0.9476,Pre Covid
1624,168,The Pier Marco Polo Club,Hong Kong Airport,Business Class,Business,0,2016-11-05,Singapore,5.0,5.0,5.0,5.0,5.0,5.0,5.0,1,Modern (2015-Present),Positive,0.9422,Pre Covid
1625,168,The Pier,Hong Kong Airport,Business Class,Business,0,2016-09-26,Switzerland,5.0,5.0,5.0,5.0,5.0,5.0,5.0,1,Modern (2015-Present),Positive,0.9392,Pre Covid
1626,168,Unknown Lounge,Seoul Incheon Airport,Business Class,Business,0,2016-09-25,Spain,3.0,4.0,3.0,2.0,3.0,4.0,3.0,0,Modern (2015-Present),Positive,0.9391,Pre Covid
1627,168,No 1 Lounge,London Heathrow Airport,Business Class,Business,0,2016-09-24,China,2.0,3.0,3.0,2.0,3.0,3.0,3.0,0,Modern (2015-Present),Negative,-0.9062,Pre Covid
1628,168,The Wing,Hong Kong Airport,First Class,Unknown,0,2016-08-11,Malaysia,5.0,5.0,5.0,5.0,5.0,5.0,5.0,1,Modern (2015-Present),Positive,0.9638,Pre Covid
1629,168,DNATA Lounge,Singapore Changi Airport,First Class,Unknown,0,2016-07-16,Australia,4.0,4.0,2.0,2.0,3.0,2.0,2.0,0,Modern (2015-Present),Positive,0.6146,Pre Covid
1630,168,Unknown Lounge,Shanghai Pudong Airport,First Class,Unknown,0,2016-07-08,Malaysia,3.0,3.0,2.0,2.0,3.0,1.0,2.0,0,Modern (2015-Present),Negative,-0.8224,Pre Covid
1631,168,The Wing,Hong Kong Airport,First Class,Unknown,0,2016-06-22,Hong Kong,4.0,5.0,4.0,4.0,5.0,5.0,4.0,1,Modern (2015-Present),Positive,0.9148,Pre Covid
1632,168,The Bridge,Hong Kong Airport,First Class,Unknown,0,2016-05-13,Australia,5.0,5.0,4.0,4.0,5.0,5.0,4.0,1,Modern (2015-Present),Positive,0.9901,Pre Covid
1633,168,Unknown Lounge,Beijing Capital Airport,Business Class,Business,0,2016-04-15,China,3.0,4.0,4.0,3.0,3.0,1.0,3.0,1,Modern (2015-Present),Negative,-0.9149,Pre Covid
1634,168,The Wing,Hong Kong Airport,Business Class,Business,0,2016-04-13,China,4.0,5.0,4.0,4.0,5.0,4.0,4.0,1,Modern (2015-Present),Positive,0.7783,Pre Covid
1635,168,DNATA Lounge T1,Singapore Changi Airport,Frequent Flyer,Unknown,0,2016-03-22,Singapore,4.0,4.0,4.0,4.0,4.0,2.0,3.0,1,Modern (2015-Present),Negative,-0.9101,Pre Covid
1636,168,Unknown Lounge,Paris CDG Airport,Business Class,Business,0,2016-03-19,France,4.0,5.0,5.0,5.0,3.0,4.0,4.0,1,Modern (2015-Present),Positive,0.7391,Pre Covid
1637,168,The Wing,Hong Kong Airport,First Class,Unknown,0,2016-03-19,Australia,3.0,5.0,4.0,3.0,5.0,5.0,4.0,1,Modern (2015-Present),Positive,0.9629,Pre Covid
1638,168,The Wing,Hong Kong Airport,Business Class,Business,0,2016-03-18,Australia,4.0,4.0,5.0,5.0,5.0,3.0,4.0,1,Modern (2015-Present),Positive,0.9729,Pre Covid
1639,168,Manila,Manila Airport,Business Class,Business,0,2016-03-12,United States,2.0,4.0,3.0,2.0,,4.0,4.0,1,Modern (2015-Present),Positive,0.8039,Pre Covid
1640,168,Unknown Lounge,Bangkok Suvarnabhumi Airport,Business Class,Business,0,2016-02-25,United Kingdom,5.0,4.0,4.0,4.0,4.0,4.0,4.0,1,Modern (2015-Present),Positive,0.92,Pre Covid
1641,168,Unknown Lounge,Bangkok Suvarnabhumi Airport,Business Class,Business,0,2016-02-25,United Kingdom,5.0,5.0,5.0,5.0,4.0,,5.0,1,Modern (2015-Present),Positive,0.9686,Pre Covid
1642,168,The Wing,Hong Kong Airport,Business Class,Business,0,2016-02-24,United Kingdom,5.0,5.0,5.0,5.0,5.0,,5.0,1,Modern (2015-Present),Positive,0.9742,Pre Covid
1643,168,Escape Lounge,Manchester Airport,Business Class,Business,0,2016-02-24,United Kingdom,2.0,3.0,1.0,1.0,,,3.0,1,Modern (2015-Present),Negative,-0.6249,Pre Covid
1644,168,British Airways,Dubai Airport,Business Class,Business,0,2016-02-20,Hong Kong,1.0,2.0,1.0,1.0,,,1.0,0,Modern (2015-Present),Negative,-0.9543,Pre Covid
1645,168,The Bridge,Hong Kong Airport,Business Class,Business,0,2016-02-20,Australia,5.0,5.0,5.0,5.0,5.0,5.0,4.0,1,Modern (2015-Present),Positive,0.9935,Pre Covid
1646,168,Unknown Lounge,Hong Kong Airport,Business Class,Business,0,2016-02-14,Hong Kong,4.0,5.0,5.0,2.0,,5.0,4.0,1,Modern (2015-Present),Positive,0.6486,Pre Covid
1647,168,The Wing,Hong Kong Airport,Business Class,Business,0,2016-01-22,Hong Kong,5.0,5.0,5.0,5.0,5.0,5.0,5.0,1,Modern (2015-Present),Neutral,0.0,Pre Covid
1648,168,The Bridge,Hong Kong Airport,Business Class,Business,0,2016-01-15,Canada,5.0,4.0,5.0,5.0,,5.0,5.0,1,Modern (2015-Present),Positive,0.9311,Pre Covid
1649,168,Unknown Lounge,Vancouver Airport,Business Class,Business,0,2016-01-08,Canada,4.0,4.0,4.0,4.0,4.0,4.0,5.0,1,Modern (2015-Present),Positive,0.9347,Pre Covid
1650,168,The Wing,Hong Kong Airport,First Class,Unknown,0,2016-01-07,Canada,5.0,5.0,5.0,5.0,5.0,5.0,5.0,1,Modern (2015-Present),Positive,0.8516,Pre Covid
1651,168,The Bridge,Hong Kong Airport,Business Class,Business,0,2015-12-12,United Kingdom,5.0,5.0,5.0,4.0,5.0,4.0,5.0,1,Modern (2015-Present),Positive,0.765,Pre Covid
1652,168,The Wing,Hong Kong Airport,Business Class,Business,0,2015-12-02,Hong Kong,3.0,4.0,4.0,4.0,4.0,3.0,2.0,1,Modern (2015-Present),Positive,0.4907,Pre Covid
1653,168,The Bridge,Hong Kong Airport,Business Class,Business,0,2015-12-01,United Kingdom,5.0,5.0,4.0,4.0,4.0,5.0,4.0,1,Modern (2015-Present),Positive,0.8225,Pre Covid
1654,168,The Pier,Hong Kong Airport,First Class,Unknown,0,2015-10-29,United States,5.0,5.0,4.0,5.0,4.0,5.0,5.0,1,Modern (2015-Present),Positive,0.969,Pre Covid
1655,168,The Pier,Hong Kong Airport,First Class,Unknown,0,2015-09-19,United Kingdom,5.0,5.0,5.0,5.0,5.0,5.0,5.0,1,Modern (2015-Present),Positive,0.9863,Pre Covid
1656,168,The Wing,Hong Kong Airport,Business Class,Business,0,2015-09-14,United States,4.0,4.0,4.0,4.0,4.0,4.0,4.0,1,Modern (2015-Present),Positive,0.8074,Pre Covid
1657,168,Unknown Lounge,Hong Kong Airport,Business Class,Business,0,2015-08-16,China,4.0,5.0,3.0,3.0,3.0,4.0,4.0,1,Modern (2015-Present),Negative,-0.8227,Pre Covid
1658,168,Unknown Lounge,Cebu Airport,Business Class,Business,0,2015-06-27,United Kingdom,2.0,4.0,1.0,1.0,,2.0,3.0,1,Modern (2015-Present),Negative,-0.6582,Pre Covid
1659,168,Unknown Lounge,London Heathrow Airport,First Class,Unknown,0,2015-06-18,United Kingdom,5.0,5.0,5.0,5.0,5.0,5.0,5.0,1,Modern (2015-Present),Positive,0.9839,Pre Covid
1660,168,Unknown Lounge,Bangkok Suvarnabhumi Airport,Business Class,Business,0,2015-06-17,Hong Kong,5.0,5.0,5.0,4.0,,,5.0,1,Modern (2015-Present),Positive,0.9215,Pre Covid
1661,168,Unknown Lounge,Bangkok Suvarnabhumi Airport,Business Class,Business,0,2015-04-02,Hong Kong,3.0,3.0,3.0,2.0,1.0,4.0,3.0,0,Modern (2015-Present),Negative,-0.0753,Pre Covid
1662,168,Unknown Lounge,Bangkok Suvarnabhumi Airport,Business Class,Business,0,2015-01-27,Hong Kong,3.0,4.0,3.0,3.0,1.0,4.0,2.0,0,Modern (2015-Present),Neutral,0.0,Pre Covid
1663,168,The Wing,Hong Kong Airport,Business Class,Business,0,2015-01-27,Philippines,5.0,5.0,4.0,2.0,4.0,4.0,3.0,0,Modern (2015-Present),Negative,-0.3039,Pre Covid
1664,168,Unknown Lounge,Melbourne Airport,Business Class,Business,0,2014-10-03,Hong Kong,4.0,5.0,4.0,3.0,3.0,3.0,4.0,0,Historical (Pre-2015),Negative,-0.4098,Pre Covid
1665,168,Unknown Lounge,Hong Kong Airport,Business Class,Business,0,2013-11-22,Hong Kong,5.0,4.0,4.0,3.0,1.0,5.0,3.0,0,Historical (Pre-2015),Positive,0.8854,Pre Covid
1666,168,Unknown Lounge,Bangkok Suvarnabhumi Airport,Business Class,Business,0,2013-11-22,Hong Kong,2.0,3.0,3.0,1.0,3.0,3.0,,0,Historical (Pre-2015),Positive,0.9188,Pre Covid
1667,168,Unknown Lounge,Hong Kong Airport,Business Class,Business,0,2013-08-14,Australia,5.0,5.0,5.0,4.0,5.0,5.0,5.0,1,Historical (Pre-2015),Positive,0.9342,Pre Covid
1668,168,Unknown Lounge,Hong Kong Airport,Business Class,Business,0,2013-05-29,Taiwan,5.0,5.0,5.0,5.0,5.0,5.0,5.0,1,Historical (Pre-2015),Neutral,0.049,Pre Covid
1669,168,The Wing,Hong Kong Airport,Business Class,Business,0,2013-03-20,Australia,4.0,4.0,2.0,1.0,3.0,3.0,3.0,0,Historical (Pre-2015),Neutral,0.0303,Pre Covid
1670,168,Unknown Lounge,Fukuoka Airport,Business Class,Business,0,2012-12-25,Hong Kong,4.0,5.0,3.0,3.0,5.0,5.0,5.0,1,Historical (Pre-2015),Positive,0.9391,Pre Covid
1671,168,Unknown Lounge,Hong Kong Airport,First Class,Unknown,0,2012-11-07,Australia,2.0,2.0,3.0,1.0,3.0,3.0,1.0,0,Historical (Pre-2015),Negative,-0.9779,Pre Covid
1672,168,Unknown Lounge,London Heathrow Airport,First Class,Unknown,0,2012-06-18,United Kingdom,5.0,5.0,5.0,5.0,4.0,5.0,4.0,1,Historical (Pre-2015),Positive,0.9636,Pre Covid
1673,168,Wings,Hong Kong Airport,Business Class,Business,0,2012-04-24,United States,5.0,5.0,5.0,5.0,4.0,4.0,5.0,1,Historical (Pre-2015),Positive,0.9833,Pre Covid
1674,168,The Cabin,Hong Kong Airport,Business Class,Business,0,2012-01-25,Canada,5.0,5.0,5.0,5.0,5.0,5.0,5.0,1,Historical (Pre-2015),Positive,0.9715,Pre Covid
1675,168,Unknown Lounge,Hong Kong Airport,First Class,Unknown,0,2011-05-01,Hong Kong,4.0,4.0,4.0,5.0,3.0,1.0,5.0,0,Historical (Pre-2015),Positive,0.7804,Pre Covid
1676,168,The Cabin,Hong Kong Airport,Business Class,Business,0,2011-02-14,China,4.0,4.0,4.0,4.0,3.0,3.0,3.0,0,Historical (Pre-2015),Positive,0.8746,Pre Covid
1677,168,The Wing,Melbourne Airport,Business Class,Business,0,2011-01-10,Australia,3.0,4.0,3.0,2.0,3.0,3.0,3.0,0,Historical (Pre-2015),Positive,0.6068,Pre Covid
1678,168,The Wing,Hong Kong Airport,Business Class,Business,0,2010-11-20,United Kingdom,5.0,5.0,4.0,4.0,4.0,3.0,5.0,0,Historical (Pre-2015),Positive,0.8689,Pre Covid
1679,168,The Wing,Hong Kong Airport,First Class,Unknown,0,2009-10-01,United Kingdom,3.0,4.0,4.0,3.0,3.0,4.0,3.0,0,Historical (Pre-2015),Positive,0.743,Pre Covid
1680,168,Unknown Lounge,Hong Kong Airport,First Class,Unknown,0,2009-09-30,United Kingdom,3.0,3.0,3.0,4.0,1.0,1.0,1.0,0,Historical (Pre-2015),Positive,0.9081,Pre Covid
1681,168,Unknown Lounge,Hong Kong Airport,First Class,Unknown,0,2009-09-30,United Kingdom,1.0,1.0,1.0,1.0,3.0,1.0,1.0,0,Historical (Pre-2015),Negative,-0.8911,Pre Covid
1682,168,Unknown Lounge,Hong Kong Airport,Business Class,Business,0,2009-08-12,United Kingdom,4.0,2.0,4.0,4.0,3.0,3.0,2.0,0,Historical (Pre-2015),Positive,0.9312,Pre Covid
1683,168,Unknown Lounge,Bangkok Suvarnabhumi Airport,Business Class,Business,0,2009-05-28,United Kingdom,3.0,3.0,4.0,4.0,3.0,3.0,3.0,0,Historical (Pre-2015),Positive,0.8381,Pre Covid
1692,218,Cloud Nine Lounge,Addis Ababa Airport,Business Class,Business,1,2023-11-11,Australia,5.0,4.0,,,4.0,4.0,3.0,1,Modern (2015-Present),Positive,0.058,After Covid
1693,218,Cloud 9,Addis Ababa Airport,Business Class,Business,1,2023-03-19,United States,2.0,2.0,2.0,2.0,2.0,2.0,3.0,0,Modern (2015-Present),Negative,-0.8934,After Covid
1694,218,Cloud 9,Addis Ababa Airport,Business Class,Business,1,2021-01-12,Thailand,4.0,5.0,3.0,3.0,,5.0,5.0,1,Modern (2015-Present),Positive,0.7825,Covid
1695,218,Unknown Lounge,Addis Ababa Airport,Business Class,Business,1,2019-04-14,Philippines,2.0,3.0,3.0,3.0,1.0,3.0,3.0,0,Modern (2015-Present),Negative,-0.7849,Pre Covid
1696,218,Cloud Nine,Addis Ababa Airport,Business Class,Business,1,2019-02-24,Thailand,4.0,3.0,4.0,5.0,4.0,4.0,4.0,1,Modern (2015-Present),Negative,-0.2783,Pre Covid
1697,218,Unknown Lounge,Addis Ababa Airport,Business Class,Business,1,2019-01-29,Brazil,1.0,2.0,2.0,4.0,1.0,2.0,2.0,0,Modern (2015-Present),Negative,-0.8227,Pre Covid
1698,218,Unknown Lounge,Johannesburg Airport,Business Class,Business,1,2018-10-20,Thailand,4.0,4.0,4.0,5.0,4.0,4.0,3.0,1,Modern (2015-Present),Positive,0.9591,Pre Covid
1699,218,Aeris,Abidjan Airport,Business Class,Business,1,2018-06-04,Thailand,4.0,5.0,4.0,3.0,4.0,5.0,4.0,1,Modern (2015-Present),Positive,0.9331,Pre Covid
1700,218,Cloud Nine Lounge T2,Addis Ababa Airport,Business Class,Business,0,2017-09-01,Oman,4.0,5.0,5.0,5.0,3.0,3.0,5.0,1,Modern (2015-Present),Positive,0.881,Pre Covid
1701,218,Terminal 1,Addis Ababa Airport,Business Class,Business,0,2017-09-01,Oman,1.0,1.0,2.0,1.0,1.0,3.0,,0,Modern (2015-Present),Negative,-0.6908,Pre Covid
1702,218,Safari VIP Lounge,Mombasa Airport,Business Class,Business,0,2016-04-09,Unknown,3.0,4.0,3.0,3.0,3.0,3.0,3.0,1,Modern (2015-Present),Positive,0.6621,Pre Covid
1703,218,Cloud 9,Addis Ababa Airport,Business Class,Business,0,2016-02-04,Unknown,1.0,1.0,1.0,1.0,1.0,1.0,2.0,0,Modern (2015-Present),Negative,-0.9573,Pre Covid
1704,218,Cloud 9,Addis Ababa Airport,Business Class,Business,0,2015-12-15,Myanmar,4.0,4.0,4.0,4.0,3.0,4.0,4.0,1,Modern (2015-Present),Positive,0.9584,Pre Covid
1705,218,Cloud 9,Addis Ababa Airport,Frequent Flyer,Unknown,0,2015-06-22,Switzerland,2.0,1.0,1.0,1.0,1.0,2.0,1.0,0,Modern (2015-Present),Positive,0.4404,Pre Covid
1706,218,Unknown Lounge,Unknown,Unknown,Unknown,0,2015-05-29,Israel,4.0,4.0,3.0,3.0,3.0,4.0,4.0,1,Modern (2015-Present),Positive,0.5874,Pre Covid
1707,218,Unknown Lounge,Addis Ababa Airport,Unknown,Unknown,0,2015-02-21,Israel,2.0,2.0,3.0,3.0,1.0,2.0,2.0,0,Modern (2015-Present),Negative,-0.6801,Pre Covid
1708,218,Unknown Lounge,Tel Aviv Airport,Business Class,Business,0,2015-02-21,Israel,3.0,2.0,3.0,1.0,2.0,3.0,2.0,1,Modern (2015-Present),Negative,-0.8571,Pre Covid
1709,218,Cloud Nine,Addis Ababa Airport,Business Class,Business,0,2015-02-04,United States,3.0,2.0,3.0,3.0,2.0,4.0,3.0,1,Modern (2015-Present),Positive,0.8954,Pre Covid
1710,218,Cloud Nine,Addis Ababa Airport,Business Class,Business,0,2014-10-05,Israel,3.0,3.0,3.0,3.0,1.0,1.0,3.0,0,Historical (Pre-2015),Positive,0.8752,Pre Covid
1711,218,Cloud Nine,Addis Ababa Airport,Business Class,Business,0,2014-04-14,United States,1.0,3.0,3.0,4.0,3.0,2.0,4.0,0,Historical (Pre-2015),Neutral,-0.0258,Pre Covid
1712,218,Cloud Nine,Addis Ababa Airport,Business Class,Business,0,2014-03-11,France,2.0,2.0,2.0,1.0,1.0,1.0,1.0,0,Historical (Pre-2015),Negative,-0.952,Pre Covid
1713,218,Songolo,Unknown,Business Class,Business,0,2013-10-06,Israel,4.0,4.0,4.0,5.0,4.0,5.0,4.0,1,Historical (Pre-2015),Positive,0.6613,Pre Covid
1714,218,Cloud Nine,Addis Ababa Airport,Business Class,Business,0,2013-09-15,Malawi,2.0,3.0,2.0,2.0,2.0,3.0,3.0,0,Historical (Pre-2015),Negative,-0.8316,Pre Covid
1715,218,Unknown Lounge,Dar Es Salaam Airport,Business Class,Business,0,2013-02-25,United States,4.0,3.0,3.0,2.0,,1.0,3.0,1,Historical (Pre-2015),Neutral,0.0258,Pre Covid
1716,218,Cloud Nine,Addis Ababa Airport,Business Class,Business,0,2012-11-15,Kenya,2.0,1.0,2.0,1.0,1.0,3.0,2.0,0,Historical (Pre-2015),Negative,-0.6312,Pre Covid
1717,218,Cloud Nine,Addis Ababa Airport,Business Class,Business,0,2011-07-31,Denmark,3.0,3.0,4.0,4.0,1.0,1.0,4.0,0,Historical (Pre-2015),Positive,0.4342,Pre Covid
1718,218,Unknown Lounge,Lusaka Airport,Business Class,Business,0,2010-11-20,United Kingdom,3.0,3.0,3.0,3.0,,3.0,3.0,0,Historical (Pre-2015),Positive,0.9643,Pre Covid
1720,210,King David lounge,Paris CDG Airport,Business Class,Business,1,2017-12-01,Israel,2.0,3.0,1.0,1.0,,1.0,1.0,0,Modern (2015-Present),Positive,0.8863,Pre Covid
1721,210,SALS lounge,Milan Malpensa Airport,Business Class,Business,0,2017-10-03,Israel,2.0,4.0,2.0,1.0,3.0,3.0,2.0,1,Modern (2015-Present),Positive,0.5789,Pre Covid
1722,210,Marco Polo Lounge,Venice Marco Polo Airport,Business Class,Business,0,2017-09-28,Israel,4.0,4.0,4.0,4.0,4.0,4.0,3.0,1,Modern (2015-Present),Positive,0.8834,Pre Covid
1723,210,Unknown Lounge,Athens Airport,Business Class,Business,0,2017-08-28,Israel,2.0,3.0,2.0,2.0,,3.0,3.0,0,Modern (2015-Present),Positive,0.4588,Pre Covid
1724,210,King David,New York JFK Airport,First Class,Unknown,0,2015-06-17,United States,2.0,4.0,2.0,2.0,2.0,2.0,2.0,0,Modern (2015-Present),Positive,0.2249,Pre Covid
1725,210,King David,Tel Aviv Airport,Business Class,Business,0,2013-11-15,Canada,5.0,5.0,5.0,5.0,5.0,5.0,5.0,1,Historical (Pre-2015),Positive,0.9186,Pre Covid
1726,210,King David,Tel Aviv Airport,Business Class,Business,0,2012-04-24,Israel,4.0,5.0,4.0,5.0,4.0,4.0,4.0,1,Historical (Pre-2015),Positive,0.9204,Pre Covid
1728,209,Alioth Lounge,Cairo Airport,Business Class,Business,1,2026-04-20,Australia,2.0,4.0,1.0,1.0,,1.0,2.0,0,Modern (2015-Present),Positive,0.5759,After Covid
1729,209,Unknown Lounge,Cairo Airport,Business Class,Business,0,2023-10-22,Canada,3.0,2.0,1.0,2.0,1.0,2.0,1.0,0,Modern (2015-Present),Negative,-0.8298,After Covid
1730,209,Mastercard Lounge,Cairo Airport,Pay to Use,Unknown,1,2022-11-01,South Africa,1.0,1.0,1.0,1.0,,4.0,1.0,0,Modern (2015-Present),Negative,-0.4927,After Covid
1731,209,Alioth Lounge,Cairo Airport,Business Class,Business,0,2019-11-20,Thailand,3.0,4.0,2.0,2.0,3.0,1.0,3.0,1,Modern (2015-Present),Positive,0.9589,Pre Covid
1732,209,Unknown Lounge,Washington Dulles Airport,Business Class,Business,1,2019-07-11,Egypt,3.0,4.0,4.0,4.0,,5.0,5.0,1,Modern (2015-Present),Positive,0.7336,Pre Covid
1733,209,Unknown Lounge,Cairo Airport,Business Class,Business,0,2019-07-02,Egypt,1.0,1.0,1.0,1.0,1.0,1.0,3.0,0,Modern (2015-Present),Negative,-0.978,Pre Covid
1734,209,United Airlines,Tokyo Narita Airport,Business Class,Business,1,2018-07-19,Greece,4.0,5.0,4.0,3.0,5.0,5.0,4.0,1,Modern (2015-Present),Positive,0.9425,Pre Covid
1735,209,Unknown Lounge,Cairo Airport,Business Class,Business,1,2018-07-19,Greece,2.0,1.0,2.0,1.0,,3.0,1.0,0,Modern (2015-Present),Negative,-0.9333,Pre Covid
1736,209,Ahlan Business Lounge Dubai,Dubai Airport,Business Class,Business,0,2017-11-10,Canada,5.0,5.0,5.0,5.0,5.0,,5.0,1,Modern (2015-Present),Positive,0.945,Pre Covid
1737,209,Almeisan Lounge,Cairo Airport,Frequent Flyer,Unknown,0,2017-09-28,Poland,5.0,3.0,3.0,4.0,5.0,5.0,5.0,1,Modern (2015-Present),Positive,0.87,Pre Covid
1738,209,Unknown Lounge,Cairo Airport,Business Class,Business,0,2017-09-17,Sweden,1.0,1.0,2.0,1.0,1.0,1.0,1.0,0,Modern (2015-Present),Positive,0.4767,Pre Covid
1739,209,Concourse F,Cairo Airport,Business Class,Business,0,2017-06-25,Greece,4.0,3.0,2.0,3.0,1.0,4.0,4.0,0,Modern (2015-Present),Negative,-0.4873,Pre Covid
1740,209,Kochab Lounge,Cairo Airport,Business Class,Business,0,2016-12-11,Australia,3.0,2.0,2.0,1.0,1.0,5.0,2.0,0,Modern (2015-Present),Negative,-0.8726,Pre Covid
1741,209,Royal,Cairo Airport,Business Class,Business,0,2015-06-12,Egypt,1.0,3.0,2.0,1.0,3.0,2.0,1.0,0,Modern (2015-Present),Positive,0.8081,Pre Covid
1742,209,Unknown Lounge,Cairo Airport,Business Class,Business,0,2014-08-06,United Kingdom,2.0,1.0,1.0,1.0,3.0,1.0,1.0,0,Historical (Pre-2015),Negative,-0.875,Pre Covid
1743,209,Unknown Lounge,Cairo Airport,Business Class,Business,0,2014-03-03,United Kingdom,1.0,1.0,2.0,2.0,2.0,1.0,1.0,0,Historical (Pre-2015),Negative,-0.1152,Pre Covid
1744,209,Unknown Lounge,Cairo Airport,Business Class,Business,0,2013-03-08,Belgium,4.0,4.0,1.0,2.0,3.0,3.0,5.0,0,Historical (Pre-2015),Neutral,-0.0408,Pre Covid
1745,209,Unknown Lounge,Cairo Airport,Business Class,Business,0,2012-11-22,South Africa,4.0,2.0,3.0,3.0,3.0,4.0,5.0,1,Historical (Pre-2015),Positive,0.2617,Pre Covid
1746,209,Unknown Lounge,Cairo Airport,Business Class,Business,0,2012-01-30,United States,4.0,3.0,1.0,3.0,1.0,5.0,4.0,1,Historical (Pre-2015),Positive,0.0772,Pre Covid
1747,209,Unknown Lounge,Cairo Airport,Business Class,Business,0,2010-07-19,United Kingdom,4.0,4.0,3.0,3.0,1.0,5.0,4.0,0,Historical (Pre-2015),Positive,0.8153,Pre Covid
1748,209,Star Alliance Lounge,Cairo Airport,Business Class,Business,0,2009-08-30,United Kingdom,1.0,1.0,1.0,1.0,1.0,1.0,1.0,0,Historical (Pre-2015),Positive,0.4915,Pre Covid
1749,209,Star Alliance Lounge,Cairo Airport,Business Class,Business,0,2009-08-29,United Kingdom,2.0,3.0,1.0,2.0,3.0,1.0,2.0,0,Historical (Pre-2015),Negative,-0.8588,Pre Covid
1751,219,First & Business Lounge,London Heathrow Airport,First Class,Unknown,1,2025-12-18,United Kingdom,4.0,5.0,4.0,4.0,4.0,4.0,5.0,1,Modern (2015-Present),Positive,0.9698,After Covid
1752,219,Etihad Business Lounge,Abu Dhabi Airport,Business Class,Business,1,2025-12-18,United Kingdom,5.0,5.0,4.0,4.0,4.0,4.0,5.0,1,Modern (2015-Present),Positive,0.9888,After Covid
1753,219,Plaza Premium First,Hong Kong Airport,First Class,Unknown,1,2025-12-17,United Kingdom,2.0,3.0,4.0,2.0,4.0,4.0,3.0,1,Modern (2015-Present),Positive,0.9628,After Covid
1754,219,Business Lounge,Abu Dhabi Airport,Business Class,Business,1,2025-12-17,Hong Kong,5.0,5.0,5.0,4.0,5.0,5.0,5.0,1,Modern (2015-Present),Positive,0.5574,After Covid
1755,219,Ambassador Transit Lounge,Singapore Changi Airport,Business Class,Business,1,2025-04-15,United Kingdom,2.0,3.0,3.0,2.0,2.0,4.0,4.0,1,Modern (2015-Present),Positive,0.9627,After Covid
1756,219,Business Lounge,Abu Dhabi Airport,Business Class,Business,1,2024-06-05,United Kingdom,5.0,5.0,4.0,3.0,4.0,4.0,4.0,1,Modern (2015-Present),Positive,0.9973,After Covid
1757,219,First & Business Lounge,London Heathrow Airport,Business Class,Business,1,2024-06-04,United Kingdom,4.0,5.0,4.0,3.0,4.0,3.0,4.0,1,Modern (2015-Present),Positive,0.9883,After Covid
1758,219,Coral Cosmo Lounge,Bangkok Suvarnabhumi Airport,Business Class,Business,1,2023-10-26,United Kingdom,4.0,5.0,2.0,4.0,3.0,5.0,3.0,1,Modern (2015-Present),Positive,0.992,After Covid
1759,219,Business Class Lounge,Abu Dhabi Airport,Business Class,Business,1,2023-10-26,United Kingdom,4.0,3.0,3.0,4.0,3.0,4.0,3.0,1,Modern (2015-Present),Positive,0.9912,After Covid
1760,219,First & Business Lounge,London Heathrow Airport,Business Class,Business,1,2023-10-24,United Kingdom,5.0,5.0,4.0,3.0,4.0,5.0,5.0,1,Modern (2015-Present),Positive,0.9517,After Covid
1761,219,Al-Dhabi,Abu Dhabi Airport,Frequent Flyer,Unknown,1,2023-10-23,Germany,1.0,1.0,1.0,2.0,2.0,,2.0,0,Modern (2015-Present),Negative,-0.8195,After Covid
1762,219,Unknown Lounge,Abu Dhabi Airport,Business Class,Business,1,2020-02-22,Indonesia,3.0,3.0,3.0,3.0,3.0,3.0,3.0,1,Modern (2015-Present),Positive,0.7354,Covid
1763,219,Miracle Lounge,Bangkok Suvarnabhumi Airport,Business Class,Business,1,2019-09-09,Kuwait,1.0,1.0,1.0,1.0,2.0,3.0,1.0,0,Modern (2015-Present),Positive,0.1004,Pre Covid
1764,219,Business Class Terminal 3,Abu Dhabi Airport,Business Class,Business,1,2019-06-14,Saudi Arabia,1.0,2.0,3.0,4.0,1.0,1.0,2.0,0,Modern (2015-Present),Positive,0.9113,Pre Covid
1765,219,The House,Melbourne Airport,Business Class,Business,1,2019-06-13,Saudi Arabia,3.0,3.0,2.0,1.0,3.0,1.0,3.0,0,Modern (2015-Present),Negative,-0.3804,Pre Covid
1766,219,Unknown Lounge,Abu Dhabi Airport,Business Class,Business,1,2019-05-10,United Arab Emirates,1.0,1.0,1.0,1.0,1.0,1.0,1.0,0,Modern (2015-Present),Negative,-0.8103,Pre Covid
1767,219,Business Class Lounge,Abu Dhabi Airport,Business Class,Business,1,2019-04-25,Australia,1.0,1.0,,,,,,0,Modern (2015-Present),Negative,-0.8674,Pre Covid
1768,219,Unknown Lounge,Abu Dhabi Airport,Business Class,Business,1,2019-01-11,Saudi Arabia,1.0,2.0,3.0,3.0,1.0,1.0,2.0,0,Modern (2015-Present),Positive,0.972,Pre Covid
1769,219,Unknown Lounge,Moscow Domodedovo Airport,Business Class,Business,1,2018-11-16,Russian Federation,5.0,5.0,3.0,3.0,5.0,5.0,5.0,1,Modern (2015-Present),Positive,0.926,Pre Covid
1770,219,Unknown Lounge,Abu Dhabi Airport,Business Class,Business,1,2018-10-14,Saudi Arabia,1.0,2.0,4.0,2.0,1.0,2.0,1.0,0,Modern (2015-Present),Positive,0.5574,Pre Covid
1771,219,Unknown Lounge,Melbourne Airport,Business Class,Business,0,2018-08-12,Saudi Arabia,4.0,4.0,3.0,2.0,4.0,4.0,3.0,1,Modern (2015-Present),Positive,0.9779,Pre Covid
1772,219,Etihad Business Class Lounge,Abu Dhabi Airport,Business Class,Business,0,2018-08-11,United Kingdom,3.0,3.0,3.0,4.0,1.0,1.0,3.0,1,Modern (2015-Present),Positive,0.9515,Pre Covid
1773,219,Aspire Lounge,Zurich Airport,Business Class,Business,1,2018-06-05,India,2.0,3.0,1.0,1.0,,1.0,1.0,0,Modern (2015-Present),Negative,-0.2337,Pre Covid
1774,219,Al Reem,Abu Dhabi Airport,Pay to Use,Unknown,1,2018-05-02,Australia,4.0,4.0,,5.0,4.0,5.0,5.0,1,Modern (2015-Present),Positive,0.9565,Pre Covid
1775,219,Unknown Lounge,Abu Dhabi Airport,Business Class,Business,1,2017-12-23,Philippines,2.0,3.0,3.0,2.0,3.0,3.0,1.0,0,Modern (2015-Present),Negative,-0.6514,Pre Covid
1776,219,Unknown Lounge,Abu Dhabi Airport,First Class,Unknown,0,2017-11-02,United States,4.0,5.0,4.0,4.0,,4.0,4.0,0,Modern (2015-Present),Positive,0.9783,Pre Covid
1777,219,Unknown Lounge,Los Angeles LAX Airport,Business Class,Business,0,2017-06-30,Australia,1.0,2.0,1.0,1.0,,3.0,1.0,0,Modern (2015-Present),Negative,-0.8904,Pre Covid
1778,219,Unknown Lounge,Melbourne Airport,Business Class,Business,0,2017-06-25,Saudi Arabia,4.0,4.0,3.0,3.0,2.0,4.0,4.0,1,Modern (2015-Present),Positive,0.9599,Pre Covid
1779,219,First,Abu Dhabi Airport,First Class,Unknown,0,2017-05-12,Qatar,5.0,5.0,5.0,5.0,4.0,4.0,5.0,1,Modern (2015-Present),Positive,0.9485,Pre Covid
1780,219,Unknown Lounge,Abu Dhabi Airport,First Class,Unknown,0,2017-04-24,Germany,5.0,5.0,5.0,4.0,5.0,4.0,5.0,1,Modern (2015-Present),Positive,0.875,Pre Covid
1781,219,Air Berlin,Dusseldorf Airport,Business Class,Business,0,2017-04-23,Germany,1.0,2.0,4.0,1.0,,4.0,1.0,0,Modern (2015-Present),Positive,0.3612,Pre Covid
1782,219,Louis Tavern,Bangkok Suvarnabhumi Airport,Business Class,Business,0,2017-03-28,Saudi Arabia,3.0,4.0,1.0,1.0,,,3.0,0,Modern (2015-Present),Positive,0.2263,Pre Covid
1783,219,Terminal 3,Abu Dhabi Airport,Business Class,Business,0,2017-03-28,Saudi Arabia,4.0,4.0,3.0,3.0,,5.0,5.0,1,Modern (2015-Present),Positive,0.9607,Pre Covid
1784,219,Unknown Lounge,Melbourne Airport,First Class,Unknown,0,2017-03-15,Qatar,3.0,5.0,5.0,2.0,5.0,3.0,3.0,1,Modern (2015-Present),Positive,0.3818,Pre Covid
1785,219,Unknown Lounge,Abu Dhabi Airport,Business Class,Business,0,2017-01-25,United Arab Emirates,3.0,3.0,3.0,1.0,3.0,,2.0,0,Modern (2015-Present),Positive,0.2568,Pre Covid
1786,219,Terminal 3,Abu Dhabi Airport,Business Class,Business,0,2017-01-23,Australia,3.0,4.0,4.0,3.0,,4.0,3.0,0,Modern (2015-Present),Positive,0.5137,Pre Covid
1787,219,Unknown Lounge,Los Angeles LAX Airport,Business Class,Business,0,2017-01-13,Australia,5.0,5.0,5.0,3.0,1.0,4.0,5.0,1,Modern (2015-Present),Positive,0.9153,Pre Covid
1788,219,Unknown Lounge,Abu Dhabi Airport,Business Class,Business,0,2017-01-13,Australia,4.0,4.0,4.0,4.0,4.0,5.0,4.0,1,Modern (2015-Present),Positive,0.831,Pre Covid
1789,219,Plaza Premium Lounge,Bangalore Airport,Frequent Flyer,Unknown,0,2017-01-13,Qatar,4.0,5.0,3.0,3.0,4.0,1.0,4.0,1,Modern (2015-Present),Positive,0.9366,Pre Covid
1790,219,Unknown Lounge,Abu Dhabi Airport,Business Class,Business,0,2017-01-09,United Kingdom,3.0,4.0,5.0,5.0,5.0,5.0,1.0,1,Modern (2015-Present),Negative,-0.313,Pre Covid
1791,219,Unknown Lounge,Abu Dhabi Airport,Business Class,Business,0,2017-01-07,United States,1.0,3.0,,2.0,1.0,3.0,3.0,0,Modern (2015-Present),Positive,0.3132,Pre Covid
1792,219,First,Abu Dhabi Airport,First Class,Unknown,0,2016-12-15,Qatar,5.0,5.0,5.0,5.0,5.0,3.0,5.0,1,Modern (2015-Present),Positive,0.5719,Pre Covid
1793,219,Oryx lounge,Doha Airport,Frequent Flyer,Unknown,0,2016-12-15,Qatar,3.0,5.0,3.0,2.0,3.0,3.0,5.0,1,Modern (2015-Present),Positive,0.9224,Pre Covid
1794,219,Business Class,Abu Dhabi Airport,Business Class,Business,0,2016-12-04,Bahrain,1.0,4.0,3.0,2.0,3.0,,3.0,0,Modern (2015-Present),Positive,0.9255,Pre Covid
1795,219,Etihad,London Heathrow Airport,Business Class,Business,0,2016-12-03,United Kingdom,5.0,5.0,4.0,1.0,4.0,1.0,4.0,1,Modern (2015-Present),Negative,-0.6808,Pre Covid
1796,219,Unknown Lounge,Abu Dhabi Airport,Business Class,Business,0,2016-11-29,Qatar,4.0,5.0,5.0,5.0,3.0,5.0,5.0,1,Modern (2015-Present),Positive,0.8079,Pre Covid
1797,219,Unknown Lounge,Paris CDG Airport,First Class,Unknown,0,2016-11-12,United Arab Emirates,4.0,4.0,4.0,2.0,4.0,3.0,5.0,1,Modern (2015-Present),Positive,0.836,Pre Covid
1798,219,Etihad First,Abu Dhabi Airport,First Class,Unknown,0,2016-10-18,United Kingdom,5.0,5.0,5.0,5.0,5.0,5.0,5.0,1,Modern (2015-Present),Positive,0.9312,Pre Covid
1799,219,Arrivals lounge,Abu Dhabi Airport,Business Class,Business,0,2016-10-01,United Arab Emirates,4.0,4.0,4.0,3.0,4.0,4.0,4.0,1,Modern (2015-Present),Positive,0.8765,Pre Covid
1800,219,Louis tavern,Bangkok Suvarnabhumi Airport,Business Class,Business,0,2016-09-23,United Kingdom,2.0,3.0,3.0,3.0,,2.0,2.0,0,Modern (2015-Present),Negative,-0.8016,Pre Covid
1801,219,Unknown Lounge,Abu Dhabi Airport,First Class,Unknown,0,2016-08-20,Qatar,5.0,5.0,5.0,5.0,5.0,3.0,5.0,1,Modern (2015-Present),Positive,0.9442,Pre Covid
1802,219,Louis Tavern,Bangkok Suvarnabhumi Airport,Business Class,Business,0,2016-08-19,Australia,3.0,2.0,2.0,1.0,2.0,3.0,2.0,0,Modern (2015-Present),Negative,-0.4675,Pre Covid
1803,219,Louis Tavern,Bangkok Suvarnabhumi Airport,Business Class,Business,0,2016-07-09,Ireland,1.0,4.0,3.0,2.0,,4.0,5.0,0,Modern (2015-Present),Positive,0.4939,Pre Covid
1804,219,Etihad Abu Dhabi,Abu Dhabi Airport,Business Class,Business,0,2016-07-03,Thailand,2.0,2.0,3.0,3.0,,,2.0,0,Modern (2015-Present),Positive,0.9848,Pre Covid
1805,219,Etihad Lounge,London Heathrow Airport,Business Class,Business,0,2016-06-06,United Kingdom,4.0,5.0,3.0,4.0,,,,1,Modern (2015-Present),Positive,0.5346,Pre Covid
1806,219,Unknown Lounge,Manchester Airport,Business Class,Business,0,2016-06-06,United Kingdom,5.0,5.0,5.0,4.0,5.0,5.0,5.0,1,Modern (2015-Present),Positive,0.9062,Pre Covid
1807,219,Louis Tavern,Bangkok Suvarnabhumi Airport,First Class,Unknown,0,2016-03-04,Belgium,1.0,1.0,1.0,1.0,1.0,1.0,,0,Modern (2015-Present),Negative,-0.957,Pre Covid
1808,219,Unknown Lounge,Abu Dhabi Airport,Business Class,Business,0,2016-02-15,United States,3.0,4.0,3.0,2.0,4.0,4.0,2.0,0,Modern (2015-Present),Positive,0.8791,Pre Covid
1809,219,Unknown Lounge,Abu Dhabi Airport,Business Class,Business,0,2016-02-14,Saudi Arabia,2.0,5.0,2.0,2.0,4.0,4.0,3.0,0,Modern (2015-Present),Negative,-0.473,Pre Covid
1810,219,Unknown Lounge,Abu Dhabi Airport,Business Class,Business,0,2016-01-07,Belgium,3.0,4.0,4.0,4.0,4.0,1.0,4.0,1,Modern (2015-Present),Positive,0.7096,Pre Covid
1811,219,Pagasa,Manila Airport,Business Class,Business,0,2016-01-04,Philippines,1.0,2.0,1.0,1.0,2.0,3.0,1.0,0,Modern (2015-Present),Negative,-0.8184,Pre Covid
1812,219,Unknown Lounge,Abu Dhabi Airport,Business Class,Business,0,2015-12-13,Portugal,5.0,5.0,5.0,5.0,5.0,3.0,5.0,1,Modern (2015-Present),Positive,0.9136,Pre Covid
1813,219,Unknown Lounge,Abu Dhabi Airport,Business Class,Business,0,2015-10-30,United States,4.0,4.0,5.0,5.0,4.0,4.0,5.0,1,Modern (2015-Present),Negative,-0.296,Pre Covid
1814,219,Unknown Lounge,Abu Dhabi Airport,Business Class,Business,0,2015-10-21,Philippines,4.0,5.0,5.0,5.0,5.0,5.0,5.0,1,Modern (2015-Present),Positive,0.6779,Pre Covid
1815,219,Terminal 3,Abu Dhabi Airport,Business Class,Business,0,2015-10-12,Cyprus,4.0,5.0,5.0,5.0,5.0,,5.0,1,Modern (2015-Present),Positive,0.9209,Pre Covid
1816,219,Unknown Lounge,Sydney Airport,Business Class,Business,0,2015-10-05,Australia,5.0,5.0,5.0,5.0,5.0,5.0,5.0,1,Modern (2015-Present),Positive,0.9779,Pre Covid
1817,219,Unknown Lounge,Manchester Airport,Business Class,Business,0,2015-09-10,United Kingdom,5.0,5.0,5.0,4.0,5.0,5.0,5.0,1,Modern (2015-Present),Positive,0.8857,Pre Covid
1818,219,Unknown Lounge,Cairo Airport,Business Class,Business,0,2015-09-04,United Arab Emirates,1.0,1.0,1.0,1.0,1.0,1.0,1.0,0,Modern (2015-Present),Positive,0.1078,Pre Covid
1819,219,Unknown Lounge,Dublin Airport,Business Class,Business,0,2015-09-03,Ireland,4.0,5.0,5.0,5.0,4.0,4.0,5.0,1,Modern (2015-Present),Positive,0.9705,Pre Covid
1820,219,Unknown Lounge,New York JFK Airport,First Class,Unknown,0,2015-08-24,United Arab Emirates,2.0,2.0,2.0,1.0,1.0,2.0,1.0,0,Modern (2015-Present),Negative,-0.5106,Pre Covid
1821,219,Unknown Lounge,Abu Dhabi Airport,Business Class,Business,0,2015-08-24,Afghanistan,5.0,5.0,5.0,5.0,5.0,5.0,5.0,1,Modern (2015-Present),Positive,0.6124,Pre Covid
1822,219,Unknown Lounge,New York JFK Airport,Business Class,Business,0,2015-07-24,United States,4.0,5.0,4.0,4.0,3.0,4.0,5.0,1,Modern (2015-Present),Positive,0.9186,Pre Covid
1823,219,Unknown Lounge,Abu Dhabi Airport,Business Class,Business,0,2015-05-10,United States,1.0,2.0,2.0,1.0,1.0,4.0,1.0,0,Modern (2015-Present),Negative,-0.5869,Pre Covid
1824,219,Unknown Lounge,Abu Dhabi Airport,Business Class,Business,0,2015-02-05,United Kingdom,1.0,5.0,4.0,3.0,1.0,3.0,4.0,0,Modern (2015-Present),Negative,-0.6432,Pre Covid
1825,219,Unknown Lounge,Dublin Airport,Business Class,Business,0,2015-02-05,Ireland,4.0,5.0,4.0,5.0,4.0,5.0,3.0,1,Modern (2015-Present),Positive,0.8949,Pre Covid
1826,219,Unknown Lounge,Abu Dhabi Airport,Business Class,Business,0,2015-01-27,United States,5.0,5.0,5.0,5.0,4.0,5.0,5.0,1,Modern (2015-Present),Positive,0.7003,Pre Covid
1827,219,SATS Premier,Singapore Changi Airport,Business Class,Business,0,2015-01-02,Australia,2.0,2.0,1.0,1.0,1.0,2.0,2.0,0,Modern (2015-Present),Positive,0.4508,Pre Covid
1828,219,Unknown Lounge,Abu Dhabi Airport,Business Class,Business,0,2015-01-02,United Arab Emirates,5.0,5.0,5.0,4.0,5.0,5.0,5.0,1,Modern (2015-Present),Positive,0.9061,Pre Covid
1829,219,Unknown Lounge,Abu Dhabi Airport,Business Class,Business,0,2014-09-30,Australia,3.0,3.0,3.0,1.0,1.0,3.0,1.0,0,Historical (Pre-2015),Negative,-0.6554,Pre Covid
1830,219,Unknown Lounge,Abu Dhabi Airport,Business Class,Business,0,2014-08-21,Australia,1.0,3.0,2.0,3.0,2.0,3.0,3.0,0,Historical (Pre-2015),Negative,-0.7964,Pre Covid
1831,219,Unknown Lounge,Abu Dhabi Airport,Business Class,Business,0,2014-08-21,India,1.0,2.0,3.0,4.0,1.0,5.0,4.0,0,Historical (Pre-2015),Negative,-0.2625,Pre Covid
1832,219,Unknown Lounge,Abu Dhabi Airport,Business Class,Business,0,2014-08-04,United Kingdom,1.0,2.0,2.0,1.0,1.0,1.0,1.0,0,Historical (Pre-2015),Positive,0.3612,Pre Covid
1833,219,Unknown Lounge,Abu Dhabi Airport,Business Class,Business,0,2014-08-02,Australia,3.0,4.0,3.0,4.0,4.0,5.0,3.0,0,Historical (Pre-2015),Positive,0.8555,Pre Covid
1834,219,Unknown Lounge,Washington Dulles Airport,First Class,Unknown,0,2014-03-30,United States,5.0,5.0,5.0,5.0,5.0,5.0,5.0,1,Historical (Pre-2015),Positive,0.9668,Pre Covid
1835,219,Unknown Lounge,Washington Dulles Airport,Business Class,Business,0,2014-03-30,United Arab Emirates,5.0,5.0,5.0,5.0,5.0,4.0,5.0,1,Historical (Pre-2015),Positive,0.9366,Pre Covid
1836,219,Unknown Lounge,Brisbane Airport,Business Class,Business,0,2014-03-30,Australia,1.0,1.0,1.0,1.0,1.0,2.0,1.0,0,Historical (Pre-2015),Negative,-0.5411,Pre Covid
1837,219,Unknown Lounge,Manchester Airport,Business Class,Business,0,2014-03-11,United Kingdom,5.0,5.0,5.0,5.0,5.0,5.0,5.0,1,Historical (Pre-2015),Positive,0.8934,Pre Covid
1838,219,SATS Premier,Singapore Changi Airport,Business Class,Business,0,2014-02-20,Australia,4.0,4.0,4.0,4.0,4.0,4.0,5.0,1,Historical (Pre-2015),Positive,0.9636,Pre Covid
1839,219,Unknown Lounge,Abu Dhabi Airport,Business Class,Business,0,2014-02-07,Australia,1.0,3.0,2.0,1.0,1.0,1.0,2.0,0,Historical (Pre-2015),Positive,0.7691,Pre Covid
1840,219,Unknown Lounge,Abu Dhabi Airport,Business Class,Business,0,2014-01-29,United Kingdom,3.0,4.0,4.0,3.0,2.0,3.0,5.0,1,Historical (Pre-2015),Positive,0.8813,Pre Covid
1841,219,Unknown Lounge,London Heathrow Airport,Business Class,Business,0,2014-01-29,United Kingdom,4.0,5.0,4.0,5.0,4.0,3.0,5.0,1,Historical (Pre-2015),Positive,0.8858,Pre Covid
1842,219,Unknown Lounge,London Heathrow Airport,Business Class,Business,0,2014-01-24,United Kingdom,5.0,5.0,5.0,5.0,5.0,5.0,5.0,1,Historical (Pre-2015),Positive,0.8805,Pre Covid
1843,219,Thai Silk,Bangkok Suvarnabhumi Airport,Business Class,Business,0,2013-12-23,United Kingdom,4.0,5.0,2.0,2.0,3.0,4.0,4.0,1,Historical (Pre-2015),Negative,-0.3269,Pre Covid
1844,219,Unknown Lounge,Manchester Airport,Business Class,Business,0,2013-12-23,United Kingdom,5.0,5.0,5.0,4.0,5.0,,5.0,1,Historical (Pre-2015),Positive,0.8619,Pre Covid
1845,219,Unknown Lounge,Manchester Airport,Business Class,Business,0,2013-11-15,United Kingdom,5.0,5.0,5.0,4.0,5.0,5.0,5.0,1,Historical (Pre-2015),Positive,0.8934,Pre Covid
1846,219,Unknown Lounge,Dublin Airport,Business Class,Business,0,2013-11-15,Australia,2.0,5.0,4.0,2.0,4.0,5.0,5.0,1,Historical (Pre-2015),Positive,0.6869,Pre Covid
1847,219,Unknown Lounge,Abu Dhabi Airport,Unknown,Unknown,0,2013-11-15,United Kingdom,4.0,4.0,5.0,5.0,2.0,5.0,3.0,1,Historical (Pre-2015),Negative,-0.6186,Pre Covid
1848,219,Unknown Lounge,Abu Dhabi Airport,Unknown,Unknown,0,2013-07-07,Thailand,2.0,2.0,3.0,2.0,1.0,3.0,3.0,0,Historical (Pre-2015),Negative,-0.6317,Pre Covid
1849,219,Unknown Lounge,Abu Dhabi Airport,Business Class,Business,0,2013-07-07,Australia,2.0,4.0,2.0,2.0,4.0,3.0,4.0,0,Historical (Pre-2015),Positive,0.25,Pre Covid
1850,219,Unknown Lounge,Abu Dhabi Airport,Business Class,Business,0,2013-05-29,Saudi Arabia,3.0,5.0,5.0,5.0,3.0,4.0,5.0,1,Historical (Pre-2015),Positive,0.4951,Pre Covid
1851,219,Unknown Lounge,Abu Dhabi Airport,Unknown,Unknown,0,2013-05-29,Qatar,2.0,2.0,4.0,3.0,1.0,4.0,3.0,0,Historical (Pre-2015),Negative,-0.7906,Pre Covid
1852,219,Unknown Lounge,Sydney Airport,Business Class,Business,0,2013-02-25,United Kingdom,3.0,2.0,3.0,2.0,1.0,4.0,1.0,0,Historical (Pre-2015),Negative,-0.9261,Pre Covid
1853,219,Pearl,Abu Dhabi Airport,Business Class,Business,0,2013-02-14,Australia,5.0,5.0,4.0,4.0,5.0,5.0,4.0,1,Historical (Pre-2015),Positive,0.8971,Pre Covid
1854,219,Pearl,Abu Dhabi Airport,Business Class,Business,0,2013-01-11,Bahamas,1.0,3.0,4.0,3.0,1.0,4.0,3.0,0,Historical (Pre-2015),Positive,0.0946,Pre Covid
1855,219,Al Reem Lounge,Abu Dhabi Airport,Unknown,Unknown,0,2012-12-23,United Kingdom,4.0,4.0,4.0,4.0,4.0,,5.0,1,Historical (Pre-2015),Positive,0.971,Pre Covid
1856,219,Al Reem Lounge,Abu Dhabi Airport,Unknown,Unknown,0,2012-11-15,Belgium,4.0,5.0,4.0,4.0,4.0,,5.0,1,Historical (Pre-2015),Positive,0.8503,Pre Covid
1857,219,Unknown Lounge,Melbourne Airport,Business Class,Business,0,2012-11-15,United Kingdom,2.0,4.0,4.0,2.0,4.0,,3.0,0,Historical (Pre-2015),Negative,-0.915,Pre Covid
1858,219,Al Reem Lounge,Abu Dhabi Airport,Unknown,Unknown,0,2012-11-07,United Kingdom,2.0,2.0,2.0,1.0,2.0,1.0,1.0,0,Historical (Pre-2015),Negative,-0.0951,Pre Covid
1859,219,Pearl,Abu Dhabi Airport,Business Class,Business,0,2012-10-04,United Kingdom,4.0,4.0,5.0,3.0,3.0,4.0,4.0,1,Historical (Pre-2015),Positive,0.0708,Pre Covid
1860,219,ETIHAD AIRWAYS BUSINESS CLASS LOUNGE REVIEW,Abu Dhabi Airport,Business Class,Business,0,2012-09-17,United Arab Emirates,2.0,4.0,3.0,3.0,3.0,2.0,1.0,0,Historical (Pre-2015),Negative,-0.8479,Pre Covid
1861,219,AA Admirals Club,Paris CDG Airport,Business Class,Business,0,2012-08-05,Australia,4.0,4.0,4.0,1.0,4.0,5.0,4.0,1,Historical (Pre-2015),Negative,-0.2666,Pre Covid
1862,219,Pearl,Abu Dhabi Airport,Business Class,Business,0,2012-06-05,Kuwait,3.0,4.0,4.0,2.0,3.0,2.0,4.0,0,Historical (Pre-2015),Negative,-0.7951,Pre Covid
1863,219,Unknown Lounge,Abu Dhabi Airport,Business Class,Business,0,2012-01-23,Kazakhstan,3.0,4.0,5.0,5.0,4.0,3.0,4.0,0,Historical (Pre-2015),Negative,-0.4989,Pre Covid
1864,219,Al Reem Lounge,Abu Dhabi Airport,Unknown,Unknown,0,2011-11-28,United Kingdom,4.0,4.0,4.0,3.0,2.0,1.0,4.0,1,Historical (Pre-2015),Negative,-0.4872,Pre Covid
1865,219,Unknown Lounge,Manchester Airport,Business Class,Business,0,2011-11-28,United Kingdom,5.0,5.0,5.0,4.0,5.0,5.0,5.0,1,Historical (Pre-2015),Positive,0.9022,Pre Covid
1866,219,Unknown Lounge,Abu Dhabi Airport,Business Class,Business,0,2011-09-17,United Kingdom,5.0,5.0,5.0,3.0,4.0,4.0,4.0,1,Historical (Pre-2015),Positive,0.9623,Pre Covid
1867,219,Al Reem Lounge,Abu Dhabi Airport,Unknown,Unknown,0,2011-09-17,United Kingdom,2.0,3.0,4.0,2.0,2.0,3.0,4.0,0,Historical (Pre-2015),Negative,-0.8241,Pre Covid
1868,219,Unknown Lounge,Abu Dhabi Airport,Unknown,Unknown,0,2011-06-29,Australia,3.0,3.0,3.0,3.0,,1.0,2.0,0,Historical (Pre-2015),Positive,0.9718,Pre Covid
1869,219,Unknown Lounge,Abu Dhabi Airport,Business Class,Business,0,2011-05-01,Oman,3.0,4.0,4.0,3.0,3.0,4.0,4.0,0,Historical (Pre-2015),Negative,-0.3818,Pre Covid
1870,219,Unknown Lounge,Abu Dhabi Airport,Business Class,Business,0,2010-11-20,United Kingdom,1.0,3.0,3.0,3.0,,3.0,1.0,0,Historical (Pre-2015),Positive,0.924,Pre Covid
1871,219,Unknown Lounge,Abu Dhabi Airport,Business Class,Business,0,2010-10-17,United Kingdom,3.0,3.0,4.0,5.0,2.0,3.0,2.0,0,Historical (Pre-2015),Positive,0.6595,Pre Covid
1872,219,Unknown Lounge,New York JFK Airport,Business Class,Business,0,2010-08-28,United Kingdom,2.0,2.0,2.0,2.0,,,2.0,0,Historical (Pre-2015),Negative,-0.8846,Pre Covid
1873,219,Unknown Lounge,Abu Dhabi Airport,Business Class,Business,0,2010-08-09,United Kingdom,3.0,3.0,4.0,3.0,3.0,4.0,3.0,0,Historical (Pre-2015),Negative,-0.25,Pre Covid
1874,219,Unknown Lounge,Abu Dhabi Airport,Business Class,Business,0,2010-01-12,United Kingdom,3.0,4.0,4.0,4.0,3.0,4.0,4.0,0,Historical (Pre-2015),Positive,0.9379,Pre Covid
1875,219,Unknown Lounge,London Heathrow Airport,Business Class,Business,0,2010-01-12,United Kingdom,5.0,5.0,5.0,5.0,4.0,4.0,5.0,0,Historical (Pre-2015),Positive,0.9657,Pre Covid
1876,219,Unknown Lounge,Abu Dhabi Airport,Business Class,Business,0,2009-12-04,United Kingdom,4.0,5.0,5.0,5.0,4.0,4.0,5.0,0,Historical (Pre-2015),Positive,0.8807,Pre Covid
1877,228,Helsinki Schengen Lounge,Helsinki Vantaa Airport,Frequent Flyer,Unknown,1,2023-07-19,Australia,1.0,1.0,,,,5.0,3.0,0,Modern (2015-Present),Positive,0.2023,After Covid
1878,228,Narbutas Business Lounge,Vilnius Airport,Business Class,Business,1,2023-07-04,United States,5.0,5.0,5.0,5.0,4.0,5.0,4.0,1,Modern (2015-Present),Positive,0.9712,After Covid
1879,228,Finnair Lounge,Helsinki Vantaa Airport,Frequent Flyer,Unknown,1,2019-10-16,Finland,3.0,4.0,3.0,3.0,,,4.0,1,Modern (2015-Present),Positive,0.8834,Pre Covid
1880,228,Platinum Lounge,Helsinki Vantaa Airport,Frequent Flyer,Unknown,1,2019-09-24,Finland,1.0,3.0,1.0,2.0,,4.0,1.0,0,Modern (2015-Present),Negative,-0.9597,Pre Covid
1881,228,Aurora,Stockholm Arlanda Airport,Business Class,Business,1,2019-07-12,Sweden,1.0,2.0,1.0,1.0,,3.0,1.0,0,Modern (2015-Present),Negative,-0.9178,Pre Covid
1882,228,Thai Airways,Krabi Airport,Business Class,Business,1,2019-01-09,United Kingdom,2.0,3.0,3.0,1.0,,1.0,1.0,0,Modern (2015-Present),Negative,-0.2283,Pre Covid
1883,228,Premium Lounge T2,Helsinki Vantaa Airport,Business Class,Business,1,2018-12-31,United Kingdom,3.0,4.0,3.0,2.0,2.0,4.0,2.0,0,Modern (2015-Present),Negative,-0.1581,Pre Covid
1884,228,Business Class Lounge,Helsinki Vantaa Airport,Business Class,Business,0,2018-06-17,Australia,4.0,4.0,5.0,1.0,4.0,4.0,3.0,0,Modern (2015-Present),Positive,0.2382,Pre Covid
1885,228,Domestic side,Helsinki Vantaa Airport,Business Class,Business,0,2017-06-30,Thailand,3.0,3.0,3.0,3.0,2.0,5.0,3.0,0,Modern (2015-Present),Positive,0.9167,Pre Covid
1886,228,Jet Lounge,Vienna Airport,Frequent Flyer,Unknown,0,2017-06-19,Finland,2.0,4.0,4.0,1.0,2.0,3.0,3.0,0,Modern (2015-Present),Positive,0.6973,Pre Covid
1887,228,Schengen Lounge,Helsinki Vantaa Airport,Business Class,Business,0,2017-05-30,Finland,2.0,4.0,3.0,2.0,4.0,5.0,2.0,1,Modern (2015-Present),Positive,0.5994,Pre Covid
1888,228,Finnair Lounge,Helsinki Vantaa Airport,Business Class,Business,0,2017-01-06,Israel,5.0,5.0,3.0,1.0,4.0,5.0,5.0,1,Modern (2015-Present),Positive,0.6476,Pre Covid
1889,228,Unknown Lounge,Helsinki Vantaa Airport,Business Class,Business,0,2016-09-12,Japan,2.0,3.0,1.0,1.0,,2.0,1.0,0,Modern (2015-Present),Negative,-0.2404,Pre Covid
1890,228,Unknown Lounge,Helsinki Vantaa Airport,Business Class,Business,0,2016-08-28,France,2.0,4.0,3.0,3.0,3.0,4.0,3.0,0,Modern (2015-Present),Negative,-0.6798,Pre Covid
1891,228,Finnair Premium Lounge,Helsinki Vantaa Airport,Business Class,Business,0,2016-05-30,Germany,5.0,5.0,5.0,5.0,5.0,5.0,5.0,1,Modern (2015-Present),Positive,0.9776,Pre Covid
1892,228,Unknown Lounge,Helsinki Vantaa Airport,Business Class,Business,0,2015-09-28,Australia,5.0,5.0,5.0,5.0,5.0,5.0,5.0,1,Modern (2015-Present),Positive,0.9477,Pre Covid
1893,228,Unknown Lounge,Helsinki Vantaa Airport,Business Class,Business,0,2015-09-17,Belgium,1.0,3.0,1.0,1.0,3.0,3.0,1.0,0,Modern (2015-Present),Negative,-0.8883,Pre Covid
1894,228,Unknown Lounge,Helsinki Vantaa Airport,Frequent Flyer,Unknown,0,2015-09-03,Finland,5.0,5.0,4.0,3.0,5.0,5.0,3.0,1,Modern (2015-Present),Positive,0.9244,Pre Covid
1895,228,Schengen Lounge,Helsinki Vantaa Airport,Business Class,Business,0,2015-06-17,Sweden,2.0,3.0,4.0,2.0,,,3.0,1,Modern (2015-Present),Positive,0.8171,Pre Covid
1896,228,Non-Schengen Lounge,Helsinki Vantaa Airport,Business Class,Business,0,2015-06-17,Sweden,4.0,4.0,3.0,2.0,3.0,3.0,3.0,1,Modern (2015-Present),Positive,0.939,Pre Covid
1897,228,Non-Schengen Lounge,Helsinki Vantaa Airport,Business Class,Business,0,2015-01-02,Netherlands,5.0,4.0,4.0,4.0,4.0,4.0,4.0,1,Modern (2015-Present),Positive,0.9571,Pre Covid
1898,228,Schengen Lounge,Helsinki Vantaa Airport,Business Class,Business,0,2015-01-02,Finland,2.0,2.0,1.0,1.0,2.0,3.0,2.0,0,Modern (2015-Present),Negative,-0.5789,Pre Covid
1899,228,Schengen Lounge,Helsinki Vantaa Airport,Business Class,Business,0,2015-01-02,Netherlands,1.0,3.0,3.0,2.0,2.0,3.0,3.0,0,Modern (2015-Present),Positive,0.7033,Pre Covid
1900,228,Unknown Lounge,Helsinki Vantaa Airport,Frequent Flyer,Unknown,0,2014-11-06,Finland,2.0,2.0,1.0,1.0,3.0,2.0,2.0,0,Historical (Pre-2015),Negative,-0.92,Pre Covid
1901,228,Unknown Lounge,Helsinki Vantaa Airport,Business Class,Business,0,2014-10-22,Australia,5.0,5.0,5.0,5.0,4.0,5.0,5.0,1,Historical (Pre-2015),Positive,0.8832,Pre Covid
1902,228,Unknown Lounge,Helsinki Vantaa Airport,Business Class,Business,0,2014-08-21,United Kingdom,2.0,3.0,4.0,1.0,2.0,3.0,1.0,0,Historical (Pre-2015),Negative,-0.8276,Pre Covid
1903,228,Unknown Lounge,Helsinki Vantaa Airport,Business Class,Business,0,2014-08-12,Australia,5.0,5.0,4.0,1.0,4.0,5.0,4.0,1,Historical (Pre-2015),Positive,0.4926,Pre Covid
1904,228,Unknown Lounge,Helsinki Vantaa Airport,Business Class,Business,0,2014-03-30,Canada,4.0,5.0,2.0,1.0,3.0,5.0,3.0,0,Historical (Pre-2015),Negative,-0.8592,Pre Covid
1905,228,Unknown Lounge,Helsinki Vantaa Airport,Business Class,Business,0,2014-01-10,United Kingdom,5.0,5.0,5.0,5.0,5.0,5.0,5.0,1,Historical (Pre-2015),Positive,0.9701,Pre Covid
1906,228,Unknown Lounge,Helsinki Vantaa Airport,Business Class,Business,0,2013-11-15,Norway,1.0,2.0,2.0,1.0,3.0,4.0,3.0,0,Historical (Pre-2015),Negative,-0.8659,Pre Covid
1907,228,Unknown Lounge,Helsinki Vantaa Airport,Business Class,Business,0,2013-09-15,Australia,1.0,2.0,3.0,1.0,,4.0,3.0,0,Historical (Pre-2015),Negative,-0.3071,Pre Covid
1908,228,Unknown Lounge,Helsinki Vantaa Airport,Business Class,Business,0,2013-07-31,Australia,3.0,3.0,1.0,1.0,1.0,4.0,2.0,0,Historical (Pre-2015),Negative,-0.3612,Pre Covid
1909,228,Unknown Lounge,Helsinki Vantaa Airport,Business Class,Business,0,2013-07-07,Sweden,3.0,1.0,2.0,1.0,5.0,3.0,2.0,0,Historical (Pre-2015),Negative,-0.3284,Pre Covid
1910,228,Unknown Lounge,Helsinki Vantaa Airport,Business Class,Business,0,2013-05-29,Sweden,1.0,3.0,1.0,1.0,4.0,3.0,3.0,0,Historical (Pre-2015),Positive,0.6233,Pre Covid
1911,228,Unknown Lounge,Helsinki Vantaa Airport,Business Class,Business,0,2011-09-17,Australia,4.0,4.0,4.0,4.0,4.0,5.0,4.0,0,Historical (Pre-2015),Positive,0.9494,Pre Covid
1912,228,Unknown Lounge,Helsinki Vantaa Airport,Business Class,Business,0,2010-06-14,United Kingdom,3.0,4.0,2.0,2.0,3.0,3.0,4.0,0,Historical (Pre-2015),Positive,0.9438,Pre Covid
1914,221,Hugo Junkers Lounge,Dusseldorf Airport,Members,Unknown,1,2023-07-02,Germany,3.0,4.0,2.0,3.0,3.0,,3.0,1,Modern (2015-Present),Positive,0.9658,After Covid
1915,594,Unknown Lounge,Dubai Airport,Business Class,Business,0,2017-10-01,Saudi Arabia,3.0,4.0,3.0,2.0,3.0,1.0,4.0,1,Modern (2015-Present),Negative,-0.2263,Pre Covid
1916,594,LAT Lounge,Beirut Airport,Business Class,Business,0,2016-11-06,United Arab Emirates,5.0,5.0,3.0,2.0,,,,1,Modern (2015-Present),Positive,0.8218,Pre Covid
1917,241,Garuda Business Lounge,Jakarta Airport,Business Class,Business,1,2024-02-25,United Kingdom,3.0,2.0,1.0,1.0,2.0,3.0,1.0,0,Modern (2015-Present),Negative,-0.7343,After Covid
1918,241,Unknown Lounge,Denpasar Bali Airport,Business Class,Business,0,2020-01-10,Australia,3.0,1.0,1.0,1.0,3.0,,2.0,0,Modern (2015-Present),Positive,0.5809,Covid
1919,241,Unknown Lounge,Denpasar Bali Airport,Business Class,Business,1,2019-12-19,Australia,2.0,2.0,1.0,2.0,2.0,3.0,1.0,1,Modern (2015-Present),Positive,0.372,Pre Covid
1920,241,Garuda Airlines,Denpasar Bali Airport,Business Class,Business,0,2019-10-06,Australia,1.0,3.0,2.0,1.0,3.0,3.0,1.0,0,Modern (2015-Present),Negative,-0.9416,Pre Covid
1921,241,Unknown Lounge,Denpasar Bali Airport,Business Class,Business,1,2019-06-10,Australia,2.0,3.0,2.0,2.0,3.0,3.0,2.0,0,Modern (2015-Present),Positive,0.8428,Pre Covid
1922,241,Unknown Lounge,Denpasar Bali Airport,Business Class,Business,1,2019-05-14,Australia,3.0,4.0,1.0,1.0,,3.0,3.0,0,Modern (2015-Present),Negative,-0.7644,Pre Covid
1923,241,Unknown Lounge,Denpasar Bali Airport,Business Class,Business,1,2019-05-11,Australia,2.0,2.0,1.0,1.0,2.0,2.0,1.0,1,Modern (2015-Present),Negative,-0.5509,Pre Covid
1924,241,Terminal 3,Jakarta Airport,Business Class,Business,1,2019-03-13,United Kingdom,3.0,4.0,3.0,1.0,4.0,3.0,4.0,0,Modern (2015-Present),Positive,0.5272,Pre Covid
1925,241,Ngurah rai,Denpasar Bali Airport,Business Class,Business,0,2019-03-12,Australia,2.0,4.0,1.0,1.0,3.0,3.0,1.0,0,Modern (2015-Present),Negative,-0.7795,Pre Covid
1926,241,Unknown Lounge,Jakarta Airport,Business Class,Business,0,2019-02-03,Indonesia,3.0,3.0,1.0,1.0,3.0,3.0,3.0,0,Modern (2015-Present),Positive,0.8289,Pre Covid
1927,241,Unknown Lounge,Denpasar Bali Airport,Business Class,Business,1,2019-01-22,United Kingdom,3.0,2.0,1.0,3.0,,1.0,1.0,0,Modern (2015-Present),Negative,-0.8766,Pre Covid
1928,241,Unknown Lounge,Jakarta Airport,Business Class,Business,1,2018-05-15,Indonesia,1.0,2.0,,1.0,1.0,1.0,1.0,0,Modern (2015-Present),Positive,0.4118,Pre Covid
1929,241,Unknown Lounge,Denpasar Bali Airport,Business Class,Business,1,2018-02-05,France,1.0,4.0,2.0,2.0,2.0,2.0,3.0,0,Modern (2015-Present),Negative,-0.8433,Pre Covid
1930,241,Domestic Business Lounge,Denpasar Bali Airport,Business Class,Business,0,2017-11-12,Indonesia,5.0,4.0,4.0,4.0,3.0,4.0,3.0,1,Modern (2015-Present),Positive,0.296,Pre Covid
1931,241,Unknown Lounge,Denpasar Bali Airport,Business Class,Business,0,2017-10-14,Australia,1.0,2.0,1.0,1.0,3.0,3.0,1.0,1,Modern (2015-Present),Negative,-0.8176,Pre Covid
1932,241,T3 International,Jakarta Airport,Frequent Flyer,Unknown,0,2017-10-10,Indonesia,5.0,5.0,5.0,5.0,5.0,5.0,5.0,1,Modern (2015-Present),Positive,0.8555,Pre Covid
1933,241,Dnata,Singapore Changi Airport,Business Class,Business,0,2017-09-23,Netherlands,1.0,1.0,1.0,1.0,1.0,1.0,1.0,0,Modern (2015-Present),Negative,-0.8012,Pre Covid
1934,241,Unknown Lounge,Jakarta Airport,Business Class,Business,0,2017-09-06,Indonesia,2.0,2.0,2.0,1.0,3.0,3.0,1.0,0,Modern (2015-Present),Negative,-0.9801,Pre Covid
1935,241,Unknown Lounge,Denpasar Bali Airport,Business Class,Business,0,2017-07-24,Australia,2.0,4.0,1.0,2.0,1.0,1.0,2.0,0,Modern (2015-Present),Positive,0.7837,Pre Covid
1936,241,International Business,Denpasar Bali Airport,Business Class,Business,0,2017-06-18,Australia,2.0,3.0,1.0,1.0,1.0,3.0,1.0,0,Modern (2015-Present),Positive,0.7652,Pre Covid
1937,241,Unknown Lounge,Jakarta Airport,Business Class,Business,0,2017-05-21,Australia,2.0,2.0,2.0,1.0,1.0,,1.0,0,Modern (2015-Present),Negative,-0.9238,Pre Covid
1938,241,First Class Lounge,Denpasar Bali Airport,First Class,Unknown,0,2017-03-21,Indonesia,3.0,3.0,3.0,3.0,4.0,3.0,5.0,1,Modern (2015-Present),Positive,0.7105,Pre Covid
1939,241,Unknown Lounge,Denpasar Bali Airport,Business Class,Business,0,2016-11-09,Australia,3.0,3.0,1.0,1.0,2.0,1.0,1.0,1,Modern (2015-Present),Positive,0.5626,Pre Covid
1940,241,Unknown Lounge,Denpasar Bali Airport,Business Class,Business,0,2016-10-03,Indonesia,4.0,4.0,4.0,4.0,4.0,4.0,4.0,1,Modern (2015-Present),Positive,0.9055,Pre Covid
1941,241,Sky Team Lounge,Sydney Airport,Business Class,Business,0,2016-09-26,Australia,4.0,5.0,4.0,3.0,4.0,5.0,4.0,1,Modern (2015-Present),Positive,0.9363,Pre Covid
1942,241,Unknown Lounge,Denpasar Bali Airport,Business Class,Business,0,2016-09-26,Australia,3.0,4.0,3.0,2.0,3.0,3.0,3.0,1,Modern (2015-Present),Positive,0.6124,Pre Covid
1943,241,Unknown Lounge,Denpasar Bali Airport,Business Class,Business,0,2016-06-01,Australia,2.0,3.0,1.0,1.0,1.0,2.0,2.0,1,Modern (2015-Present),Negative,-0.7153,Pre Covid
1944,241,Skyteam Lounge,Hong Kong Airport,Business Class,Business,0,2016-02-19,Hong Kong,4.0,4.0,4.0,3.0,4.0,4.0,4.0,1,Modern (2015-Present),Positive,0.8739,Pre Covid
1945,241,Unknown Lounge,Jakarta Airport,Business Class,Business,0,2016-02-07,United Kingdom,4.0,4.0,2.0,2.0,4.0,5.0,3.0,0,Modern (2015-Present),Positive,0.0772,Pre Covid
1946,241,Business lounge,Denpasar Bali Airport,Business Class,Business,0,2016-01-04,Australia,2.0,4.0,2.0,1.0,2.0,4.0,3.0,1,Modern (2015-Present),Positive,0.128,Pre Covid
1947,241,Unknown Lounge,Denpasar Bali Airport,Business Class,Business,0,2015-09-14,Australia,1.0,1.0,1.0,1.0,,,1.0,0,Modern (2015-Present),Negative,-0.6013,Pre Covid
1948,241,Unknown Lounge,Denpasar Bali Airport,Business Class,Business,0,2015-09-09,United Kingdom,1.0,5.0,1.0,1.0,,1.0,1.0,0,Modern (2015-Present),Negative,-0.6697,Pre Covid
1949,241,Emerald Sky Lounge,Jakarta Airport,Frequent Flyer,Unknown,0,2015-08-29,Indonesia,4.0,4.0,4.0,4.0,4.0,4.0,5.0,1,Modern (2015-Present),Positive,0.8534,Pre Covid
1950,241,Unknown Lounge,Sydney Airport,Business Class,Business,0,2015-08-25,Australia,5.0,5.0,4.0,4.0,,5.0,4.0,1,Modern (2015-Present),Positive,0.7003,Pre Covid
1951,241,Unknown Lounge,Jakarta Airport,First Class,Unknown,0,2015-08-25,Australia,5.0,5.0,5.0,4.0,5.0,5.0,5.0,1,Modern (2015-Present),Positive,0.9914,Pre Covid
1952,241,Unknown Lounge,Denpasar Bali Airport,Business Class,Business,0,2015-07-11,Australia,1.0,1.0,1.0,2.0,1.0,1.0,1.0,1,Modern (2015-Present),Negative,-0.4019,Pre Covid
1953,241,Unknown Lounge,Denpasar Bali Airport,Business Class,Business,0,2015-07-05,Australia,1.0,1.0,,1.0,,1.0,1.0,0,Modern (2015-Present),Positive,0.5179,Pre Covid
1954,241,Unknown Lounge,Jakarta Airport,Business Class,Business,0,2015-05-10,China,5.0,5.0,3.0,3.0,4.0,5.0,5.0,1,Modern (2015-Present),Positive,0.7739,Pre Covid
1955,241,Unknown Lounge,Denpasar Bali Airport,Business Class,Business,0,2015-03-23,Australia,1.0,1.0,1.0,1.0,1.0,2.0,1.0,0,Modern (2015-Present),Positive,0.3159,Pre Covid
1956,241,Unknown Lounge,Jakarta Airport,First Class,Unknown,0,2015-03-22,Netherlands,4.0,5.0,5.0,4.0,5.0,4.0,5.0,1,Modern (2015-Present),Positive,0.7307,Pre Covid
1957,241,Unknown Lounge,Denpasar Bali Airport,Business Class,Business,0,2014-10-05,Australia,1.0,1.0,1.0,1.0,1.0,2.0,1.0,0,Historical (Pre-2015),Positive,0.4456,Pre Covid
1958,241,Unknown Lounge,Jakarta Airport,Business Class,Business,0,2014-10-04,Australia,1.0,2.0,1.0,1.0,1.0,2.0,1.0,0,Historical (Pre-2015),Negative,-0.1825,Pre Covid
1959,241,Unknown Lounge,Denpasar Bali Airport,Business Class,Business,0,2014-08-05,Australia,3.0,3.0,1.0,3.0,1.0,1.0,4.0,0,Historical (Pre-2015),Negative,-0.296,Pre Covid
1960,241,Unknown Lounge,Jakarta Airport,Business Class,Business,0,2014-08-05,Australia,3.0,3.0,1.0,3.0,1.0,2.0,4.0,0,Historical (Pre-2015),Negative,-0.3284,Pre Covid
1961,241,Unknown Lounge,Incheon Airport,Business Class,Business,0,2014-05-28,Indonesia,4.0,5.0,3.0,3.0,3.0,5.0,5.0,1,Historical (Pre-2015),Positive,0.7684,Pre Covid
1962,241,Unknown Lounge,Jakarta Airport,Business Class,Business,0,2014-05-28,Indonesia,4.0,4.0,3.0,3.0,4.0,4.0,5.0,1,Historical (Pre-2015),Positive,0.9567,Pre Covid
1963,241,Unknown Lounge,Denpasar Bali Airport,Business Class,Business,0,2014-03-03,Australia,3.0,4.0,1.0,1.0,1.0,4.0,3.0,0,Historical (Pre-2015),Positive,0.2566,Pre Covid
1964,241,Unknown Lounge,Denpasar Bali Airport,Business Class,Business,0,2014-01-10,New Zealand,3.0,3.0,1.0,1.0,1.0,5.0,1.0,0,Historical (Pre-2015),Positive,0.2205,Pre Covid
1965,241,Unknown Lounge,Denpasar Bali Airport,Business Class,Business,0,2013-04-04,Australia,3.0,3.0,3.0,3.0,,,3.0,0,Historical (Pre-2015),Positive,0.4404,Pre Covid
1966,241,Unknown Lounge,Denpasar Bali Airport,Business Class,Business,0,2013-02-18,Australia,3.0,3.0,2.0,2.0,1.0,2.0,4.0,0,Historical (Pre-2015),Negative,-0.8016,Pre Covid
1967,241,Unknown Lounge,Jakarta Airport,Business Class,Business,0,2012-08-31,Australia,5.0,5.0,4.0,4.0,4.0,4.0,5.0,1,Historical (Pre-2015),Positive,0.8189,Pre Covid
1968,241,Unknown Lounge,Denpasar Bali Airport,Business Class,Business,0,2012-01-30,Australia,3.0,4.0,3.0,2.0,,4.0,4.0,0,Historical (Pre-2015),Negative,-0.3865,Pre Covid
1969,241,Unknown Lounge,Jakarta Airport,Business Class,Business,0,2011-05-23,Indonesia,5.0,5.0,4.0,4.0,4.0,5.0,5.0,0,Historical (Pre-2015),Positive,0.886,Pre Covid
1970,241,Unknown Lounge,Denpasar Bali Airport,Business Class,Business,0,2010-09-06,United Kingdom,1.0,2.0,2.0,1.0,1.0,1.0,1.0,0,Historical (Pre-2015),Positive,0.2425,Pre Covid
1971,241,Unknown Lounge,Denpasar Bali Airport,Business Class,Business,0,2009-12-09,United Kingdom,4.0,4.0,5.0,4.0,3.0,4.0,5.0,1,Historical (Pre-2015),Positive,0.7783,Pre Covid
1972,241,Unknown Lounge,Jakarta Airport,Business Class,Business,0,2009-06-04,United Kingdom,4.0,4.0,5.0,4.0,3.0,4.0,5.0,1,Historical (Pre-2015),Positive,0.9811,Pre Covid
1975,185,Copa Club T1,Panama Tocumen Airport,Business Class,Business,1,2022-10-25,Spain,1.0,1.0,1.0,1.0,1.0,4.0,2.0,0,Modern (2015-Present),Negative,-0.765,After Covid
1976,185,Copa lounge,Panama Tocumen Airport,Business Class,Business,1,2022-10-02,Canada,2.0,2.0,3.0,2.0,2.0,3.0,3.0,0,Modern (2015-Present),Negative,-0.9435,After Covid
1977,185,Copa Lounge,Panama Tocumen Airport,Business Class,Business,1,2022-05-22,Brazil,2.0,3.0,1.0,1.0,2.0,4.0,1.0,0,Modern (2015-Present),Negative,-0.4019,After Covid
1978,185,Copa Lounge,Panama Tocumen Airport,Business Class,Business,1,2019-03-23,Brazil,2.0,2.0,1.0,1.0,1.0,4.0,2.0,1,Modern (2015-Present),Positive,0.1255,Pre Covid
1979,185,Copa Club,Bogota Airport,Business Class,Business,1,2018-11-09,United States,4.0,5.0,1.0,1.0,,4.0,4.0,0,Modern (2015-Present),Neutral,-0.0236,Pre Covid
1980,185,Unknown Lounge,Panama Tocumen Airport,Business Class,Business,1,2018-08-27,United Kingdom,1.0,1.0,2.0,1.0,1.0,1.0,3.0,0,Modern (2015-Present),Positive,0.8593,Pre Covid
1981,185,Copa Club,Panama Tocumen Airport,Business Class,Business,1,2018-03-31,United States,2.0,2.0,3.0,1.0,1.0,2.0,2.0,0,Modern (2015-Present),Negative,-0.2846,Pre Covid
1982,185,COPA Club,Panama Tocumen Airport,Business Class,Business,1,2017-12-30,United States,2.0,3.0,3.0,1.0,1.0,3.0,1.0,0,Modern (2015-Present),Negative,-0.7645,Pre Covid
1983,185,Unknown Lounge,Panama Tocumen Airport,Business Class,Business,0,2017-08-21,United States,4.0,4.0,1.0,1.0,3.0,3.0,2.0,0,Modern (2015-Present),Negative,-0.6793,Pre Covid
1984,185,GOL Airlines,Sao Paulo Guarulhos Airport,Business Class,Business,0,2017-08-20,United States,2.0,3.0,2.0,2.0,,,1.0,0,Modern (2015-Present),Negative,-0.4058,Pre Covid
1985,185,Copa Club,Panama Tocumen Airport,Business Class,Business,0,2017-06-25,Canada,2.0,4.0,2.0,1.0,3.0,2.0,2.0,0,Modern (2015-Present),Negative,-0.4939,Pre Covid
1986,185,Unknown Lounge,Panama Tocumen Airport,Business Class,Business,0,2016-05-23,Japan,3.0,4.0,4.0,3.0,3.0,2.0,4.0,1,Modern (2015-Present),Negative,-0.6901,Pre Covid
1988,185,United Lounge,Los Angeles LAX Airport,Business Class,Business,0,2016-02-01,Colombia,2.0,1.0,1.0,2.0,2.0,3.0,1.0,0,Modern (2015-Present),Negative,-0.8523,Pre Covid
1989,185,Copa Club,San Jose Airport,Business Class,Business,0,2015-08-28,United States,1.0,1.0,1.0,3.0,2.0,,1.0,1,Modern (2015-Present),Positive,0.9481,Pre Covid
1990,185,Copa Club,Panama Tocumen Airport,Business Class,Business,0,2015-08-28,United States,3.0,3.0,4.0,4.0,3.0,4.0,3.0,1,Modern (2015-Present),Positive,0.9829,Pre Covid
1991,185,Copa Club,Panama Tocumen Airport,Business Class,Business,0,2015-07-11,United States,3.0,3.0,5.0,2.0,3.0,,3.0,0,Modern (2015-Present),Positive,0.9471,Pre Covid
1992,185,Unknown Lounge,Panama Tocumen Airport,Business Class,Business,0,2014-01-10,Japan,4.0,4.0,2.0,2.0,3.0,3.0,2.0,0,Historical (Pre-2015),Negative,-0.5486,Pre Covid
1993,227,Premier Lounge,Nadi Airport,Business Class,Business,1,2018-10-15,United States,4.0,5.0,5.0,4.0,5.0,5.0,5.0,1,Modern (2015-Present),Positive,0.9966,Pre Covid
1994,227,Qantas,Wellington Airport,Business Class,Business,0,2016-02-09,United States,4.0,5.0,4.0,4.0,4.0,4.0,4.0,1,Modern (2015-Present),Positive,0.9476,Pre Covid
1995,227,Unknown Lounge,Los Angeles LAX Airport,Business Class,Business,0,2016-02-08,United States,3.0,4.0,2.0,2.0,4.0,,4.0,1,Modern (2015-Present),Positive,0.9419,Pre Covid
1996,227,Unknown Lounge,Nadi Airport,Business Class,Business,0,2016-02-08,United States,3.0,2.0,2.0,3.0,1.0,4.0,4.0,1,Modern (2015-Present),Positive,0.5267,Pre Covid
1997,247,Gol Premium Terminal 2 - Domestic,Sao Paulo Guarulhos Airport,Frequent Flyer,Unknown,1,2025-01-10,Switzerland,1.0,1.0,4.0,3.0,,5.0,1.0,0,Modern (2015-Present),Negative,-0.905,After Covid
1998,247,Unknown Lounge,Rio De Janeiro Airport,Business Class,Business,0,2013-12-21,Brazil,5.0,4.0,4.0,3.0,3.0,3.0,4.0,1,Historical (Pre-2015),Positive,0.9795,Pre Covid
1999,261,Club Bauhinia,Hong Kong Airport,Business Class,Business,0,2016-07-24,Philippines,4.0,5.0,4.0,3.0,3.0,5.0,4.0,1,Modern (2015-Present),Positive,0.99,Pre Covid
2000,261,Unknown Lounge,Hong Kong Airport,Business Class,Business,0,2016-06-14,United Kingdom,4.0,4.0,4.0,3.0,3.0,4.0,4.0,1,Modern (2015-Present),Positive,0.6839,Pre Covid
2001,261,Club Bauhinia,Hong Kong Airport,Business Class,Business,0,2016-05-18,United States,5.0,5.0,5.0,5.0,3.0,5.0,5.0,1,Modern (2015-Present),Positive,0.9829,Pre Covid
2002,261,Club Bauhinia,Hong Kong Airport,Business Class,Business,0,2016-01-31,Italy,5.0,5.0,4.0,5.0,5.0,5.0,5.0,1,Modern (2015-Present),Positive,0.9793,Pre Covid
2003,261,Club Bauhinia,Hong Kong Airport,Business Class,Business,0,2016-01-06,Hong Kong,4.0,4.0,3.0,4.0,4.0,5.0,4.0,1,Modern (2015-Present),Positive,0.9627,Pre Covid
2004,261,Unknown Lounge,Hong Kong Airport,Business Class,Business,0,2015-06-30,Hong Kong,4.0,4.0,4.0,4.0,4.0,4.0,4.0,1,Modern (2015-Present),Positive,0.9714,Pre Covid
2005,261,Unknown Lounge,Hong Kong Airport,Business Class,Business,0,2011-11-04,Australia,4.0,5.0,5.0,4.0,2.0,5.0,4.0,1,Historical (Pre-2015),Positive,0.9644,Pre Covid
2006,255,Premier Club,Honolulu Airport,First Class,Unknown,0,2018-06-16,Germany,4.0,4.0,1.0,1.0,,4.0,4.0,1,Modern (2015-Present),Negative,-0.449,Pre Covid
2007,255,Plumeria Lounge,Honolulu Airport,Business Class,Business,0,2017-04-25,United States,3.0,4.0,1.0,1.0,2.0,4.0,2.0,0,Modern (2015-Present),Negative,-0.8357,Pre Covid
2008,255,Unknown Lounge,Hilo Airport,Frequent Flyer,Unknown,0,2015-09-27,Australia,3.0,5.0,1.0,1.0,,5.0,,1,Modern (2015-Present),Negative,-0.7469,Pre Covid
2009,255,Plumeria lounge,Honolulu Airport,Business Class,Business,0,2015-09-26,Australia,4.0,5.0,3.0,3.0,2.0,5.0,4.0,1,Modern (2015-Present),Positive,0.9217,Pre Covid
2010,255,Plumeria Lounge,Honolulu Airport,First Class,Unknown,0,2015-08-11,Australia,5.0,5.0,2.0,2.0,1.0,5.0,5.0,1,Modern (2015-Present),Positive,0.5058,Pre Covid
2011,255,Frequent Flyer lounge,Honolulu Airport,Frequent Flyer,Unknown,0,2015-06-11,Australia,3.0,5.0,1.0,1.0,3.0,5.0,2.0,1,Modern (2015-Present),Positive,0.904,Pre Covid
2012,255,Unknown Lounge,Kahului Maui Airport,First Class,Unknown,0,2014-10-05,United States,1.0,4.0,1.0,1.0,1.0,3.0,1.0,0,Historical (Pre-2015),Positive,0.6171,Pre Covid
2013,255,Unknown Lounge,Honolulu Airport,Business Class,Business,0,2013-05-29,Australia,4.0,4.0,1.0,1.0,4.0,,4.0,0,Historical (Pre-2015),Positive,0.7269,Pre Covid
2014,255,Unknown Lounge,Honolulu Airport,First Class,Unknown,0,2013-05-29,Australia,3.0,4.0,1.0,1.0,3.0,4.0,2.0,0,Historical (Pre-2015),Negative,-0.9188,Pre Covid
2015,255,Unknown Lounge,Honolulu Airport,Business Class,Business,0,2013-02-14,Australia,3.0,4.0,1.0,1.0,1.0,4.0,2.0,0,Historical (Pre-2015),Negative,-0.5028,Pre Covid
2016,255,Unknown Lounge,Los Angeles LAX Airport,Business Class,Business,0,2013-01-11,Unknown,1.0,3.0,1.0,1.0,1.0,4.0,2.0,0,Historical (Pre-2015),Negative,-0.8135,Pre Covid
2017,255,Unknown Lounge,Honolulu Airport,First Class,Unknown,0,2011-08-30,Australia,3.0,3.0,1.0,1.0,2.0,5.0,3.0,0,Historical (Pre-2015),Positive,0.8553,Pre Covid
2018,254,Hainan Club T2,Beijing Capital Airport,Business Class,Business,1,2018-10-30,United States,5.0,5.0,5.0,3.0,5.0,5.0,5.0,1,Modern (2015-Present),Positive,0.962,Pre Covid
2019,254,Hainan lounge,Beijing Capital Airport,Business Class,Business,0,2018-08-12,Saudi Arabia,4.0,5.0,4.0,1.0,5.0,5.0,5.0,1,Modern (2015-Present),Positive,0.7419,Pre Covid
2020,254,Unknown Lounge,Beijing Capital Airport,Business Class,Business,1,2018-02-22,Germany,5.0,5.0,4.0,4.0,5.0,,5.0,1,Modern (2015-Present),Positive,0.9669,Pre Covid
2021,254,Unknown Lounge,Brussels Zaventem Airport,Business Class,Business,0,2017-09-14,Belgium,4.0,5.0,5.0,4.0,,4.0,4.0,1,Modern (2015-Present),Positive,0.9868,Pre Covid
2022,254,Unknown Lounge,Urumqi Airport,Business Class,Business,0,2017-08-05,Australia,4.0,4.0,3.0,3.0,,,4.0,1,Modern (2015-Present),Positive,0.8047,Pre Covid
2023,254,Terminal 2,Beijing Capital Airport,Business Class,Business,0,2017-06-18,Canada,3.0,5.0,4.0,4.0,4.0,3.0,5.0,1,Modern (2015-Present),Positive,0.2095,Pre Covid
2024,254,Unknown Lounge,Beijing Capital Airport,Business Class,Business,0,2017-04-23,United States,5.0,5.0,5.0,5.0,5.0,5.0,5.0,1,Modern (2015-Present),Positive,0.9708,Pre Covid
2025,254,Unknown Lounge,Beijing Capital Airport,First Class,Unknown,0,2015-10-10,Australia,5.0,4.0,4.0,4.0,3.0,3.0,5.0,1,Modern (2015-Present),Positive,0.9556,Pre Covid
2026,254,Unknown Lounge,Beijing Capital Airport,First Class,Unknown,0,2011-02-14,United States,5.0,5.0,4.0,4.0,5.0,5.0,5.0,1,Historical (Pre-2015),Positive,0.8908,Pre Covid
2027,254,Unknown Lounge,Beijing Capital Airport,First Class,Unknown,0,2010-04-09,United Kingdom,4.0,4.0,3.0,4.0,3.0,3.0,5.0,1,Historical (Pre-2015),Positive,0.7056,Pre Covid
2028,215,Escape Lounge,London Stansted Airport,Members,Unknown,1,2025-05-08,United Kingdom,3.0,3.0,4.0,4.0,1.0,4.0,5.0,1,Modern (2015-Present),Positive,0.9805,After Covid
2029,212,Concourse C,Dubai Airport,Business Class,Business,0,2025-05-19,New Zealand,2.0,3.0,5.0,4.0,1.0,5.0,3.0,0,Modern (2015-Present),Negative,-0.8479,After Covid
2030,212,Emirates Lounge Sydney,Sydney Airport,Business Class,Business,1,2025-05-02,Australia,2.0,4.0,2.0,2.0,,,3.0,0,Modern (2015-Present),Positive,0.838,After Covid
2031,212,Business Lounge A Gates,Dubai Airport,Business Class,Business,1,2023-04-24,South Korea,5.0,5.0,5.0,5.0,5.0,5.0,5.0,1,Modern (2015-Present),Positive,0.8979,After Covid
2032,212,Business Class Lounge B,Dubai Airport,Business Class,Business,1,2022-08-10,Indonesia,5.0,5.0,5.0,5.0,4.0,5.0,5.0,1,Modern (2015-Present),Positive,0.2582,After Covid
2033,212,Bangkok,Bangkok Suvarnabhumi Airport,Business Class,Business,0,2022-01-29,United Kingdom,5.0,5.0,5.0,5.0,5.0,5.0,5.0,1,Modern (2015-Present),Positive,0.9484,After Covid
2034,212,Unknown Lounge,Dubai Airport,Business Class,Business,1,2020-02-24,United States,4.0,5.0,4.0,4.0,4.0,5.0,5.0,1,Modern (2015-Present),Positive,0.967,Covid
2035,212,Unknown Lounge,Auckland Airport,Business Class,Business,0,2020-01-04,New Zealand,4.0,4.0,5.0,5.0,4.0,4.0,4.0,1,Modern (2015-Present),Positive,0.9231,Covid
2036,212,Unknown Lounge,Singapore Changi Airport,Business Class,Business,1,2020-01-01,Belgium,4.0,5.0,4.0,4.0,5.0,,5.0,1,Modern (2015-Present),Positive,0.9792,Covid
2037,212,Unknown Lounge,Dubai Airport,First Class,Unknown,1,2019-12-31,Belgium,5.0,5.0,5.0,4.0,5.0,,5.0,1,Modern (2015-Present),Positive,0.9369,Pre Covid
2038,212,The Suite,Brussels Zaventem Airport,Business Class,Business,1,2019-12-31,Belgium,2.0,3.0,1.0,1.0,,,2.0,1,Modern (2015-Present),Negative,-0.9168,Pre Covid
2039,212,First Class Lounge,Dubai Airport,First Class,Unknown,1,2019-12-23,Germany,5.0,5.0,4.0,5.0,4.0,4.0,5.0,1,Modern (2015-Present),Positive,0.9756,Pre Covid
2040,212,Dubai,Dubai Airport,First Class,Unknown,1,2019-12-03,Australia,1.0,2.0,1.0,2.0,1.0,,2.0,0,Modern (2015-Present),Negative,-0.8044,Pre Covid
2041,212,Terminal 3,Dubai Airport,Business Class,Business,0,2019-11-17,Australia,5.0,4.0,5.0,5.0,5.0,4.0,4.0,1,Modern (2015-Present),Positive,0.937,Pre Covid
2042,212,Unknown Lounge,Dubai Airport,Business Class,Business,1,2019-07-17,Italy,5.0,5.0,5.0,5.0,5.0,5.0,5.0,1,Modern (2015-Present),Positive,0.9607,Pre Covid
2043,212,Unknown Lounge,Dubai Airport,Business Class,Business,1,2019-06-29,Australia,4.0,3.0,5.0,5.0,3.0,,4.0,1,Modern (2015-Present),Positive,0.9935,Pre Covid
2044,212,Aspire,Unknown,Business Class,Business,1,2019-06-26,Australia,3.0,3.0,3.0,3.0,,,3.0,1,Modern (2015-Present),Negative,-0.3078,Pre Covid
2045,212,Emirates,Bangkok Suvarnabhumi Airport,Business Class,Business,1,2018-12-10,Spain,5.0,5.0,5.0,4.0,4.0,5.0,5.0,1,Modern (2015-Present),Positive,0.8775,Pre Covid
2046,212,Business Lounge Dubai,Dubai Airport,Business Class,Business,0,2018-09-23,United Kingdom,2.0,4.0,4.0,4.0,2.0,4.0,2.0,0,Modern (2015-Present),Negative,-0.266,Pre Covid
2047,212,Unknown Lounge,Singapore Changi Airport,Business Class,Business,1,2018-06-25,Germany,5.0,5.0,5.0,5.0,5.0,5.0,4.0,1,Modern (2015-Present),Positive,0.9259,Pre Covid
2048,212,Unknown Lounge,Dubai Airport,Business Class,Business,1,2018-06-13,Australia,3.0,4.0,2.0,2.0,2.0,3.0,1.0,0,Modern (2015-Present),Positive,0.5326,Pre Covid
2049,212,Marhaba,Dubai Airport,Members,Unknown,1,2018-06-05,Bahrain,1.0,1.0,1.0,1.0,1.0,1.0,1.0,0,Modern (2015-Present),Positive,0.3869,Pre Covid
2050,212,Unknown Lounge,Bangkok Suvarnabhumi Airport,Business Class,Business,1,2018-05-18,United States,5.0,5.0,5.0,5.0,2.0,5.0,5.0,1,Modern (2015-Present),Positive,0.9754,Pre Covid
2051,212,Terminal 3 Concourse A,Dubai Airport,Business Class,Business,1,2018-04-02,United States,3.0,4.0,,2.0,3.0,3.0,3.0,1,Modern (2015-Present),Negative,-0.9415,Pre Covid
2052,212,Unknown Lounge,Bangkok Suvarnabhumi Airport,Business Class,Business,1,2018-03-30,Australia,4.0,5.0,3.0,3.0,4.0,4.0,3.0,1,Modern (2015-Present),Positive,0.907,Pre Covid
2053,212,Unknown Lounge,Dubai Airport,Business Class,Business,1,2017-12-20,Japan,5.0,5.0,,,5.0,,5.0,1,Modern (2015-Present),Positive,0.9607,Pre Covid
2054,212,Unknown Lounge,Singapore Changi Airport,Business Class,Business,1,2017-12-10,United Kingdom,4.0,5.0,5.0,4.0,4.0,5.0,5.0,1,Modern (2015-Present),Positive,0.807,Pre Covid
2055,212,Emirates Lounge,Melbourne Airport,Business Class,Business,0,2017-11-14,Australia,4.0,5.0,4.0,4.0,5.0,5.0,4.0,1,Modern (2015-Present),Positive,0.9617,Pre Covid
2056,212,First,Dubai Airport,First Class,Unknown,0,2017-11-14,United Kingdom,5.0,5.0,5.0,5.0,4.0,5.0,5.0,1,Modern (2015-Present),Positive,0.9834,Pre Covid
2057,212,Unknown Lounge,Dubai Airport,Business Class,Business,0,2017-09-25,United Kingdom,3.0,2.0,3.0,3.0,2.0,3.0,2.0,0,Modern (2015-Present),Positive,0.7115,Pre Covid
2058,212,Mingalar Sky Lounge,Yangon Airport,Business Class,Business,0,2017-09-25,United Kingdom,5.0,5.0,4.0,4.0,5.0,2.0,4.0,1,Modern (2015-Present),Positive,0.94,Pre Covid
2059,212,Manaia Lounge,Christchurch Airport,Business Class,Business,0,2017-07-25,Australia,3.0,4.0,3.0,2.0,3.0,5.0,2.0,1,Modern (2015-Present),Positive,0.9322,Pre Covid
2060,212,Unknown Lounge,Dubai Airport,Business Class,Business,0,2017-07-25,United Kingdom,3.0,4.0,4.0,3.0,3.0,4.0,3.0,1,Modern (2015-Present),Positive,0.6117,Pre Covid
2061,212,Emirates Lounge,Sydney Airport,Business Class,Business,0,2017-07-16,Australia,4.0,5.0,3.0,3.0,4.0,5.0,4.0,1,Modern (2015-Present),Positive,0.9468,Pre Covid
2062,212,Unknown Lounge,Auckland Airport,Business Class,Business,0,2017-05-31,Australia,4.0,5.0,4.0,4.0,4.0,5.0,4.0,1,Modern (2015-Present),Positive,0.9186,Pre Covid
2063,212,Unknown Lounge,Dubai Airport,First Class,Unknown,0,2017-04-16,Hong Kong,4.0,5.0,5.0,4.0,4.0,4.0,5.0,1,Modern (2015-Present),Positive,0.8078,Pre Covid
2064,212,Main Business Class Lounge,Dubai Airport,Business Class,Business,0,2017-03-19,United Kingdom,3.0,4.0,5.0,4.0,3.0,5.0,5.0,1,Modern (2015-Present),Positive,0.8959,Pre Covid
2065,212,Coral Lounge,Phuket Airport,Business Class,Business,0,2017-03-18,United Kingdom,4.0,4.0,4.0,4.0,3.0,,4.0,1,Modern (2015-Present),Positive,0.8596,Pre Covid
2066,212,Unknown Lounge,Dubai Airport,First Class,Unknown,0,2017-03-17,Australia,3.0,3.0,3.0,3.0,3.0,3.0,2.0,0,Modern (2015-Present),Positive,0.9627,Pre Covid
2067,212,DAA,Dublin Airport,Business Class,Business,0,2017-03-17,United Arab Emirates,2.0,3.0,1.0,1.0,2.0,3.0,1.0,0,Modern (2015-Present),Positive,0.765,Pre Covid
2068,212,Business,Brisbane Airport,Business Class,Business,0,2017-02-11,United Kingdom,4.0,4.0,4.0,3.0,4.0,4.0,4.0,1,Modern (2015-Present),Positive,0.9523,Pre Covid
2069,212,Unknown Lounge,Dubai Airport,Business Class,Business,0,2017-01-20,Japan,3.0,4.0,4.0,4.0,4.0,5.0,5.0,1,Modern (2015-Present),Positive,0.7135,Pre Covid
2070,212,Unknown Lounge,Bangkok Suvarnabhumi Airport,Business Class,Business,0,2017-01-13,Hong Kong,3.0,4.0,4.0,3.0,3.0,4.0,3.0,1,Modern (2015-Present),Positive,0.8337,Pre Covid
2071,212,Unknown Lounge,Dubai Airport,Business Class,Business,0,2017-01-11,Hong Kong,3.0,4.0,4.0,3.0,2.0,3.0,3.0,1,Modern (2015-Present),Negative,-0.1289,Pre Covid
2072,212,Unknown Lounge,Athens Airport,Business Class,Business,0,2017-01-08,Cyprus,3.0,3.0,3.0,2.0,1.0,1.0,2.0,0,Modern (2015-Present),Negative,-0.8793,Pre Covid
2073,212,Concourse B,Dubai Airport,Business Class,Business,0,2016-12-27,Germany,4.0,4.0,4.0,4.0,3.0,4.0,3.0,1,Modern (2015-Present),Neutral,0.0281,Pre Covid
2074,212,Unknown Lounge,London Heathrow Airport,Business Class,Business,0,2016-12-06,United Kingdom,4.0,5.0,4.0,4.0,4.0,5.0,5.0,1,Modern (2015-Present),Positive,0.9693,Pre Covid
2075,212,Menzies lounge,Prague Airport,Frequent Flyer,Unknown,0,2016-12-04,United Arab Emirates,2.0,3.0,2.0,1.0,2.0,4.0,4.0,0,Modern (2015-Present),Negative,-0.7862,Pre Covid
2076,212,Unknown Lounge,Perth Airport,Business Class,Business,0,2016-11-21,United Kingdom,5.0,5.0,5.0,5.0,5.0,5.0,5.0,1,Modern (2015-Present),Positive,0.8483,Pre Covid
2077,212,Unknown Lounge,Dubai Airport,Business Class,Business,0,2016-11-14,United Kingdom,4.0,5.0,4.0,3.0,5.0,5.0,4.0,1,Modern (2015-Present),Positive,0.7223,Pre Covid
2078,212,Singapore,Singapore Changi Airport,Business Class,Business,0,2016-10-27,Australia,3.0,4.0,4.0,4.0,3.0,2.0,4.0,1,Modern (2015-Present),Positive,0.91,Pre Covid
2079,212,Unknown Lounge,Auckland Airport,Business Class,Business,0,2016-10-18,Australia,4.0,4.0,5.0,5.0,4.0,5.0,4.0,1,Modern (2015-Present),Positive,0.7717,Pre Covid
2080,212,Unknown Lounge,Johannesburg Airport,Business Class,Business,0,2016-10-08,New Zealand,5.0,5.0,5.0,5.0,5.0,5.0,5.0,1,Modern (2015-Present),Positive,0.959,Pre Covid
2081,212,Unknown Lounge,Dubai Airport,Business Class,Business,0,2016-10-05,Australia,2.0,4.0,4.0,4.0,3.0,4.0,5.0,0,Modern (2015-Present),Positive,0.6549,Pre Covid
2082,212,Unknown Lounge,Melbourne Airport,Business Class,Business,0,2016-08-30,Malaysia,5.0,5.0,5.0,4.0,4.0,3.0,3.0,1,Modern (2015-Present),Positive,0.9902,Pre Covid
2083,212,Emirates,Manchester Airport,Business Class,Business,0,2016-08-02,United Kingdom,5.0,5.0,5.0,5.0,5.0,,5.0,1,Modern (2015-Present),Positive,0.9618,Pre Covid
2084,212,Emirates First Lounge,Dubai Airport,First Class,Unknown,0,2016-07-17,Australia,5.0,5.0,5.0,5.0,5.0,5.0,5.0,1,Modern (2015-Present),Positive,0.9643,Pre Covid
2085,212,Club MCO,Orlando Airport,Business Class,Business,0,2016-07-03,Oman,1.0,1.0,1.0,1.0,1.0,,1.0,1,Modern (2015-Present),Negative,-0.7326,Pre Covid
2086,212,Unknown Lounge,Bangkok Suvarnabhumi Airport,Business Class,Business,0,2016-06-01,United Kingdom,4.0,5.0,5.0,4.0,5.0,4.0,5.0,1,Modern (2015-Present),Positive,0.9595,Pre Covid
2087,212,Unknown Lounge,Birmingham Airport,Business Class,Business,0,2016-05-13,United Kingdom,5.0,5.0,5.0,5.0,5.0,5.0,5.0,1,Modern (2015-Present),Positive,0.836,Pre Covid
2088,212,Unknown Lounge,Manchester Airport,Business Class,Business,0,2016-05-13,United Arab Emirates,5.0,5.0,5.0,5.0,5.0,5.0,5.0,1,Modern (2015-Present),Positive,0.936,Pre Covid
2089,212,Unknown Lounge,Paris CDG Airport,Frequent Flyer,Unknown,0,2016-05-10,Hong Kong,3.0,1.0,1.0,3.0,5.0,5.0,3.0,0,Modern (2015-Present),Negative,-0.8831,Pre Covid
2090,212,Unknown Lounge,Dubai Airport,Business Class,Business,0,2016-05-09,United Kingdom,4.0,5.0,4.0,3.0,5.0,4.0,4.0,1,Modern (2015-Present),Positive,0.936,Pre Covid
2091,212,Unknown Lounge,Perth Airport,Business Class,Business,0,2016-04-05,United Kingdom,4.0,5.0,5.0,5.0,4.0,5.0,5.0,1,Modern (2015-Present),Positive,0.8655,Pre Covid
2092,212,Unknown Lounge,Manchester Airport,Business Class,Business,0,2016-04-02,United Kingdom,5.0,5.0,5.0,5.0,5.0,4.0,5.0,1,Modern (2015-Present),Positive,0.9564,Pre Covid
2093,212,Emirates,Sydney Airport,First Class,Unknown,0,2016-03-31,Australia,5.0,5.0,3.0,4.0,4.0,5.0,5.0,1,Modern (2015-Present),Positive,0.9523,Pre Covid
2094,212,Unknown Lounge,Dubai Airport,Business Class,Business,0,2016-03-13,Thailand,3.0,3.0,3.0,2.0,1.0,2.0,1.0,0,Modern (2015-Present),Positive,0.3818,Pre Covid
2095,212,T3 Concourse B,Dubai Airport,Business Class,Business,0,2016-03-07,United States,2.0,3.0,,2.0,1.0,3.0,3.0,1,Modern (2015-Present),Positive,0.8122,Pre Covid
2096,212,Unknown Lounge,Dubai Airport,Business Class,Business,0,2016-03-02,United Kingdom,3.0,5.0,3.0,4.0,2.0,4.0,3.0,1,Modern (2015-Present),Positive,0.9533,Pre Covid
2097,212,Unknown Lounge,Birmingham Airport,Business Class,Business,0,2016-03-02,United Kingdom,4.0,5.0,4.0,4.0,4.0,4.0,3.0,1,Modern (2015-Present),Positive,0.9587,Pre Covid
2098,212,GVK Lounge,Mumbai Airport,Business Class,Business,0,2016-03-02,United Kingdom,5.0,5.0,5.0,5.0,2.0,4.0,5.0,1,Modern (2015-Present),Positive,0.9936,Pre Covid
2099,212,Emirates,Paris CDG Airport,Business Class,Business,0,2016-01-18,Australia,4.0,5.0,4.0,4.0,4.0,4.0,4.0,0,Modern (2015-Present),Positive,0.9274,Pre Covid
2100,212,Unknown Lounge,Dubai Airport,Business Class,Business,0,2016-01-15,Netherlands,5.0,5.0,5.0,5.0,5.0,5.0,5.0,1,Modern (2015-Present),Positive,0.9794,Pre Covid
2101,212,First,Dubai Airport,First Class,Unknown,0,2016-01-13,Australia,2.0,4.0,2.0,1.0,1.0,2.0,2.0,0,Modern (2015-Present),Positive,0.6812,Pre Covid
2102,212,Tokyo Narita,Tokyo Narita Airport,Business Class,Business,0,2016-01-06,Japan,5.0,5.0,5.0,5.0,5.0,5.0,5.0,1,Modern (2015-Present),Positive,0.9686,Pre Covid
2103,212,Business class,Dubai Airport,Business Class,Business,0,2016-01-04,United States,1.0,1.0,4.0,4.0,1.0,4.0,1.0,0,Modern (2015-Present),Negative,-0.797,Pre Covid
2104,212,Birmingham,Birmingham Airport,Business Class,Business,0,2015-12-31,United Kingdom,5.0,5.0,5.0,4.0,4.0,4.0,5.0,1,Modern (2015-Present),Positive,0.8934,Pre Covid
2105,212,Unknown Lounge,London Heathrow Airport,First Class,Unknown,0,2015-12-21,Kenya,1.0,2.0,,2.0,,1.0,3.0,0,Modern (2015-Present),Negative,-0.8652,Pre Covid
2106,212,Unknown Lounge,Dubai Airport,Business Class,Business,0,2015-11-24,Australia,5.0,5.0,5.0,5.0,3.0,5.0,4.0,1,Modern (2015-Present),Positive,0.9022,Pre Covid
2107,212,Unknown Lounge,Hong Kong Airport,Business Class,Business,0,2015-11-16,United Kingdom,2.0,4.0,3.0,2.0,4.0,,,1,Modern (2015-Present),Positive,0.7029,Pre Covid
2108,212,Concourse B,Dubai Airport,Business Class,Business,0,2015-10-29,Ireland,5.0,5.0,5.0,5.0,4.0,5.0,5.0,1,Modern (2015-Present),Positive,0.9774,Pre Covid
2109,212,Unknown Lounge,Dubai Airport,Business Class,Business,0,2015-10-23,United Arab Emirates,3.0,4.0,3.0,3.0,1.0,3.0,2.0,1,Modern (2015-Present),Negative,-0.7437,Pre Covid
2110,212,Unknown Lounge,Auckland Airport,Business Class,Business,0,2015-10-12,Australia,5.0,5.0,4.0,5.0,5.0,,5.0,1,Modern (2015-Present),Positive,0.9366,Pre Covid
2111,212,Sydney,Sydney Airport,Business Class,Business,0,2015-10-12,United Kingdom,4.0,5.0,5.0,5.0,5.0,4.0,5.0,1,Modern (2015-Present),Positive,0.9545,Pre Covid
2112,212,Oryx Lounge,Hamad  Doha Airport,Business Class,Business,0,2015-09-30,United Kingdom,3.0,4.0,3.0,3.0,2.0,3.0,4.0,1,Modern (2015-Present),Negative,-0.2357,Pre Covid
2113,212,Unknown Lounge,Dubai Airport,Business Class,Business,0,2015-09-26,Australia,5.0,4.0,4.0,4.0,3.0,5.0,4.0,1,Modern (2015-Present),Positive,0.829,Pre Covid
2114,212,Unknown Lounge,Dubai Airport,First Class,Unknown,0,2015-09-06,Belgium,4.0,5.0,4.0,2.0,4.0,4.0,5.0,1,Modern (2015-Present),Positive,0.9393,Pre Covid
2115,212,Unknown Lounge,Dubai Airport,Business Class,Business,0,2015-08-24,Australia,4.0,5.0,4.0,4.0,5.0,4.0,4.0,1,Modern (2015-Present),Positive,0.8947,Pre Covid
2116,212,Unknown Lounge,Dubai Airport,Business Class,Business,0,2015-08-12,United Kingdom,4.0,4.0,5.0,4.0,2.0,5.0,5.0,1,Modern (2015-Present),Positive,0.111,Pre Covid
2117,212,BA Galleries,London Heathrow Airport,Business Class,Business,0,2015-08-04,Australia,2.0,1.0,3.0,3.0,,3.0,1.0,0,Modern (2015-Present),Negative,-0.9081,Pre Covid
2118,212,Unknown Lounge,KLIA Kuala Lumpur Airport,Business Class,Business,0,2015-07-20,United Kingdom,4.0,5.0,5.0,4.0,3.0,5.0,5.0,1,Modern (2015-Present),Positive,0.9517,Pre Covid
2119,212,Unknown Lounge,Paris CDG Airport,Business Class,Business,0,2015-07-07,United Kingdom,5.0,5.0,5.0,5.0,5.0,5.0,5.0,1,Modern (2015-Present),Positive,0.9871,Pre Covid
2120,212,Unknown Lounge,Hong Kong Airport,Business Class,Business,0,2015-07-07,United Kingdom,5.0,5.0,5.0,5.0,5.0,5.0,4.0,1,Modern (2015-Present),Positive,0.9962,Pre Covid
2121,212,Unknown Lounge,Dubai Airport,Business Class,Business,0,2015-07-07,United Kingdom,5.0,4.0,5.0,4.0,5.0,4.0,4.0,1,Modern (2015-Present),Positive,0.4702,Pre Covid
2122,212,Unknown Lounge,Birmingham Airport,Business Class,Business,0,2015-07-06,United Kingdom,5.0,5.0,5.0,5.0,5.0,3.0,5.0,1,Modern (2015-Present),Positive,0.9319,Pre Covid
2123,212,Unknown Lounge,Delhi Airport,Business Class,Business,0,2015-07-06,United Kingdom,5.0,5.0,5.0,5.0,5.0,5.0,5.0,1,Modern (2015-Present),Positive,0.9655,Pre Covid
2124,212,Unknown Lounge,Lagos Airport,Business Class,Business,0,2015-06-17,India,3.0,4.0,3.0,2.0,3.0,3.0,2.0,1,Modern (2015-Present),Negative,-0.7719,Pre Covid
2125,212,Unknown Lounge,Dubai Airport,Business Class,Business,0,2015-05-30,United Kingdom,5.0,5.0,5.0,5.0,2.0,5.0,5.0,1,Modern (2015-Present),Positive,0.8231,Pre Covid
2126,212,Aviator Lounge,Copenhagen Airport,Business Class,Business,0,2015-05-29,South Africa,1.0,5.0,2.0,2.0,1.0,1.0,1.0,0,Modern (2015-Present),Negative,-0.5278,Pre Covid
2127,212,Unknown Lounge,Bangkok Suvarnabhumi Airport,Business Class,Business,0,2015-05-10,United Kingdom,1.0,3.0,2.0,1.0,3.0,4.0,2.0,0,Modern (2015-Present),Negative,-0.3597,Pre Covid
2128,212,Unknown Lounge,Dubai Airport,Business Class,Business,0,2015-04-03,United Kingdom,2.0,3.0,4.0,1.0,1.0,1.0,3.0,0,Modern (2015-Present),Positive,0.21,Pre Covid
2129,212,Unknown Lounge,Birmingham Airport,Business Class,Business,0,2015-04-02,Australia,5.0,5.0,5.0,5.0,5.0,5.0,5.0,1,Modern (2015-Present),Positive,0.9468,Pre Covid
2130,212,Unknown Lounge,Dubai Airport,Business Class,Business,0,2015-04-02,Belgium,2.0,4.0,2.0,1.0,1.0,1.0,1.0,0,Modern (2015-Present),Positive,0.3274,Pre Covid
2131,212,Rose Lounge,Ho Chi Minh City Airport,Business Class,Business,0,2015-04-02,United Kingdom,2.0,2.0,1.0,1.0,1.0,1.0,1.0,0,Modern (2015-Present),Negative,-0.9205,Pre Covid
2132,212,Earth Lounge,Unknown,Business Class,Business,0,2015-03-22,Germany,5.0,4.0,3.0,3.0,3.0,5.0,5.0,1,Modern (2015-Present),Positive,0.9209,Pre Covid
2133,212,Unknown Lounge,Dubai Airport,Business Class,Business,0,2015-02-22,United Kingdom,3.0,4.0,3.0,1.0,1.0,2.0,1.0,0,Modern (2015-Present),Negative,-0.7826,Pre Covid
2134,212,Unknown Lounge,Bangkok Suvarnabhumi Airport,Business Class,Business,0,2015-02-01,Thailand,2.0,4.0,4.0,3.0,3.0,4.0,3.0,0,Modern (2015-Present),Negative,-0.4535,Pre Covid
2135,212,Unknown Lounge,London Gatwick Airport,Business Class,Business,0,2015-01-30,Thailand,5.0,5.0,5.0,4.0,5.0,4.0,3.0,1,Modern (2015-Present),Positive,0.8162,Pre Covid
2136,212,Unknown Lounge,Glasgow Prestwick Airport,Business Class,Business,0,2015-01-27,Australia,5.0,5.0,5.0,5.0,5.0,5.0,5.0,1,Modern (2015-Present),Positive,0.9648,Pre Covid
2137,212,Unknown Lounge,Lagos Airport,Business Class,Business,0,2015-01-27,India,3.0,4.0,3.0,3.0,4.0,4.0,3.0,1,Modern (2015-Present),Positive,0.5573,Pre Covid
2138,212,Unknown Lounge,Birmingham Airport,Business Class,Business,0,2015-01-27,United Kingdom,5.0,5.0,4.0,5.0,4.0,4.0,5.0,1,Modern (2015-Present),Positive,0.8439,Pre Covid
2139,212,Unknown Lounge,Dubai Airport,First Class,Unknown,0,2015-01-02,United Kingdom,2.0,3.0,3.0,2.0,2.0,3.0,3.0,0,Modern (2015-Present),Negative,-0.9468,Pre Covid
2140,212,Unknown Lounge,Delhi Airport,Business Class,Business,0,2015-01-02,India,4.0,4.0,4.0,4.0,4.0,4.0,4.0,1,Modern (2015-Present),Positive,0.891,Pre Covid
2141,212,Unknown Lounge,Boston Logan Airport,Business Class,Business,0,2014-11-19,Australia,2.0,2.0,1.0,1.0,1.0,2.0,2.0,0,Historical (Pre-2015),Positive,0.807,Pre Covid
2142,212,Unknown Lounge,Dubai Airport,Business Class,Business,0,2014-10-04,Australia,1.0,3.0,1.0,1.0,1.0,2.0,2.0,0,Historical (Pre-2015),Negative,-0.8893,Pre Covid
2143,212,Unknown Lounge,Rome Fiumicino Airport,Business Class,Business,0,2014-10-04,Australia,5.0,5.0,5.0,5.0,5.0,5.0,5.0,1,Historical (Pre-2015),Positive,0.9524,Pre Covid
2144,212,Unknown Lounge,Unknown,Business Class,Business,0,2014-10-04,Philippines,4.0,5.0,4.0,5.0,3.0,2.0,2.0,1,Historical (Pre-2015),Positive,0.9737,Pre Covid
2145,212,Unknown Lounge,Dubai Airport,Business Class,Business,0,2014-08-30,Australia,5.0,5.0,4.0,4.0,5.0,4.0,5.0,1,Historical (Pre-2015),Positive,0.9666,Pre Covid
2146,212,Unknown Lounge,Dubai Airport,Business Class,Business,0,2014-08-12,United Kingdom,1.0,5.0,2.0,3.0,2.0,3.0,3.0,0,Historical (Pre-2015),Positive,0.5478,Pre Covid
2147,212,Unknown Lounge,Dubai Airport,Business Class,Business,0,2014-08-12,Australia,4.0,4.0,4.0,4.0,4.0,4.0,4.0,1,Historical (Pre-2015),Positive,0.802,Pre Covid
2148,212,Unknown Lounge,Dubai Airport,Business Class,Business,0,2014-08-05,South Africa,3.0,5.0,4.0,4.0,2.0,4.0,4.0,1,Historical (Pre-2015),Positive,0.8179,Pre Covid
2149,212,Unknown Lounge,Dublin Airport,Business Class,Business,0,2014-07-31,Australia,3.0,1.0,3.0,2.0,1.0,3.0,1.0,0,Historical (Pre-2015),Positive,0.2263,Pre Covid
2150,212,Unknown Lounge,Kansai International Airport,Business Class,Business,0,2014-07-30,United Kingdom,4.0,5.0,2.0,1.0,3.0,1.0,3.0,1,Historical (Pre-2015),Positive,0.7047,Pre Covid
2151,212,Unknown Lounge,Phuket Airport,Business Class,Business,0,2014-07-24,United Kingdom,1.0,1.0,1.0,1.0,1.0,3.0,1.0,0,Historical (Pre-2015),Negative,-0.7772,Pre Covid
2152,212,Unknown Lounge,Sydney Airport,Business Class,Business,0,2014-07-19,Australia,5.0,5.0,5.0,5.0,5.0,5.0,5.0,0,Historical (Pre-2015),Positive,0.9753,Pre Covid
2153,212,Unknown Lounge,Manchester Airport,Business Class,Business,0,2014-07-19,United Kingdom,5.0,5.0,5.0,5.0,5.0,3.0,5.0,1,Historical (Pre-2015),Positive,0.6851,Pre Covid
2154,212,Coral Lounge,Phuket Airport,Business Class,Business,0,2014-07-19,United Kingdom,1.0,3.0,1.0,1.0,1.0,1.0,2.0,0,Historical (Pre-2015),Negative,-0.2444,Pre Covid
2155,212,Unknown Lounge,Dubai Airport,First Class,Unknown,0,2014-07-19,Austria,5.0,5.0,5.0,5.0,5.0,4.0,4.0,1,Historical (Pre-2015),Positive,0.91,Pre Covid
2156,212,Unknown Lounge,Dubai Airport,Business Class,Business,0,2014-07-19,United Kingdom,5.0,5.0,5.0,5.0,5.0,5.0,5.0,1,Historical (Pre-2015),Positive,0.8849,Pre Covid
2157,212,Unknown Lounge,Dubai Airport,Business Class,Business,0,2014-05-28,Australia,2.0,4.0,4.0,4.0,1.0,1.0,3.0,0,Historical (Pre-2015),Negative,-0.8241,Pre Covid
2158,212,Unknown Lounge,Bangkok Suvarnabhumi Airport,Business Class,Business,0,2014-04-22,United Kingdom,1.0,2.0,3.0,1.0,2.0,5.0,1.0,0,Historical (Pre-2015),Positive,0.4737,Pre Covid
2159,212,Unknown Lounge,Dubai Airport,Business Class,Business,0,2014-04-14,Australia,5.0,5.0,5.0,4.0,3.0,5.0,5.0,1,Historical (Pre-2015),Negative,-0.2514,Pre Covid
2160,212,Unknown Lounge,Dubai Airport,Business Class,Business,0,2014-04-14,United States,4.0,5.0,4.0,4.0,4.0,5.0,5.0,1,Historical (Pre-2015),Positive,0.9446,Pre Covid
2161,212,Unknown Lounge,London Gatwick Airport,Business Class,Business,0,2014-03-11,United Kingdom,5.0,5.0,4.0,5.0,5.0,4.0,5.0,1,Historical (Pre-2015),Positive,0.9153,Pre Covid
2162,212,Unknown Lounge,Melbourne Airport,Business Class,Business,0,2014-03-11,Singapore,4.0,4.0,4.0,4.0,4.0,4.0,4.0,1,Historical (Pre-2015),Neutral,0.0,Pre Covid
2163,212,Unknown Lounge,Auckland Airport,Business Class,Business,0,2014-03-11,Singapore,4.0,4.0,4.0,4.0,4.0,4.0,4.0,1,Historical (Pre-2015),Positive,0.9682,Pre Covid
2164,212,Unknown Lounge,Dubai Airport,Business Class,Business,0,2014-03-03,South Korea,2.0,5.0,4.0,4.0,1.0,4.0,5.0,0,Historical (Pre-2015),Positive,0.0534,Pre Covid
2165,212,Unknown Lounge,Dubai Airport,Business Class,Business,0,2014-03-03,Australia,4.0,5.0,5.0,5.0,4.0,4.0,4.0,1,Historical (Pre-2015),Positive,0.7096,Pre Covid
2166,212,Unknown Lounge,Brisbane Airport,Business Class,Business,0,2014-03-03,Singapore,5.0,5.0,5.0,5.0,5.0,5.0,5.0,1,Historical (Pre-2015),Positive,0.926,Pre Covid
2167,212,Unknown Lounge,Dubai Airport,First Class,Unknown,0,2014-02-20,Netherlands,2.0,5.0,3.0,3.0,2.0,2.0,2.0,0,Historical (Pre-2015),Positive,0.821,Pre Covid
2168,212,Unknown Lounge,Glasgow Prestwick Airport,Business Class,Business,0,2014-02-20,United Kingdom,3.0,3.0,2.0,2.0,3.0,3.0,3.0,0,Historical (Pre-2015),Negative,-0.4767,Pre Covid
2169,212,Unknown Lounge,Sydney Airport,Business Class,Business,0,2014-02-20,United Kingdom,5.0,5.0,5.0,5.0,5.0,5.0,5.0,1,Historical (Pre-2015),Positive,0.9245,Pre Covid
2170,212,Unknown Lounge,Dubai Airport,Business Class,Business,0,2014-02-20,Australia,4.0,1.0,3.0,3.0,1.0,2.0,1.0,0,Historical (Pre-2015),Negative,-0.9359,Pre Covid
2171,212,Unknown Lounge,Bangkok Suvarnabhumi Airport,Business Class,Business,0,2014-01-03,Hong Kong,5.0,5.0,5.0,4.0,1.0,,5.0,1,Historical (Pre-2015),Positive,0.7574,Pre Covid
2172,212,Unknown Lounge,Munich Airport,Business Class,Business,0,2013-11-22,Germany,4.0,5.0,5.0,5.0,5.0,5.0,5.0,1,Historical (Pre-2015),Positive,0.946,Pre Covid
2173,212,Unknown Lounge,Dubai Airport,Business Class,Business,0,2013-11-22,Australia,4.0,5.0,4.0,3.0,4.0,4.0,4.0,1,Historical (Pre-2015),Positive,0.2642,Pre Covid
2174,212,Unknown Lounge,Dubai Airport,Business Class,Business,0,2013-11-15,United Kingdom,3.0,3.0,4.0,3.0,2.0,3.0,4.0,0,Historical (Pre-2015),Positive,0.0772,Pre Covid
2175,212,Unknown Lounge,Istanbul Airport,Business Class,Business,0,2013-11-15,Australia,5.0,5.0,5.0,5.0,5.0,4.0,5.0,1,Historical (Pre-2015),Positive,0.8221,Pre Covid
2176,212,Unknown Lounge,Birmingham Airport,Business Class,Business,0,2013-11-15,United Kingdom,4.0,5.0,5.0,5.0,5.0,4.0,5.0,1,Historical (Pre-2015),Positive,0.9577,Pre Covid
2177,212,Giotto Lounge,Rome Fiumicino Airport,Business Class,Business,0,2013-10-06,Australia,2.0,3.0,3.0,1.0,1.0,3.0,2.0,0,Historical (Pre-2015),Negative,-0.0772,Pre Covid
2178,212,Unknown Lounge,Dubai Airport,First Class,Unknown,0,2013-10-06,United Kingdom,4.0,5.0,5.0,3.0,4.0,5.0,5.0,1,Historical (Pre-2015),Positive,0.9611,Pre Covid
2179,212,Unknown Lounge,Dubai Airport,Business Class,Business,0,2013-08-14,United Kingdom,4.0,5.0,4.0,4.0,5.0,3.0,4.0,1,Historical (Pre-2015),Positive,0.9462,Pre Covid
2180,212,Unknown Lounge,Zurich Airport,Business Class,Business,0,2013-07-20,United Arab Emirates,4.0,5.0,5.0,5.0,4.0,2.0,4.0,1,Historical (Pre-2015),Positive,0.8271,Pre Covid
2181,212,Unknown Lounge,Hong Kong Airport,Business Class,Business,0,2013-07-07,Thailand,5.0,5.0,5.0,5.0,4.0,4.0,5.0,1,Historical (Pre-2015),Positive,0.9529,Pre Covid
2182,212,Giotto Lounge,Rome Fiumicino Airport,Business Class,Business,0,2013-07-07,Australia,1.0,2.0,3.0,1.0,1.0,3.0,3.0,0,Historical (Pre-2015),Negative,-0.6674,Pre Covid
2183,212,Unknown Lounge,Dubai Airport,Business Class,Business,0,2013-07-07,United States,5.0,5.0,5.0,5.0,5.0,5.0,4.0,1,Historical (Pre-2015),Positive,0.9732,Pre Covid
2184,212,Unknown Lounge,Brisbane Airport,Business Class,Business,0,2013-07-07,Australia,5.0,5.0,5.0,5.0,5.0,5.0,5.0,1,Historical (Pre-2015),Positive,0.959,Pre Covid
2185,212,Unknown Lounge,Dubai Airport,Business Class,Business,0,2013-05-29,United States,1.0,1.0,,3.0,1.0,4.0,4.0,0,Historical (Pre-2015),Positive,0.6595,Pre Covid
2186,212,Unknown Lounge,Dubai Airport,Business Class,Business,0,2013-05-29,Australia,4.0,4.0,5.0,5.0,4.0,4.0,5.0,1,Historical (Pre-2015),Negative,-0.3269,Pre Covid
2187,212,Unknown Lounge,Dubai Airport,Business Class,Business,0,2013-05-29,United Kingdom,1.0,1.0,3.0,3.0,1.0,2.0,2.0,0,Historical (Pre-2015),Negative,-0.5417,Pre Covid
2188,212,Unknown Lounge,Dubai Airport,Business Class,Business,0,2013-05-29,Australia,5.0,5.0,5.0,5.0,4.0,4.0,,1,Historical (Pre-2015),Positive,0.872,Pre Covid
2189,212,Unknown Lounge,Dubai Airport,First Class,Unknown,0,2013-04-04,United Kingdom,5.0,5.0,4.0,4.0,5.0,3.0,5.0,1,Historical (Pre-2015),Positive,0.9485,Pre Covid
2190,212,Unknown Lounge,Birmingham Airport,Business Class,Business,0,2013-04-04,United Kingdom,4.0,4.0,3.0,4.0,4.0,4.0,4.0,1,Historical (Pre-2015),Positive,0.8387,Pre Covid
2191,212,Unknown Lounge,Dubai Airport,Business Class,Business,0,2013-03-08,United Kingdom,2.0,3.0,3.0,1.0,2.0,4.0,3.0,0,Historical (Pre-2015),Negative,-0.8319,Pre Covid
2192,212,Unknown Lounge,Dubai Airport,Business Class,Business,0,2013-02-07,United Kingdom,1.0,3.0,2.0,1.0,1.0,3.0,3.0,0,Historical (Pre-2015),Negative,-0.7574,Pre Covid
2193,212,Unknown Lounge,Los Angeles LAX Airport,Business Class,Business,0,2013-01-15,Australia,1.0,2.0,1.0,1.0,,,4.0,0,Historical (Pre-2015),Positive,0.5707,Pre Covid
2194,212,Unknown Lounge,Unknown,Business Class,Business,0,2013-01-11,United Kingdom,3.0,5.0,3.0,3.0,3.0,4.0,4.0,1,Historical (Pre-2015),Negative,-0.8816,Pre Covid
2195,212,Unknown Lounge,Unknown,Business Class,Business,0,2013-01-10,United Kingdom,5.0,5.0,5.0,5.0,5.0,5.0,5.0,1,Historical (Pre-2015),Positive,0.7783,Pre Covid
2196,212,Unknown Lounge,Dubai Airport,Business Class,Business,0,2012-12-23,United Kingdom,2.0,3.0,3.0,3.0,2.0,4.0,5.0,0,Historical (Pre-2015),Positive,0.4587,Pre Covid
2197,212,Unknown Lounge,London Heathrow Airport,Business Class,Business,0,2012-12-23,United Kingdom,5.0,5.0,5.0,5.0,5.0,5.0,5.0,1,Historical (Pre-2015),Positive,0.9476,Pre Covid
2198,212,Unknown Lounge,Dubai Airport,Business Class,Business,0,2012-10-29,Czech Republic,4.0,3.0,5.0,5.0,1.0,3.0,4.0,0,Historical (Pre-2015),Negative,-0.496,Pre Covid
2199,212,Unknown Lounge,Dubai Airport,Unknown,Unknown,0,2012-10-29,Australia,1.0,2.0,4.0,4.0,1.0,1.0,1.0,0,Historical (Pre-2015),Positive,0.9871,Pre Covid
2200,212,Unknown Lounge,Dubai Airport,Business Class,Business,0,2012-10-04,United Kingdom,2.0,3.0,3.0,2.0,2.0,3.0,2.0,0,Historical (Pre-2015),Negative,-0.6246,Pre Covid
2201,212,Unknown Lounge,Cape Town Airport,Business Class,Business,0,2012-10-04,United Kingdom,3.0,4.0,2.0,2.0,3.0,3.0,3.0,0,Historical (Pre-2015),Positive,0.1689,Pre Covid
2202,212,Unknown Lounge,London Gatwick Airport,Business Class,Business,0,2012-10-04,United Arab Emirates,5.0,5.0,5.0,4.0,4.0,5.0,5.0,1,Historical (Pre-2015),Positive,0.9517,Pre Covid
2203,212,Unknown Lounge,Brisbane Airport,Business Class,Business,0,2012-09-27,Australia,5.0,5.0,5.0,5.0,5.0,5.0,5.0,1,Historical (Pre-2015),Positive,0.987,Pre Covid
2204,212,Unknown Lounge,Dubai Airport,Business Class,Business,0,2012-09-17,Ireland,3.0,3.0,4.0,4.0,4.0,3.0,4.0,0,Historical (Pre-2015),Positive,0.1017,Pre Covid
2205,212,Unknown Lounge,Dubai Airport,First Class,Unknown,0,2012-09-17,Ireland,5.0,5.0,5.0,5.0,5.0,4.0,5.0,1,Historical (Pre-2015),Positive,0.7316,Pre Covid
2206,212,Unknown Lounge,Beijing Capital Airport,Business Class,Business,0,2012-09-17,United Arab Emirates,4.0,4.0,4.0,5.0,4.0,5.0,5.0,1,Historical (Pre-2015),Positive,0.9559,Pre Covid
2207,212,Unknown Lounge,Mauritius Airport,Business Class,Business,0,2012-09-10,United Kingdom,3.0,4.0,4.0,3.0,4.0,4.0,3.0,1,Historical (Pre-2015),Negative,-0.8814,Pre Covid
2208,212,Unknown Lounge,Dar Es Salaam Airport,Business Class,Business,0,2012-09-10,New Zealand,4.0,4.0,4.0,4.0,4.0,4.0,4.0,1,Historical (Pre-2015),Positive,0.714,Pre Covid
2209,212,Unknown Lounge,London Gatwick Airport,Business Class,Business,0,2012-08-05,United Kingdom,4.0,5.0,4.0,4.0,5.0,5.0,4.0,1,Historical (Pre-2015),Positive,0.9081,Pre Covid
2210,212,Unknown Lounge,Colombo Airport,Business Class,Business,0,2012-05-21,Sri Lanka,5.0,5.0,3.0,4.0,5.0,,5.0,1,Historical (Pre-2015),Positive,0.9776,Pre Covid
2211,212,Unknown Lounge,Dubai Airport,Business Class,Business,0,2012-05-08,United Kingdom,2.0,3.0,3.0,3.0,1.0,2.0,3.0,0,Historical (Pre-2015),Negative,-0.068,Pre Covid
2212,212,Unknown Lounge,Dubai Airport,First Class,Unknown,0,2012-05-01,South Africa,2.0,1.0,2.0,2.0,4.0,1.0,4.0,0,Historical (Pre-2015),Positive,0.7559,Pre Covid
2213,212,Unknown Lounge,Brisbane Airport,First Class,Unknown,0,2012-05-01,United Kingdom,4.0,5.0,4.0,4.0,4.0,3.0,5.0,1,Historical (Pre-2015),Positive,0.9471,Pre Covid
2214,212,Unknown Lounge,Dubai Airport,First Class,Unknown,0,2012-05-01,United Kingdom,5.0,5.0,5.0,4.0,3.0,,5.0,1,Historical (Pre-2015),Positive,0.9239,Pre Covid
2215,212,Unknown Lounge,Colombo Airport,First Class,Unknown,0,2012-05-01,United States,5.0,5.0,4.0,5.0,5.0,5.0,4.0,1,Historical (Pre-2015),Positive,0.9698,Pre Covid
2216,212,Unknown Lounge,Istanbul Airport,Business Class,Business,0,2012-04-24,New Zealand,5.0,5.0,5.0,5.0,5.0,,5.0,1,Historical (Pre-2015),Positive,0.9437,Pre Covid
2217,212,Unknown Lounge,Auckland Airport,Business Class,Business,0,2012-03-28,Australia,5.0,5.0,5.0,5.0,5.0,5.0,5.0,1,Historical (Pre-2015),Positive,0.9169,Pre Covid
2218,212,Unknown Lounge,Dubai Airport,Business Class,Business,0,2012-02-28,Hong Kong,4.0,3.0,4.0,4.0,3.0,1.0,3.0,1,Historical (Pre-2015),Positive,0.2755,Pre Covid
2219,212,Unknown Lounge,Sao Paulo Guarulhos Airport,Business Class,Business,0,2012-01-25,South Africa,1.0,1.0,2.0,1.0,1.0,2.0,1.0,0,Historical (Pre-2015),Negative,-0.9624,Pre Covid
2220,212,Unknown Lounge,Dubai Airport,Business Class,Business,0,2012-01-23,United Kingdom,2.0,4.0,3.0,3.0,1.0,1.0,2.0,0,Historical (Pre-2015),Negative,-0.5719,Pre Covid
2221,212,Unknown Lounge,Auckland Airport,Business Class,Business,0,2012-01-23,New Zealand,5.0,5.0,5.0,5.0,5.0,5.0,4.0,1,Historical (Pre-2015),Negative,-0.6715,Pre Covid
2222,212,Unknown Lounge,Dubai Airport,Business Class,Business,0,2011-11-28,United Kingdom,5.0,5.0,5.0,4.0,4.0,4.0,4.0,1,Historical (Pre-2015),Positive,0.9514,Pre Covid
2223,212,Unknown Lounge,Dubai Airport,Business Class,Business,0,2010-12-05,United Kingdom,5.0,5.0,5.0,3.0,2.0,,4.0,1,Historical (Pre-2015),Positive,0.7935,Pre Covid
2224,212,Unknown Lounge,Dubai Airport,First Class,Unknown,0,2010-10-17,United Kingdom,5.0,4.0,3.0,5.0,5.0,3.0,5.0,0,Historical (Pre-2015),Positive,0.7902,Pre Covid
2225,212,Unknown Lounge,Dubai Airport,Business Class,Business,0,2010-08-13,United Kingdom,4.0,3.0,2.0,2.0,1.0,3.0,3.0,0,Historical (Pre-2015),Negative,-0.911,Pre Covid
2226,212,Unknown Lounge,Dubai Airport,First Class,Unknown,0,2010-07-14,United Kingdom,5.0,5.0,2.0,4.0,4.0,3.0,5.0,0,Historical (Pre-2015),Positive,0.8271,Pre Covid
2227,212,Unknown Lounge,London Gatwick Airport,Business Class,Business,0,2010-06-22,United Kingdom,5.0,5.0,5.0,5.0,5.0,5.0,5.0,0,Historical (Pre-2015),Positive,0.9641,Pre Covid
2228,212,Unknown Lounge,Mumbai Airport,Business Class,Business,0,2010-06-14,United Kingdom,4.0,4.0,3.0,3.0,3.0,2.0,3.0,0,Historical (Pre-2015),Positive,0.9344,Pre Covid
2229,212,Unknown Lounge,Birmingham Airport,Business Class,Business,0,2010-06-11,United Kingdom,5.0,5.0,5.0,5.0,5.0,4.0,5.0,0,Historical (Pre-2015),Positive,0.9081,Pre Covid
2230,212,Unknown Lounge,Dubai Airport,Business Class,Business,0,2010-02-01,United Kingdom,4.0,3.0,5.0,4.0,2.0,2.0,4.0,0,Historical (Pre-2015),Positive,0.296,Pre Covid
2231,212,Unknown Lounge,Dubai Airport,Business Class,Business,0,2010-01-12,United Kingdom,4.0,4.0,5.0,4.0,3.0,5.0,4.0,0,Historical (Pre-2015),Positive,0.827,Pre Covid
2232,212,Unknown Lounge,London Heathrow Airport,Business Class,Business,0,2010-01-12,United Kingdom,5.0,4.0,4.0,4.0,4.0,5.0,5.0,0,Historical (Pre-2015),Positive,0.9732,Pre Covid
2233,212,Unknown Lounge,Dubai Airport,Business Class,Business,0,2009-12-07,United Kingdom,3.0,4.0,3.0,5.0,3.0,4.0,3.0,0,Historical (Pre-2015),Positive,0.8251,Pre Covid
2234,212,Unknown Lounge,Dubai Airport,Business Class,Business,0,2009-12-05,United Kingdom,2.0,4.0,3.0,3.0,4.0,4.0,3.0,0,Historical (Pre-2015),Negative,-0.869,Pre Covid
2235,212,Unknown Lounge,Dubai Airport,Business Class,Business,0,2009-11-10,United Kingdom,4.0,4.0,4.0,4.0,5.0,4.0,4.0,0,Historical (Pre-2015),Positive,0.8658,Pre Covid
2236,212,Unknown Lounge,Brisbane Airport,Business Class,Business,0,2009-11-09,United Kingdom,5.0,5.0,5.0,5.0,5.0,5.0,5.0,0,Historical (Pre-2015),Positive,0.9682,Pre Covid
2237,212,Unknown Lounge,Dubai Airport,Business Class,Business,0,2009-10-14,United Kingdom,1.0,3.0,4.0,1.0,2.0,4.0,3.0,0,Historical (Pre-2015),Negative,-0.8069,Pre Covid
2238,212,Unknown Lounge,Auckland Airport,Business Class,Business,0,2009-10-10,United Kingdom,4.0,5.0,5.0,4.0,4.0,,5.0,0,Historical (Pre-2015),Positive,0.905,Pre Covid
2239,212,Unknown Lounge,Sydney Airport,Business Class,Business,0,2009-10-10,United Kingdom,4.0,5.0,5.0,4.0,4.0,,5.0,0,Historical (Pre-2015),Positive,0.9636,Pre Covid
2240,212,Unknown Lounge,Brisbane Airport,Business Class,Business,0,2009-10-05,United Kingdom,5.0,5.0,5.0,4.0,4.0,5.0,5.0,0,Historical (Pre-2015),Positive,0.785,Pre Covid
2241,212,Unknown Lounge,Dubai Airport,Business Class,Business,0,2009-09-06,United Kingdom,1.0,3.0,2.0,2.0,2.0,3.0,4.0,0,Historical (Pre-2015),Negative,-0.4576,Pre Covid
2242,212,Unknown Lounge,Dubai Airport,Business Class,Business,0,2009-08-13,United Kingdom,,1.0,1.0,,1.0,1.0,1.0,0,Historical (Pre-2015),Negative,-0.5789,Pre Covid
2243,212,Unknown Lounge,London Gatwick Airport,Business Class,Business,0,2009-08-12,United Kingdom,5.0,5.0,5.0,5.0,5.0,5.0,5.0,0,Historical (Pre-2015),Positive,0.9413,Pre Covid
2244,212,Unknown Lounge,Dubai Airport,Business Class,Business,0,2009-08-12,United Kingdom,,2.0,2.0,1.0,1.0,,1.0,0,Historical (Pre-2015),Negative,-0.8751,Pre Covid
2245,212,Unknown Lounge,Dubai Airport,Business Class,Business,0,2009-08-12,United Kingdom,2.0,1.0,2.0,1.0,1.0,3.0,,0,Historical (Pre-2015),Negative,-0.9101,Pre Covid
2246,212,Unknown Lounge,Dubai Airport,Business Class,Business,0,2009-08-12,United Kingdom,3.0,3.0,3.0,2.0,2.0,3.0,2.0,0,Historical (Pre-2015),Negative,-0.8131,Pre Covid
2247,202,The Star,Taipei Airport,Business Class,Business,1,2023-05-13,United States,4.0,4.0,4.0,5.0,3.0,4.0,4.0,1,Modern (2015-Present),Positive,0.9492,After Covid
2248,202,Infinity Lounge,Taipei Airport,Business Class,Business,1,2022-12-05,United States,5.0,5.0,3.0,3.0,5.0,5.0,5.0,1,Modern (2015-Present),Positive,0.9413,After Covid
2249,202,Unknown Lounge,Bangkok Suvarnabhumi Airport,Business Class,Business,1,2022-12-05,United States,5.0,5.0,5.0,4.0,5.0,5.0,5.0,1,Modern (2015-Present),Positive,0.9592,After Covid
2250,202,Unknown Lounge,Taipei Airport,Business Class,Business,1,2022-10-27,Taiwan,1.0,2.0,1.0,1.0,,5.0,4.0,1,Modern (2015-Present),Negative,-0.7184,After Covid
2251,202,Unknown Lounge,Unknown,Business Class,Business,1,2019-04-06,Thailand,5.0,4.0,4.0,5.0,5.0,5.0,5.0,1,Modern (2015-Present),Positive,0.9272,Pre Covid
2252,202,Taipei Airport Lounge,Taipei Airport,Business Class,Business,1,2018-11-10,United States,5.0,5.0,5.0,5.0,5.0,5.0,5.0,0,Modern (2015-Present),Positive,0.9796,Pre Covid
2253,202,Rose,Ho Chi Minh City Airport,Business Class,Business,1,2018-05-01,Canada,4.0,4.0,4.0,4.0,4.0,3.0,4.0,1,Modern (2015-Present),Positive,0.2382,Pre Covid
2254,202,The Infinity,Taipei Airport,Business Class,Business,1,2018-03-08,United States,5.0,5.0,5.0,5.0,4.0,4.0,5.0,1,Modern (2015-Present),Positive,0.6118,Pre Covid
2255,202,Infinity,Taipei Airport,Business Class,Business,1,2018-01-07,United States,5.0,5.0,5.0,5.0,5.0,5.0,5.0,1,Modern (2015-Present),Positive,0.9634,Pre Covid
2256,202,The Star,Taipei Airport,Business Class,Business,1,2017-12-18,Romania,4.0,5.0,4.0,4.0,5.0,3.0,4.0,1,Modern (2015-Present),Positive,0.9229,Pre Covid
2257,202,Executive Club,Houston IAH,Business Class,Business,1,2017-12-17,United Kingdom,4.0,5.0,4.0,4.0,,4.0,5.0,1,Modern (2015-Present),Positive,0.4854,Pre Covid
2258,202,Infinity,Taipei Airport,Business Class,Business,0,2017-12-17,United Kingdom,2.0,4.0,2.0,3.0,4.0,4.0,4.0,0,Modern (2015-Present),Positive,0.2569,Pre Covid
2259,202,Unknown Lounge,Bangkok Suvarnabhumi Airport,Business Class,Business,0,2017-12-16,United Kingdom,4.0,5.0,4.0,4.0,5.0,5.0,5.0,1,Modern (2015-Present),Positive,0.9631,Pre Covid
2260,202,Unknown Lounge,Taipei Airport,Business Class,Business,0,2017-09-22,United States,5.0,4.0,4.0,4.0,5.0,4.0,5.0,1,Modern (2015-Present),Positive,0.9719,Pre Covid
2261,202,Unknown Lounge,Bangkok Suvarnabhumi Airport,Business Class,Business,0,2017-08-28,Thailand,5.0,5.0,4.0,4.0,4.0,4.0,4.0,1,Modern (2015-Present),Positive,0.8689,Pre Covid
2262,202,Unknown Lounge,Taipei Airport,Business Class,Business,0,2017-03-18,United States,4.0,4.0,5.0,5.0,4.0,5.0,5.0,1,Modern (2015-Present),Positive,0.8957,Pre Covid
2263,202,Unknown Lounge,Bangkok Suvarnabhumi Airport,Business Class,Business,0,2017-01-23,United Kingdom,5.0,5.0,5.0,5.0,5.0,5.0,5.0,1,Modern (2015-Present),Positive,0.9852,Pre Covid
2264,202,Unknown Lounge,Bangkok Suvarnabhumi Airport,Business Class,Business,0,2016-05-28,United Kingdom,5.0,5.0,,5.0,5.0,5.0,5.0,1,Modern (2015-Present),Positive,0.9676,Pre Covid
2265,202,EVA Air,Bangkok Suvarnabhumi Airport,Business Class,Business,0,2015-11-06,United States,5.0,5.0,5.0,4.0,4.0,5.0,5.0,1,Modern (2015-Present),Positive,0.8748,Pre Covid
2266,202,Aspire Lounge 41,Amsterdam Schiphol Airport,Business Class,Business,0,2015-08-01,Netherlands,5.0,5.0,3.0,3.0,,5.0,5.0,1,Modern (2015-Present),Positive,0.9116,Pre Covid
2267,202,Star Alliance,Los Angeles LAX Airport,Frequent Flyer,Unknown,0,2015-07-14,United States,5.0,5.0,3.0,3.0,5.0,5.0,3.0,1,Modern (2015-Present),Positive,0.9867,Pre Covid
2268,202,Unknown Lounge,Bangkok Suvarnabhumi Airport,Business Class,Business,0,2015-05-29,United Kingdom,4.0,4.0,3.0,3.0,4.0,4.0,4.0,1,Modern (2015-Present),Negative,-0.5423,Pre Covid
2269,202,Unknown Lounge,Unknown,Business Class,Business,0,2015-03-22,United Kingdom,4.0,4.0,4.0,4.0,3.0,3.0,3.0,1,Modern (2015-Present),Positive,0.6486,Pre Covid
2270,202,Star Lounge,Unknown,Business Class,Business,0,2013-02-20,United States,5.0,5.0,4.0,4.0,5.0,5.0,5.0,1,Historical (Pre-2015),Positive,0.9183,Pre Covid
2271,202,Unknown Lounge,Bangkok Suvarnabhumi Airport,Business Class,Business,0,2013-02-07,Germany,5.0,5.0,5.0,5.0,4.0,,5.0,1,Historical (Pre-2015),Positive,0.8922,Pre Covid
2272,202,Menzies Lounge,Amsterdam Schiphol Airport,Business Class,Business,0,2013-02-07,Germany,3.0,4.0,2.0,1.0,4.0,,4.0,0,Historical (Pre-2015),Neutral,0.0,Pre Covid
2273,202,Unknown Lounge,Unknown,Business Class,Business,0,2012-11-07,United States,5.0,5.0,5.0,4.0,5.0,5.0,5.0,1,Historical (Pre-2015),Positive,0.9201,Pre Covid
2274,202,Unknown Lounge,Taipei Airport,Business Class,Business,0,2012-08-05,United Kingdom,5.0,5.0,3.0,2.0,5.0,4.0,5.0,1,Historical (Pre-2015),Positive,0.9534,Pre Covid
2275,202,Unknown Lounge,London Heathrow Airport,Business Class,Business,0,2011-10-22,United Kingdom,2.0,2.0,2.0,2.0,2.0,2.0,2.0,0,Historical (Pre-2015),Negative,-0.8548,Pre Covid
2276,202,Unknown Lounge,Taipei Airport,Business Class,Business,0,2011-01-07,Australia,3.0,3.0,1.0,1.0,2.0,1.0,2.0,0,Historical (Pre-2015),Positive,0.6486,Pre Covid
2277,202,Unknown Lounge,Bangkok Suvarnabhumi Airport,Business Class,Business,0,2009-05-30,United Kingdom,4.0,4.0,3.0,3.0,2.0,3.0,4.0,0,Historical (Pre-2015),Positive,0.9623,Pre Covid
2278,202,Unknown Lounge,Bangkok Suvarnabhumi Airport,Business Class,Business,0,2009-05-29,United Kingdom,5.0,4.0,4.0,5.0,5.0,,4.0,0,Historical (Pre-2015),Positive,0.9399,Pre Covid
2279,202,Unknown Lounge,Taipei Airport,Business Class,Business,0,2009-01-20,United Kingdom,3.0,3.0,3.0,3.0,3.0,3.0,3.0,0,Historical (Pre-2015),Positive,0.9051,Pre Covid
2280,202,Unknown Lounge,Newark Airport,Business Class,Business,0,2009-01-20,United Kingdom,2.0,3.0,3.0,3.0,,3.0,3.0,0,Historical (Pre-2015),Positive,0.9201,Pre Covid
2281,202,Unknown Lounge,Hong Kong Airport,Business Class,Business,0,2009-01-20,United Kingdom,5.0,5.0,5.0,5.0,5.0,5.0,5.0,0,Historical (Pre-2015),Positive,0.9595,Pre Covid
2284,268,Unknown Lounge,Keflavik Airport,Business Class,Business,1,2025-06-11,United States,2.0,3.0,2.0,2.0,2.0,4.0,5.0,0,Modern (2015-Present),Positive,0.7227,After Covid
2285,268,Unknown Lounge,Keflavik Airport,Business Class,Business,1,2022-08-21,United Kingdom,3.0,3.0,5.0,3.0,4.0,5.0,3.0,1,Modern (2015-Present),Positive,0.8324,After Covid
2286,268,Gold Circle,London Heathrow Airport,Business Class,Business,0,2016-01-27,United Kingdom,4.0,5.0,3.0,2.0,,,5.0,1,Modern (2015-Present),Positive,0.9032,Pre Covid
2287,268,Saga Lounge,Keflavik Airport,Business Class,Business,0,2013-12-23,Canada,5.0,5.0,5.0,5.0,5.0,4.0,5.0,1,Historical (Pre-2015),Positive,0.9668,Pre Covid
2288,268,Saga Lounge,Keflavik Airport,Business Class,Business,0,2013-07-31,United States,4.0,4.0,3.0,,4.0,4.0,3.0,1,Historical (Pre-2015),Negative,-0.5994,Pre Covid
2289,268,Saga Lounge,Keflavik Airport,Business Class,Business,0,2013-03-20,United Kingdom,4.0,4.0,4.0,4.0,3.0,4.0,4.0,1,Historical (Pre-2015),Positive,0.9746,Pre Covid
2290,268,Saga Lounge,Keflavik Airport,Business Class,Business,0,2010-07-14,United Kingdom,4.0,4.0,4.0,4.0,4.0,4.0,4.0,0,Historical (Pre-2015),Positive,0.9346,Pre Covid
2292,265,Dali,Madrid Barajas Airport,Business Class,Business,1,2024-01-21,Spain,5.0,5.0,5.0,5.0,,5.0,5.0,1,Modern (2015-Present),Positive,0.5927,After Covid
2293,265,Sala VIP,Madrid Barajas Airport,Business Class,Business,1,2022-05-22,Belgium,3.0,4.0,3.0,4.0,,,3.0,0,Modern (2015-Present),Positive,0.7783,After Covid
2294,265,Business S terminal,Madrid Barajas Airport,Business Class,Business,1,2021-11-29,United Kingdom,4.0,4.0,5.0,3.0,,5.0,4.0,1,Modern (2015-Present),Positive,0.9373,Covid
2295,265,Dali Madrid T4,Madrid Barajas Airport,Business Class,Business,1,2021-07-19,Switzerland,5.0,4.0,5.0,5.0,5.0,3.0,4.0,1,Modern (2015-Present),Positive,0.9656,Covid
2296,265,Sala VIP,Tenerife Airport,Business Class,Business,1,2019-11-11,Belgium,2.0,2.0,2.0,2.0,3.0,,3.0,0,Modern (2015-Present),Positive,0.7402,Pre Covid
2297,265,Sala VIP,Madrid Barajas Airport,Business Class,Business,1,2019-11-11,Belgium,3.0,4.0,4.0,3.0,4.0,,4.0,1,Modern (2015-Present),Positive,0.8481,Pre Covid
2298,265,Sala VIP,Madrid Barajas Airport,Business Class,Business,1,2019-03-08,United Kingdom,5.0,5.0,5.0,4.0,5.0,5.0,5.0,1,Modern (2015-Present),Positive,0.9909,Pre Covid
2300,265,Sala Velazquez,Madrid Barajas Airport,Business Class,Business,0,2017-03-04,Brazil,4.0,4.0,4.0,4.0,4.0,4.0,4.0,1,Modern (2015-Present),Negative,-0.3276,Pre Covid
2301,265,Unknown Lounge,Havana Airport,Business Class,Business,0,2016-12-06,United Kingdom,1.0,1.0,1.0,1.0,1.0,,1.0,0,Modern (2015-Present),Negative,-0.8538,Pre Covid
2302,265,Valazquez T4S,Madrid Barajas Airport,Business Class,Business,0,2016-12-06,United Kingdom,4.0,4.0,4.0,4.0,4.0,4.0,4.0,1,Modern (2015-Present),Positive,0.802,Pre Covid
2303,265,Monteverdi,Milan Malpensa Airport,Business Class,Business,0,2016-12-03,Germany,4.0,2.0,4.0,3.0,,4.0,2.0,1,Modern (2015-Present),Positive,0.7003,Pre Covid
2304,265,Dali,Madrid Barajas Airport,Business Class,Business,0,2016-12-02,Germany,3.0,5.0,5.0,3.0,,4.0,4.0,1,Modern (2015-Present),Positive,0.5866,Pre Covid
2305,265,Velasquez,Madrid Barajas Airport,Business Class,Business,0,2016-12-01,Germany,3.0,5.0,5.0,5.0,5.0,4.0,4.0,1,Modern (2015-Present),Positive,0.9279,Pre Covid
2306,265,Iberia,Mexico City Airport,Business Class,Business,0,2016-12-01,Germany,1.0,4.0,4.0,1.0,,1.0,1.0,0,Modern (2015-Present),Negative,-0.8479,Pre Covid
2307,265,Dali Lounge,Madrid Barajas Airport,Frequent Flyer,Unknown,0,2016-11-18,Germany,3.0,4.0,3.0,1.0,,,3.0,0,Modern (2015-Present),Positive,0.6745,Pre Covid
2308,265,Dal Lounge,Madrid Barajas Airport,Business Class,Business,0,2016-08-12,Switzerland,5.0,5.0,5.0,4.0,3.0,5.0,4.0,1,Modern (2015-Present),Positive,0.807,Pre Covid
2309,265,Unknown Lounge,Madrid Barajas Airport,Business Class,Business,0,2016-05-28,Spain,4.0,5.0,4.0,3.0,,5.0,4.0,1,Modern (2015-Present),Positive,0.8583,Pre Covid
2310,265,Unknown Lounge,Madrid Barajas Airport,Business Class,Business,0,2016-05-13,United Kingdom,4.0,5.0,4.0,4.0,4.0,3.0,4.0,1,Modern (2015-Present),Positive,0.9139,Pre Covid
2311,265,Iberia Lounge T4S,Madrid Barajas Airport,Frequent Flyer,Unknown,0,2016-05-10,United Kingdom,5.0,5.0,5.0,4.0,5.0,5.0,4.0,1,Modern (2015-Present),Positive,0.5533,Pre Covid
2312,265,Iberia Lounge T4,Madrid Barajas Airport,Business Class,Business,0,2016-04-04,Switzerland,5.0,3.0,5.0,4.0,4.0,5.0,3.0,1,Modern (2015-Present),Positive,0.9151,Pre Covid
2313,265,Unknown Lounge,Madrid Barajas Airport,Business Class,Business,0,2015-09-12,United Kingdom,5.0,5.0,4.0,4.0,,5.0,5.0,1,Modern (2015-Present),Positive,0.6588,Pre Covid
2314,265,Velazquez,Madrid Barajas Airport,Business Class,Business,0,2015-07-24,Canada,5.0,5.0,5.0,4.0,5.0,5.0,5.0,1,Modern (2015-Present),Positive,0.9537,Pre Covid
2315,265,Unknown Lounge,New York JFK Airport,Business Class,Business,0,2015-01-04,Spain,2.0,2.0,1.0,1.0,1.0,2.0,2.0,0,Modern (2015-Present),Negative,-0.9042,Pre Covid
2316,265,Unknown Lounge,Madrid Barajas Airport,Business Class,Business,0,2014-10-28,United Kingdom,4.0,4.0,4.0,4.0,4.0,4.0,4.0,1,Historical (Pre-2015),Positive,0.9819,Pre Covid
2317,265,Unknown Lounge,Madrid Barajas Airport,Business Class,Business,0,2014-05-28,United Kingdom,5.0,5.0,5.0,5.0,5.0,4.0,5.0,1,Historical (Pre-2015),Positive,0.984,Pre Covid
2318,265,Unknown Lounge,Madrid Barajas Airport,Business Class,Business,0,2013-12-23,United Kingdom,4.0,4.0,3.0,3.0,3.0,4.0,3.0,1,Historical (Pre-2015),Positive,0.3597,Pre Covid
2319,265,Unknown Lounge,Lima Airport,Business Class,Business,0,2013-12-23,United Kingdom,3.0,3.0,3.0,2.0,3.0,,3.0,0,Historical (Pre-2015),Positive,0.4618,Pre Covid
2320,265,Velazquez,Madrid Barajas Airport,Business Class,Business,0,2013-11-22,United States,3.0,5.0,4.0,5.0,5.0,5.0,5.0,1,Historical (Pre-2015),Positive,0.9341,Pre Covid
2321,265,Velazquez,Unknown,Business Class,Business,0,2013-07-31,France,4.0,5.0,5.0,5.0,4.0,3.0,4.0,1,Historical (Pre-2015),Positive,0.9638,Pre Covid
2322,265,Dali,Madrid Barajas Airport,Business Class,Business,0,2013-01-18,United Kingdom,5.0,4.0,5.0,4.0,5.0,4.0,5.0,1,Historical (Pre-2015),Positive,0.92,Pre Covid
2323,265,Velazquez,Madrid Barajas Airport,Business Class,Business,0,2013-01-18,United Kingdom,4.0,5.0,5.0,5.0,4.0,3.0,4.0,1,Historical (Pre-2015),Positive,0.8012,Pre Covid
2324,265,Sala VIP Lounge,Unknown,Business Class,Business,0,2012-11-16,United Kingdom,3.0,4.0,3.0,2.0,3.0,1.0,3.0,1,Historical (Pre-2015),Negative,-0.7718,Pre Covid
2325,265,Sala VIP Lounge,Unknown,Business Class,Business,0,2012-08-05,United Arab Emirates,4.0,3.0,3.0,3.0,4.0,1.0,4.0,1,Historical (Pre-2015),Positive,0.9707,Pre Covid
2326,265,Sala Dali,Madrid Barajas Airport,Business Class,Business,0,2012-08-05,Italy,5.0,5.0,5.0,5.0,5.0,5.0,5.0,1,Historical (Pre-2015),Positive,0.9134,Pre Covid
2327,265,Sala VIP,Madrid Barajas Airport,Business Class,Business,0,2012-01-23,United States,4.0,4.0,4.0,4.0,4.0,2.0,3.0,1,Historical (Pre-2015),Negative,-0.8892,Pre Covid
2328,265,Sala VIP,Unknown,Business Class,Business,0,2012-01-23,Spain,4.0,4.0,5.0,5.0,3.0,2.0,4.0,1,Historical (Pre-2015),Positive,0.2263,Pre Covid
2329,265,IBERIA SALA VIP BUSINESS CLASS LOUNGE REVIEW,Madrid Barajas Airport,Business Class,Business,0,2011-05-01,United Kingdom,4.0,5.0,4.0,3.0,2.0,4.0,4.0,0,Historical (Pre-2015),Positive,0.9687,Pre Covid
2330,265,Sala VIP,Madrid Barajas Airport,Business Class,Business,0,2010-07-14,United Kingdom,4.0,3.0,5.0,4.0,4.0,4.0,4.0,0,Historical (Pre-2015),Positive,0.8885,Pre Covid
2331,265,Sala VIP,Madrid Barajas Airport,Business Class,Business,0,2010-06-14,United Kingdom,3.0,2.0,4.0,3.0,1.0,1.0,1.0,0,Historical (Pre-2015),Neutral,0.0,Pre Covid
2332,265,Sala VIP,Madrid Barajas Airport,Business Class,Business,0,2010-06-14,United Kingdom,4.0,3.0,4.0,3.0,4.0,2.0,2.0,0,Historical (Pre-2015),Positive,0.9142,Pre Covid
2333,265,Sala VIP,Brussels Zaventem Airport,Business Class,Business,0,2009-09-20,United Kingdom,4.0,4.0,3.0,2.0,1.0,1.0,3.0,0,Historical (Pre-2015),Positive,0.8898,Pre Covid
2334,265,Sala VIP,Las Vegas Airport,Business Class,Business,0,2009-05-04,United Kingdom,2.0,2.0,4.0,,2.0,,1.0,0,Historical (Pre-2015),Positive,0.9652,Pre Covid
2335,265,Sala VIP,Madrid Barajas Airport,Business Class,Business,0,2009-05-04,United Kingdom,4.0,4.0,4.0,3.0,3.0,5.0,5.0,0,Historical (Pre-2015),Positive,0.9492,Pre Covid
2343,285,Unknown Lounge,Mumbai Airport,Business Class,Business,1,2019-02-13,United Kingdom,5.0,4.0,2.0,4.0,4.0,4.0,4.0,1,Modern (2015-Present),Positive,0.9303,Pre Covid
2344,285,Escape Lounge,Manchester Airport,Business Class,Business,1,2019-02-13,United Kingdom,1.0,1.0,1.0,1.0,1.0,3.0,2.0,0,Modern (2015-Present),Positive,0.8135,Pre Covid
2345,285,Unknown Lounge,Delhi Airport,Frequent Flyer,Unknown,0,2017-09-30,India,2.0,3.0,2.0,1.0,1.0,4.0,3.0,0,Modern (2015-Present),Negative,-0.4903,Pre Covid
2346,285,GVK Lounge,Mumbai Airport,Frequent Flyer,Unknown,0,2017-07-04,India,2.0,3.0,,2.0,4.0,2.0,1.0,0,Modern (2015-Present),Negative,-0.6911,Pre Covid
2348,285,Unknown Lounge,Pune Airport,Business Class,Business,0,2016-01-31,United Kingdom,1.0,1.0,1.0,1.0,,1.0,1.0,0,Modern (2015-Present),Negative,-0.9354,Pre Covid
2349,285,Unknown Lounge,London Heathrow Airport,Business Class,Business,0,2016-01-24,United Kingdom,2.0,2.0,2.0,2.0,2.0,4.0,2.0,0,Modern (2015-Present),Positive,0.9156,Pre Covid
2350,285,Unknown Lounge,Pune Airport,Business Class,Business,0,2015-09-18,United Kingdom,1.0,1.0,1.0,1.0,1.0,1.0,1.0,0,Modern (2015-Present),Negative,-0.6276,Pre Covid
2351,285,Unknown Lounge,Pune Airport,Business Class,Business,0,2015-07-24,United Arab Emirates,1.0,1.0,1.0,1.0,,1.0,1.0,0,Modern (2015-Present),Negative,-0.7579,Pre Covid
2352,285,Business Lounge,Brussels Zaventem Airport,Business Class,Business,0,2015-07-07,Canada,4.0,4.0,3.0,4.0,2.0,2.0,3.0,1,Modern (2015-Present),Positive,0.9337,Pre Covid
2353,285,Plaza Premium,Hyderabad Airport,Business Class,Business,0,2015-05-29,India,4.0,4.0,3.0,3.0,4.0,4.0,4.0,1,Modern (2015-Present),Positive,0.9606,Pre Covid
2354,285,Unknown Lounge,Mumbai Airport,Business Class,Business,0,2015-05-10,Thailand,5.0,5.0,5.0,5.0,5.0,4.0,4.0,1,Modern (2015-Present),Positive,0.9401,Pre Covid
2355,285,Unknown Lounge,Unknown,Business Class,Business,0,2013-12-21,Belgium,3.0,2.0,1.0,1.0,1.0,,2.0,0,Historical (Pre-2015),Negative,-0.4726,Pre Covid
2356,269,080 Domestic Lounge,Bangalore Airport,Pay to Use,Unknown,1,2023-06-02,United Kingdom,5.0,5.0,4.0,4.0,,,,1,Modern (2015-Present),Positive,0.9545,After Covid
2357,281,Sakura,Tokyo Haneda Airport,Business Class,Business,1,2024-05-25,Thailand,3.0,2.0,,1.0,4.0,,2.0,0,Modern (2015-Present),Positive,0.3649,After Covid
2358,281,First Class lounge,Tokyo Haneda Airport,First Class,Unknown,1,2023-11-18,Australia,3.0,5.0,4.0,2.0,4.0,5.0,4.0,0,Modern (2015-Present),Negative,-0.3048,After Covid
2359,281,The Club Seattle,Seattle Airport,Business Class,Business,1,2019-04-15,United States,1.0,1.0,2.0,1.0,1.0,3.0,1.0,0,Modern (2015-Present),Negative,-0.8945,Pre Covid
2360,281,Sakura Lounge,Kansai International Airport,Frequent Flyer,Unknown,1,2018-11-04,Australia,4.0,4.0,3.0,2.0,4.0,5.0,4.0,1,Modern (2015-Present),Positive,0.977,Pre Covid
2361,281,Sakura lounge,Tokyo Narita Airport,Business Class,Business,0,2017-11-11,United Kingdom,4.0,3.0,3.0,1.0,3.0,2.0,3.0,0,Modern (2015-Present),Negative,-0.1477,Pre Covid
2362,281,Sakura,Tokyo Narita Airport,Business Class,Business,0,2017-09-22,Australia,4.0,5.0,4.0,1.0,5.0,5.0,2.0,0,Modern (2015-Present),Positive,0.9635,Pre Covid
2363,281,Unknown Lounge,Tokyo Haneda Airport,Business Class,Business,0,2017-04-24,Greece,5.0,5.0,4.0,5.0,5.0,5.0,5.0,1,Modern (2015-Present),Positive,0.9799,Pre Covid
2364,281,JAL First lounge,Tokyo Haneda Airport,First Class,Unknown,0,2016-06-14,United Kingdom,2.0,5.0,3.0,2.0,,4.0,3.0,0,Modern (2015-Present),Negative,-0.4112,Pre Covid
2365,281,Sakura,Shanghai Pudong Airport,Business Class,Business,0,2016-03-26,Australia,1.0,1.0,1.0,1.0,1.0,1.0,2.0,0,Modern (2015-Present),Positive,0.6293,Pre Covid
2366,281,Sakura Lounge,San Francisco Airport,Business Class,Business,0,2016-03-14,United States,2.0,4.0,4.0,3.0,,,4.0,1,Modern (2015-Present),Positive,0.9291,Pre Covid
2367,281,Unknown Lounge,Tokyo Narita Airport,Business Class,Business,0,2016-02-07,United Kingdom,4.0,5.0,4.0,4.0,4.0,4.0,5.0,1,Modern (2015-Present),Positive,0.855,Pre Covid
2368,281,Sakura,Tokyo Narita Airport,Business Class,Business,0,2015-11-24,United States,5.0,5.0,5.0,5.0,4.0,,5.0,1,Modern (2015-Present),Positive,0.9523,Pre Covid
2369,281,Sakura / First Class,Tokyo Narita Airport,First Class,Unknown,0,2015-09-14,United States,5.0,5.0,5.0,5.0,5.0,5.0,5.0,1,Modern (2015-Present),Positive,0.9062,Pre Covid
2370,281,JAL Sakura Lounge,Tokyo Haneda Airport,Business Class,Business,0,2015-08-15,United States,4.0,5.0,4.0,4.0,,,5.0,1,Modern (2015-Present),Positive,0.9591,Pre Covid
2371,281,Sakura Lounge,Tokyo Haneda Airport,Business Class,Business,0,2014-03-30,Hong Kong,4.0,4.0,3.0,2.0,4.0,4.0,4.0,1,Historical (Pre-2015),Positive,0.6106,Pre Covid
2372,281,Unknown Lounge,Tokyo Haneda Airport,Business Class,Business,0,2013-07-31,United Kingdom,4.0,5.0,4.0,4.0,4.0,4.0,5.0,1,Historical (Pre-2015),Positive,0.915,Pre Covid
2373,281,Unknown Lounge,Tokyo Narita Airport,Business Class,Business,0,2012-12-25,Malaysia,5.0,5.0,5.0,5.0,5.0,4.0,5.0,1,Historical (Pre-2015),Positive,0.7906,Pre Covid
2374,281,Unknown Lounge,Frankfurt Main Airport,Business Class,Business,0,2012-11-08,Australia,4.0,5.0,4.0,3.0,4.0,5.0,4.0,1,Historical (Pre-2015),Positive,0.933,Pre Covid
2375,281,Unknown Lounge,Tokyo Narita Airport,First Class,Unknown,0,2012-10-04,Australia,5.0,5.0,4.0,4.0,5.0,5.0,5.0,1,Historical (Pre-2015),Positive,0.9182,Pre Covid
2376,281,Unknown Lounge,Kansai International Airport,Business Class,Business,0,2012-05-21,Canada,4.0,4.0,,1.0,4.0,5.0,3.0,0,Historical (Pre-2015),Positive,0.6712,Pre Covid
2377,281,Unknown Lounge,Fukuoka Airport,Business Class,Business,0,2011-09-17,Japan,1.0,3.0,2.0,1.0,3.0,3.0,3.0,0,Historical (Pre-2015),Negative,-0.3832,Pre Covid
2378,281,Unknown Lounge,San Francisco Airport,Business Class,Business,0,2011-09-13,Australia,2.0,4.0,2.0,1.0,3.0,4.0,2.0,0,Historical (Pre-2015),Negative,-0.518,Pre Covid
2379,281,Unknown Lounge,Tokyo Narita Airport,First Class,Unknown,0,2011-05-01,Australia,4.0,5.0,4.0,4.0,4.0,5.0,4.0,0,Historical (Pre-2015),Negative,-0.5675,Pre Covid
2380,281,Unknown Lounge,Chicago O'Hare Airport,First Class,Unknown,0,2010-06-30,United Kingdom,5.0,5.0,3.0,2.0,,5.0,5.0,0,Historical (Pre-2015),Negative,-0.0772,Pre Covid
2381,281,Unknown Lounge,San Francisco Airport,Business Class,Business,0,2009-11-10,United Kingdom,2.0,5.0,4.0,3.0,3.0,3.0,3.0,0,Historical (Pre-2015),Negative,-0.0772,Pre Covid
2382,281,Unknown Lounge,Tokyo Narita Airport,First Class,Unknown,0,2009-09-18,United Kingdom,5.0,5.0,5.0,4.0,3.0,5.0,5.0,0,Historical (Pre-2015),Positive,0.908,Pre Covid
2383,281,Unknown Lounge,Tokyo Narita Airport,First Class,Unknown,0,2009-05-31,United Kingdom,4.0,4.0,4.0,4.0,5.0,4.0,5.0,0,Historical (Pre-2015),Positive,0.9216,Pre Covid
2394,595,Unknown Lounge,Istanbul Airport,Members,Unknown,1,2023-01-20,Pakistan,5.0,4.0,,5.0,5.0,2.0,3.0,1,Modern (2015-Present),Positive,0.9499,After Covid
2395,187,Unknown Lounge,Pointe-à-Pitre Airport,Business Class,Business,1,2019-05-22,Ireland,3.0,3.0,1.0,1.0,,3.0,5.0,1,Modern (2015-Present),Positive,0.8573,Pre Covid
2396,187,Grand class,Paris Orly Airport,Business Class,Business,0,2015-11-16,United Kingdom,2.0,1.0,1.0,1.0,1.0,,1.0,1,Modern (2015-Present),Negative,-0.7819,Pre Covid
2397,291,Rose Lounge,Ho Chi Minh City Airport,Pay to Use,Unknown,1,2019-02-07,Singapore,4.0,4.0,3.0,3.0,,,4.0,0,Modern (2015-Present),Positive,0.9434,Pre Covid
2398,264,Vista Lounge,Rome Fiumicino Airport,Frequent Flyer,Unknown,0,2024-08-17,Qatar,4.0,4.0,4.0,4.0,4.0,4.0,4.0,1,Modern (2015-Present),Positive,0.982,After Covid
2399,264,Piazza del Popollo,Rome Fiumicino Airport,Frequent Flyer,Unknown,1,2023-09-02,Romania,5.0,5.0,4.0,3.0,,,5.0,1,Modern (2015-Present),Positive,0.9088,After Covid
2400,300,KLM Crown Lounge non-Schengen,Amsterdam Schiphol Airport,Business Class,Business,1,2025-06-25,Netherlands,5.0,2.0,3.0,4.0,4.0,5.0,4.0,1,Modern (2015-Present),Positive,0.9757,After Covid
2401,300,Crown Lounge,Amsterdam Schiphol Airport,Business Class,Business,1,2024-02-20,United Kingdom,3.0,5.0,5.0,4.0,4.0,4.0,4.0,1,Modern (2015-Present),Positive,0.4703,After Covid
2402,300,KLM Lounge 26,Amsterdam Schiphol Airport,Frequent Flyer,Unknown,0,2023-11-14,Canada,4.0,3.0,4.0,2.0,4.0,5.0,5.0,1,Modern (2015-Present),Positive,0.9712,After Covid
2403,300,Crown Lounge 25 Schengen,Amsterdam Schiphol Airport,Business Class,Business,1,2023-06-06,Netherlands,1.0,1.0,2.0,1.0,1.0,4.0,1.0,1,Modern (2015-Present),Negative,-0.9741,After Covid
2404,300,Crown Lounge,Amsterdam Schiphol Airport,Business Class,Business,1,2023-05-24,Germany,3.0,4.0,3.0,3.0,3.0,4.0,3.0,1,Modern (2015-Present),Neutral,-0.0225,After Covid
2405,300,KLM Crown Lounge 25,Amsterdam Schiphol Airport,Business Class,Business,1,2023-04-20,Spain,1.0,1.0,1.0,1.0,1.0,4.0,4.0,0,Modern (2015-Present),Negative,-0.9329,After Covid
2406,300,Crown 52,Amsterdam Schiphol Airport,Business Class,Business,1,2022-11-07,Spain,1.0,1.0,1.0,1.0,1.0,4.0,4.0,0,Modern (2015-Present),Negative,-0.8362,After Covid
2407,300,Crown Lounge Schengen,Amsterdam Schiphol Airport,Business Class,Business,1,2022-11-03,Netherlands,4.0,4.0,4.0,2.0,4.0,4.0,4.0,1,Modern (2015-Present),Positive,0.8864,After Covid
2408,300,Crown Lounge,Amsterdam Schiphol Airport,Business Class,Business,0,2022-06-19,Canada,5.0,4.0,5.0,4.0,4.0,5.0,5.0,1,Modern (2015-Present),Positive,0.9743,After Covid
2409,300,Non Schengen Crown Lounge,Amsterdam Schiphol Airport,Business Class,Business,1,2022-05-08,South Africa,5.0,5.0,5.0,5.0,5.0,5.0,5.0,1,Modern (2015-Present),Positive,0.9862,After Covid
2410,300,Amsterdam,Amsterdam Schiphol Airport,Pay to Use,Unknown,1,2021-11-17,Germany,4.0,3.0,4.0,3.0,5.0,5.0,,1,Modern (2015-Present),Positive,0.9325,Covid
2411,300,Lounge 52,Amsterdam Schiphol Airport,Frequent Flyer,Unknown,0,2021-10-18,Vietnam,5.0,5.0,3.0,3.0,4.0,5.0,5.0,1,Modern (2015-Present),Positive,0.5651,Covid
2412,300,Lounge 52,Amsterdam Schiphol Airport,Pay to Use,Unknown,1,2021-01-19,Thailand,5.0,5.0,5.0,5.0,5.0,5.0,5.0,1,Modern (2015-Present),Positive,0.9924,Covid
2413,300,Crown Lounge 52,Amsterdam Schiphol Airport,Business Class,Business,1,2020-02-24,Germany,3.0,4.0,4.0,4.0,2.0,,2.0,1,Modern (2015-Present),Positive,0.7178,Covid
2414,300,Pride Lounge,Nairobi Airport,Business Class,Business,0,2020-01-26,Canada,5.0,4.0,3.0,3.0,5.0,5.0,5.0,1,Modern (2015-Present),Positive,0.8967,Covid
2415,300,Crown Lounge,Amsterdam Schiphol Airport,Business Class,Business,0,2019-12-30,United Kingdom,2.0,3.0,2.0,2.0,1.0,2.0,3.0,0,Modern (2015-Present),Negative,-0.8495,Pre Covid
2416,300,Cartagena Business Class Lounge,Cartagena Rafael Nunez Airport,Pay to Use,Unknown,1,2019-11-11,United Kingdom,1.0,2.0,3.0,1.0,1.0,3.0,2.0,0,Modern (2015-Present),Positive,0.2499,Pre Covid
2417,300,Unknown Lounge,Amsterdam Schiphol Airport,Frequent Flyer,Unknown,0,2019-10-23,Belgium,1.0,2.0,1.0,1.0,3.0,3.0,2.0,0,Modern (2015-Present),Negative,-0.886,Pre Covid
2418,300,Crowne lounge,Amsterdam Schiphol Airport,Members,Unknown,1,2019-03-03,Netherlands,2.0,1.0,1.0,,,4.0,1.0,0,Modern (2015-Present),Positive,0.1425,Pre Covid
2419,300,Hato Airport,Curacao Airport,Business Class,Business,0,2019-02-24,United Kingdom,3.0,3.0,2.0,1.0,,3.0,3.0,1,Modern (2015-Present),Positive,0.0516,Pre Covid
2420,300,Aspire,Amsterdam Schiphol Airport,Members,Unknown,1,2019-02-07,Croatia,4.0,5.0,4.0,5.0,5.0,5.0,5.0,1,Modern (2015-Present),Positive,0.9303,Pre Covid
2421,300,Unknown Lounge,Amsterdam Schiphol Airport,Business Class,Business,1,2019-01-29,United Kingdom,2.0,4.0,3.0,3.0,,,2.0,0,Modern (2015-Present),Positive,0.3612,Pre Covid
2422,300,Crown Lounge,Amsterdam Schiphol Airport,Business Class,Business,1,2018-09-11,Brazil,5.0,5.0,5.0,5.0,5.0,5.0,5.0,1,Modern (2015-Present),Positive,0.9783,Pre Covid
2423,300,Pau Casals,Barcelona Airport,Frequent Flyer,Unknown,1,2018-09-10,Brazil,5.0,5.0,5.0,5.0,,5.0,5.0,1,Modern (2015-Present),Positive,0.9331,Pre Covid
2424,300,Crown Lounge 52,Amsterdam Schiphol Airport,Frequent Flyer,Unknown,1,2018-08-31,Netherlands,5.0,5.0,5.0,5.0,5.0,5.0,5.0,1,Modern (2015-Present),Positive,0.8585,Pre Covid
2425,300,Crown Lounge 52,Amsterdam Schiphol Airport,Business Class,Business,1,2018-07-05,United Kingdom,2.0,3.0,3.0,2.0,2.0,4.0,3.0,0,Modern (2015-Present),Positive,0.1309,Pre Covid
2426,300,Jet Lounge,Vienna Airport,Business Class,Business,1,2018-03-29,Netherlands,3.0,4.0,2.0,1.0,3.0,3.0,3.0,0,Modern (2015-Present),Positive,0.8494,Pre Covid
2427,300,Crown,Amsterdam Schiphol Airport,Business Class,Business,1,2018-03-06,United States,4.0,4.0,5.0,5.0,4.0,4.0,4.0,1,Modern (2015-Present),Positive,0.9081,Pre Covid
2428,300,Erste Premier Lounge,Prague Airport,Business Class,Business,1,2018-03-04,Czech Republic,2.0,3.0,3.0,2.0,3.0,3.0,3.0,1,Modern (2015-Present),Neutral,-0.0127,Pre Covid
2429,300,Al Dhabi,Abu Dhabi Airport,Business Class,Business,0,2017-08-21,Australia,5.0,5.0,4.0,4.0,5.0,5.0,5.0,1,Modern (2015-Present),Negative,-0.4019,Pre Covid
2430,300,DNATA T1,Singapore Changi Airport,Business Class,Business,0,2017-08-08,Singapore,2.0,3.0,1.0,1.0,,3.0,1.0,0,Modern (2015-Present),Negative,-0.2609,Pre Covid
2431,300,Escape lounge,Manchester Airport,Frequent Flyer,Unknown,0,2017-05-25,Netherlands,2.0,2.0,5.0,2.0,,3.0,4.0,0,Modern (2015-Present),Negative,-0.5423,Pre Covid
2432,300,Unknown Lounge,Amsterdam Schiphol Airport,Frequent Flyer,Unknown,0,2017-04-15,France,5.0,4.0,4.0,4.0,4.0,5.0,3.0,1,Modern (2015-Present),Positive,0.9864,Pre Covid
2433,300,Crown Lounge,Amsterdam Schiphol Airport,Business Class,Business,0,2017-02-06,Luxembourg,2.0,3.0,4.0,2.0,2.0,4.0,5.0,1,Modern (2015-Present),Positive,0.5574,Pre Covid
2434,300,Crowne Lounge,Amsterdam Schiphol Airport,Frequent Flyer,Unknown,0,2016-11-19,Italy,5.0,5.0,4.0,4.0,4.0,5.0,5.0,1,Modern (2015-Present),Positive,0.9335,Pre Covid
2435,300,KLM Crown Lounge,Amsterdam Schiphol Airport,Business Class,Business,0,2016-08-26,Japan,4.0,4.0,2.0,1.0,4.0,4.0,3.0,1,Modern (2015-Present),Negative,-0.4572,Pre Covid
2436,300,Premium Lounge,Denpasar Bali Airport,Unknown,Unknown,0,2016-06-25,Singapore,5.0,5.0,5.0,5.0,,4.0,4.0,1,Modern (2015-Present),Positive,0.9489,Pre Covid
2437,300,Club Condor,Buenos Aires Airport,Business Class,Business,0,2016-06-19,United Kingdom,2.0,2.0,1.0,1.0,1.0,4.0,3.0,1,Modern (2015-Present),Positive,0.3415,Pre Covid
2438,300,Unknown Lounge,Amsterdam Schiphol Airport,Business Class,Business,0,2016-06-01,United Kingdom,4.0,4.0,2.0,1.0,1.0,4.0,5.0,1,Modern (2015-Present),Negative,-0.8229,Pre Covid
2439,300,Crown lounge,Amsterdam Schiphol Airport,Business Class,Business,0,2016-02-13,United Kingdom,3.0,3.0,2.0,1.0,1.0,5.0,3.0,0,Modern (2015-Present),Negative,-0.5002,Pre Covid
2440,300,SkyTeam Lounge,London Heathrow Airport,Business Class,Business,0,2016-02-11,Netherlands,4.0,4.0,4.0,4.0,3.0,4.0,4.0,1,Modern (2015-Present),Positive,0.8261,Pre Covid
2441,300,Aspire Lounge,Birmingham Airport,Business Class,Business,0,2015-12-19,United Kingdom,4.0,4.0,4.0,2.0,1.0,,3.0,0,Modern (2015-Present),Neutral,-0.0439,Pre Covid
2442,300,Crown Lounge,Amsterdam Schiphol Airport,Business Class,Business,0,2015-11-10,United Kingdom,2.0,2.0,2.0,1.0,3.0,3.0,2.0,0,Modern (2015-Present),Negative,-0.9454,Pre Covid
2443,300,Crown lounge,Amsterdam Schiphol Airport,Business Class,Business,0,2015-11-09,Netherlands,4.0,4.0,5.0,3.0,3.0,5.0,4.0,1,Modern (2015-Present),Positive,0.9365,Pre Covid
2444,300,Crown Lounge,Dubai Airport,Business Class,Business,0,2015-08-30,Netherlands,4.0,4.0,3.0,1.0,1.0,2.0,4.0,0,Modern (2015-Present),Positive,0.8415,Pre Covid
2445,300,Unknown Lounge,Amsterdam Schiphol Airport,Business Class,Business,0,2015-08-30,Netherlands,4.0,5.0,5.0,4.0,5.0,5.0,5.0,1,Modern (2015-Present),Positive,0.8019,Pre Covid
2446,300,Crown Lounge,Amsterdam Schiphol Airport,Business Class,Business,0,2015-08-12,United Kingdom,4.0,4.0,5.0,3.0,3.0,5.0,3.0,1,Modern (2015-Present),Positive,0.8864,Pre Covid
2447,300,Business Lounge,Curacao Airport,Business Class,Business,0,2015-08-11,United Kingdom,5.0,5.0,3.0,3.0,3.0,5.0,4.0,1,Modern (2015-Present),Positive,0.818,Pre Covid
2448,300,Unknown Lounge,Amsterdam Schiphol Airport,Business Class,Business,0,2015-08-07,Germany,5.0,5.0,5.0,4.0,3.0,5.0,5.0,1,Modern (2015-Present),Positive,0.9867,Pre Covid
2449,300,Crown Lounge,Amsterdam Schiphol Airport,Business Class,Business,0,2015-08-06,Netherlands,1.0,3.0,3.0,3.0,1.0,3.0,1.0,0,Modern (2015-Present),Positive,0.7366,Pre Covid
2450,300,Crown Lounge,Amsterdam Schiphol Airport,Business Class,Business,0,2015-08-06,Colombia,3.0,2.0,1.0,1.0,,1.0,3.0,0,Modern (2015-Present),Negative,-0.9269,Pre Covid
2451,300,Unknown Lounge,Amsterdam Schiphol Airport,Business Class,Business,0,2015-07-20,United States,2.0,2.0,2.0,1.0,1.0,2.0,2.0,0,Modern (2015-Present),Negative,-0.4075,Pre Covid
2452,300,CrownLounge,Amsterdam Schiphol Airport,Business Class,Business,0,2015-07-13,Japan,5.0,5.0,5.0,4.0,5.0,,5.0,1,Modern (2015-Present),Positive,0.8271,Pre Covid
2453,300,Crown Lounge,Amsterdam Schiphol Airport,Business Class,Business,0,2015-01-27,Canada,1.0,2.0,2.0,2.0,1.0,1.0,1.0,0,Modern (2015-Present),Negative,-0.8824,Pre Covid
2454,300,Unknown Lounge,Shanghai Pudong Airport,Business Class,Business,0,2015-01-02,United Kingdom,1.0,1.0,2.0,1.0,1.0,1.0,4.0,0,Modern (2015-Present),Negative,-0.8122,Pre Covid
2455,300,Unknown Lounge,Amsterdam Schiphol Airport,Business Class,Business,0,2015-01-02,United Kingdom,5.0,5.0,4.0,4.0,5.0,5.0,4.0,1,Modern (2015-Present),Positive,0.9196,Pre Covid
2456,300,Crown Lounge,Toronto Pearson Airport,Business Class,Business,0,2014-10-04,Canada,5.0,5.0,5.0,4.0,4.0,5.0,4.0,1,Historical (Pre-2015),Positive,0.7868,Pre Covid
2457,300,Unknown Lounge,Athens Airport,Business Class,Business,0,2014-10-04,Netherlands,3.0,3.0,3.0,1.0,2.0,3.0,3.0,1,Historical (Pre-2015),Negative,-0.5903,Pre Covid
2458,300,KLM/Air France lounge,Houston Hobby Airport,Business Class,Business,0,2014-10-04,United States,4.0,4.0,5.0,5.0,4.0,5.0,4.0,1,Historical (Pre-2015),Positive,0.9861,Pre Covid
2459,300,Unknown Lounge,Toronto Pearson Airport,Business Class,Business,0,2014-03-30,Canada,4.0,5.0,5.0,5.0,4.0,5.0,5.0,1,Historical (Pre-2015),Positive,0.8625,Pre Covid
2460,300,Crown Lounge,Amsterdam Schiphol Airport,Business Class,Business,0,2014-02-20,Netherlands,4.0,4.0,4.0,3.0,4.0,4.0,4.0,1,Historical (Pre-2015),Positive,0.9442,Pre Covid
2461,300,Unknown Lounge,Dammam Port Airport,Business Class,Business,0,2013-12-23,United States,2.0,2.0,1.0,2.0,3.0,1.0,1.0,0,Historical (Pre-2015),Negative,-0.4358,Pre Covid
2462,300,Oman Air Lounge,Muscat Seeb Airport,Business Class,Business,0,2013-11-15,United States,4.0,5.0,5.0,3.0,4.0,4.0,2.0,1,Historical (Pre-2015),Positive,0.738,Pre Covid
2463,300,Unknown Lounge,Aalborg Airport,Business Class,Business,0,2013-10-06,Netherlands,4.0,5.0,2.0,3.0,1.0,5.0,5.0,1,Historical (Pre-2015),Neutral,0.0,Pre Covid
2464,300,Schengen Lounge,Amsterdam Schiphol Airport,Business Class,Business,0,2013-09-15,United Kingdom,1.0,1.0,1.0,1.0,1.0,4.0,1.0,0,Historical (Pre-2015),Negative,-0.7168,Pre Covid
2465,300,Crown Lounge,Amsterdam Schiphol Airport,Business Class,Business,0,2013-09-15,United Kingdom,3.0,4.0,2.0,1.0,3.0,3.0,2.0,0,Historical (Pre-2015),Negative,-0.5849,Pre Covid
2466,300,Unknown Lounge,Dubai Airport,Business Class,Business,0,2013-09-15,United Kingdom,1.0,4.0,2.0,1.0,1.0,3.0,2.0,0,Historical (Pre-2015),Negative,-0.5574,Pre Covid
2467,300,Servisair 41 Lounge,Amsterdam Schiphol Airport,Business Class,Business,0,2013-09-15,Saudi Arabia,1.0,2.0,2.0,1.0,1.0,1.0,2.0,0,Historical (Pre-2015),Negative,-0.9134,Pre Covid
2468,300,KLM BUSINESS CLASS CROWN LOUNGE REVIEW,Amsterdam Schiphol Airport,Business Class,Business,0,2013-07-31,Israel,4.0,4.0,4.0,3.0,4.0,5.0,4.0,1,Historical (Pre-2015),Positive,0.9661,Pre Covid
2469,300,KLM / AIR FRANCE BUSINESS CLASS LOUNGE REVIEW,Sao Paulo Guarulhos Airport,Business Class,Business,0,2013-03-08,Netherlands,2.0,4.0,3.0,3.0,3.0,3.0,4.0,0,Historical (Pre-2015),Negative,-0.3368,Pre Covid
2470,300,Puerta del Sol,Madrid Barajas Airport,Business Class,Business,0,2012-10-29,Denmark,4.0,3.0,4.0,3.0,3.0,1.0,3.0,1,Historical (Pre-2015),Positive,0.4532,Pre Covid
2471,300,Crown Lounge,Amsterdam Schiphol Airport,Business Class,Business,0,2012-09-17,Malaysia,4.0,5.0,4.0,3.0,4.0,5.0,3.0,1,Historical (Pre-2015),Positive,0.7486,Pre Covid
2472,300,Unknown Lounge,Amsterdam Schiphol Airport,Business Class,Business,0,2012-08-05,Kenya,3.0,3.0,3.0,2.0,3.0,4.0,2.0,0,Historical (Pre-2015),Positive,0.5106,Pre Covid
2473,300,Crown Lounge,Amsterdam Schiphol Airport,Business Class,Business,0,2012-05-21,United Kingdom,5.0,5.0,5.0,5.0,5.0,4.0,5.0,1,Historical (Pre-2015),Positive,0.8334,Pre Covid
2474,300,Schengen Lounge,Amsterdam Schiphol Airport,Business Class,Business,0,2012-05-01,United States,4.0,5.0,5.0,4.0,4.0,,5.0,1,Historical (Pre-2015),Positive,0.2475,Pre Covid
2475,300,Oasis Lounge,New York JFK Airport,Business Class,Business,0,2012-05-01,United States,4.0,3.0,4.0,4.0,1.0,,4.0,1,Historical (Pre-2015),Positive,0.7998,Pre Covid
2476,300,Unknown Lounge,Amsterdam Schiphol Airport,Business Class,Business,0,2012-03-28,Japan,3.0,3.0,2.0,2.0,3.0,5.0,3.0,0,Historical (Pre-2015),Positive,0.4813,Pre Covid
2477,300,Crown Lounge,Amsterdam Schiphol Airport,Business Class,Business,0,2012-03-28,Japan,2.0,3.0,3.0,2.0,3.0,4.0,3.0,0,Historical (Pre-2015),Negative,-0.6648,Pre Covid
2478,300,Crown Lounge,Amsterdam Schiphol Airport,Business Class,Business,0,2012-02-28,Netherlands,5.0,5.0,5.0,5.0,4.0,5.0,5.0,1,Historical (Pre-2015),Positive,0.9514,Pre Covid
2479,300,Plaza Prermium,KLIA Kuala Lumpur Airport,Business Class,Business,0,2012-02-07,Australia,3.0,3.0,2.0,2.0,1.0,4.0,3.0,0,Historical (Pre-2015),Negative,-0.2414,Pre Covid
2480,300,Unknown Lounge,Johannesburg Airport,Business Class,Business,0,2011-11-28,Germany,2.0,2.0,3.0,3.0,2.0,2.0,2.0,0,Historical (Pre-2015),Positive,0.7274,Pre Covid
2481,300,Unknown Lounge,Amsterdam Schiphol Airport,Business Class,Business,0,2011-05-01,France,3.0,3.0,1.0,1.0,3.0,3.0,1.0,0,Historical (Pre-2015),Negative,-0.1531,Pre Covid
2482,300,Unknown Lounge,Amsterdam Schiphol Airport,Business Class,Business,0,2011-01-28,Netherlands,4.0,4.0,4.0,4.0,3.0,3.0,4.0,0,Historical (Pre-2015),Positive,0.654,Pre Covid
2483,300,Unknown Lounge,Amsterdam Schiphol Airport,Business Class,Business,0,2010-08-06,United Kingdom,4.0,4.0,4.0,4.0,4.0,4.0,4.0,0,Historical (Pre-2015),Positive,0.81,Pre Covid
2484,300,Crown Lounge,Amsterdam Schiphol Airport,Business Class,Business,0,2010-08-06,United Kingdom,4.0,3.0,2.0,2.0,3.0,4.0,2.0,0,Historical (Pre-2015),Positive,0.9383,Pre Covid
2485,300,Unknown Lounge,Amsterdam Schiphol Airport,Business Class,Business,0,2009-07-30,United Kingdom,3.0,3.0,2.0,3.0,4.0,4.0,1.0,0,Historical (Pre-2015),Positive,0.2363,Pre Covid
2490,173,VIP Lounge,Taipei Airport,Frequent Flyer,Unknown,1,2024-05-10,Vietnam,5.0,5.0,5.0,5.0,5.0,5.0,5.0,1,Modern (2015-Present),Positive,0.9908,After Covid
2491,173,Terminal 2,Taipei Airport,Business Class,Business,1,2023-05-28,Argentina,1.0,3.0,1.0,2.0,1.0,3.0,2.0,1,Modern (2015-Present),Negative,-0.6801,After Covid
2492,173,Unknown Lounge,Taipei Airport,Business Class,Business,1,2019-08-18,Hungary,4.0,5.0,4.0,5.0,5.0,5.0,5.0,1,Modern (2015-Present),Positive,0.9883,Pre Covid
2493,173,Dynasty,Taipei Airport,Business Class,Business,1,2018-07-06,United Kingdom,3.0,3.0,2.0,3.0,2.0,4.0,3.0,0,Modern (2015-Present),Negative,-0.8677,Pre Covid
2494,173,Unknown Lounge,Tokyo Narita Airport,Business Class,Business,0,2017-03-29,Hong Kong,4.0,4.0,4.0,3.0,4.0,4.0,4.0,1,Modern (2015-Present),Positive,0.9455,Pre Covid
2495,173,Unknown Lounge,Taipei Airport,Business Class,Business,0,2017-03-05,United Kingdom,5.0,5.0,3.0,5.0,4.0,5.0,5.0,1,Modern (2015-Present),Positive,0.8126,Pre Covid
2496,173,Terminal 1,Taipei Airport,Business Class,Business,0,2016-09-25,Spain,5.0,5.0,5.0,5.0,5.0,5.0,5.0,1,Modern (2015-Present),Positive,0.9781,Pre Covid
2497,173,Dynasty Lounge,Honolulu Airport,Business Class,Business,0,2016-09-15,Japan,1.0,2.0,2.0,2.0,,1.0,2.0,0,Modern (2015-Present),Negative,-0.9109,Pre Covid
2498,173,Ryurin Lounge,Okinawa Naha Airport,Business Class,Business,0,2016-09-06,Taiwan,1.0,3.0,3.0,1.0,3.0,4.0,2.0,0,Modern (2015-Present),Negative,-0.6179,Pre Covid
2499,173,Terminal 2 4D,Taipei Airport,Business Class,Business,0,2016-06-11,United States,1.0,2.0,2.0,1.0,1.0,4.0,,0,Modern (2015-Present),Negative,-0.8499,Pre Covid
2500,173,Dynasty,Taipei Airport,Business Class,Business,0,2016-04-21,Australia,2.0,1.0,2.0,1.0,2.0,3.0,2.0,0,Modern (2015-Present),Negative,-0.6087,Pre Covid
2501,173,Dynasty lounge,Taipei Airport,Business Class,Business,0,2016-04-18,Hong Kong,4.0,4.0,4.0,4.0,4.0,5.0,4.0,1,Modern (2015-Present),Positive,0.9442,Pre Covid
2502,173,Emperor Lounge,Auckland Airport,Business Class,Business,0,2016-03-30,Australia,4.0,2.0,3.0,4.0,3.0,3.0,1.0,1,Modern (2015-Present),Positive,0.6701,Pre Covid
2503,173,Dynasty Lounge,San Francisco Airport,Business Class,Business,0,2015-10-09,Thailand,2.0,4.0,2.0,1.0,1.0,3.0,3.0,0,Modern (2015-Present),Negative,-0.8834,Pre Covid
2504,173,Dynasty Lounge,Taipei Airport,Business Class,Business,0,2015-07-27,Taiwan,5.0,5.0,5.0,5.0,4.0,4.0,5.0,1,Modern (2015-Present),Positive,0.9393,Pre Covid
2505,173,Dynasty Lounge,Hong Kong Airport,Business Class,Business,0,2013-11-22,United States,2.0,4.0,3.0,1.0,1.0,5.0,3.0,0,Historical (Pre-2015),Negative,-0.8718,Pre Covid
2506,173,Dynasty Lounge,Unknown,Business Class,Business,0,2013-11-22,United States,3.0,5.0,4.0,3.0,,5.0,4.0,1,Historical (Pre-2015),Positive,0.705,Pre Covid
2507,173,Dynasty Lounge,Unknown,Business Class,Business,0,2013-09-27,Japan,4.0,4.0,4.0,4.0,5.0,4.0,4.0,1,Historical (Pre-2015),Positive,0.918,Pre Covid
2508,173,Dynasty Lounge,Bangkok Suvarnabhumi Airport,Business Class,Business,0,2012-02-27,Japan,5.0,5.0,5.0,5.0,1.0,4.0,5.0,1,Historical (Pre-2015),Negative,-0.8954,Pre Covid
2509,173,Dynasty Lounge,Tokyo Narita Airport,Business Class,Business,0,2012-02-27,Japan,4.0,5.0,4.0,4.0,4.0,4.0,4.0,1,Historical (Pre-2015),Negative,-0.845,Pre Covid
2510,173,Dynasty Lounge,San Francisco Airport,Business Class,Business,0,2011-06-30,United States,2.0,3.0,2.0,2.0,3.0,2.0,2.0,0,Historical (Pre-2015),Negative,-0.9505,Pre Covid
2513,311,Unknown Lounge,Lima Airport,Business Class,Business,0,2016-06-19,Argentina,2.0,2.0,2.0,2.0,2.0,4.0,3.0,1,Modern (2015-Present),Negative,-0.6429,Pre Covid
2514,311,VIP,Lima Airport,Business Class,Business,0,2016-05-15,Hong Kong,2.0,1.0,1.0,1.0,2.0,2.0,3.0,1,Modern (2015-Present),Positive,0.8688,Pre Covid
2515,311,Unknown Lounge,Bogota Airport,Business Class,Business,0,2016-01-05,Spain,4.0,4.0,5.0,3.0,3.0,5.0,5.0,1,Modern (2015-Present),Positive,0.8248,Pre Covid
2516,311,Salon VIP,Santiago De Chile Airport,Business Class,Business,0,2016-01-02,Australia,3.0,5.0,2.0,1.0,,5.0,1.0,1,Modern (2015-Present),Positive,0.9586,Pre Covid
2517,311,Unknown Lounge,Santiago De Chile Airport,Business Class,Business,0,2015-12-20,Brazil,5.0,5.0,4.0,4.0,5.0,5.0,5.0,1,Modern (2015-Present),Positive,0.9585,Pre Covid
2518,311,LATAM Lounge,Santiago De Chile Airport,Business Class,Business,0,2015-11-25,Chile,5.0,4.0,5.0,3.0,5.0,5.0,4.0,1,Modern (2015-Present),Positive,0.9872,Pre Covid
2519,311,LATAM Lounge,Santiago De Chile Airport,Business Class,Business,0,2015-10-21,Costa Rica,4.0,4.0,5.0,3.0,4.0,4.0,4.0,1,Modern (2015-Present),Positive,0.9826,Pre Covid
2520,311,Unknown Lounge,Santiago De Chile Airport,Frequent Flyer,Unknown,0,2015-08-14,United Kingdom,4.0,4.0,4.0,4.0,5.0,5.0,5.0,1,Modern (2015-Present),Positive,0.9297,Pre Covid
2521,311,LAN Sala VIP,Bogota Airport,Business Class,Business,0,2015-08-06,Colombia,1.0,3.0,2.0,2.0,4.0,4.0,4.0,0,Modern (2015-Present),Positive,0.6408,Pre Covid
2522,311,Business Class,Santiago De Chile Airport,Business Class,Business,0,2014-04-14,Argentina,4.0,4.0,2.0,2.0,5.0,5.0,5.0,1,Historical (Pre-2015),Positive,0.6808,Pre Covid
2523,311,Business Class,Buenos Aires Airport,Business Class,Business,0,2014-03-30,Argentina,5.0,5.0,5.0,5.0,5.0,5.0,5.0,1,Historical (Pre-2015),Positive,0.8934,Pre Covid
2524,311,Unknown Lounge,Guayaquil Airport,Business Class,Business,0,2012-11-07,United Kingdom,3.0,4.0,2.0,1.0,1.0,4.0,4.0,0,Historical (Pre-2015),Negative,-0.2809,Pre Covid
2525,298,Star Alliance,Shanghai Pudong Airport,Frequent Flyer,Unknown,1,2019-02-08,Thailand,3.0,2.0,1.0,1.0,4.0,1.0,1.0,0,Modern (2015-Present),Negative,-0.2016,Pre Covid
2526,286,Aspire,Newcastle Airport,Unknown,Unknown,0,2015-07-27,United Kingdom,4.0,4.0,2.0,4.0,3.0,2.0,5.0,1,Modern (2015-Present),Positive,0.797,Pre Covid
2527,314,Unknown Lounge,Santiago De Chile Airport,Business Class,Business,1,2023-03-21,Australia,5.0,5.0,5.0,5.0,5.0,5.0,5.0,1,Modern (2015-Present),Positive,0.8491,After Covid
2528,314,Unknown Lounge,Lima Airport,Business Class,Business,1,2020-01-04,Mexico,4.0,5.0,5.0,4.0,5.0,5.0,5.0,1,Modern (2015-Present),Positive,0.4939,Covid
2529,314,LATAM lounge,Santiago De Chile Airport,Business Class,Business,0,2019-07-23,Australia,3.0,2.0,3.0,1.0,2.0,2.0,1.0,0,Modern (2015-Present),Negative,-0.8902,Pre Covid
2530,314,VIP Lounge,Santiago De Chile Airport,Business Class,Business,1,2019-06-05,Chile,1.0,1.0,1.0,1.0,1.0,2.0,1.0,0,Modern (2015-Present),Negative,-0.9032,Pre Covid
2531,314,Unknown Lounge,Sao Paulo Guarulhos Airport,Business Class,Business,1,2019-03-28,Belgium,5.0,5.0,5.0,5.0,5.0,5.0,5.0,1,Modern (2015-Present),Positive,0.9741,Pre Covid
2532,314,Unknown Lounge,Santiago De Chile Airport,Frequent Flyer,Unknown,1,2018-04-24,Paraguay,5.0,5.0,5.0,5.0,,5.0,5.0,1,Modern (2015-Present),Positive,0.9334,Pre Covid
2533,314,VIP Lounge,Santiago De Chile Airport,Business Class,Business,1,2018-01-13,Australia,5.0,5.0,4.0,4.0,5.0,5.0,5.0,1,Modern (2015-Present),Positive,0.9891,Pre Covid
2534,314,Unknown Lounge,Miami Airport,First Class,Unknown,0,2017-06-24,United States,1.0,1.0,2.0,2.0,1.0,1.0,2.0,1,Modern (2015-Present),Positive,0.4497,Pre Covid
2535,314,VIP Lounge,Sao Paulo Guarulhos Airport,Business Class,Business,0,2016-10-08,United Kingdom,4.0,5.0,4.0,4.0,5.0,5.0,4.0,1,Modern (2015-Present),Positive,0.9412,Pre Covid
2536,323,Unknown Lounge,Phnom Penh Airport,Business Class,Business,0,2015-10-23,United Kingdom,5.0,5.0,2.0,1.0,,,2.0,1,Modern (2015-Present),Positive,0.8928,Pre Covid
2537,251,The Pearl Lounge,Bahrain Airport,Pay to Use,Unknown,1,2022-08-04,Bahrain,5.0,5.0,5.0,5.0,5.0,,5.0,1,Modern (2015-Present),Positive,0.9849,After Covid
2538,251,Falcon Gold Lounge,Bahrain Airport,Business Class,Business,1,2020-03-29,United Kingdom,4.0,5.0,3.0,3.0,3.0,4.0,4.0,1,Modern (2015-Present),Positive,0.9364,Covid
2539,251,Falcon Gold Lounge,London Heathrow Airport,Business Class,Business,1,2020-03-29,United Kingdom,4.0,5.0,3.0,3.0,4.0,2.0,3.0,1,Modern (2015-Present),Positive,0.9727,Covid
2540,251,Bird Lounge,Calicut Intl Airport,Business Class,Business,1,2019-06-21,Saudi Arabia,3.0,4.0,,3.0,,4.0,4.0,0,Modern (2015-Present),Positive,0.9323,Pre Covid
2541,251,Falcon Gold Lounge,Bahrain Airport,Business Class,Business,1,2019-06-19,Saudi Arabia,4.0,4.0,4.0,4.0,4.0,4.0,4.0,0,Modern (2015-Present),Positive,0.9671,Pre Covid
2542,251,Miracle Lounge,Bangkok Suvarnabhumi Airport,Business Class,Business,1,2018-04-10,United Kingdom,4.0,2.0,3.0,3.0,1.0,3.0,1.0,1,Modern (2015-Present),Positive,0.9562,Pre Covid
2543,251,Falcon Gold,Bahrain Airport,Business Class,Business,1,2018-04-10,United Kingdom,4.0,5.0,2.0,2.0,4.0,4.0,5.0,1,Modern (2015-Present),Positive,0.9123,Pre Covid
2544,251,Golden Falcon Lounge,London Heathrow Airport,Business Class,Business,1,2018-04-07,United Kingdom,5.0,5.0,3.0,2.0,3.0,5.0,4.0,1,Modern (2015-Present),Positive,0.9739,Pre Covid
2545,251,Falcon Gold Lounge,Bahrain Airport,Frequent Flyer,Unknown,0,2017-07-08,Bahrain,3.0,5.0,3.0,4.0,4.0,3.0,4.0,1,Modern (2015-Present),Positive,0.7506,Pre Covid
2546,251,Golden Falcon Lounge,London Heathrow Airport,Business Class,Business,0,2016-07-24,Bahrain,5.0,5.0,5.0,5.0,5.0,5.0,5.0,1,Modern (2015-Present),Positive,0.9381,Pre Covid
2547,251,Golden Falcon Lounge,Bahrain Airport,Business Class,Business,0,2016-07-24,United Kingdom,4.0,5.0,5.0,3.0,4.0,5.0,5.0,1,Modern (2015-Present),Neutral,0.0,Pre Covid
2548,251,Unknown Lounge,Bahrain Airport,Business Class,Business,0,2016-03-13,Australia,4.0,5.0,4.0,3.0,5.0,4.0,5.0,1,Modern (2015-Present),Positive,0.957,Pre Covid
2549,251,Dilmun Lounge,Bahrain Airport,Business Class,Business,0,2014-10-22,Oman,3.0,4.0,3.0,3.0,4.0,2.0,3.0,1,Historical (Pre-2015),Negative,-0.9367,Pre Covid
2550,251,Unknown Lounge,London Heathrow Airport,Business Class,Business,0,2014-10-04,United Kingdom,4.0,4.0,3.0,1.0,4.0,4.0,4.0,0,Historical (Pre-2015),Positive,0.3036,Pre Covid
2551,251,Unknown Lounge,London Heathrow Airport,Business Class,Business,0,2014-10-04,United Kingdom,5.0,5.0,5.0,4.0,5.0,5.0,4.0,1,Historical (Pre-2015),Positive,0.948,Pre Covid
2552,251,Unknown Lounge,London Heathrow Airport,Business Class,Business,0,2014-01-29,United Kingdom,4.0,4.0,5.0,4.0,5.0,4.0,4.0,1,Historical (Pre-2015),Positive,0.7717,Pre Covid
2553,251,Unknown Lounge,Bahrain Airport,Business Class,Business,0,2013-02-13,Australia,5.0,4.0,4.0,4.0,4.0,5.0,4.0,1,Historical (Pre-2015),Positive,0.7506,Pre Covid
2554,251,Unknown Lounge,London Heathrow Airport,Business Class,Business,0,2013-01-03,Australia,5.0,5.0,5.0,4.0,4.0,5.0,5.0,1,Historical (Pre-2015),Positive,0.9174,Pre Covid
2555,251,Unknown Lounge,Bahrain Airport,Business Class,Business,0,2012-12-25,Saudi Arabia,5.0,5.0,4.0,5.0,5.0,5.0,4.0,1,Historical (Pre-2015),Positive,0.9828,Pre Covid
2556,251,Unknown Lounge,Bahrain Airport,Business Class,Business,0,2012-09-27,United Arab Emirates,5.0,5.0,5.0,5.0,5.0,4.0,5.0,1,Historical (Pre-2015),Positive,0.9571,Pre Covid
2557,251,Clipper Lounge,Mumbai Airport,Business Class,Business,0,2012-07-25,Saudi Arabia,3.0,3.0,1.0,1.0,3.0,1.0,4.0,0,Historical (Pre-2015),Positive,0.9678,Pre Covid
2558,251,Unknown Lounge,Bahrain Airport,Business Class,Business,0,2012-01-28,United Kingdom,5.0,5.0,5.0,4.0,5.0,5.0,5.0,1,Historical (Pre-2015),Positive,0.7755,Pre Covid
2559,251,Unknown Lounge,London Heathrow Airport,First Class,Unknown,0,2012-01-24,United Kingdom,4.0,4.0,5.0,5.0,5.0,4.0,4.0,1,Historical (Pre-2015),Positive,0.9697,Pre Covid
2560,251,Unknown Lounge,Bahrain Airport,Business Class,Business,0,2010-06-30,United Kingdom,4.0,4.0,4.0,4.0,5.0,5.0,4.0,0,Historical (Pre-2015),Positive,0.8442,Pre Covid
2565,307,Elite East,Seoul Incheon Airport,Business Class,Business,1,2025-10-20,South Korea,5.0,5.0,5.0,4.0,5.0,5.0,5.0,1,Modern (2015-Present),Positive,0.765,After Covid
2566,307,Sky lounge,Seoul Gimpo Airport,Business Class,Business,1,2024-10-07,South Korea,3.0,4.0,3.0,4.0,4.0,5.0,5.0,1,Modern (2015-Present),Positive,0.611,After Covid
2567,307,KAL Lounge,Seoul Incheon Airport,Business Class,Business,1,2024-09-09,Vietnam,5.0,5.0,4.0,5.0,4.0,4.0,4.0,1,Modern (2015-Present),Positive,0.9817,After Covid
2568,307,Royal Lounge,Sapporo Chitose Airport,Frequent Flyer,Unknown,1,2024-05-06,Vietnam,5.0,5.0,5.0,5.0,5.0,5.0,5.0,1,Modern (2015-Present),Positive,0.979,After Covid
2569,307,North Lounge,Seoul Gimpo Airport,Business Class,Business,1,2024-05-05,Vietnam,4.0,5.0,3.0,3.0,3.0,5.0,5.0,1,Modern (2015-Present),Positive,0.7966,After Covid
2570,307,North Lounge,Seoul Gimpo Airport,Business Class,Business,1,2024-05-05,Vietnam,4.0,5.0,3.0,3.0,3.0,5.0,5.0,1,Modern (2015-Present),Positive,0.7966,After Covid
2571,307,Unknown Lounge,Seoul Incheon Airport,Frequent Flyer,Unknown,1,2019-08-28,Canada,3.0,5.0,4.0,4.0,5.0,4.0,4.0,1,Modern (2015-Present),Positive,0.8782,Pre Covid
2572,307,Prestige Lounge,Seoul Incheon Airport,Business Class,Business,1,2017-12-09,United States,3.0,5.0,3.0,1.0,4.0,4.0,5.0,1,Modern (2015-Present),Positive,0.8122,Pre Covid
2573,307,Korean Air,Los Angeles LAX Airport,Business Class,Business,0,2017-10-23,Thailand,2.0,2.0,3.0,2.0,4.0,4.0,3.0,0,Modern (2015-Present),Negative,-0.9272,Pre Covid
2574,307,Prestige Class,Seoul Incheon Airport,Business Class,Business,0,2017-02-16,United States,3.0,3.0,1.0,1.0,3.0,3.0,4.0,1,Modern (2015-Present),Positive,0.204,Pre Covid
2575,307,Unknown Lounge,Incheon Airport,Business Class,Business,0,2017-01-13,Australia,3.0,4.0,3.0,3.0,4.0,5.0,4.0,1,Modern (2015-Present),Positive,0.8047,Pre Covid
2576,307,Unknown Lounge,Seoul Incheon Airport,Business Class,Business,0,2016-10-21,Australia,1.0,2.0,1.0,1.0,3.0,5.0,1.0,1,Modern (2015-Present),Positive,0.1002,Pre Covid
2577,307,Unknown Lounge,Los Angeles LAX Airport,Business Class,Business,0,2016-03-14,Australia,3.0,1.0,2.0,2.0,4.0,4.0,1.0,0,Modern (2015-Present),Positive,0.5475,Pre Covid
2578,307,Unknown Lounge,Seoul Incheon Airport,Business Class,Business,0,2016-02-15,United Kingdom,4.0,4.0,3.0,3.0,4.0,4.0,4.0,1,Modern (2015-Present),Positive,0.7264,Pre Covid
2579,307,Skyteam,Unknown,Business Class,Business,0,2016-01-17,United Kingdom,3.0,3.0,2.0,1.0,4.0,4.0,3.0,1,Modern (2015-Present),Positive,0.6757,Pre Covid
2580,307,Unknown Lounge,Los Angeles LAX Airport,Business Class,Business,0,2015-12-20,United Kingdom,3.0,2.0,1.0,1.0,2.0,4.0,1.0,0,Modern (2015-Present),Negative,-0.4767,Pre Covid
2581,307,CIP Siem Reap,Siem Reap Airport,Business Class,Business,0,2015-10-21,South Korea,3.0,3.0,3.0,1.0,2.0,2.0,3.0,1,Modern (2015-Present),Positive,0.4337,Pre Covid
2582,307,Unknown Lounge,Incheon Airport,Business Class,Business,0,2015-10-21,South Korea,2.0,2.0,1.0,1.0,4.0,4.0,3.0,0,Modern (2015-Present),Positive,0.9345,Pre Covid
2583,307,Unknown Lounge,Seoul Incheon Airport,Business Class,Business,0,2015-08-20,Australia,1.0,1.0,1.0,1.0,2.0,1.0,1.0,0,Modern (2015-Present),Negative,-0.5859,Pre Covid
2584,307,Unknown Lounge,New York JFK Airport,Business Class,Business,0,2015-07-05,United States,2.0,4.0,2.0,1.0,3.0,,1.0,0,Modern (2015-Present),Negative,-0.3818,Pre Covid
2585,307,Unknown Lounge,Seoul Incheon Airport,Business Class,Business,0,2015-05-10,France,3.0,1.0,1.0,1.0,2.0,4.0,3.0,0,Modern (2015-Present),Negative,-0.4201,Pre Covid
2586,307,Unknown Lounge,Seoul Incheon Airport,Business Class,Business,0,2014-12-28,United Kingdom,3.0,3.0,1.0,1.0,4.0,3.0,2.0,0,Historical (Pre-2015),Positive,0.9518,Pre Covid
2587,307,Unknown Lounge,Seoul Incheon Airport,Business Class,Business,0,2014-11-19,United States,3.0,3.0,3.0,2.0,4.0,4.0,3.0,1,Historical (Pre-2015),Positive,0.743,Pre Covid
2588,307,Unknown Lounge,New York JFK Airport,Business Class,Business,0,2014-10-04,United States,2.0,2.0,1.0,1.0,1.0,5.0,1.0,0,Historical (Pre-2015),Negative,-0.8479,Pre Covid
2589,307,Unknown Lounge,Incheon Airport,Business Class,Business,0,2014-04-14,United States,1.0,1.0,1.0,1.0,1.0,1.0,1.0,0,Historical (Pre-2015),Negative,-0.1965,Pre Covid
2590,307,Unknown Lounge,Incheon Airport,Business Class,Business,0,2013-07-31,Switzerland,2.0,4.0,2.0,2.0,4.0,3.0,2.0,0,Historical (Pre-2015),Negative,-0.4389,Pre Covid
2591,307,Unknown Lounge,Incheon Airport,Business Class,Business,0,2013-05-29,United States,4.0,5.0,4.0,5.0,4.0,5.0,4.0,1,Historical (Pre-2015),Positive,0.9602,Pre Covid
2592,307,Unknown Lounge,Incheon Airport,Business Class,Business,0,2013-01-15,South Korea,4.0,5.0,5.0,4.0,4.0,5.0,5.0,1,Historical (Pre-2015),Negative,-0.9443,Pre Covid
2593,307,Unknown Lounge,Hong Kong Airport,Business Class,Business,0,2012-12-23,Hong Kong,2.0,3.0,2.0,2.0,3.0,4.0,3.0,0,Historical (Pre-2015),Negative,-0.5363,Pre Covid
2594,307,KOREAN AIR BUSINESS CLASS LOUNGE REVIEW,Incheon Airport,Business Class,Business,0,2012-06-18,Australia,2.0,2.0,3.0,2.0,4.0,4.0,3.0,0,Historical (Pre-2015),Positive,0.6212,Pre Covid
2595,307,Unknown Lounge,New York JFK Airport,Business Class,Business,0,2012-06-18,Australia,2.0,3.0,2.0,1.0,4.0,4.0,3.0,0,Historical (Pre-2015),Negative,-0.1531,Pre Covid
2596,307,Unknown Lounge,Incheon Airport,Business Class,Business,0,2012-05-02,Hong Kong,1.0,1.0,1.0,1.0,4.0,3.0,3.0,0,Historical (Pre-2015),Negative,-0.9666,Pre Covid
2597,307,Unknown Lounge,Seoul Incheon Airport,Business Class,Business,0,2011-07-31,South Korea,5.0,5.0,4.0,4.0,5.0,5.0,4.0,0,Historical (Pre-2015),Positive,0.9716,Pre Covid
2598,307,Unknown Lounge,Tokyo Narita Airport,Business Class,Business,0,2009-07-30,United Kingdom,3.0,3.0,3.0,,4.0,,1.0,0,Historical (Pre-2015),Negative,-0.8599,Pre Covid
2599,307,Unknown Lounge,Unknown,Business Class,Business,0,2009-07-30,United Kingdom,4.0,4.0,3.0,,4.0,,5.0,0,Historical (Pre-2015),Positive,0.9299,Pre Covid
2607,305,Pride Lounge,Nairobi Airport,Frequent Flyer,Unknown,1,2025-12-06,Rwanda,5.0,4.0,4.0,4.0,4.0,5.0,4.0,1,Modern (2015-Present),Positive,0.8625,After Covid
2608,305,Pride lounge,Nairobi Airport,Business Class,Business,1,2024-06-09,India,1.0,3.0,1.0,1.0,2.0,,1.0,0,Modern (2015-Present),Positive,0.5106,After Covid
2609,305,Unknown Lounge,Nairobi Airport,Business Class,Business,1,2024-04-15,Portugal,3.0,2.0,4.0,2.0,3.0,4.0,3.0,0,Modern (2015-Present),Positive,0.8402,After Covid
2610,305,Pearl Lounge,Kigali Airport,Frequent Flyer,Unknown,1,2023-11-23,Denmark,3.0,4.0,2.0,4.0,2.0,3.0,3.0,1,Modern (2015-Present),Neutral,-0.0387,After Covid
2611,305,The Lounge,Harare Airport,Business Class,Business,1,2023-10-05,United Kingdom,2.0,3.0,2.0,1.0,,3.0,2.0,0,Modern (2015-Present),Positive,0.4601,After Covid
2612,305,Unknown Lounge,Mombasa Airport,Business Class,Business,1,2021-03-28,United Kingdom,2.0,3.0,1.0,1.0,,2.0,3.0,0,Modern (2015-Present),Positive,0.6369,Covid
2613,305,Bidwest Lounge,Johannesburg Airport,Frequent Flyer,Unknown,1,2020-05-14,Vietnam,4.0,5.0,4.0,5.0,5.0,5.0,5.0,1,Modern (2015-Present),Positive,0.967,Covid
2614,305,Bidwest Lounge,Johannesburg Airport,Business Class,Business,1,2020-03-19,Vietnam,5.0,5.0,5.0,5.0,5.0,5.0,5.0,1,Modern (2015-Present),Positive,0.9775,Covid
2615,305,Bidwest Lounge,Johannesburg Airport,Pay to Use,Unknown,1,2020-02-09,Vietnam,5.0,5.0,5.0,5.0,5.0,5.0,5.0,1,Modern (2015-Present),Positive,0.967,Covid
2616,305,Unknown Lounge,Nairobi Airport,Business Class,Business,1,2019-11-02,Thailand,3.0,4.0,3.0,3.0,3.0,4.0,5.0,1,Modern (2015-Present),Positive,0.4159,Pre Covid
2617,305,Pride Lounge,Nairobi Airport,Business Class,Business,1,2019-05-18,Vietnam,5.0,4.0,4.0,4.0,4.0,5.0,5.0,1,Modern (2015-Present),Positive,0.9001,Pre Covid
2618,305,Amedee Maingard,Mauritius Airport,Pay to Use,Unknown,1,2018-11-05,Mauritius,4.0,4.0,3.0,1.0,,5.0,2.0,1,Modern (2015-Present),Negative,-0.9717,Pre Covid
2619,305,Pride Lounge,Nairobi Airport,Business Class,Business,0,2017-04-16,United Kingdom,5.0,5.0,4.0,3.0,5.0,5.0,4.0,1,Modern (2015-Present),Positive,0.9155,Pre Covid
2620,305,Msafiri Lounge,Nairobi Airport,Frequent Flyer,Unknown,0,2017-02-11,Kenya,4.0,4.0,4.0,3.0,4.0,4.0,4.0,1,Modern (2015-Present),Positive,0.9077,Pre Covid
2621,305,Pride Lounge,Nairobi Airport,Business Class,Business,0,2016-09-23,Thailand,3.0,5.0,2.0,2.0,,4.0,4.0,1,Modern (2015-Present),Positive,0.6597,Pre Covid
2622,305,Pride Lounge,Nairobi Airport,Business Class,Business,0,2016-04-16,Thailand,4.0,4.0,3.0,4.0,5.0,4.0,4.0,1,Modern (2015-Present),Positive,0.9423,Pre Covid
2623,305,Unknown Lounge,Nairobi Airport,Business Class,Business,0,2015-02-01,United States,5.0,4.0,5.0,5.0,5.0,5.0,5.0,1,Modern (2015-Present),Positive,0.9476,Pre Covid
2624,322,Le Saigonnesse,Ho Chi Minh City Airport,Business Class,Business,1,2023-05-14,Vietnam,1.0,2.0,1.0,1.0,4.0,2.0,1.0,0,Modern (2015-Present),Positive,0.9555,After Covid
2625,317,Polonez,Warsaw Chopin Airport,Members,Unknown,1,2024-04-25,Poland,3.0,4.0,4.0,3.0,3.0,4.0,3.0,1,Modern (2015-Present),Positive,0.4019,After Covid
2626,317,Business,Warsaw Chopin Airport,Business Class,Business,1,2019-11-30,United States,3.0,2.0,2.0,2.0,1.0,4.0,2.0,0,Modern (2015-Present),Positive,0.3818,Pre Covid
2627,317,Polonez,Warsaw Chopin Airport,Business Class,Business,1,2019-10-16,Netherlands,4.0,5.0,4.0,4.0,4.0,4.0,4.0,1,Modern (2015-Present),Positive,0.9921,Pre Covid
2628,317,Unknown Lounge,Warsaw Chopin Airport,Business Class,Business,0,2019-09-22,Canada,2.0,1.0,2.0,1.0,2.0,3.0,2.0,1,Modern (2015-Present),Positive,0.6435,Pre Covid
2629,317,Mazurka Business Lounge,Warsaw Chopin Airport,Business Class,Business,1,2019-09-11,United Kingdom,2.0,4.0,3.0,3.0,3.0,3.0,2.0,0,Modern (2015-Present),Negative,-0.0857,Pre Covid
2630,317,Polonez,Warsaw Chopin Airport,Business Class,Business,1,2019-08-15,France,2.0,2.0,2.0,3.0,3.0,4.0,1.0,0,Modern (2015-Present),Neutral,-0.0232,Pre Covid
2631,317,Bolero,Warsaw Chopin Airport,Members,Unknown,1,2019-07-20,Croatia,3.0,4.0,4.0,4.0,,4.0,4.0,1,Modern (2015-Present),Positive,0.3796,Pre Covid
2632,317,Unknown Lounge,Warsaw Chopin Airport,Frequent Flyer,Unknown,1,2019-03-11,United Kingdom,5.0,5.0,5.0,4.0,3.0,2.0,5.0,1,Modern (2015-Present),Positive,0.9606,Pre Covid
2633,317,Tallinn Airport Business Lounge,Tallin Airport,Frequent Flyer,Unknown,1,2019-01-11,Poland,5.0,5.0,4.0,4.0,4.0,5.0,5.0,1,Modern (2015-Present),Positive,0.9471,Pre Covid
2634,317,Polonez - HON Lounge,Warsaw Chopin Airport,Frequent Flyer,Unknown,1,2018-05-17,Germany,4.0,3.0,4.0,4.0,4.0,4.0,3.0,1,Modern (2015-Present),Positive,0.9627,Pre Covid
2635,317,Polonez Elite Lounge,Warsaw Chopin Airport,Members,Unknown,1,2018-03-16,Poland,5.0,5.0,5.0,5.0,,,5.0,1,Modern (2015-Present),Positive,0.8363,Pre Covid
2636,317,Unknown Lounge,Warsaw Chopin Airport,Frequent Flyer,Unknown,0,2017-10-30,China,4.0,5.0,4.0,3.0,,5.0,4.0,1,Modern (2015-Present),Positive,0.6861,Pre Covid
2637,317,Elite,Warsaw Chopin Airport,Business Class,Business,0,2017-06-10,Portugal,5.0,4.0,4.0,4.0,,1.0,4.0,1,Modern (2015-Present),Positive,0.9674,Pre Covid
2638,317,Unknown Lounge,Warsaw Chopin Airport,Business Class,Business,0,2017-01-08,Poland,5.0,5.0,5.0,5.0,5.0,5.0,5.0,1,Modern (2015-Present),Positive,0.9413,Pre Covid
2639,317,Unknown Lounge,Warsaw Chopin Airport,Business Class,Business,0,2016-02-08,United Kingdom,3.0,4.0,4.0,4.0,4.0,3.0,4.0,1,Modern (2015-Present),Positive,0.8225,Pre Covid
2640,317,Unknown Lounge,New York JFK Airport,Business Class,Business,0,2014-04-30,Poland,1.0,1.0,1.0,1.0,1.0,1.0,3.0,0,Historical (Pre-2015),Negative,-0.9001,Pre Covid
2641,317,Unknown Lounge,Warsaw Chopin Airport,Business Class,Business,0,2011-10-21,United States,4.0,4.0,4.0,3.0,3.0,4.0,4.0,0,Historical (Pre-2015),Positive,0.9389,Pre Covid
2642,317,Unknown Lounge,Warsaw Chopin Airport,Business Class,Business,0,2011-09-13,Unknown,3.0,4.0,2.0,1.0,3.0,4.0,3.0,0,Historical (Pre-2015),Negative,-0.4588,Pre Covid
2643,317,Unknown Lounge,Warsaw Chopin Airport,Business Class,Business,0,2010-08-28,United Kingdom,3.0,3.0,4.0,3.0,3.0,4.0,4.0,0,Historical (Pre-2015),Positive,0.8834,Pre Covid
2645,339,Unknown Lounge,Tehran Imam Khomeini,Business Class,Business,1,2019-01-02,China,5.0,5.0,5.0,5.0,5.0,5.0,5.0,1,Modern (2015-Present),Positive,0.9616,Pre Covid
2646,339,Marhaba Lounge,Dubai Airport,Business Class,Business,1,2018-08-31,Iran,5.0,5.0,4.0,4.0,3.0,5.0,5.0,1,Modern (2015-Present),Positive,0.875,Pre Covid
2647,332,The Lounge,Luxembourg Airport,Business Class,Business,1,2019-08-04,United Kingdom,5.0,5.0,4.0,3.0,4.0,,4.0,1,Modern (2015-Present),Positive,0.8956,Pre Covid
2648,332,Unknown Lounge,Luxembourg Airport,Business Class,Business,0,2011-11-28,Luxembourg,5.0,5.0,5.0,4.0,,4.0,4.0,1,Historical (Pre-2015),Positive,0.9336,Pre Covid
2649,316,Barbados Executive Lounge,Barbados Grantley Adams Airport,Business Class,Business,1,2018-02-11,Canada,3.0,4.0,3.0,3.0,3.0,4.0,4.0,1,Modern (2015-Present),Positive,0.9509,Pre Covid
2650,380,Alitalia,New York JFK Airport,Business Class,Business,0,2018-07-04,United States,3.0,2.0,3.0,2.0,,4.0,2.0,0,Modern (2015-Present),Negative,-0.3551,Pre Covid
2651,380,No 1 Lounge,London Gatwick Airport,Business Class,Business,0,2016-12-06,United States,4.0,4.0,4.0,5.0,4.0,4.0,4.0,1,Modern (2015-Present),Positive,0.9274,Pre Covid
2652,380,OSL - Lounge,Oslo Airport,Business Class,Business,0,2016-09-29,Germany,5.0,5.0,5.0,4.0,,4.0,3.0,1,Modern (2015-Present),Positive,0.9774,Pre Covid
2653,380,Gatwick Lounge,London Gatwick Airport,Business Class,Business,0,2015-07-20,United Kingdom,3.0,3.0,3.0,3.0,,,3.0,1,Modern (2015-Present),Negative,-0.4664,Pre Covid
2654,380,Korean Air,New York JFK Airport,Business Class,Business,0,2015-07-20,United Kingdom,5.0,4.0,5.0,4.0,,4.0,4.0,1,Modern (2015-Present),Positive,0.9739,Pre Covid
2655,331,Business Lounge,Frankfurt Main Airport,Business Class,Business,1,2026-01-29,Portugal,4.0,5.0,5.0,1.0,5.0,5.0,,0,Modern (2015-Present),Negative,-0.4215,After Covid
2656,331,Business Lounge,Frankfurt Main Airport,Business Class,Business,1,2025-11-07,United States,3.0,3.0,3.0,1.0,3.0,3.0,1.0,0,Modern (2015-Present),Positive,0.1163,After Covid
2657,331,Business class lounge,Washington Dulles Airport,Business Class,Business,1,2025-07-05,United States,4.0,5.0,3.0,1.0,3.0,5.0,3.0,0,Modern (2015-Present),Negative,-0.1171,After Covid
2658,331,Senator Lounge G-concourse,Munich Airport,Frequent Flyer,Unknown,1,2025-01-29,Germany,5.0,4.0,1.0,1.0,5.0,5.0,1.0,1,Modern (2015-Present),Negative,-0.7239,After Covid
2659,331,Senator Lounge,Berlin Brandenburg Airport,Frequent Flyer,Unknown,1,2024-06-22,Germany,5.0,4.0,4.0,4.0,5.0,5.0,3.0,0,Modern (2015-Present),Positive,0.8874,After Covid
2660,331,Lufthansa Star Alliance,Athens Airport,Business Class,Business,1,2024-05-13,Thailand,5.0,5.0,5.0,5.0,,5.0,5.0,1,Modern (2015-Present),Positive,0.9507,After Covid
2661,331,La Sala VIP,Florence Airport,Frequent Flyer,Unknown,1,2024-01-28,Germany,2.0,2.0,1.0,1.0,2.0,3.0,2.0,0,Modern (2015-Present),Positive,0.2023,After Covid
2662,331,Senator,Frankfurt Main Airport,Business Class,Business,1,2023-11-21,Switzerland,1.0,1.0,1.0,1.0,1.0,1.0,1.0,0,Modern (2015-Present),Negative,-0.861,After Covid
2663,331,Business Class,Frankfurt Main Airport,Business Class,Business,1,2023-10-29,Germany,4.0,4.0,4.0,4.0,4.0,4.0,4.0,0,Modern (2015-Present),Positive,0.7717,After Covid
2664,331,Lufthansa Senator Lounge,Berlin Brandenburg Airport,Members,Unknown,1,2023-07-02,Germany,3.0,4.0,1.0,1.0,3.0,2.0,1.0,0,Modern (2015-Present),Positive,0.4588,After Covid
2665,331,Lufthansa Business Lounge,Milan Malpensa Airport,Business Class,Business,1,2023-06-16,Germany,5.0,5.0,4.0,5.0,5.0,5.0,5.0,1,Modern (2015-Present),Positive,0.9937,After Covid
2666,331,Ljubljana Business lounge,Ljubljana Airport,Business Class,Business,1,2023-06-15,United Kingdom,4.0,5.0,4.0,3.0,,5.0,5.0,1,Modern (2015-Present),Positive,0.9337,After Covid
2667,331,Bellini Lounge,Catania Airport,Members,Unknown,1,2023-05-30,Germany,2.0,2.0,1.0,3.0,2.0,4.0,3.0,0,Modern (2015-Present),Positive,0.4607,After Covid
2668,331,Senator Lounge,Munich Airport,Frequent Flyer,Unknown,1,2023-05-27,Germany,1.0,3.0,2.0,1.0,3.0,4.0,2.0,0,Modern (2015-Present),Positive,0.4019,After Covid
2669,331,Senator Lounge non-Schengen,Munich Airport,Frequent Flyer,Unknown,1,2023-05-21,Germany,3.0,4.0,4.0,3.0,3.0,4.0,2.0,0,Modern (2015-Present),Positive,0.964,After Covid
2670,331,Senator Lounge,London Heathrow Airport,Frequent Flyer,Unknown,1,2023-05-20,Germany,2.0,2.0,1.0,1.0,1.0,3.0,1.0,0,Modern (2015-Present),Positive,0.9358,After Covid
2671,331,Senator Business Class Lounge,Frankfurt Main Airport,Frequent Flyer,Unknown,1,2023-05-13,Germany,4.0,3.0,2.0,1.0,5.0,5.0,3.0,1,Modern (2015-Present),Positive,0.8847,After Covid
2672,331,Unknown Lounge,Athens Airport,Business Class,Business,1,2023-04-17,Canada,1.0,3.0,1.0,2.0,,3.0,1.0,1,Modern (2015-Present),Positive,0.9705,After Covid
2673,331,Senator Lounge A-gates,Frankfurt Main Airport,Frequent Flyer,Unknown,1,2023-03-15,Germany,2.0,4.0,4.0,2.0,5.0,5.0,1.0,0,Modern (2015-Present),Positive,0.7834,After Covid
2674,331,First Class lounge,Munich Airport,First Class,Unknown,1,2023-02-03,Belgium,4.0,5.0,4.0,4.0,5.0,,5.0,1,Modern (2015-Present),Positive,0.8947,After Covid
2675,331,Sala Leonardo,Milan Linate Airport,Frequent Flyer,Unknown,1,2023-01-01,Germany,3.0,4.0,3.0,3.0,4.0,3.0,3.0,1,Modern (2015-Present),Positive,0.4215,After Covid
2676,331,Senator Lounge Schengen,Frankfurt Main Airport,Frequent Flyer,Unknown,1,2022-12-30,Germany,2.0,1.0,2.0,2.0,5.0,5.0,3.0,0,Modern (2015-Present),Positive,0.3164,After Covid
2677,331,Senator,London Heathrow Airport,Business Class,Business,1,2022-12-12,United Kingdom,5.0,5.0,4.0,3.0,4.0,,5.0,1,Modern (2015-Present),Positive,0.9804,After Covid
2678,331,Senator Lounge B-Gates,Frankfurt Main Airport,Frequent Flyer,Unknown,1,2022-11-30,Germany,5.0,4.0,4.0,2.0,5.0,5.0,2.0,1,Modern (2015-Present),Positive,0.8026,After Covid
2679,331,Senator Lounge,Munich Airport,Frequent Flyer,Unknown,1,2022-09-25,Indonesia,5.0,5.0,5.0,5.0,5.0,5.0,5.0,1,Modern (2015-Present),Positive,0.9696,After Covid
2680,331,VIP Lounge,Florence Airport,Business Class,Business,1,2022-09-23,Indonesia,1.0,1.0,2.0,1.0,2.0,5.0,3.0,0,Modern (2015-Present),Negative,-0.8221,After Covid
2681,331,London Heathrow Terminal 2,London Heathrow Airport,Business Class,Business,1,2022-08-03,United Kingdom,4.0,5.0,3.0,3.0,,,4.0,0,Modern (2015-Present),Neutral,-0.0095,After Covid
2682,331,UpperDeck Lounge,Glasgow Airport,Pay to Use,Unknown,1,2022-07-13,Germany,2.0,1.0,1.0,1.0,3.0,3.0,1.0,0,Modern (2015-Present),Negative,-0.5664,After Covid
2683,331,First-class Terminal,Frankfurt Main Airport,First Class,Unknown,1,2022-07-07,United Kingdom,4.0,4.0,4.0,4.0,,,4.0,1,Modern (2015-Present),Positive,0.9201,After Covid
2684,331,Business Class Lounge,Munich Airport,Business Class,Business,1,2022-05-10,United Kingdom,3.0,5.0,4.0,1.0,3.0,4.0,2.0,1,Modern (2015-Present),Positive,0.9651,After Covid
2685,331,Unknown Lounge,Munich Airport,Business Class,Business,0,2022-03-30,Spain,5.0,4.0,5.0,3.0,4.0,,4.0,1,Modern (2015-Present),Positive,0.7496,After Covid
2686,331,Senator Lounge G28 Schengen,Munich Airport,Business Class,Business,1,2021-06-25,Portugal,3.0,3.0,2.0,1.0,2.0,2.0,1.0,0,Modern (2015-Present),Positive,0.1531,Covid
2687,331,Business Lounge,Hamburg Airport,Business Class,Business,1,2020-02-11,Netherlands,3.0,3.0,5.0,5.0,3.0,,4.0,1,Modern (2015-Present),Positive,0.9542,Covid
2688,331,Business Lounge Frankfurt,Frankfurt Main Airport,Frequent Flyer,Unknown,1,2020-02-04,Austria,5.0,5.0,5.0,4.0,4.0,5.0,,1,Modern (2015-Present),Positive,0.9156,Covid
2689,331,Unknown Lounge,Munich Airport,Business Class,Business,1,2019-11-18,Netherlands,5.0,5.0,4.0,4.0,4.0,,4.0,1,Modern (2015-Present),Positive,0.7906,Pre Covid
2690,331,Unknown Lounge,Frankfurt Main Airport,Business Class,Business,1,2019-10-20,United Kingdom,3.0,4.0,3.0,3.0,4.0,5.0,3.0,1,Modern (2015-Present),Positive,0.9767,Pre Covid
2691,331,Business Lounge,London Heathrow Airport,Business Class,Business,1,2019-08-04,United Kingdom,4.0,5.0,4.0,5.0,5.0,,5.0,1,Modern (2015-Present),Positive,0.9562,Pre Covid
2692,331,Unknown Lounge,Frankfurt Main Airport,Business Class,Business,1,2019-08-02,United Kingdom,2.0,2.0,3.0,2.0,3.0,,1.0,0,Modern (2015-Present),Negative,-0.7976,Pre Covid
2693,331,Senator,Munich Airport,Frequent Flyer,Unknown,1,2019-07-26,France,2.0,3.0,1.0,1.0,,4.0,1.0,0,Modern (2015-Present),Negative,-0.891,Pre Covid
2694,331,Senator Business class,Frankfurt Main Airport,Business Class,Business,1,2019-05-18,Russian Federation,5.0,5.0,5.0,5.0,5.0,4.0,5.0,1,Modern (2015-Present),Positive,0.9337,Pre Covid
2695,331,Senator Lounge,Munich Airport,Frequent Flyer,Unknown,1,2019-05-13,Canada,5.0,5.0,5.0,5.0,5.0,5.0,5.0,1,Modern (2015-Present),Positive,0.8402,Pre Covid
2696,331,Star Alliance,Amsterdam Schiphol Airport,Frequent Flyer,Unknown,1,2019-03-15,Germany,4.0,4.0,3.0,1.0,3.0,,1.0,1,Modern (2015-Present),Positive,0.2959,Pre Covid
2697,331,Senator Lounge,Newark Airport,Frequent Flyer,Unknown,1,2019-03-06,Thailand,4.0,4.0,5.0,5.0,4.0,5.0,5.0,1,Modern (2015-Present),Positive,0.5267,Pre Covid
2698,331,Dilmun Lounge,Bahrain Airport,Business Class,Business,0,2019-03-03,United Kingdom,1.0,4.0,3.0,2.0,1.0,4.0,4.0,1,Modern (2015-Present),Negative,-0.1276,Pre Covid
2699,331,Unknown Lounge,Frankfurt Main Airport,Business Class,Business,0,2019-03-03,United Kingdom,2.0,3.0,4.0,3.0,3.0,3.0,3.0,1,Modern (2015-Present),Positive,0.9565,Pre Covid
2700,331,Unknown Lounge,London Heathrow Airport,Business Class,Business,1,2019-03-02,United Kingdom,3.0,4.0,3.0,1.0,3.0,4.0,3.0,1,Modern (2015-Present),Positive,0.6417,Pre Covid
2701,331,Senator Lounge,Stuttgart Airport,Frequent Flyer,Unknown,1,2018-12-23,Germany,3.0,3.0,5.0,2.0,,2.0,4.0,1,Modern (2015-Present),Positive,0.8988,Pre Covid
2702,331,Senator Lounge,London Heathrow Airport,Frequent Flyer,Unknown,1,2018-12-14,Thailand,5.0,5.0,5.0,5.0,5.0,5.0,5.0,1,Modern (2015-Present),Positive,0.7086,Pre Covid
2703,331,Senator Lounge,Boston Logan Airport,Business Class,Business,1,2018-12-03,Germany,4.0,4.0,4.0,4.0,4.0,5.0,4.0,1,Modern (2015-Present),Positive,0.9268,Pre Covid
2704,331,Unknown Lounge,Kiev Borispol Airport,Business Class,Business,1,2018-10-20,Canada,5.0,5.0,5.0,4.0,5.0,5.0,5.0,1,Modern (2015-Present),Positive,0.9689,Pre Covid
2705,331,Delights to Go,Munich Airport,Business Class,Business,1,2018-10-12,Germany,4.0,5.0,,4.0,,,,1,Modern (2015-Present),Positive,0.995,Pre Covid
2706,331,Senator Lounge,Washington Dulles Airport,Business Class,Business,1,2018-09-29,Germany,4.0,5.0,3.0,4.0,4.0,4.0,3.0,1,Modern (2015-Present),Positive,0.9631,Pre Covid
2707,331,Unknown Lounge,Frankfurt Main Airport,Business Class,Business,1,2018-08-14,Israel,5.0,5.0,4.0,5.0,5.0,5.0,5.0,1,Modern (2015-Present),Positive,0.9561,Pre Covid
2708,331,Senator Lounge,Munich Airport,Frequent Flyer,Unknown,1,2018-07-19,Germany,5.0,5.0,5.0,5.0,5.0,3.0,,1,Modern (2015-Present),Positive,0.9884,Pre Covid
2709,331,Lufthansa Senator Lounge,London Heathrow Airport,Business Class,Business,1,2018-06-10,Germany,3.0,3.0,4.0,4.0,3.0,4.0,5.0,1,Modern (2015-Present),Positive,0.7906,Pre Covid
2710,331,Senator Lounge,Dresden Airport,Business Class,Business,1,2018-05-13,Germany,3.0,4.0,2.0,2.0,,4.0,2.0,1,Modern (2015-Present),Positive,0.8833,Pre Covid
2711,331,Senator Lounge,Frankfurt Main Airport,Frequent Flyer,Unknown,1,2018-02-16,Germany,1.0,3.0,3.0,1.0,3.0,3.0,5.0,1,Modern (2015-Present),Positive,0.7346,Pre Covid
2712,331,Alemein,Cairo Airport,Business Class,Business,1,2018-01-31,United States,3.0,2.0,,1.0,,,2.0,0,Modern (2015-Present),Negative,-0.8176,Pre Covid
2713,331,Senator Lounge,Cologne/bonn Airport,Business Class,Business,0,2017-11-13,Germany,5.0,5.0,3.0,3.0,2.0,4.0,4.0,1,Modern (2015-Present),Positive,0.5158,Pre Covid
2714,331,Senator Gates A,Frankfurt Main Airport,Frequent Flyer,Unknown,0,2017-10-20,Portugal,3.0,3.0,5.0,5.0,5.0,5.0,3.0,1,Modern (2015-Present),Negative,-0.8293,Pre Covid
2715,331,Unknown Lounge,Kiev Borispol Airport,Frequent Flyer,Unknown,0,2017-10-10,Portugal,4.0,4.0,1.0,1.0,,5.0,4.0,1,Modern (2015-Present),Positive,0.9857,Pre Covid
2716,331,Munich K,Munich Airport,Frequent Flyer,Unknown,0,2017-10-10,Portugal,4.0,2.0,2.0,2.0,4.0,5.0,3.0,1,Modern (2015-Present),Positive,0.935,Pre Covid
2717,331,Senator Lounge - Gates G,Munich Airport,Frequent Flyer,Unknown,0,2017-09-26,Poland,5.0,5.0,4.0,4.0,5.0,5.0,5.0,1,Modern (2015-Present),Positive,0.6718,Pre Covid
2718,331,Unknown Lounge,Moscow Domodedovo Airport,Business Class,Business,0,2017-09-15,Portugal,3.0,3.0,2.0,1.0,,5.0,2.0,0,Modern (2015-Present),Positive,0.98,Pre Covid
2719,331,Senator Lounge,Frankfurt Main Airport,Frequent Flyer,Unknown,0,2017-09-15,Portugal,4.0,4.0,5.0,5.0,,5.0,5.0,1,Modern (2015-Present),Positive,0.9794,Pre Covid
2720,331,Senator,Munich Airport,Frequent Flyer,Unknown,0,2017-09-09,Portugal,4.0,5.0,4.0,4.0,4.0,5.0,5.0,1,Modern (2015-Present),Positive,0.9878,Pre Covid
2721,331,Sala Formentor,Palma de Majorca Airport,Business Class,Business,0,2017-08-08,Switzerland,4.0,4.0,3.0,3.0,,4.0,3.0,1,Modern (2015-Present),Positive,0.962,Pre Covid
2722,331,Senator lounge,London Heathrow Airport,Business Class,Business,0,2017-06-21,Greece,4.0,4.0,3.0,3.0,4.0,5.0,3.0,1,Modern (2015-Present),Positive,0.9621,Pre Covid
2723,331,Senator Lounge,Frankfurt Main Airport,Business Class,Business,0,2017-06-06,United States,5.0,5.0,5.0,5.0,5.0,5.0,5.0,1,Modern (2015-Present),Positive,0.9753,Pre Covid
2724,331,Unknown Lounge,Washington Dulles Airport,Business Class,Business,0,2017-05-23,United Kingdom,4.0,3.0,4.0,3.0,4.0,4.0,3.0,1,Modern (2015-Present),Positive,0.9589,Pre Covid
2725,331,Senator Lounge,Washington Dulles Airport,Frequent Flyer,Unknown,0,2017-04-01,United States,4.0,4.0,5.0,5.0,3.0,,5.0,1,Modern (2015-Present),Positive,0.9909,Pre Covid
2726,331,Puerta de Alcal,Madrid Barajas Airport,Business Class,Business,0,2017-03-18,Germany,5.0,4.0,3.0,3.0,4.0,4.0,3.0,1,Modern (2015-Present),Positive,0.9115,Pre Covid
2727,331,Business Class Lounge A26,Frankfurt Main Airport,Business Class,Business,0,2017-02-14,Germany,3.0,5.0,4.0,4.0,4.0,5.0,5.0,1,Modern (2015-Present),Positive,0.7275,Pre Covid
2728,331,Senator Lounge,Berlin Tegel Airport,Frequent Flyer,Unknown,0,2017-01-29,Austria,2.0,3.0,1.0,1.0,3.0,5.0,5.0,1,Modern (2015-Present),Negative,-0.7506,Pre Covid
2729,331,Schengen T2,Munich Airport,Business Class,Business,0,2017-01-24,Germany,4.0,5.0,4.0,4.0,4.0,,4.0,1,Modern (2015-Present),Positive,0.9527,Pre Covid
2730,331,Sala Pau Casalls,Barcelona Airport,Business Class,Business,0,2017-01-23,Germany,2.0,1.0,2.0,2.0,,,1.0,0,Modern (2015-Present),Positive,0.6486,Pre Covid
2731,331,Unknown Lounge,Munich Airport,Business Class,Business,0,2017-01-19,Germany,5.0,5.0,5.0,4.0,5.0,5.0,4.0,1,Modern (2015-Present),Positive,0.8591,Pre Covid
2732,331,Unknown Lounge,New York JFK Airport,Business Class,Business,0,2017-01-08,United States,4.0,5.0,5.0,3.0,4.0,4.0,4.0,1,Modern (2015-Present),Positive,0.8214,Pre Covid
2733,331,Senator Lounge,Frankfurt Main Airport,Frequent Flyer,Unknown,0,2017-01-02,Germany,2.0,4.0,3.0,1.0,3.0,5.0,3.0,0,Modern (2015-Present),Positive,0.303,Pre Covid
2734,331,Senator Lounge,Frankfurt Main Airport,First Class,Unknown,0,2016-11-19,United States,5.0,5.0,5.0,3.0,5.0,5.0,5.0,0,Modern (2015-Present),Positive,0.9897,Pre Covid
2735,331,Senator Lounge,Washington Dulles Airport,Frequent Flyer,Unknown,0,2016-09-06,Austria,5.0,5.0,4.0,4.0,5.0,5.0,4.0,1,Modern (2015-Present),Positive,0.9681,Pre Covid
2736,331,Unknown Lounge,Dubai Airport,Business Class,Business,0,2016-08-28,United Arab Emirates,4.0,4.0,3.0,4.0,3.0,4.0,4.0,1,Modern (2015-Present),Positive,0.7615,Pre Covid
2737,331,Business Lounge,Leipzig/halle Airport,Business Class,Business,0,2016-08-02,Germany,5.0,5.0,4.0,3.0,3.0,5.0,5.0,1,Modern (2015-Present),Neutral,-0.0329,Pre Covid
2738,331,Senator Lounge,Frankfurt Main Airport,Business Class,Business,0,2016-07-28,Germany,3.0,4.0,3.0,2.0,4.0,4.0,4.0,1,Modern (2015-Present),Negative,-0.1027,Pre Covid
2739,331,Senator,Boston Logan Airport,Frequent Flyer,Unknown,0,2016-07-21,Austria,2.0,2.0,3.0,1.0,4.0,3.0,3.0,1,Modern (2015-Present),Negative,-0.4404,Pre Covid
2740,331,Star Alliance,Sao Paulo Guarulhos Airport,Business Class,Business,0,2016-05-16,Japan,5.0,5.0,5.0,5.0,5.0,4.0,5.0,1,Modern (2015-Present),Positive,0.9889,Pre Covid
2741,331,Unknown Lounge,Munich Airport,Business Class,Business,0,2016-03-19,Germany,4.0,5.0,5.0,4.0,4.0,5.0,5.0,1,Modern (2015-Present),Neutral,0.0,Pre Covid
2742,331,Senator Lounge T2,Munich Airport,Business Class,Business,0,2016-03-18,Germany,4.0,5.0,5.0,4.0,4.0,5.0,5.0,1,Modern (2015-Present),Positive,0.8765,Pre Covid
2743,331,Senator Lounge,Stuttgart Airport,Business Class,Business,0,2016-03-13,Germany,5.0,5.0,5.0,4.0,,5.0,4.0,1,Modern (2015-Present),Positive,0.8491,Pre Covid
2744,331,Senator Lounge,London Heathrow Airport,Business Class,Business,0,2016-03-03,Japan,4.0,4.0,4.0,4.0,4.0,4.0,4.0,1,Modern (2015-Present),Positive,0.9432,Pre Covid
2745,331,Sala VIP Pau Casals,Barcelona Airport,Business Class,Business,0,2016-02-29,Germany,5.0,5.0,3.0,3.0,,,5.0,1,Modern (2015-Present),Positive,0.9454,Pre Covid
2746,331,Platinum,Budapest Ferihegy Airport,Business Class,Business,0,2016-02-28,Romania,2.0,3.0,4.0,1.0,,2.0,2.0,1,Modern (2015-Present),Positive,0.0933,Pre Covid
2747,331,SATS Premier lounge,Singapore Changi Airport,Frequent Flyer,Unknown,0,2016-02-25,Singapore,4.0,4.0,4.0,2.0,4.0,4.0,3.0,1,Modern (2015-Present),Positive,0.7712,Pre Covid
2748,331,Unknown Lounge,Mumbai Airport,Business Class,Business,0,2016-02-21,United States,4.0,5.0,3.0,3.0,3.0,4.0,4.0,1,Modern (2015-Present),Positive,0.9101,Pre Covid
2749,331,Marco Polo Lounge,Venice Marco Polo Airport,Business Class,Business,0,2016-01-14,United States,4.0,5.0,5.0,5.0,4.0,4.0,4.0,1,Modern (2015-Present),Positive,0.9817,Pre Covid
2750,331,Unknown Lounge,Munich Airport,Business Class,Business,0,2016-01-10,India,5.0,5.0,5.0,3.0,5.0,5.0,5.0,1,Modern (2015-Present),Positive,0.7251,Pre Covid
2751,331,Unknown Lounge,Delhi Airport,Business Class,Business,0,2016-01-10,India,3.0,4.0,4.0,2.0,1.0,3.0,4.0,1,Modern (2015-Present),Positive,0.3892,Pre Covid
2752,331,Unknown Lounge,Frankfurt Main Airport,Business Class,Business,0,2016-01-09,India,4.0,5.0,4.0,2.0,5.0,5.0,5.0,1,Modern (2015-Present),Positive,0.9556,Pre Covid
2753,331,Premier Lounge,Jakarta Airport,First Class,Unknown,0,2015-10-25,Germany,3.0,4.0,2.0,3.0,3.0,4.0,3.0,1,Modern (2015-Present),Positive,0.8196,Pre Covid
2754,331,Senator Schengen Z,Frankfurt Main Airport,Frequent Flyer,Unknown,0,2015-10-25,Germany,4.0,5.0,4.0,4.0,4.0,4.0,2.0,1,Modern (2015-Present),Positive,0.8618,Pre Covid
2755,331,Unknown Lounge,Munich Airport,Business Class,Business,0,2015-10-09,Luxembourg,3.0,3.0,4.0,2.0,3.0,4.0,3.0,0,Modern (2015-Present),Positive,0.1852,Pre Covid
2756,331,Senator Lounge,Dusseldorf Airport,Frequent Flyer,Unknown,0,2015-10-08,Germany,4.0,4.0,4.0,3.0,,3.0,1.0,1,Modern (2015-Present),Positive,0.9921,Pre Covid
2757,331,Unknown Lounge,Washington Dulles Airport,First Class,Unknown,0,2015-09-04,United States,4.0,5.0,3.0,4.0,,,3.0,1,Modern (2015-Present),Positive,0.832,Pre Covid
2758,331,Unknown Lounge,Hong Kong Airport,Business Class,Business,0,2015-08-25,Australia,3.0,4.0,3.0,3.0,,4.0,3.0,1,Modern (2015-Present),Positive,0.7003,Pre Covid
2759,331,Unknown Lounge,Hannover Airport,Frequent Flyer,Unknown,0,2015-08-24,Germany,5.0,5.0,4.0,4.0,,4.0,4.0,1,Modern (2015-Present),Positive,0.9588,Pre Covid
2760,331,Unknown Lounge,Washington Dulles Airport,Business Class,Business,0,2015-07-27,Germany,3.0,5.0,5.0,5.0,5.0,5.0,5.0,1,Modern (2015-Present),Positive,0.9607,Pre Covid
2761,331,Gate A13,Frankfurt Main Airport,First Class,Unknown,0,2015-06-26,Austria,5.0,5.0,5.0,5.0,5.0,5.0,5.0,1,Modern (2015-Present),Positive,0.8779,Pre Covid
2762,331,Senator Lounge,Munich Airport,Frequent Flyer,Unknown,0,2015-06-18,United States,5.0,5.0,5.0,5.0,4.0,5.0,5.0,1,Modern (2015-Present),Positive,0.8439,Pre Covid
2763,331,Blue lounge,Lisbon Airport,Business Class,Business,0,2015-06-17,Belgium,1.0,1.0,1.0,1.0,2.0,1.0,1.0,1,Modern (2015-Present),Negative,-0.6957,Pre Covid
2764,331,Senator Lounge,Washington Dulles Airport,Business Class,Business,0,2015-06-09,United States,2.0,3.0,5.0,5.0,2.0,4.0,4.0,1,Modern (2015-Present),Positive,0.9735,Pre Covid
2765,331,Unknown Lounge,Barcelona Airport,Business Class,Business,0,2015-05-29,United States,3.0,3.0,3.0,1.0,3.0,1.0,3.0,0,Modern (2015-Present),Negative,-0.6309,Pre Covid
2766,331,Unknown Lounge,Cologne/bonn Airport,Business Class,Business,0,2015-03-22,United Kingdom,4.0,4.0,1.0,1.0,3.0,3.0,1.0,0,Modern (2015-Present),Positive,0.2732,Pre Covid
2767,331,Unknown Lounge,Cologne/bonn Airport,Business Class,Business,0,2015-01-30,United Kingdom,3.0,4.0,3.0,1.0,2.0,4.0,1.0,0,Modern (2015-Present),Positive,0.6476,Pre Covid
2768,331,Unknown Lounge,Frankfurt Main Airport,Business Class,Business,0,2015-01-30,United States,5.0,5.0,5.0,5.0,5.0,5.0,5.0,1,Modern (2015-Present),Positive,0.8074,Pre Covid
2769,331,Unknown Lounge,Frankfurt Main Airport,Business Class,Business,0,2014-11-19,Germany,4.0,4.0,4.0,4.0,4.0,4.0,3.0,1,Historical (Pre-2015),Positive,0.9036,Pre Covid
2770,331,Plaza Premium,Bangalore Airport,Business Class,Business,0,2014-11-19,Germany,1.0,1.0,3.0,1.0,2.0,1.0,2.0,0,Historical (Pre-2015),Negative,-0.3182,Pre Covid
2771,331,Unknown Lounge,Frankfurt Main Airport,Business Class,Business,0,2014-10-28,Australia,5.0,5.0,5.0,4.0,5.0,5.0,5.0,1,Historical (Pre-2015),Positive,0.8588,Pre Covid
2772,331,Unknown Lounge,Delhi Airport,Business Class,Business,0,2014-10-04,Sweden,4.0,5.0,3.0,4.0,3.0,1.0,4.0,1,Historical (Pre-2015),Positive,0.9397,Pre Covid
2773,331,Unknown Lounge,Frankfurt Main Airport,Business Class,Business,0,2014-05-01,Spain,3.0,3.0,3.0,2.0,4.0,4.0,2.0,1,Historical (Pre-2015),Positive,0.7256,Pre Covid
2774,331,Senator Lounge,Unknown,Business Class,Business,0,2014-04-14,Germany,4.0,3.0,4.0,1.0,4.0,5.0,1.0,0,Historical (Pre-2015),Positive,0.9272,Pre Covid
2775,331,Senator Lounge,Munich Airport,Business Class,Business,0,2014-03-11,Luxembourg,5.0,4.0,5.0,5.0,4.0,4.0,5.0,1,Historical (Pre-2015),Positive,0.9509,Pre Covid
2776,331,Star Alliance Lounge,Munich Airport,Business Class,Business,0,2014-02-20,United Kingdom,4.0,5.0,4.0,4.0,5.0,5.0,4.0,1,Historical (Pre-2015),Positive,0.6808,Pre Covid
2777,331,Unknown Lounge,Riga Airport,Business Class,Business,0,2014-01-21,United Kingdom,4.0,5.0,4.0,3.0,4.0,4.0,5.0,1,Historical (Pre-2015),Positive,0.9842,Pre Covid
2778,331,Unknown Lounge,Unknown,Business Class,Business,0,2014-01-13,Germany,4.0,4.0,3.0,3.0,4.0,5.0,3.0,1,Historical (Pre-2015),Positive,0.9111,Pre Covid
2779,331,Proair Lounge,Sao Paulo Guarulhos Airport,First Class,Unknown,0,2013-12-23,Brazil,2.0,4.0,2.0,2.0,4.0,4.0,3.0,0,Historical (Pre-2015),Positive,0.8698,Pre Covid
2780,331,Unknown Lounge,Munich Airport,First Class,Unknown,0,2013-12-23,Brazil,5.0,5.0,4.0,5.0,4.0,1.0,4.0,1,Historical (Pre-2015),Positive,0.8985,Pre Covid
2781,331,Senator Lounge,Munich Airport,Business Class,Business,0,2013-09-15,United Kingdom,4.0,5.0,4.0,4.0,4.0,4.0,4.0,1,Historical (Pre-2015),Positive,0.9668,Pre Covid
2782,331,Unknown Lounge,Frankfurt Main Airport,First Class,Unknown,0,2013-09-15,Greece,4.0,5.0,5.0,5.0,5.0,5.0,5.0,1,Historical (Pre-2015),Positive,0.9855,Pre Covid
2783,331,Unknown Lounge,London Heathrow Airport,Business Class,Business,0,2013-07-31,United Kingdom,3.0,3.0,4.0,2.0,4.0,5.0,3.0,0,Historical (Pre-2015),Negative,-0.4412,Pre Covid
2784,331,Schengen Lounge,Unknown,Business Class,Business,0,2013-07-20,Luxembourg,3.0,3.0,4.0,3.0,3.0,2.0,3.0,1,Historical (Pre-2015),Positive,0.935,Pre Covid
2785,331,Unknown Lounge,Katowice Airport,Business Class,Business,0,2013-04-16,Poland,5.0,5.0,5.0,4.0,,5.0,5.0,1,Historical (Pre-2015),Positive,0.9682,Pre Covid
2786,331,Unknown Lounge,Newark Airport,Unknown,Unknown,0,2013-04-04,Germany,3.0,4.0,4.0,3.0,3.0,4.0,4.0,1,Historical (Pre-2015),Positive,0.3071,Pre Covid
2787,331,Unknown Lounge,Hannover Airport,Business Class,Business,0,2013-01-11,United Kingdom,5.0,5.0,5.0,4.0,4.0,5.0,4.0,1,Historical (Pre-2015),Positive,0.784,Pre Covid
2788,331,Unknown Lounge,Frankfurt Main Airport,First Class,Unknown,0,2013-01-01,Brazil,4.0,5.0,5.0,5.0,5.0,4.0,5.0,1,Historical (Pre-2015),Positive,0.9413,Pre Covid
2789,331,Unknown Lounge,Munich Airport,First Class,Unknown,0,2012-12-23,Brazil,4.0,5.0,5.0,5.0,5.0,4.0,5.0,1,Historical (Pre-2015),Positive,0.9248,Pre Covid
2790,331,Unknown Lounge,Munich Airport,First Class,Unknown,0,2012-11-22,United Kingdom,5.0,5.0,5.0,5.0,5.0,5.0,5.0,1,Historical (Pre-2015),Positive,0.9555,Pre Covid
2791,331,Unknown Lounge,Frankfurt Main Airport,Business Class,Business,0,2012-11-15,Argentina,4.0,5.0,5.0,5.0,4.0,4.0,4.0,1,Historical (Pre-2015),Positive,0.9508,Pre Covid
2792,331,Unknown Lounge,Frankfurt Main Airport,Business Class,Business,0,2012-11-15,Argentina,4.0,4.0,4.0,3.0,3.0,3.0,3.0,1,Historical (Pre-2015),Positive,0.8271,Pre Covid
2793,331,Club America,Miami Airport,Business Class,Business,0,2012-09-17,Sweden,2.0,2.0,2.0,1.0,2.0,1.0,2.0,0,Historical (Pre-2015),Negative,-0.9585,Pre Covid
2794,331,Unknown Lounge,Frankfurt Main Airport,First Class,Unknown,0,2012-09-10,United States,4.0,3.0,4.0,4.0,3.0,5.0,2.0,1,Historical (Pre-2015),Positive,0.9852,Pre Covid
2795,331,Unknown Lounge,Frankfurt Main Airport,Business Class,Business,0,2012-09-10,Germany,2.0,4.0,1.0,1.0,4.0,4.0,3.0,0,Historical (Pre-2015),Negative,-0.5563,Pre Covid
2796,331,Unknown Lounge,Delhi Airport,Business Class,Business,0,2012-08-05,Israel,4.0,4.0,3.0,4.0,4.0,5.0,5.0,1,Historical (Pre-2015),Positive,0.6486,Pre Covid
2797,331,Senator Lounge,Frankfurt Main Airport,Unknown,Unknown,0,2012-06-05,Canada,2.0,2.0,3.0,2.0,2.0,1.0,2.0,0,Historical (Pre-2015),Negative,-0.5118,Pre Covid
2798,331,Senator / Star Alliance Lounge,Munich Airport,Unknown,Unknown,0,2012-06-05,Sweden,5.0,5.0,5.0,5.0,4.0,5.0,5.0,1,Historical (Pre-2015),Positive,0.9001,Pre Covid
2799,331,Unknown Lounge,Munich Airport,Business Class,Business,0,2012-06-05,Germany,2.0,4.0,1.0,1.0,4.0,3.0,4.0,0,Historical (Pre-2015),Negative,-0.8094,Pre Covid
2800,331,Unknown Lounge,Frankfurt Main Airport,Business Class,Business,0,2012-05-21,Canada,4.0,4.0,5.0,5.0,2.0,5.0,5.0,1,Historical (Pre-2015),Positive,0.9455,Pre Covid
2801,331,Unknown Lounge,Munich Airport,First Class,Unknown,0,2012-05-02,Switzerland,5.0,5.0,5.0,5.0,5.0,5.0,5.0,1,Historical (Pre-2015),Positive,0.9765,Pre Covid
2802,331,Senator Lounge,Detroit Airport,Unknown,Unknown,0,2012-05-02,United States,5.0,5.0,5.0,5.0,4.0,5.0,5.0,1,Historical (Pre-2015),Positive,0.5487,Pre Covid
2803,331,Senator Lounge,Mumbai Airport,Business Class,Business,0,2012-05-01,United Kingdom,4.0,5.0,3.0,3.0,4.0,4.0,5.0,1,Historical (Pre-2015),Positive,0.7227,Pre Covid
2804,331,Senator Lounge,Frankfurt Main Airport,Unknown,Unknown,0,2012-04-24,Spain,2.0,4.0,4.0,4.0,4.0,4.0,4.0,0,Historical (Pre-2015),Positive,0.1779,Pre Covid
2805,331,Star Alliance Lounge,Paris CDG Airport,First Class,Unknown,0,2012-01-25,United States,4.0,5.0,5.0,4.0,5.0,,4.0,1,Historical (Pre-2015),Positive,0.7574,Pre Covid
2806,331,Unknown Lounge,Frankfurt Main Airport,First Class,Unknown,0,2012-01-23,United States,4.0,3.0,2.0,4.0,4.0,4.0,3.0,0,Historical (Pre-2015),Positive,0.1258,Pre Covid
2807,331,Senator Lounge,Frankfurt Main Airport,Business Class,Business,0,2012-01-23,Germany,4.0,5.0,4.0,4.0,4.0,5.0,5.0,1,Historical (Pre-2015),Positive,0.7906,Pre Covid
2808,331,Unknown Lounge,Houston Hobby Airport,Business Class,Business,0,2012-01-23,Germany,1.0,3.0,1.0,1.0,1.0,3.0,1.0,0,Historical (Pre-2015),Negative,-0.8553,Pre Covid
2809,331,Unknown Lounge,Frankfurt Main Airport,Business Class,Business,0,2012-01-23,United States,1.0,2.0,3.0,3.0,2.0,2.0,3.0,0,Historical (Pre-2015),Negative,-0.1739,Pre Covid
2810,331,Senator Lounge,Frankfurt Main Airport,Business Class,Business,0,2011-11-28,Canada,4.0,4.0,4.0,3.0,3.0,3.0,4.0,1,Historical (Pre-2015),Positive,0.9442,Pre Covid
2811,331,Non-Schengen Lounge,Munich Airport,Business Class,Business,0,2011-10-21,United States,2.0,3.0,2.0,1.0,4.0,3.0,2.0,0,Historical (Pre-2015),Negative,-0.5321,Pre Covid
2812,331,Senator Lounge,Frankfurt Main Airport,Business Class,Business,0,2011-10-21,Canada,1.0,2.0,,,,,,0,Historical (Pre-2015),Negative,-0.5632,Pre Covid
2813,331,Senator Lounge,Frankfurt Main Airport,Business Class,Business,0,2011-10-21,Canada,5.0,4.0,4.0,4.0,4.0,5.0,4.0,0,Historical (Pre-2015),Positive,0.9703,Pre Covid
2814,331,Senator Lounge,Frankfurt Main Airport,Unknown,Unknown,0,2011-09-18,United States,3.0,2.0,3.0,1.0,3.0,4.0,4.0,0,Historical (Pre-2015),Positive,0.7434,Pre Covid
2815,331,Senator Lounge,New York JFK Airport,Unknown,Unknown,0,2011-09-18,United States,5.0,5.0,4.0,5.0,5.0,5.0,4.0,0,Historical (Pre-2015),Positive,0.9571,Pre Covid
2816,331,Arrivals Lounge,Frankfurt Main Airport,Business Class,Business,0,2011-09-17,Canada,4.0,4.0,4.0,3.0,3.0,3.0,1.0,0,Historical (Pre-2015),Positive,0.5778,Pre Covid
2817,331,Unknown Lounge,Frankfurt Main Airport,Business Class,Business,0,2011-09-17,Belgium,1.0,2.0,2.0,1.0,2.0,2.0,2.0,0,Historical (Pre-2015),Negative,-0.9293,Pre Covid
2818,331,Unknown Lounge,Munich Airport,Business Class,Business,0,2011-09-13,India,2.0,3.0,4.0,3.0,3.0,1.0,2.0,0,Historical (Pre-2015),Positive,0.6859,Pre Covid
2819,331,Unknown Lounge,Frankfurt Main Airport,First Class,Unknown,0,2011-08-02,Switzerland,5.0,5.0,5.0,5.0,5.0,3.0,5.0,0,Historical (Pre-2015),Positive,0.8646,Pre Covid
2820,331,Unknown Lounge,Frankfurt Main Airport,Business Class,Business,0,2011-05-03,South Africa,2.0,3.0,1.0,1.0,2.0,1.0,2.0,0,Historical (Pre-2015),Positive,0.5439,Pre Covid
2821,331,Unknown Lounge,Munich Airport,Business Class,Business,0,2011-05-03,United Kingdom,1.0,2.0,2.0,1.0,2.0,1.0,2.0,0,Historical (Pre-2015),Negative,-0.8271,Pre Covid
2822,331,Unknown Lounge,Frankfurt Main Airport,Business Class,Business,0,2011-05-03,Kuwait,3.0,4.0,3.0,3.0,4.0,1.0,2.0,0,Historical (Pre-2015),Positive,0.7821,Pre Covid
2823,331,Unknown Lounge,Frankfurt Main Airport,Business Class,Business,0,2011-05-01,Australia,1.0,3.0,3.0,1.0,3.0,1.0,3.0,0,Historical (Pre-2015),Positive,0.3603,Pre Covid
2824,331,Senator Lounge,Washington Dulles Airport,Business Class,Business,0,2011-05-01,Sweden,3.0,3.0,4.0,4.0,3.0,2.0,3.0,0,Historical (Pre-2015),Positive,0.7835,Pre Covid
2825,331,Unknown Lounge,Frankfurt Main Airport,Business Class,Business,0,2011-05-01,United States,2.0,3.0,2.0,2.0,4.0,1.0,1.0,0,Historical (Pre-2015),Negative,-0.7218,Pre Covid
2826,331,Unknown Lounge,Frankfurt Main Airport,Business Class,Business,0,2011-02-14,United States,3.0,2.0,3.0,2.0,1.0,1.0,2.0,0,Historical (Pre-2015),Negative,-0.7351,Pre Covid
2827,331,Senator / Star Alliance Lounge,Frankfurt Main Airport,Unknown,Unknown,0,2011-01-10,France,3.0,3.0,2.0,1.0,3.0,1.0,3.0,0,Historical (Pre-2015),Positive,0.9413,Pre Covid
2828,331,Unknown Lounge,Frankfurt Main Airport,Business Class,Business,0,2011-01-04,United States,2.0,3.0,3.0,2.0,2.0,2.0,3.0,0,Historical (Pre-2015),Negative,-0.3826,Pre Covid
2829,331,Millenium Lounge,Istanbul Airport,Business Class,Business,0,2011-01-02,Ireland,2.0,1.0,2.0,2.0,2.0,4.0,3.0,0,Historical (Pre-2015),Positive,0.9559,Pre Covid
2830,331,Senator Lounge,Berlin Tegel Airport,Unknown,Unknown,0,2010-11-20,United Kingdom,3.0,5.0,5.0,3.0,3.0,1.0,3.0,0,Historical (Pre-2015),Positive,0.4129,Pre Covid
2831,331,Unknown Lounge,New York JFK Airport,Business Class,Business,0,2010-08-28,United Kingdom,4.0,3.0,3.0,3.0,4.0,4.0,3.0,0,Historical (Pre-2015),Positive,0.9178,Pre Covid
2832,331,Unknown Lounge,Dusseldorf Airport,Business Class,Business,0,2010-08-09,United Kingdom,3.0,4.0,2.0,2.0,2.0,2.0,3.0,0,Historical (Pre-2015),Negative,-0.2598,Pre Covid
2833,331,Unknown Lounge,Newark Airport,Business Class,Business,0,2010-08-09,United Kingdom,4.0,4.0,4.0,4.0,3.0,3.0,3.0,0,Historical (Pre-2015),Positive,0.6486,Pre Covid
2834,331,Unknown Lounge,Dusseldorf Airport,Business Class,Business,0,2010-07-05,United Kingdom,5.0,5.0,4.0,4.0,4.0,2.0,3.0,0,Historical (Pre-2015),Positive,0.0767,Pre Covid
2835,331,Unknown Lounge,Frankfurt Main Airport,Business Class,Business,0,2010-06-14,United Kingdom,1.0,1.0,1.0,1.0,1.0,1.0,1.0,0,Historical (Pre-2015),Negative,-0.5067,Pre Covid
2836,331,Senator Lounge,Frankfurt Main Airport,Unknown,Unknown,0,2010-06-14,United Kingdom,3.0,3.0,3.0,2.0,2.0,2.0,2.0,0,Historical (Pre-2015),Negative,-0.168,Pre Covid
2837,331,Unknown Lounge,Milan Malpensa Airport,Business Class,Business,0,2010-06-14,United Kingdom,3.0,3.0,3.0,2.0,,1.0,2.0,0,Historical (Pre-2015),Negative,-0.5267,Pre Covid
2838,331,Unknown Lounge,Frankfurt Main Airport,First Class,Unknown,0,2010-06-14,United Kingdom,4.0,5.0,5.0,5.0,5.0,4.0,5.0,0,Historical (Pre-2015),Positive,0.9866,Pre Covid
2839,331,Unknown Lounge,Frankfurt Main Airport,First Class,Unknown,0,2010-06-14,United Kingdom,5.0,5.0,5.0,5.0,5.0,5.0,4.0,0,Historical (Pre-2015),Positive,0.802,Pre Covid
2840,331,Unknown Lounge,Frankfurt Main Airport,First Class,Unknown,0,2010-02-07,United Kingdom,4.0,5.0,4.0,4.0,5.0,3.0,4.0,0,Historical (Pre-2015),Negative,-0.2568,Pre Covid
2841,331,Unknown Lounge,Frankfurt Main Airport,Business Class,Business,0,2010-01-12,United Kingdom,1.0,3.0,2.0,1.0,3.0,1.0,2.0,0,Historical (Pre-2015),Positive,0.5859,Pre Covid
2842,331,Unknown Lounge,Dubai Airport,Business Class,Business,0,2010-01-12,United Kingdom,2.0,2.0,2.0,1.0,2.0,2.0,3.0,0,Historical (Pre-2015),Positive,0.5106,Pre Covid
2843,331,Unknown Lounge,Mumbai Airport,Business Class,Business,0,2010-01-12,United Kingdom,2.0,3.0,3.0,2.0,3.0,3.0,3.0,0,Historical (Pre-2015),Negative,-0.4389,Pre Covid
2844,331,Unknown Lounge,Unknown,Business Class,Business,0,2009-12-04,United Kingdom,3.0,4.0,5.0,2.0,4.0,4.0,3.0,0,Historical (Pre-2015),Negative,-0.6619,Pre Covid
2845,331,Unknown Lounge,Munich Airport,Business Class,Business,0,2009-10-15,United Kingdom,4.0,4.0,3.0,3.0,4.0,4.0,2.0,0,Historical (Pre-2015),Positive,0.9864,Pre Covid
2846,331,Unknown Lounge,Frankfurt Main Airport,Business Class,Business,0,2009-07-30,United Kingdom,1.0,1.0,2.0,2.0,3.0,1.0,1.0,0,Historical (Pre-2015),Negative,-0.9538,Pre Covid
2847,331,Unknown Lounge,Frankfurt Main Airport,Business Class,Business,0,2009-07-30,United Kingdom,,,1.0,1.0,4.0,,2.0,0,Historical (Pre-2015),Positive,0.9131,Pre Covid
2848,331,Unknown Lounge,Frankfurt Main Airport,Business Class,Business,0,2009-07-30,United Kingdom,1.0,4.0,4.0,1.0,3.0,,2.0,0,Historical (Pre-2015),Positive,0.4936,Pre Covid
2849,331,Unknown Lounge,Dusseldorf Airport,Business Class,Business,0,2009-07-30,United Kingdom,4.0,5.0,4.0,2.0,4.0,3.0,3.0,0,Historical (Pre-2015),Positive,0.9632,Pre Covid
2850,331,Unknown Lounge,Boston Logan Airport,First Class,Unknown,0,2009-07-15,United Kingdom,1.0,4.0,4.0,2.0,,3.0,3.0,0,Historical (Pre-2015),Negative,-0.8737,Pre Covid
2851,331,Unknown Lounge,Frankfurt Main Airport,Business Class,Business,0,2009-07-14,United Kingdom,3.0,4.0,3.0,1.0,2.0,1.0,2.0,0,Historical (Pre-2015),Negative,-0.8071,Pre Covid
2852,331,Unknown Lounge,Boston Logan Airport,Business Class,Business,0,2009-06-14,United Kingdom,2.0,4.0,3.0,4.0,,1.0,3.0,0,Historical (Pre-2015),Positive,0.9018,Pre Covid
2853,331,Star Alliance Lounge,Madrid Barajas Airport,Business Class,Business,0,2009-05-05,United Kingdom,1.0,1.0,,,3.0,,1.0,0,Historical (Pre-2015),Negative,-0.6584,Pre Covid
2854,331,Unknown Lounge,Frankfurt Main Airport,Unknown,Unknown,0,2009-03-18,United Kingdom,5.0,5.0,5.0,5.0,5.0,4.0,5.0,0,Historical (Pre-2015),Positive,0.743,Pre Covid
2855,331,Unknown Lounge,Frankfurt Main Airport,Unknown,Unknown,0,2009-03-01,United Kingdom,5.0,5.0,5.0,5.0,5.0,4.0,5.0,0,Historical (Pre-2015),Positive,0.9857,Pre Covid
2856,331,Senator Lounge,Frankfurt Main Airport,Unknown,Unknown,0,2009-01-05,United Kingdom,3.0,3.0,4.0,3.0,3.0,,3.0,0,Historical (Pre-2015),Positive,0.8838,Pre Covid
2857,331,Senator / Star Alliance Lounge,Hannover Airport,Unknown,Unknown,0,2009-01-05,United Kingdom,3.0,4.0,3.0,2.0,3.0,,3.0,0,Historical (Pre-2015),Negative,-0.6929,Pre Covid
2859,318,Art & Lounge,Newark Airport,Unknown,Unknown,0,2015-11-06,United States,1.0,2.0,2.0,2.0,2.0,3.0,2.0,0,Modern (2015-Present),Positive,0.4003,Pre Covid
2860,395,Business Lounge,Islamabad Airport,Business Class,Business,0,2020-02-10,United Kingdom,5.0,5.0,3.0,2.0,,3.0,5.0,0,Modern (2015-Present),Positive,0.8699,Covid
2861,395,Unknown Lounge,Islamabad Airport,Business Class,Business,0,2019-10-22,Pakistan,4.0,5.0,2.0,2.0,2.0,2.0,4.0,1,Modern (2015-Present),Positive,0.8384,Pre Covid
2862,395,Unknown Lounge,Karachi Airport,Business Class,Business,0,2010-07-04,United Kingdom,4.0,3.0,4.0,3.0,2.0,3.0,4.0,0,Historical (Pre-2015),Positive,0.4563,Pre Covid
2863,353,Unknown Lounge,Beirut Airport,Business Class,Business,0,2016-07-27,Saudi Arabia,4.0,4.0,3.0,3.0,3.0,5.0,4.0,1,Modern (2015-Present),Positive,0.9499,Pre Covid
2864,353,Cedar Lounge,Beirut Airport,Business Class,Business,0,2016-02-02,Russian Federation,4.0,3.0,4.0,2.0,2.0,3.0,3.0,1,Modern (2015-Present),Positive,0.9849,Pre Covid
2865,353,Cedar Lounge,Beirut Airport,Business Class,Business,0,2015-11-24,Lebanon,5.0,5.0,5.0,4.0,4.0,4.0,5.0,1,Modern (2015-Present),Positive,0.7302,Pre Covid
2866,353,Unknown Lounge,Beirut Airport,Business Class,Business,0,2011-06-07,Italy,4.0,5.0,4.0,4.0,3.0,4.0,5.0,0,Historical (Pre-2015),Positive,0.9324,Pre Covid
2867,371,Gatwick North No 1 lounge,London Gatwick Airport,Pay to Use,Unknown,0,2019-10-13,United Kingdom,3.0,3.0,2.0,2.0,2.0,4.0,3.0,0,Modern (2015-Present),Negative,-0.8917,Pre Covid
2868,371,Unknown Lounge,London Gatwick Airport,Pay to Use,Unknown,1,2019-07-13,United States,4.0,4.0,5.0,3.0,4.0,4.0,5.0,1,Modern (2015-Present),Positive,0.8442,Pre Covid
2869,371,No1 Lounge,London Gatwick Airport,Pay to Use,Unknown,0,2018-08-13,United Kingdom,2.0,2.0,2.0,2.0,3.0,3.0,2.0,0,Modern (2015-Present),Negative,-0.8564,Pre Covid
2870,371,Unknown Lounge,London Gatwick Airport,Pay to Use,Unknown,0,2018-07-01,United Kingdom,3.0,4.0,4.0,4.0,3.0,,,1,Modern (2015-Present),Positive,0.8765,Pre Covid
2871,371,Escape Lounge,Manchester Airport,Business Class,Business,0,2017-10-03,United Kingdom,4.0,4.0,4.0,3.0,2.0,,3.0,1,Modern (2015-Present),Positive,0.9206,Pre Covid
2872,371,No.1 Lounge,London Gatwick Airport,Pay to Use,Unknown,0,2017-06-10,United Kingdom,3.0,3.0,2.0,2.0,3.0,4.0,3.0,0,Modern (2015-Present),Negative,-0.4588,Pre Covid
2873,371,No.1,London Gatwick Airport,Business Class,Business,0,2017-04-08,United Kingdom,4.0,3.0,5.0,5.0,4.0,5.0,5.0,1,Modern (2015-Present),Positive,0.9184,Pre Covid
2874,371,Unknown Lounge,London Gatwick Airport,Unknown,Unknown,0,2015-10-16,United Kingdom,2.0,1.0,2.0,2.0,1.0,1.0,2.0,0,Modern (2015-Present),Positive,0.8096,Pre Covid
2875,371,No 1 Traveller,Birmingham Airport,Frequent Flyer,Unknown,0,2015-07-09,United Kingdom,3.0,3.0,3.0,2.0,,2.0,3.0,0,Modern (2015-Present),Negative,-0.8311,Pre Covid
2876,371,Unknown Lounge,London Heathrow Airport,Business Class,Business,0,2013-01-18,United States,1.0,1.0,1.0,1.0,1.0,,1.0,0,Historical (Pre-2015),Negative,-0.7922,Pre Covid
2877,412,IGA Lounge Domestic,Istanbul Airport,Pay to Use,Unknown,1,2026-06-08,United States,3.0,4.0,4.0,4.0,,,4.0,0,Modern (2015-Present),Negative,-0.4525,After Covid
2878,412,Prime Class Lounge,Muscat Seeb Airport,Business Class,Business,1,2025-11-19,United States,5.0,5.0,,5.0,5.0,,5.0,1,Modern (2015-Present),Positive,0.9387,After Covid
2879,412,The Lounge,Cancun Airport,Members,Unknown,1,2025-02-14,United States,4.0,4.0,4.0,4.0,,5.0,4.0,1,Modern (2015-Present),Positive,0.861,After Covid
2880,412,Dan Lounge,Tel Aviv Airport,Members,Unknown,1,2022-09-25,United States,3.0,3.0,,,,,3.0,0,Modern (2015-Present),Negative,-0.7405,After Covid
2881,412,The Club at CLT,Charlotte Airport,Members,Unknown,1,2022-06-30,United States,4.0,4.0,,,4.0,4.0,,1,Modern (2015-Present),Positive,0.9352,After Covid
2882,412,Swissport Lounge,Chicago O'Hare Airport,Members,Unknown,1,2022-05-25,United States,3.0,3.0,,2.0,,3.0,4.0,1,Modern (2015-Present),Positive,0.1022,After Covid
2883,412,Unknown Lounge,Toronto Pearson Airport,Members,Unknown,0,2020-04-17,Canada,1.0,1.0,1.0,1.0,1.0,1.0,1.0,0,Modern (2015-Present),Negative,-0.8012,Covid
2884,412,Unknown Lounge,Sydney Airport,Pay to Use,Unknown,0,2020-03-19,Australia,1.0,1.0,1.0,1.0,1.0,1.0,1.0,0,Modern (2015-Present),Positive,0.5809,Covid
2885,412,Executive,Pisa Airport,Pay to Use,Unknown,0,2019-09-17,United Kingdom,4.0,4.0,3.0,4.0,3.0,4.0,4.0,1,Modern (2015-Present),Positive,0.4951,Pre Covid
2886,412,Goldair CIP Lounge,Athens Airport,Members,Unknown,1,2019-01-11,United States,4.0,4.0,,4.0,4.0,4.0,5.0,1,Modern (2015-Present),Positive,0.9423,Pre Covid
2887,412,Business Lounge,Tirana Airport,Members,Unknown,1,2019-01-11,United States,4.0,5.0,,4.0,4.0,5.0,4.0,1,Modern (2015-Present),Positive,0.973,Pre Covid
2888,412,Unknown Lounge,Amsterdam Schiphol Airport,Members,Unknown,0,2018-12-03,United States,1.0,1.0,,,,,1.0,0,Modern (2015-Present),Negative,-0.7405,Pre Covid
2889,412,Unknown Lounge,Bari Palese Airport,Members,Unknown,1,2018-11-01,Ireland,1.0,1.0,1.0,1.0,1.0,1.0,1.0,0,Modern (2015-Present),Negative,-0.8871,Pre Covid
2890,412,PrimeClass,Frankfurt Main Airport,Members,Unknown,1,2018-09-24,United States,4.0,5.0,4.0,4.0,4.0,4.0,3.0,1,Modern (2015-Present),Positive,0.8779,Pre Covid
2891,412,Priority Pass,Cabo San Lucas,Members,Unknown,0,2018-08-21,United States,1.0,1.0,1.0,1.0,2.0,1.0,1.0,0,Modern (2015-Present),Positive,0.8057,Pre Covid
2892,412,Unknown Lounge,Istanbul Sabiha Gökçen Airport,Members,Unknown,0,2018-06-16,United Kingdom,1.0,1.0,2.0,1.0,,2.0,1.0,0,Modern (2015-Present),Negative,-0.8999,Pre Covid
2893,412,YoTelair Lounge,Paris CDG Airport,Members,Unknown,1,2018-03-19,Ireland,1.0,1.0,1.0,1.0,1.0,1.0,1.0,0,Modern (2015-Present),Negative,-0.9323,Pre Covid
2894,412,Dublin,Dublin Airport,Members,Unknown,1,2018-03-19,Ireland,3.0,4.0,4.0,4.0,4.0,4.0,5.0,1,Modern (2015-Present),Positive,0.9894,Pre Covid
2895,412,Terminal B,Punta Cana Airport,Members,Unknown,1,2018-03-09,United Kingdom,3.0,4.0,4.0,3.0,3.0,2.0,3.0,1,Modern (2015-Present),Positive,0.9331,Pre Covid
2896,412,DNATA T1,Singapore Changi Airport,Members,Unknown,1,2017-12-19,Singapore,5.0,4.0,5.0,4.0,4.0,4.0,5.0,1,Modern (2015-Present),Positive,0.8519,Pre Covid
2897,412,Priority Pass,Edmonton Airport,Pay to Use,Unknown,0,2017-10-13,Canada,3.0,1.0,1.0,4.0,4.0,4.0,1.0,1,Modern (2015-Present),Negative,-0.7609,Pre Covid
2898,412,Miracle First Class Lounge,Bangkok Suvarnabhumi Airport,Members,Unknown,0,2017-10-08,Thailand,4.0,5.0,4.0,4.0,4.0,4.0,5.0,1,Modern (2015-Present),Positive,0.9682,Pre Covid
2899,412,SATS Premier Lounge,Singapore Changi Airport,Members,Unknown,0,2017-10-08,Thailand,5.0,4.0,5.0,5.0,5.0,5.0,5.0,1,Modern (2015-Present),Positive,0.7684,Pre Covid
2900,412,Wellcome Lounge,Riyadh Airport,Frequent Flyer,Unknown,0,2017-09-20,Saudi Arabia,4.0,5.0,1.0,1.0,4.0,5.0,5.0,1,Modern (2015-Present),Positive,0.8885,Pre Covid
2901,412,SJO American Express,San Jose Intl Airport,Members,Unknown,0,2017-07-21,United States,1.0,1.0,1.0,1.0,1.0,5.0,3.0,0,Modern (2015-Present),Negative,-0.5676,Pre Covid
2902,412,Ambassdor Transit Lounge,Singapore Changi Airport,Business Class,Business,0,2017-07-01,Thailand,4.0,5.0,3.0,3.0,5.0,4.0,4.0,1,Modern (2015-Present),Positive,0.3612,Pre Covid
2903,412,Vitosha,Sofia Airport,Members,Unknown,0,2017-06-19,Bulgaria,4.0,4.0,2.0,3.0,,5.0,4.0,1,Modern (2015-Present),Positive,0.8555,Pre Covid
2904,412,Priority Pass,Hamad  Doha Airport,Business Class,Business,0,2017-04-08,New Zealand,2.0,3.0,2.0,2.0,4.0,2.0,2.0,0,Modern (2015-Present),Negative,-0.659,Pre Covid
2905,412,Unknown Lounge,Hong Kong Airport,Pay to Use,Unknown,0,2017-04-08,Australia,2.0,3.0,3.0,3.0,,3.0,3.0,0,Modern (2015-Present),Positive,0.6127,Pre Covid
2906,412,Unknown Lounge,Shenzhen Baoan Airport,Unknown,Unknown,0,2017-03-27,Australia,1.0,2.0,1.0,1.0,,,1.0,0,Modern (2015-Present),Positive,0.381,Pre Covid
2907,412,Wingtips,New York JFK Airport,Unknown,Unknown,0,2017-03-19,United States,1.0,3.0,2.0,1.0,3.0,3.0,2.0,0,Modern (2015-Present),Negative,-0.607,Pre Covid
2908,412,Las Vegas Club Terminal 3,Las Vegas Airport,Unknown,Unknown,0,2017-03-11,United Kingdom,4.0,4.0,4.0,3.0,3.0,4.0,4.0,1,Modern (2015-Present),Positive,0.9255,Pre Covid
2909,412,Wingtips,New York JFK Airport,Frequent Flyer,Unknown,0,2017-03-02,Thailand,3.0,5.0,4.0,4.0,3.0,4.0,5.0,1,Modern (2015-Present),Positive,0.4215,Pre Covid
2910,412,Unknown Lounge,San Juan Airport,Frequent Flyer,Unknown,0,2017-03-01,Puerto Rico,4.0,4.0,5.0,3.0,2.0,3.0,1.0,0,Modern (2015-Present),Negative,-0.4653,Pre Covid
2911,412,Louis Tavern,Bangkok Suvarnabhumi Airport,Frequent Flyer,Unknown,0,2017-02-15,France,3.0,5.0,3.0,3.0,,4.0,,0,Modern (2015-Present),Negative,-0.8225,Pre Covid
2912,412,SATS Premier Lounge,Singapore Changi Airport,Frequent Flyer,Unknown,0,2017-02-08,Thailand,4.0,5.0,4.0,4.0,4.0,4.0,4.0,1,Modern (2015-Present),Positive,0.9707,Pre Covid
2913,412,Escape T2,Manchester Airport,Frequent Flyer,Unknown,0,2017-01-31,United Kingdom,1.0,2.0,1.0,1.0,,1.0,1.0,0,Modern (2015-Present),Negative,-0.8442,Pre Covid
2914,412,Sala VIP Pau Casals,Barcelona Airport,Frequent Flyer,Unknown,0,2017-01-08,Australia,4.0,4.0,4.0,3.0,,4.0,4.0,1,Modern (2015-Present),Positive,0.9108,Pre Covid
2915,412,Europe,Berlin Tegel Airport,Frequent Flyer,Unknown,0,2016-01-31,Czech Republic,1.0,1.0,1.0,1.0,,1.0,1.0,0,Modern (2015-Present),Negative,-0.795,Pre Covid
2916,412,CIP Lounge - Gate G,Bangkok Suvarnabhumi Airport,Frequent Flyer,Unknown,0,2015-11-25,United Kingdom,4.0,4.0,4.0,4.0,3.0,4.0,4.0,1,Modern (2015-Present),Positive,0.4678,Pre Covid
2917,412,Unknown Lounge,Istanbul Airport,Frequent Flyer,Unknown,0,2015-11-24,United States,3.0,3.0,4.0,2.0,4.0,4.0,4.0,1,Modern (2015-Present),Positive,0.9371,Pre Covid
2918,412,Salon Icare,Paris CDG Airport,Business Class,Business,0,2015-10-05,Singapore,2.0,3.0,2.0,2.0,1.0,2.0,2.0,0,Modern (2015-Present),Positive,0.4767,Pre Covid
2919,412,Priority Pass,Calgary Airport,Frequent Flyer,Unknown,0,2015-07-11,Canada,4.0,4.0,4.0,1.0,,2.0,2.0,0,Modern (2015-Present),Positive,0.296,Pre Covid
2920,412,Casitas,Barcelona Airport,Business Class,Business,0,2015-04-02,United Kingdom,4.0,4.0,3.0,1.0,3.0,1.0,1.0,0,Modern (2015-Present),Positive,0.6183,Pre Covid
2921,412,Karubuni,Entebbe Airport,Business Class,Business,0,2015-02-21,United States,5.0,5.0,4.0,4.0,4.0,4.0,4.0,0,Modern (2015-Present),Positive,0.9606,Pre Covid
2922,412,Escape,Manchester Airport,Business Class,Business,0,2015-02-21,United Kingdom,2.0,2.0,2.0,2.0,3.0,3.0,2.0,0,Modern (2015-Present),Negative,-0.6686,Pre Covid
2923,412,Zanzibar Dhow,Zanzibar Airport,Business Class,Business,0,2015-02-05,United States,4.0,4.0,3.0,4.0,3.0,3.0,4.0,1,Modern (2015-Present),Positive,0.962,Pre Covid
2924,412,Unknown Lounge,Calgary Airport,Business Class,Business,0,2013-07-07,Canada,4.0,4.0,3.0,3.0,5.0,4.0,2.0,0,Historical (Pre-2015),Positive,0.4404,Pre Covid
2925,412,Ambassador,Singapore Changi Airport,Business Class,Business,0,2013-05-29,Singapore,3.0,4.0,2.0,1.0,4.0,4.0,4.0,0,Historical (Pre-2015),Positive,0.8893,Pre Covid
2926,412,Ambassador,Singapore Changi Airport,Business Class,Business,0,2013-04-04,Singapore,2.0,3.0,2.0,2.0,3.0,3.0,4.0,0,Historical (Pre-2015),Negative,-0.6705,Pre Covid
2927,412,Unknown Lounge,Johannesburg Airport,Business Class,Business,0,2013-03-20,United States,1.0,1.0,2.0,2.0,2.0,1.0,3.0,0,Historical (Pre-2015),Negative,-0.6679,Pre Covid
2928,412,Servisair,London Heathrow Airport,Business Class,Business,0,2013-02-19,United Kingdom,1.0,1.0,1.0,1.0,1.0,1.0,1.0,0,Historical (Pre-2015),Negative,-0.476,Pre Covid
2929,412,IASS Executive,Tokyo Narita Airport,Business Class,Business,0,2013-01-01,Australia,2.0,2.0,1.0,1.0,1.0,2.0,2.0,0,Historical (Pre-2015),Negative,-0.9729,Pre Covid
2930,412,Ambassador,Singapore Changi Airport,Business Class,Business,0,2012-11-08,Hong Kong,5.0,5.0,1.0,2.0,4.0,5.0,5.0,0,Historical (Pre-2015),Positive,0.466,Pre Covid
2931,412,Servisair,Amsterdam Schiphol Airport,Business Class,Business,0,2012-09-04,United Kingdom,5.0,5.0,5.0,2.0,3.0,1.0,3.0,1,Historical (Pre-2015),Positive,0.9423,Pre Covid
2932,412,Unknown Lounge,Beijing Capital Airport,Business Class,Business,0,2012-07-25,India,2.0,3.0,1.0,1.0,3.0,4.0,1.0,0,Historical (Pre-2015),Negative,-0.846,Pre Covid
2933,412,Unknown Lounge,Genova Airport,Business Class,Business,0,2012-02-28,Canada,1.0,2.0,1.0,1.0,3.0,1.0,2.0,0,Historical (Pre-2015),Positive,0.1759,Pre Covid
2934,412,Lotus,Colombo Airport,Business Class,Business,0,2011-11-28,United Arab Emirates,4.0,4.0,3.0,1.0,3.0,4.0,3.0,1,Historical (Pre-2015),Negative,-0.58,Pre Covid
2935,412,Oasis,New York JFK Airport,Business Class,Business,0,2011-05-22,United States,4.0,3.0,5.0,3.0,3.0,5.0,5.0,0,Historical (Pre-2015),Positive,0.9595,Pre Covid
2936,412,Unknown Lounge,London Heathrow Airport,Business Class,Business,0,2011-05-03,United Kingdom,1.0,2.0,2.0,1.0,3.0,2.0,1.0,0,Historical (Pre-2015),Negative,-0.6486,Pre Covid
2937,412,Airport Club,Berlin Tegel Airport,Frequent Flyer,Unknown,0,2011-05-01,Australia,3.0,1.0,3.0,1.0,1.0,1.0,3.0,0,Historical (Pre-2015),Negative,-0.2594,Pre Covid
2938,412,Elli-beinhorn,Stuttgart Airport,Business Class,Business,0,2011-05-01,Australia,2.0,3.0,1.0,1.0,1.0,1.0,1.0,0,Historical (Pre-2015),Negative,-0.243,Pre Covid
2939,412,Diners Club,Bangkok Suvarnabhumi Airport,Business Class,Business,0,2011-01-27,United Kingdom,2.0,3.0,2.0,2.0,1.0,3.0,3.0,0,Historical (Pre-2015),Negative,-0.8932,Pre Covid
2940,412,Diners Club,Bangkok Suvarnabhumi Airport,Frequent Flyer,Unknown,0,2011-01-10,Denmark,3.0,4.0,3.0,2.0,1.0,4.0,5.0,0,Historical (Pre-2015),Positive,0.4977,Pre Covid
2941,412,Cedar Lounge,Beirut Airport,Frequent Flyer,Unknown,0,2010-08-28,United Kingdom,4.0,4.0,5.0,3.0,4.0,5.0,4.0,0,Historical (Pre-2015),Positive,0.7845,Pre Covid
2942,412,Oryx,Doha Airport,Frequent Flyer,Unknown,0,2010-08-14,United Kingdom,4.0,5.0,3.0,3.0,4.0,5.0,4.0,0,Historical (Pre-2015),Positive,0.4588,Pre Covid
2943,412,BGS Lounge,Beijing Capital Airport,Business Class,Business,0,2010-08-14,United Kingdom,4.0,3.0,1.0,1.0,4.0,3.0,2.0,0,Historical (Pre-2015),Positive,0.9249,Pre Covid
2944,412,Unknown Lounge,Tokyo Narita Airport,Frequent Flyer,Unknown,0,2010-01-19,United Kingdom,4.0,3.0,3.0,3.0,1.0,3.0,4.0,0,Historical (Pre-2015),Positive,0.8016,Pre Covid
2945,343,Miracle Lounge,Bangkok Don Muang Airport,Business Class,Business,1,2018-11-27,Malaysia,2.0,1.0,1.0,1.0,1.0,3.0,1.0,0,Modern (2015-Present),Negative,-0.68,Pre Covid
2946,407,Unknown Lounge,Hong Kong Airport,First Class,Unknown,0,2026-03-05,New Zealand,3.0,4.0,4.0,1.0,5.0,5.0,5.0,0,Modern (2015-Present),Positive,0.9637,After Covid
2947,407,Plaza Premium First,Hong Kong Airport,Frequent Flyer,Unknown,1,2024-12-16,Vietnam,5.0,5.0,5.0,5.0,5.0,5.0,4.0,1,Modern (2015-Present),Positive,0.749,After Covid
2948,407,Plaza Premium,Sydney Airport,Frequent Flyer,Unknown,1,2024-08-19,Vietnam,4.0,5.0,4.0,3.0,1.0,3.0,4.0,0,Modern (2015-Present),Positive,0.8453,After Covid
2949,407,Plaza Premium,Cancun Airport,Pay to Use,Unknown,1,2024-02-20,United States,5.0,5.0,4.0,5.0,4.0,5.0,5.0,1,Modern (2015-Present),Positive,0.969,After Covid
2950,407,Terminal 4,London Heathrow Airport,Business Class,Business,1,2024-01-14,United Kingdom,1.0,1.0,1.0,1.0,1.0,,1.0,0,Modern (2015-Present),Negative,-0.9137,After Covid
2951,407,Plaza Premium,Rome Fiumicino Airport,Business Class,Business,1,2023-12-02,Belgium,1.0,2.0,1.0,1.0,1.0,,1.0,0,Modern (2015-Present),Negative,-0.8249,After Covid
2952,407,Plaza Premium Lounge,Vancouver Airport,Members,Unknown,1,2023-07-18,United States,4.0,4.0,,4.0,4.0,5.0,5.0,1,Modern (2015-Present),Positive,0.9409,After Covid
2953,407,Plaza Premium Lounge,Jakarta Airport,Frequent Flyer,Unknown,1,2023-01-03,Germany,5.0,5.0,4.0,4.0,4.0,3.0,5.0,1,Modern (2015-Present),Positive,0.9497,After Covid
2954,407,Plaza Premium Lounge T3,Delhi Airport,Frequent Flyer,Unknown,1,2022-10-14,United Arab Emirates,1.0,2.0,,1.0,,,1.0,0,Modern (2015-Present),Positive,0.9274,After Covid
2955,407,Plaza Premium,Clark Airport,Pay to Use,Unknown,1,2022-09-08,United Kingdom,5.0,5.0,4.0,4.0,4.0,5.0,5.0,1,Modern (2015-Present),Positive,0.9387,After Covid
2956,407,Plaza Premium Lounge,Jakarta Airport,Frequent Flyer,Unknown,1,2022-08-10,Indonesia,4.0,4.0,3.0,3.0,4.0,3.0,5.0,1,Modern (2015-Present),Positive,0.5927,After Covid
2957,407,Unknown Lounge,Toronto Pearson Airport,Business Class,Business,1,2022-07-07,United Kingdom,2.0,2.0,3.0,1.0,1.0,3.0,1.0,0,Modern (2015-Present),Negative,-0.8021,After Covid
2958,407,Unknown Lounge,Addis Ababa Airport,Pay to Use,Unknown,1,2022-06-04,United Kingdom,2.0,4.0,1.0,1.0,,3.0,1.0,0,Modern (2015-Present),Positive,0.6813,After Covid
2959,407,Unknown Lounge,Hong Kong Airport,Pay to Use,Unknown,0,2021-03-07,Hong Kong,4.0,4.0,1.0,1.0,,3.0,3.0,0,Modern (2015-Present),Positive,0.9352,Covid
2960,407,Plaza Premium Lounge Dubai,Dubai Airport,Members,Unknown,0,2020-01-29,United Arab Emirates,5.0,5.0,5.0,4.0,5.0,5.0,5.0,1,Modern (2015-Present),Positive,0.9785,Covid
2961,407,Unknown Lounge,Dubai Airport,Pay to Use,Unknown,1,2020-01-19,Russian Federation,5.0,5.0,5.0,5.0,5.0,5.0,5.0,1,Modern (2015-Present),Positive,0.9847,Covid
2962,407,Unknown Lounge,Dubai Airport,Members,Unknown,1,2020-01-09,South Africa,5.0,5.0,5.0,5.0,5.0,5.0,5.0,1,Modern (2015-Present),Positive,0.7635,Covid
2963,407,Plaza Premium Lounge,Phnom Penh Airport,Business Class,Business,1,2019-12-12,United Kingdom,4.0,4.0,2.0,3.0,,4.0,4.0,1,Modern (2015-Present),Positive,0.9846,Pre Covid
2964,407,Plaza Premium International Departure,KLIA Kuala Lumpur Airport,Pay to Use,Unknown,1,2019-11-27,Vietnam,4.0,5.0,3.0,3.0,3.0,5.0,2.0,0,Modern (2015-Present),Positive,0.535,Pre Covid
2965,407,Unknown Lounge,Delhi Airport,Members,Unknown,1,2019-11-25,India,4.0,4.0,5.0,5.0,4.0,,5.0,1,Modern (2015-Present),Positive,0.9908,Pre Covid
2966,407,Plaza Premium Lounge,Rome Fiumicino Airport,Business Class,Business,1,2019-08-19,Italy,5.0,5.0,5.0,5.0,5.0,,,1,Modern (2015-Present),Positive,0.9633,Pre Covid
2967,407,Unknown Lounge,Brisbane Airport,Pay to Use,Unknown,1,2019-07-03,Australia,3.0,4.0,3.0,4.0,4.0,,4.0,1,Modern (2015-Present),Positive,0.9928,Pre Covid
2968,407,Plaza Premium,Phnom Penh Airport,Pay to Use,Unknown,1,2019-04-04,Vietnam,4.0,4.0,3.0,3.0,4.0,5.0,4.0,1,Modern (2015-Present),Negative,-0.8531,Pre Covid
2969,407,Unknown Lounge,Rome Fiumicino Airport,Members,Unknown,1,2019-03-13,United Kingdom,5.0,5.0,3.0,5.0,,,5.0,1,Modern (2015-Present),Positive,0.891,Pre Covid
2970,407,Plaza Premium,Phnom Penh Airport,Frequent Flyer,Unknown,0,2018-11-11,Vietnam,5.0,5.0,1.0,1.0,3.0,3.0,4.0,1,Modern (2015-Present),Positive,0.2543,Pre Covid
2971,407,Plaza Premium,Penang Airport,Pay to Use,Unknown,1,2018-04-27,United Kingdom,2.0,1.0,1.0,2.0,1.0,,1.0,0,Modern (2015-Present),Negative,-0.807,Pre Covid
2972,407,Unknown Lounge,Bangalore Airport,Pay to Use,Unknown,1,2018-04-22,India,5.0,5.0,4.0,5.0,4.0,1.0,3.0,1,Modern (2015-Present),Positive,0.9442,Pre Covid
2973,407,Unknown Lounge,KLIA Kuala Lumpur Airport,Pay to Use,Unknown,1,2018-03-31,United Kingdom,3.0,4.0,2.0,1.0,3.0,3.0,4.0,0,Modern (2015-Present),Negative,-0.8924,Pre Covid
2974,407,Plaza Premium KLIA,KLIA Kuala Lumpur Airport,Pay to Use,Unknown,1,2018-03-05,United Kingdom,1.0,1.0,3.0,2.0,1.0,2.0,1.0,0,Modern (2015-Present),Negative,-0.4215,Pre Covid
2975,407,Plaza Premium Lounge,Rio De Janeiro Airport,Frequent Flyer,Unknown,1,2018-01-30,Argentina,5.0,5.0,5.0,5.0,5.0,5.0,5.0,1,Modern (2015-Present),Positive,0.8856,Pre Covid
2976,407,Plaza Premium,Hong Kong Airport,Members,Unknown,1,2018-01-19,Hong Kong,3.0,4.0,3.0,3.0,3.0,5.0,4.0,1,Modern (2015-Present),Positive,0.8886,Pre Covid
2977,407,Plaza Premium,Brisbane Airport,Pay to Use,Unknown,1,2018-01-18,Australia,5.0,5.0,5.0,5.0,5.0,5.0,5.0,1,Modern (2015-Present),Positive,0.9618,Pre Covid
2978,407,Plaza Premium,Taipei Airport,Members,Unknown,0,2017-09-03,Hong Kong,5.0,5.0,5.0,5.0,5.0,5.0,5.0,1,Modern (2015-Present),Positive,0.9789,Pre Covid
2979,407,Plaza Premium,Hong Kong Airport,Members,Unknown,0,2017-09-02,Hong Kong,4.0,4.0,5.0,3.0,4.0,4.0,4.0,1,Modern (2015-Present),Positive,0.8446,Pre Covid
2980,407,Unknown Lounge,Riyadh Airport,First Class,Unknown,0,2017-05-17,Qatar,2.0,4.0,2.0,1.0,5.0,4.0,3.0,1,Modern (2015-Present),Positive,0.8075,Pre Covid
2981,407,Plaza Premium,London Heathrow Airport,Members,Unknown,0,2017-03-29,Saudi Arabia,5.0,5.0,5.0,5.0,5.0,5.0,5.0,1,Modern (2015-Present),Positive,0.8979,Pre Covid
2982,407,Plaza Premium,KLIA Kuala Lumpur Airport,Business Class,Business,0,2017-03-19,United Kingdom,3.0,3.0,2.0,1.0,2.0,3.0,1.0,1,Modern (2015-Present),Positive,0.292,Pre Covid
2983,407,Plaza Premium,KLIA Kuala Lumpur Airport,Business Class,Business,0,2017-03-06,Qatar,1.0,1.0,1.0,1.0,1.0,,,0,Modern (2015-Present),Negative,-0.9544,Pre Covid
2984,407,Unknown Lounge,Phnom Penh Airport,Business Class,Business,0,2017-02-03,Denmark,5.0,5.0,4.0,5.0,5.0,5.0,5.0,1,Modern (2015-Present),Positive,0.9862,Pre Covid
2985,407,Unknown Lounge,Phnom Penh Airport,Business Class,Business,0,2016-12-21,Vietnam,5.0,4.0,3.0,4.0,4.0,4.0,5.0,1,Modern (2015-Present),Positive,0.8588,Pre Covid
2986,407,Plaza,London Heathrow Airport,Unknown,Unknown,0,2016-11-05,United Kingdom,5.0,5.0,5.0,5.0,5.0,5.0,5.0,0,Modern (2015-Present),Positive,0.9571,Pre Covid
2987,407,Unknown Lounge,Hyderabad Airport,Business Class,Business,0,2016-10-16,United Kingdom,1.0,1.0,,1.0,1.0,1.0,1.0,0,Modern (2015-Present),Negative,-0.7616,Pre Covid
2988,407,Al Reem Lounge,Abu Dhabi Airport,Unknown,Unknown,0,2016-08-01,Singapore,3.0,4.0,3.0,3.0,4.0,3.0,4.0,1,Modern (2015-Present),Positive,0.8859,Pre Covid
2989,407,Unknown Lounge,KLIA Kuala Lumpur Airport,Frequent Flyer,Unknown,0,2016-07-28,Malaysia,4.0,4.0,2.0,2.0,4.0,4.0,4.0,1,Modern (2015-Present),Positive,0.9841,Pre Covid
2990,407,Unknown Lounge,Kota Kinabalu Airport,Frequent Flyer,Unknown,0,2016-07-27,Malaysia,4.0,4.0,3.0,3.0,4.0,4.0,3.0,1,Modern (2015-Present),Positive,0.9518,Pre Covid
2991,407,LHR Terminal 4,London Heathrow Airport,First Class,Unknown,0,2016-07-24,Bahrain,5.0,5.0,5.0,5.0,5.0,5.0,5.0,1,Modern (2015-Present),Positive,0.936,Pre Covid
2992,407,Unknown Lounge,Delhi Airport,Frequent Flyer,Unknown,0,2016-01-05,India,1.0,4.0,1.0,1.0,,2.0,2.0,0,Modern (2015-Present),Negative,-0.6588,Pre Covid
2993,407,Unknown Lounge,Hyderabad Airport,Business Class,Business,0,2016-01-03,Denmark,4.0,3.0,3.0,2.0,3.0,2.0,3.0,1,Modern (2015-Present),Positive,0.6808,Pre Covid
2994,407,Unknown Lounge,London Heathrow Airport,Frequent Flyer,Unknown,0,2015-11-25,United Kingdom,4.0,4.0,4.0,4.0,3.0,4.0,5.0,1,Modern (2015-Present),Positive,0.9905,Pre Covid
2995,407,Plaza Premium,Vancouver Airport,Business Class,Business,0,2015-10-02,United Kingdom,3.0,4.0,2.0,3.0,3.0,3.0,4.0,0,Modern (2015-Present),Positive,0.2315,Pre Covid
2996,407,Unknown Lounge,Toronto Pearson Airport,Business Class,Business,0,2014-10-05,Canada,5.0,4.0,5.0,5.0,4.0,5.0,5.0,1,Historical (Pre-2015),Positive,0.9777,Pre Covid
2997,407,Unknown Lounge,Hong Kong Airport,Business Class,Business,0,2014-10-05,United States,5.0,5.0,4.0,4.0,4.0,4.0,5.0,1,Historical (Pre-2015),Positive,0.8481,Pre Covid
2998,407,Unknown Lounge,Toronto Pearson Airport,Business Class,Business,0,2013-04-24,Canada,5.0,5.0,5.0,5.0,4.0,,5.0,1,Historical (Pre-2015),Positive,0.9419,Pre Covid
2999,407,Unknown Lounge,Hong Kong Airport,Business Class,Business,0,2013-01-18,Australia,4.0,4.0,4.0,4.0,4.0,5.0,5.0,1,Historical (Pre-2015),Positive,0.9416,Pre Covid
3000,407,Unknown Lounge,Vancouver Airport,Business Class,Business,0,2009-07-14,United Kingdom,2.0,3.0,2.0,1.0,3.0,3.0,2.0,0,Historical (Pre-2015),Positive,0.9391,Pre Covid
3001,405,Mabuhay Lounge,Manila Airport,Business Class,Business,1,2024-01-14,Saudi Arabia,5.0,5.0,5.0,5.0,5.0,5.0,5.0,1,Modern (2015-Present),Positive,0.8402,After Covid
3002,405,Marhaba Lounge T1,Manila Airport,Business Class,Business,0,2023-08-21,Australia,1.0,2.0,1.0,1.0,1.0,3.0,2.0,0,Modern (2015-Present),Positive,0.9603,After Covid
3003,405,Mabuhay Lounge,Manila Airport,Business Class,Business,1,2019-10-20,United States,4.0,5.0,5.0,5.0,5.0,5.0,5.0,1,Modern (2015-Present),Positive,0.9698,Pre Covid
3004,405,PAGSS Terminal 1,Manila Airport,Frequent Flyer,Unknown,1,2019-09-06,Saudi Arabia,5.0,5.0,5.0,5.0,5.0,5.0,5.0,1,Modern (2015-Present),Positive,0.2684,Pre Covid
3005,405,Mabuhay Lounge,Manila Airport,Members,Unknown,1,2019-07-29,United States,4.0,5.0,5.0,4.0,5.0,5.0,5.0,1,Modern (2015-Present),Positive,0.9504,Pre Covid
3006,405,PAGGS,Manila Airport,Frequent Flyer,Unknown,1,2019-06-10,Saudi Arabia,5.0,5.0,5.0,5.0,5.0,5.0,5.0,1,Modern (2015-Present),Positive,0.4215,Pre Covid
3007,405,Mabuhay Lounge,Manila Airport,Business Class,Business,1,2019-05-26,United States,1.0,1.0,3.0,4.0,3.0,3.0,2.0,0,Modern (2015-Present),Positive,0.8857,Pre Covid
3008,405,Mabuhay,Manila Airport,Business Class,Business,1,2019-04-20,Australia,2.0,3.0,4.0,3.0,3.0,3.0,4.0,1,Modern (2015-Present),Positive,0.9699,Pre Covid
3009,405,Mabuhay Lounge,Manila Airport,Members,Unknown,1,2019-01-30,United States,5.0,5.0,5.0,5.0,5.0,5.0,5.0,1,Modern (2015-Present),Positive,0.9826,Pre Covid
3010,405,Mabuhay Miles Lounge,Manila Airport,Business Class,Business,1,2018-07-27,Philippines,3.0,3.0,2.0,2.0,2.0,3.0,3.0,1,Modern (2015-Present),Negative,-0.4767,Pre Covid
3011,405,Terminal 2 Mabuhay,Manila Airport,Business Class,Business,1,2018-02-21,Philippines,4.0,4.0,3.0,3.0,2.0,5.0,4.0,1,Modern (2015-Present),Positive,0.7501,Pre Covid
3012,405,SATS Premier lounge,Singapore Changi Airport,Frequent Flyer,Unknown,1,2018-02-08,Philippines,4.0,5.0,3.0,4.0,5.0,5.0,5.0,1,Modern (2015-Present),Positive,0.9775,Pre Covid
3013,405,Mabuhay,San Francisco Airport,Business Class,Business,1,2018-01-20,United States,4.0,5.0,5.0,4.0,3.0,5.0,5.0,1,Modern (2015-Present),Positive,0.8775,Pre Covid
3014,405,Club Manila,Manila Airport,Pay to Use,Unknown,0,2017-09-19,Saudi Arabia,5.0,5.0,5.0,5.0,5.0,5.0,5.0,1,Modern (2015-Present),Positive,0.7713,Pre Covid
3015,405,Mabuhay,Manila Airport,Business Class,Business,0,2016-10-09,Australia,3.0,2.0,2.0,1.0,1.0,2.0,3.0,1,Modern (2015-Present),Neutral,-0.0484,Pre Covid
3016,405,Mabuhay Lounge Domestic,Manila Airport,Business Class,Business,0,2016-08-04,Philippines,4.0,4.0,4.0,4.0,4.0,4.0,5.0,1,Modern (2015-Present),Positive,0.9925,Pre Covid
3017,405,Terminal 2,Manila Airport,Business Class,Business,0,2016-07-17,Philippines,4.0,5.0,5.0,4.0,5.0,5.0,5.0,1,Modern (2015-Present),Positive,0.9705,Pre Covid
3018,405,Mabuhay Lounge,Manila Airport,Business Class,Business,0,2016-06-14,Philippines,3.0,3.0,4.0,4.0,2.0,3.0,3.0,1,Modern (2015-Present),Positive,0.949,Pre Covid
3019,405,Domestic Lounge T2,Manila Airport,Business Class,Business,0,2016-06-09,Canada,3.0,3.0,2.0,1.0,2.0,2.0,3.0,1,Modern (2015-Present),Positive,0.9589,Pre Covid
3020,405,Mabuhay Lounge,Manila Airport,Business Class,Business,0,2016-06-01,Hong Kong,4.0,4.0,4.0,4.0,3.0,4.0,4.0,1,Modern (2015-Present),Positive,0.9794,Pre Covid
3021,405,Mabuhay Lounge,Manila Airport,Business Class,Business,0,2015-08-28,Indonesia,4.0,5.0,4.0,4.0,4.0,4.0,4.0,1,Modern (2015-Present),Positive,0.8658,Pre Covid
3022,405,Thai Airways,Bangkok Suvarnabhumi Airport,Business Class,Business,0,2015-01-02,Philippines,4.0,3.0,4.0,4.0,2.0,3.0,3.0,0,Modern (2015-Present),Positive,0.6585,Pre Covid
3023,405,Mabuhay,Manila Airport,Business Class,Business,0,2014-10-04,United Kingdom,2.0,2.0,1.0,1.0,1.0,3.0,1.0,0,Historical (Pre-2015),Negative,-0.5413,Pre Covid
3024,405,Mabuhay,Manila Airport,Business Class,Business,0,2014-04-14,United States,2.0,3.0,3.0,2.0,1.0,3.0,3.0,0,Historical (Pre-2015),Negative,-0.1511,Pre Covid
3025,405,Mabuhay,Manila Airport,Business Class,Business,0,2013-05-29,Taiwan,3.0,3.0,1.0,2.0,2.0,3.0,4.0,0,Historical (Pre-2015),Positive,0.5915,Pre Covid
3026,405,Mabuhay,Manila Airport,Business Class,Business,0,2013-02-28,Australia,3.0,3.0,3.0,3.0,3.0,2.0,3.0,0,Historical (Pre-2015),Positive,0.8591,Pre Covid
3027,405,Mabuhay,Manila Airport,Business Class,Business,0,2009-10-10,United Kingdom,2.0,3.0,2.0,2.0,2.0,2.0,2.0,0,Historical (Pre-2015),Positive,0.396,Pre Covid
3029,361,Domestic Lounge,Yangon Airport,Business Class,Business,1,2017-12-07,Myanmar,5.0,4.0,4.0,4.0,,2.0,5.0,1,Modern (2015-Present),Positive,0.4019,Pre Covid
3030,341,Golden Satellite Lounge,KLIA Kuala Lumpur Airport,Business Class,Business,1,2025-01-07,United Kingdom,4.0,4.0,2.0,3.0,3.0,4.0,3.0,1,Modern (2015-Present),Positive,0.9927,After Covid
3031,341,Satellite C Golden Lounge,KLIA Kuala Lumpur Airport,Business Class,Business,1,2024-03-21,New Zealand,3.0,4.0,,1.0,2.0,2.0,2.0,0,Modern (2015-Present),Negative,-0.5997,After Covid
3032,341,Golden Lounge,KLIA Kuala Lumpur Airport,Business Class,Business,1,2023-08-03,Netherlands,3.0,3.0,1.0,3.0,4.0,3.0,1.0,0,Modern (2015-Present),Negative,-0.3701,After Covid
3034,341,Golden lounge Satellite,KLIA Kuala Lumpur Airport,Business Class,Business,1,2023-03-30,Hong Kong,3.0,3.0,3.0,2.0,3.0,2.0,2.0,0,Modern (2015-Present),Negative,-0.785,After Covid
3035,341,Platinum lounge,KLIA Kuala Lumpur Airport,First Class,Unknown,1,2023-01-14,New Zealand,5.0,3.0,1.0,1.0,5.0,5.0,2.0,0,Modern (2015-Present),Positive,0.9083,After Covid
3036,341,Domestic Lounge,KLIA Kuala Lumpur Airport,Pay to Use,Unknown,1,2022-11-06,Australia,2.0,4.0,1.0,1.0,2.0,3.0,3.0,0,Modern (2015-Present),Negative,-0.734,After Covid
3037,341,Golden Lounge Domestic,Unknown,Business Class,Business,1,2022-05-09,Malaysia,3.0,2.0,2.0,2.0,2.0,3.0,1.0,0,Modern (2015-Present),Positive,0.7224,After Covid
3038,341,Golden Lounge Domestic,KLIA Kuala Lumpur Airport,Frequent Flyer,Unknown,1,2020-01-23,Malaysia,5.0,5.0,5.0,5.0,,5.0,5.0,1,Modern (2015-Present),Positive,0.962,Covid
3039,341,Plaza Premium,Penang Airport,Business Class,Business,1,2019-12-28,Malaysia,3.0,4.0,3.0,3.0,2.0,1.0,3.0,1,Modern (2015-Present),Negative,-0.9032,Pre Covid
3040,341,Regional Golden Lounge,KLIA Kuala Lumpur Airport,Business Class,Business,1,2019-12-01,Malaysia,5.0,4.0,4.0,4.0,3.0,4.0,4.0,1,Modern (2015-Present),Positive,0.5593,Pre Covid
3041,341,Airport First Class Lounge,Xiamen Airport,First Class,Unknown,1,2019-11-27,Malaysia,5.0,4.0,3.0,2.0,4.0,3.0,5.0,1,Modern (2015-Present),Positive,0.9741,Pre Covid
3042,341,SATS Premier Lounge,Singapore Changi Airport,Business Class,Business,1,2019-11-25,Malaysia,4.0,4.0,4.0,5.0,4.0,4.0,4.0,1,Modern (2015-Present),Positive,0.9701,Pre Covid
3043,341,Golden lounge,KLIA Kuala Lumpur Airport,Business Class,Business,1,2019-10-24,United States,5.0,5.0,5.0,3.0,4.0,4.0,2.0,0,Modern (2015-Present),Positive,0.6658,Pre Covid
3044,341,Golden lounge,KLIA Kuala Lumpur Airport,Business Class,Business,1,2019-09-07,Malaysia,3.0,4.0,3.0,1.0,1.0,3.0,2.0,0,Modern (2015-Present),Negative,-0.8874,Pre Covid
3045,341,Golden Lounge,KLIA Kuala Lumpur Airport,Business Class,Business,1,2019-07-12,Sweden,4.0,5.0,3.0,2.0,1.0,2.0,1.0,0,Modern (2015-Present),Positive,0.8864,Pre Covid
3046,341,Golden Lounge,KLIA Kuala Lumpur Airport,Pay to Use,Unknown,0,2019-03-09,Malaysia,4.0,5.0,5.0,4.0,5.0,4.0,5.0,1,Modern (2015-Present),Positive,0.9757,Pre Covid
3047,341,Golden Lounge,KLIA Kuala Lumpur Airport,Business Class,Business,1,2018-03-31,Vietnam,4.0,5.0,4.0,4.0,5.0,5.0,5.0,1,Modern (2015-Present),Positive,0.9497,Pre Covid
3048,341,Unknown Lounge,London Heathrow Airport,Business Class,Business,1,2018-03-05,United Kingdom,3.0,3.0,3.0,3.0,3.0,3.0,5.0,0,Modern (2015-Present),Positive,0.4497,Pre Covid
3049,341,Golden Lounge,KLIA Kuala Lumpur Airport,Business Class,Business,1,2017-12-24,United States,5.0,5.0,4.0,3.0,3.0,4.0,5.0,1,Modern (2015-Present),Positive,0.7538,Pre Covid
3050,341,Golden Lounge,KLIA Kuala Lumpur Airport,Business Class,Business,0,2017-09-22,Australia,5.0,4.0,4.0,4.0,2.0,5.0,5.0,1,Modern (2015-Present),Positive,0.9827,Pre Covid
3051,341,Golden Lounge,KLIA Kuala Lumpur Airport,Business Class,Business,0,2017-08-23,United Kingdom,3.0,2.0,2.0,2.0,1.0,4.0,3.0,0,Modern (2015-Present),Negative,-0.1745,Pre Covid
3052,341,Golden Lounge,KLIA Kuala Lumpur Airport,Business Class,Business,0,2017-07-12,Netherlands,2.0,2.0,1.0,2.0,3.0,4.0,1.0,0,Modern (2015-Present),Negative,-0.9636,Pre Covid
3053,341,First Class,KLIA Kuala Lumpur Airport,First Class,Unknown,0,2017-07-03,Australia,2.0,2.0,1.0,1.0,2.0,3.0,1.0,0,Modern (2015-Present),Negative,-0.7049,Pre Covid
3054,341,Unknown Lounge,KLIA Kuala Lumpur Airport,Business Class,Business,0,2017-06-15,United Kingdom,5.0,5.0,5.0,4.0,3.0,5.0,5.0,1,Modern (2015-Present),Positive,0.936,Pre Covid
3055,341,Unknown Lounge,KLIA Kuala Lumpur Airport,Business Class,Business,0,2017-06-13,Singapore,4.0,4.0,3.0,3.0,,3.0,3.0,1,Modern (2015-Present),Positive,0.431,Pre Covid
3056,341,Business Class lounge non satelite,KLIA Kuala Lumpur Airport,Business Class,Business,0,2017-06-07,United Kingdom,3.0,3.0,3.0,2.0,2.0,4.0,2.0,1,Modern (2015-Present),Negative,-0.7272,Pre Covid
3057,341,Royal Jade Business Lounge,Yangon Airport,Business Class,Business,0,2017-03-21,Vietnam,4.0,4.0,3.0,3.0,3.0,5.0,4.0,1,Modern (2015-Present),Positive,0.9535,Pre Covid
3058,341,Golden lounge,KLIA Kuala Lumpur Airport,Business Class,Business,0,2017-02-24,United Kingdom,3.0,2.0,1.0,1.0,1.0,,1.0,1,Modern (2015-Present),Negative,-0.5,Pre Covid
3059,341,SATS,Singapore Changi Airport,Business Class,Business,0,2017-02-23,United Kingdom,4.0,4.0,2.0,2.0,3.0,,,1,Modern (2015-Present),Positive,0.3716,Pre Covid
3060,341,Golden Lounge Domestic,KLIA Kuala Lumpur Airport,Business Class,Business,0,2017-02-07,Malaysia,4.0,5.0,4.0,4.0,4.0,4.0,4.0,1,Modern (2015-Present),Positive,0.9583,Pre Covid
3061,341,Coral First Class Lounge,Phuket Airport,First Class,Unknown,0,2016-12-28,United Kingdom,1.0,1.0,2.0,1.0,1.0,1.0,1.0,0,Modern (2015-Present),Negative,-0.767,Pre Covid
3062,341,Unknown Lounge,KLIA Kuala Lumpur Airport,Business Class,Business,0,2016-11-25,Thailand,3.0,3.0,3.0,2.0,2.0,4.0,3.0,1,Modern (2015-Present),Positive,0.8521,Pre Covid
3063,341,Golden Lounge,KLIA Kuala Lumpur Airport,Business Class,Business,0,2016-11-16,Australia,4.0,4.0,4.0,2.0,4.0,5.0,3.0,1,Modern (2015-Present),Positive,0.7469,Pre Covid
3064,341,Golden Lounge Regional,KLIA Kuala Lumpur Airport,Business Class,Business,0,2016-10-05,Thailand,5.0,5.0,2.0,2.0,,5.0,5.0,0,Modern (2015-Present),Neutral,-0.0473,Pre Covid
3065,341,Golden Lounge,KLIA Kuala Lumpur Airport,Business Class,Business,0,2016-09-27,Netherlands,4.0,5.0,4.0,4.0,4.0,5.0,5.0,1,Modern (2015-Present),Positive,0.6404,Pre Covid
3066,341,Unknown Lounge,KLIA Kuala Lumpur Airport,First Class,Unknown,0,2016-07-18,Hong Kong,5.0,5.0,4.0,4.0,5.0,4.0,4.0,1,Modern (2015-Present),Positive,0.9531,Pre Covid
3067,341,Golden lounge,KLIA Kuala Lumpur Airport,Business Class,Business,0,2016-07-16,Hong Kong,3.0,3.0,3.0,3.0,3.0,4.0,3.0,1,Modern (2015-Present),Negative,-0.4004,Pre Covid
3068,341,Golden Lounge,KLIA Kuala Lumpur Airport,Business Class,Business,0,2016-07-03,Australia,3.0,3.0,3.0,2.0,1.0,4.0,3.0,0,Modern (2015-Present),Negative,-0.911,Pre Covid
3069,341,Golden Lounge,Penang Airport,Business Class,Business,0,2016-06-27,Australia,4.0,4.0,3.0,4.0,4.0,5.0,3.0,1,Modern (2015-Present),Positive,0.8248,Pre Covid
3070,341,ITC Green,Delhi Airport,Business Class,Business,0,2016-03-18,Australia,4.0,4.0,3.0,3.0,4.0,3.0,4.0,1,Modern (2015-Present),Positive,0.9721,Pre Covid
3071,341,Unknown Lounge,KLIA Kuala Lumpur Airport,Business Class,Business,0,2016-03-03,United Kingdom,2.0,1.0,1.0,1.0,1.0,2.0,1.0,0,Modern (2015-Present),Negative,-0.8981,Pre Covid
3072,341,Golden Lounge KLIA Satellite,KLIA Kuala Lumpur Airport,Business Class,Business,0,2016-01-30,Malaysia,3.0,1.0,2.0,2.0,1.0,5.0,3.0,0,Modern (2015-Present),Negative,-0.8436,Pre Covid
3073,341,Golden lounge,KLIA Kuala Lumpur Airport,Business Class,Business,0,2016-01-25,Malaysia,3.0,2.0,2.0,3.0,,4.0,2.0,0,Modern (2015-Present),Negative,-0.6458,Pre Covid
3074,341,Unknown Lounge,Siem Reap Airport,Business Class,Business,0,2016-01-23,United Kingdom,3.0,4.0,2.0,2.0,,,4.0,1,Modern (2015-Present),Positive,0.3182,Pre Covid
3075,341,First Class,KLIA Kuala Lumpur Airport,First Class,Unknown,0,2016-01-22,United Kingdom,4.0,4.0,4.0,4.0,4.0,4.0,4.0,1,Modern (2015-Present),Positive,0.804,Pre Covid
3076,341,Golden Lounge,KLIA Kuala Lumpur Airport,Business Class,Business,0,2016-01-18,United Kingdom,3.0,2.0,1.0,1.0,1.0,5.0,1.0,1,Modern (2015-Present),Negative,-0.8965,Pre Covid
3077,341,Golden Lounge,KLIA Kuala Lumpur Airport,Business Class,Business,0,2015-11-24,Germany,4.0,5.0,4.0,4.0,4.0,5.0,5.0,1,Modern (2015-Present),Positive,0.9148,Pre Covid
3078,341,Golden Lounge,KLIA Kuala Lumpur Airport,Business Class,Business,0,2015-11-20,Malaysia,2.0,2.0,1.0,1.0,2.0,1.0,1.0,0,Modern (2015-Present),Positive,0.3754,Pre Covid
3079,341,Golden Lounmge,KLIA Kuala Lumpur Airport,Business Class,Business,0,2015-10-23,United Kingdom,1.0,1.0,1.0,2.0,1.0,2.0,1.0,0,Modern (2015-Present),Negative,-0.8216,Pre Covid
3080,341,Unknown Lounge,KLIA Kuala Lumpur Airport,Business Class,Business,0,2015-10-23,Singapore,5.0,4.0,4.0,4.0,4.0,4.0,5.0,1,Modern (2015-Present),Positive,0.9485,Pre Covid
3081,341,Golden Lounge KLIA,KLIA Kuala Lumpur Airport,Business Class,Business,0,2015-10-22,Malaysia,3.0,2.0,2.0,2.0,1.0,,3.0,0,Modern (2015-Present),Positive,0.8537,Pre Covid
3082,341,Golden Lounge,KLIA Kuala Lumpur Airport,Business Class,Business,0,2015-10-12,Australia,2.0,3.0,2.0,2.0,1.0,3.0,3.0,0,Modern (2015-Present),Positive,0.4062,Pre Covid
3083,341,Golden lounge,KLIA Kuala Lumpur Airport,Business Class,Business,0,2015-10-05,Australia,2.0,1.0,1.0,1.0,1.0,3.0,1.0,0,Modern (2015-Present),Negative,-0.9292,Pre Covid
3084,341,Golden Lounge,KLIA Kuala Lumpur Airport,Business Class,Business,0,2015-08-31,Australia,3.0,2.0,1.0,1.0,1.0,3.0,3.0,1,Modern (2015-Present),Positive,0.9447,Pre Covid
3085,341,Unknown Lounge,KLIA Kuala Lumpur Airport,Business Class,Business,0,2015-08-28,Switzerland,2.0,1.0,3.0,3.0,1.0,5.0,1.0,0,Modern (2015-Present),Negative,-0.8405,Pre Covid
3086,341,Salon Premire,Paris CDG Airport,Frequent Flyer,Unknown,0,2015-07-27,Malaysia,3.0,3.0,2.0,2.0,,3.0,3.0,0,Modern (2015-Present),Positive,0.1813,Pre Covid
3087,341,Golden Lounge,KLIA Kuala Lumpur Airport,Business Class,Business,0,2015-06-28,Australia,3.0,1.0,1.0,1.0,1.0,5.0,3.0,0,Modern (2015-Present),Positive,0.8615,Pre Covid
3088,341,Golden Lounge,Perth Airport,Business Class,Business,0,2015-05-31,Australia,3.0,3.0,3.0,2.0,1.0,1.0,4.0,0,Modern (2015-Present),Positive,0.4095,Pre Covid
3089,341,Golden Lounge,KLIA Kuala Lumpur Airport,Business Class,Business,0,2015-05-31,Australia,2.0,2.0,2.0,2.0,1.0,2.0,1.0,0,Modern (2015-Present),Negative,-0.9166,Pre Covid
3090,341,iCare Lounge,Paris CDG Airport,Business Class,Business,0,2015-05-29,Singapore,1.0,2.0,2.0,1.0,1.0,3.0,2.0,0,Modern (2015-Present),Negative,-0.9394,Pre Covid
3091,341,Golden Lounge,KLIA Kuala Lumpur Airport,Business Class,Business,0,2015-05-10,Australia,3.0,2.0,1.0,2.0,1.0,1.0,3.0,0,Modern (2015-Present),Positive,0.8509,Pre Covid
3092,341,Golden Lounge,KLIA Kuala Lumpur Airport,Business Class,Business,0,2015-05-10,Australia,4.0,5.0,3.0,3.0,4.0,1.0,4.0,0,Modern (2015-Present),Negative,-0.8764,Pre Covid
3093,341,Golden Lounge,KLIA Kuala Lumpur Airport,Business Class,Business,0,2015-03-22,France,3.0,3.0,1.0,3.0,2.0,3.0,3.0,0,Modern (2015-Present),Positive,0.9777,Pre Covid
3094,341,Golden Lounge,KLIA Kuala Lumpur Airport,Business Class,Business,0,2015-03-22,United Kingdom,1.0,1.0,2.0,2.0,1.0,1.0,2.0,0,Modern (2015-Present),Negative,-0.9047,Pre Covid
3095,341,Golden Lounge,KLIA Kuala Lumpur Airport,Business Class,Business,0,2015-03-22,Indonesia,4.0,3.0,3.0,4.0,3.0,3.0,3.0,0,Modern (2015-Present),Negative,-0.1012,Pre Covid
3096,341,Unknown Lounge,Denpasar Bali Airport,Business Class,Business,0,2015-03-22,Indonesia,3.0,4.0,3.0,2.0,3.0,3.0,2.0,0,Modern (2015-Present),Negative,-0.1531,Pre Covid
3097,341,Golden Lounge,KLIA Kuala Lumpur Airport,Business Class,Business,0,2015-03-22,South Africa,3.0,2.0,1.0,2.0,1.0,1.0,1.0,0,Modern (2015-Present),Negative,-0.1546,Pre Covid
3098,341,Golden Lounge,KLIA Kuala Lumpur Airport,Business Class,Business,0,2015-03-22,Malaysia,5.0,4.0,5.0,5.0,4.0,3.0,3.0,1,Modern (2015-Present),Positive,0.8983,Pre Covid
3099,341,Golden Lounge,London Heathrow Airport,Business Class,Business,0,2015-03-01,Malaysia,5.0,5.0,5.0,4.0,5.0,5.0,5.0,1,Modern (2015-Present),Positive,0.9216,Pre Covid
3100,341,Unknown Lounge,KLIA Kuala Lumpur Airport,Business Class,Business,0,2015-02-25,United Kingdom,5.0,5.0,5.0,4.0,4.0,5.0,5.0,1,Modern (2015-Present),Positive,0.8735,Pre Covid
3101,341,Unknown Lounge,KLIA Kuala Lumpur Airport,Business Class,Business,0,2015-01-27,United Kingdom,3.0,4.0,1.0,3.0,3.0,1.0,3.0,0,Modern (2015-Present),Positive,0.8779,Pre Covid
3102,341,Unknown Lounge,KLIA Kuala Lumpur Airport,Business Class,Business,0,2014-10-22,Denmark,3.0,5.0,2.0,4.0,4.0,5.0,3.0,1,Historical (Pre-2015),Positive,0.6486,Pre Covid
3103,341,Unknown Lounge,Delhi Airport,Business Class,Business,0,2014-10-04,Australia,1.0,3.0,1.0,1.0,1.0,2.0,2.0,0,Historical (Pre-2015),Positive,0.775,Pre Covid
3104,341,Unknown Lounge,KLIA Kuala Lumpur Airport,Business Class,Business,0,2014-10-04,Australia,3.0,4.0,4.0,4.0,3.0,3.0,4.0,1,Historical (Pre-2015),Positive,0.7902,Pre Covid
3105,341,Unknown Lounge,KLIA Kuala Lumpur Airport,Business Class,Business,0,2014-06-04,Malaysia,3.0,2.0,1.0,2.0,3.0,4.0,2.0,0,Historical (Pre-2015),Positive,0.828,Pre Covid
3106,341,Unknown Lounge,KLIA Kuala Lumpur Airport,Business Class,Business,0,2014-02-20,Malaysia,3.0,2.0,1.0,2.0,1.0,4.0,1.0,1,Historical (Pre-2015),Negative,-0.523,Pre Covid
3107,341,Unknown Lounge,Brisbane Airport,Business Class,Business,0,2014-02-07,Australia,4.0,5.0,1.0,2.0,1.0,4.0,1.0,1,Historical (Pre-2015),Positive,0.8176,Pre Covid
3108,341,Unknown Lounge,KLIA Kuala Lumpur Airport,Business Class,Business,0,2014-01-10,Australia,2.0,3.0,2.0,3.0,2.0,5.0,4.0,0,Historical (Pre-2015),Positive,0.06,Pre Covid
3109,341,Unknown Lounge,KLIA Kuala Lumpur Airport,Business Class,Business,0,2013-12-30,Malaysia,2.0,1.0,2.0,2.0,3.0,2.0,1.0,0,Historical (Pre-2015),Negative,-0.1796,Pre Covid
3110,341,Unknown Lounge,KLIA Kuala Lumpur Airport,Business Class,Business,0,2013-12-30,Australia,3.0,1.0,2.0,3.0,1.0,4.0,2.0,0,Historical (Pre-2015),Positive,0.9638,Pre Covid
3111,341,Unknown Lounge,KLIA Kuala Lumpur Airport,Business Class,Business,0,2013-12-23,Australia,1.0,2.0,2.0,2.0,1.0,,1.0,0,Historical (Pre-2015),Negative,-0.9264,Pre Covid
3112,341,Unknown Lounge,KLIA Kuala Lumpur Airport,Business Class,Business,0,2013-11-15,Australia,5.0,5.0,5.0,5.0,5.0,4.0,5.0,1,Historical (Pre-2015),Positive,0.7984,Pre Covid
3113,341,Unknown Lounge,KLIA Kuala Lumpur Airport,First Class,Unknown,0,2013-11-15,United Kingdom,1.0,1.0,3.0,2.0,2.0,1.0,2.0,0,Historical (Pre-2015),Negative,-0.7743,Pre Covid
3114,341,Unknown Lounge,Kuching Airport,Business Class,Business,0,2013-11-15,Malaysia,4.0,5.0,4.0,3.0,4.0,,3.0,1,Historical (Pre-2015),Positive,0.128,Pre Covid
3115,341,Unknown Lounge,KLIA Kuala Lumpur Airport,Business Class,Business,0,2013-10-06,United Kingdom,2.0,3.0,1.0,1.0,2.0,2.0,1.0,0,Historical (Pre-2015),Negative,-0.8625,Pre Covid
3116,341,Unknown Lounge,Amsterdam Schiphol Airport,Business Class,Business,0,2013-10-06,Australia,2.0,4.0,3.0,2.0,3.0,2.0,2.0,0,Historical (Pre-2015),Positive,0.6258,Pre Covid
3117,341,Unknown Lounge,KLIA Kuala Lumpur Airport,Business Class,Business,0,2013-08-14,Australia,3.0,2.0,3.0,3.0,1.0,3.0,3.0,0,Historical (Pre-2015),Negative,-0.623,Pre Covid
3118,341,Unknown Lounge,KLIA Kuala Lumpur Airport,Business Class,Business,0,2013-08-05,United Kingdom,3.0,3.0,3.0,2.0,3.0,2.0,3.0,0,Historical (Pre-2015),Negative,-0.869,Pre Covid
3119,341,Unknown Lounge,KLIA Kuala Lumpur Airport,Business Class,Business,0,2013-07-07,Hong Kong,4.0,4.0,4.0,4.0,3.0,5.0,4.0,1,Historical (Pre-2015),Positive,0.9654,Pre Covid
3120,341,Unknown Lounge,KLIA Kuala Lumpur Airport,First Class,Unknown,0,2013-07-07,Australia,4.0,4.0,4.0,4.0,4.0,4.0,,1,Historical (Pre-2015),Positive,0.9745,Pre Covid
3121,341,Unknown Lounge,Singapore Changi Airport,Business Class,Business,0,2013-05-29,Singapore,3.0,4.0,3.0,3.0,4.0,5.0,4.0,1,Historical (Pre-2015),Positive,0.8794,Pre Covid
3122,341,Unknown Lounge,KLIA Kuala Lumpur Airport,Business Class,Business,0,2013-04-16,Australia,4.0,4.0,4.0,3.0,1.0,4.0,3.0,0,Historical (Pre-2015),Negative,-0.2572,Pre Covid
3123,341,Unknown Lounge,KLIA Kuala Lumpur Airport,Business Class,Business,0,2013-04-05,Australia,4.0,5.0,5.0,4.0,4.0,4.0,5.0,1,Historical (Pre-2015),Positive,0.7964,Pre Covid
3124,341,Unknown Lounge,Paris CDG Airport,Business Class,Business,0,2013-04-04,Malaysia,3.0,3.0,2.0,1.0,1.0,3.0,1.0,0,Historical (Pre-2015),Negative,-0.5972,Pre Covid
3125,341,Unknown Lounge,KLIA Kuala Lumpur Airport,Business Class,Business,0,2013-01-10,United Kingdom,3.0,1.0,3.0,1.0,2.0,4.0,1.0,0,Historical (Pre-2015),Negative,-0.7166,Pre Covid
3126,341,Unknown Lounge,London Heathrow Airport,Business Class,Business,0,2013-01-10,United Kingdom,5.0,5.0,5.0,5.0,5.0,5.0,5.0,1,Historical (Pre-2015),Positive,0.9358,Pre Covid
3127,341,Unknown Lounge,Sydney Airport,Business Class,Business,0,2012-12-23,United Kingdom,4.0,4.0,3.0,3.0,3.0,2.0,3.0,0,Historical (Pre-2015),Negative,-0.8932,Pre Covid
3128,341,Unknown Lounge,Perth Airport,Business Class,Business,0,2012-12-23,Australia,5.0,4.0,5.0,4.0,2.0,4.0,5.0,1,Historical (Pre-2015),Positive,0.5327,Pre Covid
3129,341,Unknown Lounge,London Heathrow Airport,Business Class,Business,0,2012-12-23,United Kingdom,5.0,5.0,5.0,5.0,5.0,5.0,5.0,1,Historical (Pre-2015),Positive,0.9134,Pre Covid
3130,341,Unknown Lounge,KLIA Kuala Lumpur Airport,Business Class,Business,0,2012-09-17,Australia,4.0,3.0,,3.0,4.0,4.0,3.0,1,Historical (Pre-2015),Positive,0.9617,Pre Covid
3131,341,Unknown Lounge,Kota Kinabalu Airport,Business Class,Business,0,2012-06-05,Australia,5.0,5.0,3.0,4.0,5.0,5.0,5.0,1,Historical (Pre-2015),Positive,0.9709,Pre Covid
3132,341,Unknown Lounge,KLIA Kuala Lumpur Airport,Business Class,Business,0,2012-06-05,Australia,1.0,3.0,1.0,2.0,1.0,3.0,3.0,0,Historical (Pre-2015),Negative,-0.2944,Pre Covid
3133,341,Unknown Lounge,KLIA Kuala Lumpur Airport,Business Class,Business,0,2012-05-21,United Kingdom,4.0,4.0,1.0,3.0,4.0,,1.0,0,Historical (Pre-2015),Positive,0.9089,Pre Covid
3134,341,Oberoi Lounge,Chennai Airport,Business Class,Business,0,2012-03-28,Malaysia,2.0,3.0,2.0,2.0,2.0,,4.0,0,Historical (Pre-2015),Positive,0.2247,Pre Covid
3135,341,Unknown Lounge,KLIA Kuala Lumpur Airport,Business Class,Business,0,2012-03-28,Australia,5.0,5.0,5.0,5.0,5.0,5.0,5.0,1,Historical (Pre-2015),Positive,0.9659,Pre Covid
3136,341,Unknown Lounge,Melbourne Airport,Business Class,Business,0,2012-03-28,Australia,5.0,5.0,5.0,4.0,5.0,,5.0,1,Historical (Pre-2015),Positive,0.97,Pre Covid
3137,341,Unknown Lounge,Rome Fiumicino Airport,Business Class,Business,0,2012-01-25,Australia,3.0,3.0,1.0,1.0,1.0,,2.0,0,Historical (Pre-2015),Positive,0.553,Pre Covid
3138,341,Unknown Lounge,KLIA Kuala Lumpur Airport,Business Class,Business,0,2011-11-28,France,3.0,4.0,4.0,2.0,3.0,3.0,2.0,0,Historical (Pre-2015),Positive,0.7713,Pre Covid
3139,341,Unknown Lounge,KLIA Kuala Lumpur Airport,Business Class,Business,0,2011-11-28,Australia,4.0,4.0,3.0,4.0,4.0,4.0,4.0,1,Historical (Pre-2015),Positive,0.6193,Pre Covid
3140,341,Salon Premiere Lounge,Paris CDG Airport,Business Class,Business,0,2011-09-20,Australia,4.0,4.0,3.0,3.0,2.0,4.0,3.0,0,Historical (Pre-2015),Negative,-0.4019,Pre Covid
3141,341,Unknown Lounge,Perth Airport,Business Class,Business,0,2011-07-31,Australia,4.0,4.0,3.0,3.0,1.0,4.0,4.0,0,Historical (Pre-2015),Negative,-0.899,Pre Covid
3142,341,Unknown Lounge,London Heathrow Airport,Business Class,Business,0,2011-05-03,United Kingdom,4.0,5.0,4.0,4.0,5.0,4.0,5.0,0,Historical (Pre-2015),Positive,0.7003,Pre Covid
3143,341,Unknown Lounge,KLIA Kuala Lumpur Airport,Business Class,Business,0,2011-01-26,United States,4.0,4.0,4.0,4.0,5.0,4.0,4.0,0,Historical (Pre-2015),Positive,0.6908,Pre Covid
3144,341,Unknown Lounge,KLIA Kuala Lumpur Airport,Business Class,Business,0,2010-12-22,Australia,5.0,5.0,5.0,5.0,4.0,5.0,5.0,0,Historical (Pre-2015),Positive,0.9657,Pre Covid
3145,341,Unknown Lounge,Penang Airport,Business Class,Business,0,2010-12-22,Australia,5.0,5.0,4.0,4.0,4.0,5.0,5.0,0,Historical (Pre-2015),Positive,0.9382,Pre Covid
3146,341,Unknown Lounge,Brisbane Airport,Business Class,Business,0,2010-12-14,United Kingdom,4.0,5.0,4.0,4.0,4.0,4.0,5.0,0,Historical (Pre-2015),Positive,0.9636,Pre Covid
3147,341,Unknown Lounge,Sydney Airport,Business Class,Business,0,2010-12-14,United Kingdom,5.0,5.0,5.0,5.0,5.0,5.0,5.0,1,Historical (Pre-2015),Positive,0.9672,Pre Covid
3148,341,Unknown Lounge,London Heathrow Airport,Business Class,Business,0,2010-12-14,United Kingdom,5.0,5.0,5.0,3.0,5.0,5.0,5.0,0,Historical (Pre-2015),Positive,0.9755,Pre Covid
3149,341,Unknown Lounge,Paris CDG Airport,Business Class,Business,0,2010-08-04,United Kingdom,2.0,3.0,,,,,,0,Historical (Pre-2015),Neutral,-0.0405,Pre Covid
3150,341,Unknown Lounge,London Heathrow Airport,Business Class,Business,0,2010-07-14,United Kingdom,5.0,5.0,5.0,4.0,5.0,4.0,4.0,0,Historical (Pre-2015),Negative,-0.1622,Pre Covid
3151,341,Unknown Lounge,Unknown,Business Class,Business,0,2010-07-14,United Kingdom,4.0,5.0,4.0,4.0,4.0,4.0,4.0,0,Historical (Pre-2015),Positive,0.8268,Pre Covid
3152,341,Unknown Lounge,London Heathrow Airport,Business Class,Business,0,2010-06-30,United Kingdom,5.0,5.0,4.0,4.0,5.0,4.0,4.0,0,Historical (Pre-2015),Positive,0.8885,Pre Covid
3153,341,Unknown Lounge,Unknown,Business Class,Business,0,2010-06-22,United Kingdom,5.0,5.0,5.0,4.0,4.0,4.0,4.0,0,Historical (Pre-2015),Positive,0.9615,Pre Covid
3154,341,Unknown Lounge,Sydney Airport,Business Class,Business,0,2010-06-22,United Kingdom,5.0,5.0,4.0,4.0,4.0,3.0,4.0,0,Historical (Pre-2015),Positive,0.9715,Pre Covid
3155,341,Unknown Lounge,Unknown,Business Class,Business,0,2010-01-12,United Kingdom,5.0,5.0,5.0,4.0,5.0,4.0,4.0,0,Historical (Pre-2015),Positive,0.9174,Pre Covid
3156,341,Unknown Lounge,Unknown,Business Class,Business,0,2009-10-05,United Kingdom,5.0,4.0,4.0,3.0,4.0,4.0,4.0,0,Historical (Pre-2015),Negative,-0.6114,Pre Covid
3157,341,Unknown Lounge,KLIA Kuala Lumpur Airport,Business Class,Business,0,2009-02-07,United Kingdom,5.0,5.0,5.0,4.0,4.0,4.0,4.0,0,Historical (Pre-2015),Positive,0.9919,Pre Covid
3159,426,Oasis Lounge,Marrakech Airport,Business Class,Business,1,2024-12-04,United States,4.0,5.0,4.0,3.0,4.0,4.0,5.0,1,Modern (2015-Present),Positive,0.9465,After Covid
3160,426,Zenith I VIP Lounge,Casablanca Airport,Business Class,Business,1,2024-01-18,Switzerland,3.0,4.0,4.0,3.0,3.0,5.0,5.0,1,Modern (2015-Present),Positive,0.9782,After Covid
3161,426,Swissport Lounge,Geneva Airport,Business Class,Business,1,2024-01-18,Switzerland,,,,,,,1.0,1,Modern (2015-Present),Negative,-0.5217,After Covid
3162,426,Casablanca,Casablanca Airport,Business Class,Business,1,2018-01-08,Canada,5.0,5.0,5.0,5.0,5.0,5.0,5.0,1,Modern (2015-Present),Positive,0.9778,Pre Covid
3163,426,Royal Air Maroc Lounge,Casablanca Airport,Business Class,Business,0,2017-07-22,United Arab Emirates,3.0,2.0,3.0,1.0,,2.0,2.0,0,Modern (2015-Present),Negative,-0.8322,Pre Covid
3164,426,Unknown Lounge,Casablanca Airport,Business Class,Business,0,2015-05-29,Saudi Arabia,2.0,5.0,3.0,1.0,3.0,3.0,1.0,0,Modern (2015-Present),Negative,-0.8033,Pre Covid
3165,426,Unknown Lounge,Casablanca Airport,Business Class,Business,0,2013-02-24,United Kingdom,3.0,2.0,1.0,1.0,1.0,1.0,1.0,0,Historical (Pre-2015),Negative,-0.4215,Pre Covid
3166,415,Qantas Club,Mackay Airport,Frequent Flyer,Unknown,0,2015-10-03,Australia,5.0,5.0,4.0,4.0,,5.0,5.0,1,Modern (2015-Present),Positive,0.8591,Pre Covid
3167,414,Qantas Lounge,Hong Kong Airport,Business Class,Business,1,2026-04-18,Hong Kong,5.0,5.0,5.0,5.0,5.0,5.0,5.0,1,Modern (2015-Present),Positive,0.8221,After Covid
3168,414,Unknown Lounge,Sydney Airport,Business Class,Business,0,2025-09-02,Australia,2.0,2.0,3.0,2.0,2.0,,5.0,0,Modern (2015-Present),Positive,0.9484,After Covid
3169,414,Unknown Lounge,Vancouver Airport,Business Class,Business,0,2024-05-30,Australia,3.0,5.0,4.0,1.0,5.0,4.0,3.0,0,Modern (2015-Present),Positive,0.3995,After Covid
3170,414,Unknown Lounge,Melbourne Airport,Frequent Flyer,Unknown,1,2023-12-21,Australia,3.0,4.0,2.0,2.0,3.0,3.0,,1,Modern (2015-Present),Negative,-0.7258,After Covid
3171,414,Business class lounge,Sydney Airport,Business Class,Business,0,2023-09-13,Australia,4.0,3.0,3.0,1.0,2.0,5.0,2.0,0,Modern (2015-Present),Positive,0.7007,After Covid
3172,414,Qantas International Lounge,Sydney Airport,Business Class,Business,0,2023-07-20,Australia,2.0,1.0,,1.0,1.0,4.0,2.0,0,Modern (2015-Present),Negative,-0.8004,After Covid
3173,414,Unknown Lounge,Sydney Airport,Business Class,Business,0,2023-05-11,New Zealand,2.0,1.0,2.0,2.0,1.0,,3.0,0,Modern (2015-Present),Negative,-0.9286,After Covid
3174,414,International Business Lounge,Sydney Airport,Business Class,Business,1,2023-03-21,Australia,5.0,5.0,5.0,4.0,5.0,5.0,5.0,1,Modern (2015-Present),Positive,0.9853,After Covid
3175,414,PAGSS,Manila Airport,Business Class,Business,1,2023-03-16,Switzerland,3.0,4.0,3.0,3.0,,,4.0,0,Modern (2015-Present),Positive,0.5321,After Covid
3176,414,Domestic Business Lounge,Sydney Airport,Business Class,Business,1,2022-10-06,Australia,2.0,2.0,4.0,2.0,1.0,,2.0,0,Modern (2015-Present),Negative,-0.8928,After Covid
3177,414,Unknown Lounge,London Heathrow Airport,Business Class,Business,0,2022-09-12,United Kingdom,4.0,4.0,4.0,4.0,,4.0,5.0,0,Modern (2015-Present),Positive,0.7615,After Covid
3178,414,Unknown Lounge,Brisbane Airport,Members,Unknown,0,2022-08-14,Australia,2.0,3.0,2.0,1.0,3.0,,1.0,0,Modern (2015-Present),Negative,-0.7814,After Covid
3179,414,Unknown Lounge,Sydney Airport,Business Class,Business,1,2022-07-23,Australia,2.0,1.0,2.0,1.0,,,1.0,0,Modern (2015-Present),Negative,-0.8807,After Covid
3180,414,Business Lounge,Melbourne Airport,Business Class,Business,1,2022-04-11,United Kingdom,3.0,2.0,3.0,1.0,,3.0,1.0,0,Modern (2015-Present),Positive,0.6605,After Covid
3181,414,Premier Lounge,Denpasar Bali Airport,Pay to Use,Unknown,1,2020-02-11,Australia,1.0,2.0,2.0,1.0,1.0,4.0,4.0,1,Modern (2015-Present),Positive,0.7935,Covid
3182,414,Unknown Lounge,Sydney Airport,Business Class,Business,1,2019-10-21,Australia,4.0,5.0,,4.0,,4.0,5.0,1,Modern (2015-Present),Positive,0.9284,Pre Covid
3183,414,Qantas Hong Kong,Hong Kong Airport,Frequent Flyer,Unknown,1,2019-10-18,Australia,5.0,5.0,5.0,5.0,5.0,5.0,5.0,1,Modern (2015-Present),Positive,0.969,Pre Covid
3184,414,Unknown Lounge,Singapore Changi Airport,Frequent Flyer,Unknown,1,2019-10-16,Australia,3.0,4.0,2.0,2.0,4.0,4.0,3.0,1,Modern (2015-Present),Positive,0.7858,Pre Covid
3185,414,Unknown Lounge,Sydney Airport,Business Class,Business,0,2019-09-11,Australia,5.0,5.0,4.0,4.0,4.0,5.0,5.0,1,Modern (2015-Present),Positive,0.9601,Pre Covid
3186,414,Qantas First,Sydney Airport,First Class,Unknown,1,2019-08-31,Japan,5.0,5.0,5.0,5.0,5.0,5.0,5.0,1,Modern (2015-Present),Positive,0.9201,Pre Covid
3187,414,Unknown Lounge,Singapore Changi Airport,Business Class,Business,1,2019-08-13,Australia,2.0,5.0,4.0,4.0,5.0,5.0,4.0,1,Modern (2015-Present),Positive,0.4767,Pre Covid
3188,414,Unknown Lounge,London Heathrow Airport,Business Class,Business,1,2019-08-13,Australia,5.0,5.0,5.0,4.0,5.0,5.0,4.0,1,Modern (2015-Present),Positive,0.8766,Pre Covid
3189,414,Unknown Lounge,Sydney Airport,First Class,Unknown,1,2019-08-13,Australia,5.0,5.0,5.0,5.0,5.0,5.0,5.0,1,Modern (2015-Present),Positive,0.7579,Pre Covid
3190,414,Strata Lounge,Auckland Airport,Pay to Use,Unknown,1,2019-07-22,New Zealand,5.0,5.0,4.0,5.0,3.0,5.0,4.0,1,Modern (2015-Present),Positive,0.9678,Pre Covid
3191,414,Qantas Business Class Lounge,Sydney Airport,Business Class,Business,1,2019-07-07,Australia,2.0,1.0,2.0,1.0,3.0,3.0,3.0,0,Modern (2015-Present),Negative,-0.9758,Pre Covid
3192,414,Domestic Business,Sydney Airport,Business Class,Business,1,2019-06-26,Australia,4.0,5.0,4.0,4.0,4.0,,4.0,1,Modern (2015-Present),Positive,0.177,Pre Covid
3193,414,Unknown Lounge,Kansai International Airport,Frequent Flyer,Unknown,1,2019-05-21,Australia,4.0,4.0,2.0,2.0,4.0,5.0,3.0,1,Modern (2015-Present),Positive,0.905,Pre Covid
3194,414,Unknown Lounge,Hong Kong Airport,Business Class,Business,1,2019-05-18,United States,5.0,5.0,5.0,5.0,5.0,5.0,5.0,1,Modern (2015-Present),Positive,0.959,Pre Covid
3195,414,Unknown Lounge,London Heathrow Airport,First Class,Unknown,1,2019-05-18,United Kingdom,3.0,3.0,3.0,2.0,4.0,2.0,2.0,0,Modern (2015-Present),Neutral,0.0,Pre Covid
3196,414,Unknown Lounge,Auckland Airport,Business Class,Business,1,2019-02-07,Spain,3.0,3.0,2.0,1.0,4.0,4.0,1.0,0,Modern (2015-Present),Positive,0.1644,Pre Covid
3197,414,Unknown Lounge,Wellington Airport,Frequent Flyer,Unknown,1,2019-02-04,Australia,3.0,4.0,2.0,3.0,3.0,3.0,2.0,1,Modern (2015-Present),Positive,0.7137,Pre Covid
3198,414,Unknown Lounge,Brisbane Airport,Business Class,Business,0,2019-02-04,Australia,2.0,3.0,1.0,1.0,3.0,3.0,3.0,0,Modern (2015-Present),Negative,-0.5788,Pre Covid
3199,414,Qantas Club,Gold Coast Airport,Frequent Flyer,Unknown,1,2019-01-30,Australia,1.0,3.0,2.0,1.0,2.0,5.0,2.0,0,Modern (2015-Present),Negative,-0.7922,Pre Covid
3200,414,Qantas Business Lounge,Sydney Airport,Business Class,Business,1,2019-01-29,Australia,5.0,4.0,5.0,4.0,4.0,,4.0,1,Modern (2015-Present),Positive,0.7517,Pre Covid
3201,414,Qantas Club,Brisbane Airport,Business Class,Business,1,2019-01-18,Australia,1.0,1.0,1.0,1.0,1.0,1.0,1.0,0,Modern (2015-Present),Positive,0.767,Pre Covid
3202,414,Unknown Lounge,Sydney Airport,Business Class,Business,1,2018-12-26,Australia,2.0,2.0,3.0,3.0,2.0,3.0,3.0,0,Modern (2015-Present),Positive,0.6375,Pre Covid
3203,414,Unknown Lounge,Auckland Airport,First Class,Unknown,1,2018-11-25,Australia,3.0,4.0,2.0,1.0,4.0,4.0,3.0,0,Modern (2015-Present),Negative,-0.1947,Pre Covid
3204,414,Melbourne,Melbourne Airport,Business Class,Business,1,2018-11-12,New Zealand,4.0,5.0,4.0,4.0,5.0,5.0,5.0,1,Modern (2015-Present),Positive,0.9467,Pre Covid
3205,414,Unknown Lounge,Sydney Airport,First Class,Unknown,1,2018-10-29,Australia,3.0,5.0,4.0,3.0,5.0,4.0,4.0,1,Modern (2015-Present),Positive,0.9482,Pre Covid
3206,414,Qantas Club,Cairns Airport,Frequent Flyer,Unknown,1,2018-10-08,Australia,4.0,4.0,4.0,3.0,4.0,4.0,3.0,1,Modern (2015-Present),Positive,0.8979,Pre Covid
3207,414,Shongololo Lounge,Johannesburg Airport,Frequent Flyer,Unknown,1,2018-10-05,Australia,4.0,3.0,2.0,2.0,2.0,3.0,2.0,1,Modern (2015-Present),Positive,0.2732,Pre Covid
3208,414,Qantas Club,Rockhampton Airport,Frequent Flyer,Unknown,1,2018-09-23,Australia,1.0,2.0,1.0,1.0,1.0,5.0,,0,Modern (2015-Present),Negative,-0.9618,Pre Covid
3209,414,Unknown Lounge,Sydney Airport,Business Class,Business,1,2018-09-06,Australia,2.0,3.0,4.0,1.0,2.0,4.0,4.0,0,Modern (2015-Present),Negative,-0.9221,Pre Covid
3210,414,Qantas,Melbourne Airport,Business Class,Business,1,2018-08-26,Australia,4.0,4.0,4.0,5.0,4.0,5.0,3.0,1,Modern (2015-Present),Positive,0.9308,Pre Covid
3211,414,Qantas Club,Cairns Airport,Frequent Flyer,Unknown,1,2018-08-11,United Kingdom,5.0,5.0,4.0,4.0,5.0,5.0,5.0,1,Modern (2015-Present),Positive,0.9152,Pre Covid
3212,414,Unknown Lounge,London Heathrow Airport,Business Class,Business,0,2018-08-02,Belgium,1.0,1.0,1.0,,1.0,,1.0,0,Modern (2015-Present),Negative,-0.6115,Pre Covid
3213,414,Unknown Lounge,Brisbane Airport,Business Class,Business,1,2018-07-27,Australia,4.0,5.0,4.0,3.0,3.0,4.0,3.0,1,Modern (2015-Present),Positive,0.9849,Pre Covid
3214,414,Hong Kong,Hong Kong Airport,Business Class,Business,1,2018-05-25,Australia,5.0,5.0,5.0,5.0,5.0,5.0,5.0,1,Modern (2015-Present),Positive,0.9748,Pre Covid
3215,414,Qantas Lounge,Honolulu Airport,Business Class,Business,0,2018-04-22,Australia,1.0,1.0,,1.0,,,1.0,1,Modern (2015-Present),Positive,0.4076,Pre Covid
3216,414,Unknown Lounge,Sydney Airport,Business Class,Business,1,2018-03-31,United Kingdom,3.0,4.0,2.0,2.0,4.0,5.0,2.0,0,Modern (2015-Present),Negative,-0.9335,Pre Covid
3217,414,Unknown Lounge,Sydney Airport,First Class,Unknown,1,2018-03-23,Ireland,4.0,5.0,3.0,3.0,5.0,5.0,5.0,1,Modern (2015-Present),Positive,0.9555,Pre Covid
3218,414,Emirates,Dubai Airport,Business Class,Business,1,2018-03-20,Australia,5.0,5.0,5.0,5.0,5.0,5.0,4.0,1,Modern (2015-Present),Positive,0.9524,Pre Covid
3219,414,Qantas London Lounge,London Heathrow Airport,Business Class,Business,1,2018-03-20,Australia,5.0,5.0,5.0,4.0,5.0,5.0,4.0,1,Modern (2015-Present),Positive,0.9558,Pre Covid
3220,414,Qantas Club,Melbourne Airport,Frequent Flyer,Unknown,1,2018-02-20,Australia,2.0,4.0,1.0,1.0,3.0,1.0,1.0,1,Modern (2015-Present),Positive,0.8807,Pre Covid
3221,414,Qantas Club,Gold Coast Airport,Frequent Flyer,Unknown,1,2018-02-14,Australia,3.0,4.0,3.0,3.0,3.0,4.0,3.0,1,Modern (2015-Present),Positive,0.6701,Pre Covid
3222,414,Unknown Lounge,Hong Kong Airport,Business Class,Business,1,2018-02-12,United Kingdom,3.0,4.0,1.0,,,,1.0,0,Modern (2015-Present),Positive,0.9473,Pre Covid
3223,414,Unknown Lounge,Hong Kong Airport,Frequent Flyer,Unknown,1,2018-02-05,Australia,4.0,5.0,3.0,4.0,5.0,5.0,4.0,1,Modern (2015-Present),Positive,0.9779,Pre Covid
3224,414,Unknown Lounge,London Heathrow Airport,Business Class,Business,1,2018-01-18,Australia,4.0,5.0,5.0,3.0,5.0,5.0,3.0,1,Modern (2015-Present),Positive,0.9317,Pre Covid
3225,414,Unknown Lounge,Sydney Airport,Business Class,Business,1,2018-01-05,Australia,3.0,2.0,4.0,2.0,3.0,4.0,3.0,1,Modern (2015-Present),Positive,0.8334,Pre Covid
3226,414,Qantas Club,Darwin Airport,Members,Unknown,1,2018-01-01,Australia,5.0,5.0,5.0,5.0,5.0,5.0,5.0,1,Modern (2015-Present),Positive,0.995,Pre Covid
3227,414,First,Sydney Airport,First Class,Unknown,0,2017-11-14,United Kingdom,5.0,5.0,5.0,5.0,4.0,5.0,5.0,1,Modern (2015-Present),Positive,0.9453,Pre Covid
3228,414,Qantas Business Lounge,Sydney Airport,Business Class,Business,0,2017-11-12,Australia,3.0,3.0,3.0,3.0,4.0,5.0,3.0,1,Modern (2015-Present),Positive,0.891,Pre Covid
3229,414,First Class Lounge,Melbourne Airport,First Class,Unknown,0,2017-11-05,Australia,5.0,5.0,5.0,5.0,5.0,5.0,5.0,1,Modern (2015-Present),Positive,0.9381,Pre Covid
3230,414,Singapore,Singapore Changi Airport,Business Class,Business,0,2017-10-22,Australia,5.0,5.0,5.0,5.0,5.0,5.0,5.0,1,Modern (2015-Present),Positive,0.9559,Pre Covid
3231,414,Qantas Club,Perth Airport,Frequent Flyer,Unknown,0,2017-10-13,Australia,3.0,4.0,3.0,3.0,3.0,5.0,3.0,1,Modern (2015-Present),Positive,0.6351,Pre Covid
3232,414,Qantas Business Lounge,Auckland Airport,Business Class,Business,0,2017-10-11,Australia,3.0,4.0,2.0,2.0,4.0,4.0,4.0,1,Modern (2015-Present),Positive,0.8269,Pre Covid
3233,414,Unknown Lounge,Melbourne Airport,First Class,Unknown,0,2017-10-10,Australia,4.0,5.0,3.0,3.0,4.0,5.0,3.0,1,Modern (2015-Present),Positive,0.4547,Pre Covid
3234,414,Business Lounge,Brisbane Airport,Business Class,Business,0,2017-09-22,Australia,3.0,4.0,,4.0,1.0,5.0,4.0,1,Modern (2015-Present),Negative,-0.09,Pre Covid
3235,414,Unknown Lounge,Sydney Airport,Business Class,Business,0,2017-09-05,Germany,4.0,5.0,5.0,4.0,5.0,5.0,4.0,1,Modern (2015-Present),Positive,0.6424,Pre Covid
3236,414,Unknown Lounge,Melbourne Airport,Business Class,Business,0,2017-09-03,Australia,3.0,4.0,3.0,3.0,3.0,5.0,5.0,1,Modern (2015-Present),Positive,0.796,Pre Covid
3237,414,Qantas Club,Melbourne Airport,Frequent Flyer,Unknown,0,2017-08-21,Australia,4.0,4.0,3.0,3.0,3.0,5.0,4.0,1,Modern (2015-Present),Positive,0.9591,Pre Covid
3238,414,Qantas Club,Cairns Airport,Frequent Flyer,Unknown,0,2017-08-18,Australia,5.0,4.0,4.0,4.0,4.0,5.0,5.0,1,Modern (2015-Present),Positive,0.9686,Pre Covid
3239,414,Qantas Club,Sydney Airport,Frequent Flyer,Unknown,0,2017-08-13,Australia,4.0,4.0,4.0,3.0,4.0,3.0,4.0,1,Modern (2015-Present),Positive,0.9896,Pre Covid
3240,414,Unknown Lounge,Denpasar Bali Airport,Business Class,Business,0,2017-08-01,New Zealand,1.0,1.0,1.0,1.0,1.0,1.0,1.0,0,Modern (2015-Present),Negative,-0.8317,Pre Covid
3241,414,Qantas Club,Brisbane Airport,Frequent Flyer,Unknown,0,2017-07-31,Australia,3.0,3.0,3.0,3.0,2.0,5.0,4.0,1,Modern (2015-Present),Positive,0.7044,Pre Covid
3242,414,International,Sydney Airport,Business Class,Business,0,2017-07-13,Australia,1.0,3.0,2.0,1.0,3.0,3.0,1.0,1,Modern (2015-Present),Positive,0.9307,Pre Covid
3243,414,Unknown Lounge,Honolulu Airport,Business Class,Business,0,2017-06-07,Australia,2.0,3.0,3.0,2.0,2.0,1.0,3.0,1,Modern (2015-Present),Positive,0.803,Pre Covid
3244,414,Unknown Lounge,Sydney Airport,Business Class,Business,0,2017-05-28,Australia,4.0,4.0,4.0,4.0,4.0,4.0,4.0,1,Modern (2015-Present),Positive,0.9482,Pre Covid
3245,414,Unknown Lounge,Melbourne Airport,Business Class,Business,0,2017-04-25,Australia,4.0,4.0,4.0,3.0,3.0,5.0,4.0,1,Modern (2015-Present),Positive,0.9097,Pre Covid
3246,414,Unknown Lounge,Tokyo Narita Airport,Business Class,Business,0,2017-03-27,Australia,4.0,5.0,4.0,3.0,4.0,5.0,4.0,1,Modern (2015-Present),Positive,0.7269,Pre Covid
3247,414,Unknown Lounge,Perth Airport,Business Class,Business,0,2017-03-26,Australia,5.0,5.0,5.0,5.0,5.0,5.0,5.0,1,Modern (2015-Present),Positive,0.9611,Pre Covid
3248,414,Unknown Lounge,Brisbane Airport,Frequent Flyer,Unknown,0,2017-03-16,Australia,5.0,4.0,3.0,3.0,4.0,4.0,5.0,1,Modern (2015-Present),Positive,0.9183,Pre Covid
3249,414,Qantas Club,Auckland Airport,Business Class,Business,0,2017-02-09,Australia,2.0,5.0,3.0,3.0,5.0,5.0,5.0,1,Modern (2015-Present),Positive,0.7275,Pre Covid
3250,414,Unknown Lounge,Sydney Airport,First Class,Unknown,0,2017-01-03,Germany,5.0,5.0,5.0,5.0,5.0,5.0,5.0,1,Modern (2015-Present),Positive,0.9768,Pre Covid
3251,414,Unknown Lounge,Sydney Airport,First Class,Unknown,0,2017-01-01,Hong Kong,5.0,5.0,5.0,5.0,5.0,5.0,5.0,1,Modern (2015-Present),Positive,0.9686,Pre Covid
3252,414,Melbourne,Melbourne Airport,Business Class,Business,0,2016-12-26,Australia,1.0,1.0,1.0,1.0,1.0,1.0,1.0,0,Modern (2015-Present),Negative,-0.1705,Pre Covid
3253,414,Unknown Lounge,Melbourne Airport,Business Class,Business,0,2016-10-30,Australia,3.0,4.0,4.0,3.0,2.0,3.0,,1,Modern (2015-Present),Neutral,0.041,Pre Covid
3254,414,Unknown Lounge,Hong Kong Airport,Business Class,Business,0,2016-10-30,Australia,1.0,3.0,4.0,4.0,3.0,4.0,5.0,1,Modern (2015-Present),Positive,0.6325,Pre Covid
3255,414,Unknown Lounge,Los Angeles LAX Airport,First Class,Unknown,0,2016-10-29,United States,5.0,5.0,5.0,5.0,4.0,4.0,5.0,1,Modern (2015-Present),Positive,0.9701,Pre Covid
3256,414,Qantas Club,Sydney Airport,Frequent Flyer,Unknown,0,2016-10-23,Australia,4.0,4.0,4.0,3.0,2.0,4.0,4.0,1,Modern (2015-Present),Positive,0.8934,Pre Covid
3257,414,Qantas international,Melbourne Airport,Business Class,Business,0,2016-10-19,Australia,3.0,4.0,1.0,1.0,3.0,4.0,3.0,0,Modern (2015-Present),Negative,-0.4939,Pre Covid
3258,414,Unknown Lounge,Sydney Airport,First Class,Unknown,0,2016-10-18,Hong Kong,5.0,5.0,5.0,5.0,5.0,5.0,4.0,1,Modern (2015-Present),Positive,0.9854,Pre Covid
3259,414,Unknown Lounge,Melbourne Airport,Business Class,Business,0,2016-10-04,Australia,3.0,3.0,2.0,1.0,3.0,3.0,2.0,1,Modern (2015-Present),Positive,0.8988,Pre Covid
3260,414,Unknown Lounge,Honolulu Airport,Business Class,Business,0,2016-09-09,Australia,2.0,2.0,2.0,2.0,2.0,3.0,2.0,0,Modern (2015-Present),Negative,-0.5195,Pre Covid
3261,414,Unknown Lounge,Los Angeles LAX Airport,First Class,Unknown,0,2016-09-05,United Kingdom,5.0,5.0,5.0,5.0,5.0,5.0,5.0,1,Modern (2015-Present),Positive,0.9876,Pre Covid
3262,414,Domestic Business Lounge,Sydney Airport,Business Class,Business,0,2016-08-09,United Kingdom,5.0,5.0,5.0,4.0,5.0,5.0,5.0,1,Modern (2015-Present),Positive,0.9583,Pre Covid
3263,414,Hobart,Unknown,Frequent Flyer,Unknown,0,2016-08-07,Australia,1.0,1.0,1.0,1.0,1.0,1.0,1.0,0,Modern (2015-Present),Positive,0.8998,Pre Covid
3264,414,Unknown Lounge,Dallas Fort-Worth Airport,Business Class,Business,0,2016-07-17,Australia,5.0,5.0,5.0,5.0,3.0,5.0,5.0,1,Modern (2015-Present),Positive,0.7096,Pre Covid
3265,414,Louis Tavern,Bangkok Suvarnabhumi Airport,Business Class,Business,0,2016-06-29,Australia,5.0,5.0,5.0,4.0,5.0,5.0,5.0,1,Modern (2015-Present),Positive,0.9537,Pre Covid
3266,414,Qantas Business Lounge,Brisbane Airport,Business Class,Business,0,2016-06-08,Australia,3.0,3.0,3.0,2.0,2.0,2.0,1.0,0,Modern (2015-Present),Negative,-0.4493,Pre Covid
3267,414,Business lounge,Hong Kong Airport,Business Class,Business,0,2016-06-04,Australia,2.0,5.0,5.0,3.0,4.0,4.0,5.0,1,Modern (2015-Present),Neutral,0.0413,Pre Covid
3268,414,Unknown Lounge,Tokyo Narita Airport,Business Class,Business,0,2016-05-22,Australia,4.0,5.0,5.0,3.0,4.0,3.0,4.0,1,Modern (2015-Present),Positive,0.6597,Pre Covid
3269,414,Qantas First Class,Los Angeles LAX Airport,First Class,Unknown,0,2016-05-13,Australia,4.0,5.0,4.0,5.0,4.0,4.0,3.0,1,Modern (2015-Present),Positive,0.953,Pre Covid
3270,414,Unknown Lounge,Auckland Airport,Business Class,Business,0,2016-05-09,New Zealand,4.0,5.0,5.0,4.0,5.0,,5.0,1,Modern (2015-Present),Positive,0.952,Pre Covid
3271,414,Unknown Lounge,Hong Kong Airport,Business Class,Business,0,2016-04-27,Hong Kong,5.0,5.0,5.0,5.0,5.0,,5.0,1,Modern (2015-Present),Positive,0.9155,Pre Covid
3272,414,Unknown Lounge,Los Angeles LAX Airport,First Class,Unknown,0,2016-04-26,Australia,5.0,5.0,5.0,5.0,5.0,5.0,5.0,1,Modern (2015-Present),Positive,0.9741,Pre Covid
3273,414,Unknown Lounge,Hong Kong Airport,Business Class,Business,0,2016-04-26,China,4.0,4.0,5.0,3.0,4.0,2.0,3.0,1,Modern (2015-Present),Positive,0.876,Pre Covid
3274,414,Unknown Lounge,Melbourne Airport,Business Class,Business,0,2016-04-03,United Kingdom,2.0,2.0,1.0,1.0,2.0,,1.0,0,Modern (2015-Present),Positive,0.9726,Pre Covid
3275,414,Qantas Club,Wellington Airport,Frequent Flyer,Unknown,0,2016-03-31,Australia,5.0,5.0,4.0,4.0,4.0,5.0,5.0,1,Modern (2015-Present),Positive,0.9657,Pre Covid
3276,414,Unknown Lounge,Hong Kong Airport,Business Class,Business,0,2016-03-20,Australia,5.0,4.0,5.0,5.0,4.0,3.0,5.0,1,Modern (2015-Present),Positive,0.9536,Pre Covid
3277,414,Singapore,Singapore Changi Airport,Business Class,Business,0,2016-03-15,Australia,5.0,5.0,5.0,5.0,4.0,4.0,5.0,1,Modern (2015-Present),Positive,0.9279,Pre Covid
3278,414,Qantas Club,Auckland Airport,Business Class,Business,0,2016-03-07,Australia,4.0,5.0,5.0,5.0,5.0,5.0,5.0,1,Modern (2015-Present),Positive,0.923,Pre Covid
3279,414,Qantas Business,Melbourne Airport,Business Class,Business,0,2016-03-02,United Kingdom,3.0,4.0,1.0,1.0,3.0,1.0,1.0,0,Modern (2015-Present),Negative,-0.8316,Pre Covid
3280,414,Unknown Lounge,Singapore Changi Airport,Business Class,Business,0,2016-02-20,Australia,4.0,4.0,3.0,4.0,5.0,4.0,5.0,1,Modern (2015-Present),Positive,0.9545,Pre Covid
3281,414,Unknown Lounge,Hong Kong Airport,Business Class,Business,0,2016-02-20,Finland,5.0,5.0,5.0,5.0,5.0,5.0,5.0,1,Modern (2015-Present),Positive,0.9726,Pre Covid
3282,414,Unknown Lounge,Sydney Airport,Business Class,Business,0,2016-02-06,United Kingdom,4.0,4.0,3.0,1.0,3.0,3.0,4.0,1,Modern (2015-Present),Positive,0.9891,Pre Covid
3283,414,Domestic Lounge,Sydney Airport,Business Class,Business,0,2016-02-01,Bahrain,5.0,5.0,5.0,5.0,5.0,,5.0,1,Modern (2015-Present),Positive,0.8596,Pre Covid
3284,414,Unknown Lounge,Los Angeles LAX Airport,First Class,Unknown,0,2016-01-31,Australia,5.0,5.0,5.0,5.0,5.0,5.0,5.0,1,Modern (2015-Present),Positive,0.96,Pre Covid
3285,414,Qantas Club,Melbourne Airport,Frequent Flyer,Unknown,0,2016-01-31,Australia,2.0,4.0,2.0,2.0,4.0,1.0,3.0,0,Modern (2015-Present),Negative,-0.4508,Pre Covid
3286,414,First Class,Sydney Airport,First Class,Unknown,0,2016-01-31,New Zealand,5.0,5.0,4.0,5.0,5.0,5.0,5.0,1,Modern (2015-Present),Positive,0.9531,Pre Covid
3287,414,Qantas,Adelaide Airport,Frequent Flyer,Unknown,0,2016-01-31,Australia,3.0,4.0,3.0,3.0,4.0,4.0,3.0,1,Modern (2015-Present),Positive,0.9042,Pre Covid
3288,414,Singapore,Singapore Changi Airport,Business Class,Business,0,2016-01-07,Australia,5.0,5.0,5.0,3.0,4.0,5.0,5.0,1,Modern (2015-Present),Positive,0.9127,Pre Covid
3289,414,Bangkok,Bangkok Suvarnabhumi Airport,Business Class,Business,0,2016-01-04,Australia,1.0,1.0,1.0,1.0,1.0,1.0,1.0,0,Modern (2015-Present),Negative,-0.4215,Pre Covid
3290,414,Manaia Lounge,Christchurch Airport,Frequent Flyer,Unknown,0,2016-01-02,Australia,5.0,5.0,5.0,4.0,4.0,5.0,5.0,1,Modern (2015-Present),Positive,0.9337,Pre Covid
3291,414,Dubai,Dubai Airport,Business Class,Business,0,2016-01-01,United Kingdom,4.0,4.0,,3.0,3.0,1.0,5.0,1,Modern (2015-Present),Negative,-0.1655,Pre Covid
3292,414,Qantas One World,Hong Kong Airport,First Class,Unknown,0,2015-12-26,Australia,4.0,4.0,4.0,4.0,4.0,3.0,3.0,1,Modern (2015-Present),Positive,0.8625,Pre Covid
3293,414,LHR First Class,London Heathrow Airport,First Class,Unknown,0,2015-12-14,Australia,1.0,1.0,1.0,1.0,,2.0,1.0,0,Modern (2015-Present),Positive,0.5106,Pre Covid
3294,414,Sydney,Sydney Airport,Business Class,Business,0,2015-12-12,Australia,5.0,5.0,5.0,4.0,5.0,5.0,4.0,1,Modern (2015-Present),Positive,0.7096,Pre Covid
3295,414,Unknown Lounge,Brisbane Airport,Business Class,Business,0,2015-12-04,Australia,1.0,1.0,,,,,1.0,0,Modern (2015-Present),Positive,0.2247,Pre Covid
3296,414,Qantas Club,Bangkok Suvarnabhumi Airport,Business Class,Business,0,2015-11-23,Australia,1.0,1.0,,,,,,0,Modern (2015-Present),Negative,-0.9555,Pre Covid
3297,414,Sydney,Sydney Airport,Business Class,Business,0,2015-10-23,Australia,3.0,4.0,4.0,2.0,4.0,5.0,2.0,1,Modern (2015-Present),Negative,-0.4869,Pre Covid
3298,414,Qantas Club,Townsville Airport,Frequent Flyer,Unknown,0,2015-10-14,Australia,5.0,5.0,4.0,4.0,4.0,4.0,5.0,1,Modern (2015-Present),Positive,0.9432,Pre Covid
3299,414,Unknown Lounge,Sydney Airport,First Class,Unknown,0,2015-09-27,Australia,3.0,3.0,5.0,5.0,3.0,4.0,4.0,1,Modern (2015-Present),Positive,0.9945,Pre Covid
3300,414,Unknown Lounge,Sydney Airport,Business Class,Business,0,2015-09-26,Australia,3.0,3.0,5.0,2.0,3.0,,4.0,1,Modern (2015-Present),Negative,-0.2609,Pre Covid
3301,414,Unknown Lounge,Sydney Airport,Business Class,Business,0,2015-08-25,Australia,4.0,5.0,4.0,4.0,,4.0,4.0,1,Modern (2015-Present),Positive,0.2975,Pre Covid
3302,414,Unknown Lounge,Hong Kong Airport,Business Class,Business,0,2015-08-25,Australia,5.0,5.0,4.0,4.0,5.0,5.0,5.0,1,Modern (2015-Present),Positive,0.9666,Pre Covid
3303,414,Unknown Lounge,Sydney Airport,Business Class,Business,0,2015-08-16,Australia,3.0,4.0,2.0,1.0,4.0,3.0,1.0,0,Modern (2015-Present),Positive,0.1779,Pre Covid
3304,414,First Class,Los Angeles LAX Airport,First Class,Unknown,0,2015-08-11,United States,5.0,5.0,5.0,5.0,5.0,5.0,5.0,1,Modern (2015-Present),Positive,0.926,Pre Covid
3305,414,Qantas Club,Hong Kong Airport,Business Class,Business,0,2015-08-06,Australia,5.0,5.0,5.0,5.0,4.0,4.0,5.0,1,Modern (2015-Present),Positive,0.9652,Pre Covid
3306,414,Qantas Club,Sydney Airport,Business Class,Business,0,2015-08-06,Australia,2.0,3.0,4.0,4.0,4.0,5.0,5.0,1,Modern (2015-Present),Positive,0.1531,Pre Covid
3307,414,Business lounge,Sydney Airport,Business Class,Business,0,2015-07-22,Australia,3.0,4.0,3.0,2.0,3.0,4.0,2.0,1,Modern (2015-Present),Positive,0.8779,Pre Covid
3308,414,Qantas Club,Auckland Airport,Frequent Flyer,Unknown,0,2015-07-17,New Zealand,3.0,4.0,2.0,1.0,,2.0,,0,Modern (2015-Present),Positive,0.4129,Pre Covid
3309,414,First Class,Tokyo Narita Airport,First Class,Unknown,0,2015-07-10,Australia,4.0,5.0,4.0,3.0,5.0,4.0,5.0,1,Modern (2015-Present),Positive,0.96,Pre Covid
3310,414,Business Domestic,Melbourne Airport,Business Class,Business,0,2015-07-07,Australia,4.0,4.0,4.0,4.0,3.0,5.0,4.0,1,Modern (2015-Present),Positive,0.2944,Pre Covid
3311,414,Qantas Club,Adelaide Airport,Frequent Flyer,Unknown,0,2015-07-07,Australia,3.0,4.0,3.0,3.0,4.0,3.0,3.0,1,Modern (2015-Present),Neutral,0.0,Pre Covid
3312,414,Qantas Club,Honolulu Airport,Business Class,Business,0,2015-07-05,Australia,1.0,5.0,3.0,3.0,4.0,5.0,5.0,0,Modern (2015-Present),Negative,-0.5681,Pre Covid
3313,414,Galleries Lounge,New York JFK Airport,Business Class,Business,0,2015-05-29,Australia,1.0,2.0,1.0,1.0,1.0,4.0,1.0,0,Modern (2015-Present),Negative,-0.8172,Pre Covid
3314,414,Unknown Lounge,Sydney Airport,Business Class,Business,0,2015-05-29,Australia,2.0,3.0,2.0,3.0,4.0,5.0,3.0,1,Modern (2015-Present),Negative,-0.6155,Pre Covid
3315,414,Unknown Lounge,Los Angeles LAX Airport,Business Class,Business,0,2015-05-29,Australia,5.0,5.0,5.0,4.0,3.0,5.0,5.0,1,Modern (2015-Present),Positive,0.949,Pre Covid
3316,414,Unknown Lounge,Auckland Airport,Business Class,Business,0,2015-05-10,Australia,4.0,3.0,1.0,1.0,3.0,2.0,2.0,0,Modern (2015-Present),Positive,0.4047,Pre Covid
3317,414,Unknown Lounge,Sydney Airport,Business Class,Business,0,2015-04-02,New Zealand,1.0,1.0,1.0,1.0,1.0,1.0,1.0,0,Modern (2015-Present),Negative,-0.8074,Pre Covid
3318,414,Unknown Lounge,Hong Kong Airport,Business Class,Business,0,2015-03-29,Australia,4.0,4.0,4.0,2.0,4.0,4.0,5.0,1,Modern (2015-Present),Positive,0.8718,Pre Covid
3319,414,Unknown Lounge,Brisbane Airport,Business Class,Business,0,2015-03-29,Australia,3.0,3.0,4.0,4.0,4.0,1.0,4.0,1,Modern (2015-Present),Positive,0.9536,Pre Covid
3320,414,QANTAS BUSINESS CLASS LOUNGE REVIEW,Singapore Changi Airport,Business Class,Business,0,2015-03-29,Australia,2.0,4.0,3.0,1.0,4.0,1.0,3.0,0,Modern (2015-Present),Negative,-0.128,Pre Covid
3321,414,Unknown Lounge,Brisbane Airport,Business Class,Business,0,2015-03-29,Australia,1.0,1.0,3.0,2.0,2.0,2.0,2.0,0,Modern (2015-Present),Negative,-0.5423,Pre Covid
3322,414,Unknown Lounge,Hong Kong Airport,Business Class,Business,0,2015-03-22,Australia,5.0,5.0,5.0,5.0,5.0,2.0,5.0,1,Modern (2015-Present),Positive,0.9256,Pre Covid
3323,414,Unknown Lounge,Hong Kong Airport,Business Class,Business,0,2015-03-22,United Kingdom,5.0,5.0,5.0,5.0,5.0,5.0,5.0,1,Modern (2015-Present),Positive,0.9595,Pre Covid
3324,414,Unknown Lounge,Brisbane Airport,Business Class,Business,0,2015-03-01,United Kingdom,3.0,4.0,3.0,1.0,2.0,3.0,3.0,0,Modern (2015-Present),Negative,-0.8551,Pre Covid
3325,414,Unknown Lounge,Singapore Changi Airport,Business Class,Business,0,2015-02-25,Australia,3.0,4.0,4.0,5.0,2.0,3.0,5.0,1,Modern (2015-Present),Negative,-0.0997,Pre Covid
3326,414,Unknown Lounge,Melbourne Airport,First Class,Unknown,0,2015-01-30,New Zealand,4.0,5.0,5.0,5.0,4.0,4.0,5.0,1,Modern (2015-Present),Positive,0.9869,Pre Covid
3327,414,Unknown Lounge,Los Angeles LAX Airport,Business Class,Business,0,2015-01-30,Australia,1.0,1.0,2.0,2.0,1.0,3.0,1.0,0,Modern (2015-Present),Negative,-0.8926,Pre Covid
3328,414,Unknown Lounge,Shanghai Pudong Airport,Business Class,Business,0,2015-01-27,Australia,1.0,2.0,1.0,1.0,1.0,1.0,1.0,0,Modern (2015-Present),Negative,-0.7881,Pre Covid
3329,414,Unknown Lounge,Sydney Airport,Business Class,Business,0,2015-01-02,Australia,4.0,3.0,4.0,4.0,4.0,4.0,2.0,1,Modern (2015-Present),Positive,0.9234,Pre Covid
3330,414,Unknown Lounge,Hong Kong Airport,Business Class,Business,0,2014-10-28,Australia,2.0,4.0,4.0,2.0,4.0,3.0,1.0,0,Historical (Pre-2015),Negative,-0.6249,Pre Covid
3331,414,Qantas Club,Darwin Airport,Unknown,Unknown,0,2014-10-28,Australia,5.0,5.0,5.0,5.0,5.0,5.0,5.0,1,Historical (Pre-2015),Positive,0.986,Pre Covid
3332,414,Unknown Lounge,Singapore Changi Airport,First Class,Unknown,0,2014-10-04,Australia,5.0,5.0,5.0,5.0,5.0,5.0,5.0,1,Historical (Pre-2015),Positive,0.9619,Pre Covid
3333,414,Unknown Lounge,Hong Kong Airport,Business Class,Business,0,2014-10-04,Australia,5.0,5.0,5.0,5.0,5.0,5.0,5.0,1,Historical (Pre-2015),Positive,0.988,Pre Covid
3334,414,Unknown Lounge,Brisbane Airport,Business Class,Business,0,2014-10-04,Australia,4.0,4.0,5.0,4.0,5.0,2.0,5.0,1,Historical (Pre-2015),Positive,0.8479,Pre Covid
3335,414,Unknown Lounge,Darwin Airport,Business Class,Business,0,2014-10-04,Australia,4.0,5.0,5.0,5.0,5.0,5.0,5.0,1,Historical (Pre-2015),Positive,0.8847,Pre Covid
3336,414,Oneworld Lounge,Los Angeles LAX Airport,Business Class,Business,0,2014-08-12,Australia,1.0,4.0,4.0,3.0,3.0,4.0,4.0,1,Historical (Pre-2015),Positive,0.7696,Pre Covid
3337,414,Unknown Lounge,Brisbane Airport,Business Class,Business,0,2014-08-06,Australia,5.0,5.0,5.0,3.0,5.0,5.0,4.0,1,Historical (Pre-2015),Positive,0.9742,Pre Covid
3338,414,Unknown Lounge,Auckland Airport,Unknown,Unknown,0,2014-08-06,Australia,3.0,3.0,4.0,1.0,2.0,3.0,3.0,0,Historical (Pre-2015),Positive,0.8923,Pre Covid
3339,414,Unknown Lounge,Sydney Airport,First Class,Unknown,0,2014-06-04,United States,5.0,5.0,5.0,5.0,5.0,5.0,5.0,1,Historical (Pre-2015),Positive,0.9517,Pre Covid
3340,414,Unknown Lounge,Singapore Changi Airport,Business Class,Business,0,2014-05-12,Australia,1.0,3.0,3.0,3.0,2.0,3.0,5.0,0,Historical (Pre-2015),Positive,0.2876,Pre Covid
3341,414,Unknown Lounge,Auckland Airport,Business Class,Business,0,2014-05-12,Australia,3.0,4.0,1.0,1.0,3.0,4.0,2.0,0,Historical (Pre-2015),Negative,-0.1419,Pre Covid
3342,414,Unknown Lounge,Singapore Changi Airport,Business Class,Business,0,2014-05-01,Australia,4.0,5.0,5.0,5.0,5.0,5.0,5.0,1,Historical (Pre-2015),Positive,0.8074,Pre Covid
3343,414,Unknown Lounge,Sydney Airport,Business Class,Business,0,2014-03-30,Australia,3.0,3.0,4.0,1.0,3.0,4.0,3.0,0,Historical (Pre-2015),Positive,0.9134,Pre Covid
3344,414,Oneworld Lounge,Los Angeles LAX Airport,First Class,Unknown,0,2014-03-30,Australia,3.0,5.0,4.0,2.0,3.0,3.0,4.0,0,Historical (Pre-2015),Positive,0.891,Pre Covid
3345,414,Unknown Lounge,Singapore Changi Airport,Business Class,Business,0,2014-03-03,Australia,4.0,5.0,5.0,5.0,5.0,5.0,5.0,1,Historical (Pre-2015),Positive,0.9607,Pre Covid
3346,414,Unknown Lounge,Sydney Airport,Business Class,Business,0,2014-01-13,Australia,4.0,4.0,5.0,3.0,5.0,4.0,4.0,1,Historical (Pre-2015),Positive,0.9368,Pre Covid
3347,414,Unknown Lounge,Los Angeles LAX Airport,First Class,Unknown,0,2013-11-15,Australia,2.0,4.0,3.0,2.0,3.0,1.0,2.0,0,Historical (Pre-2015),Positive,0.18,Pre Covid
3348,414,Unknown Lounge,Adelaide Airport,Business Class,Business,0,2013-09-15,Australia,5.0,5.0,5.0,4.0,5.0,5.0,5.0,1,Historical (Pre-2015),Positive,0.9881,Pre Covid
3349,414,Unknown Lounge,Wellington Airport,Business Class,Business,0,2013-09-15,New Zealand,4.0,5.0,4.0,4.0,4.0,5.0,5.0,1,Historical (Pre-2015),Positive,0.8271,Pre Covid
3350,414,Unknown Lounge,Sydney Airport,Business Class,Business,0,2013-09-15,Australia,2.0,3.0,4.0,4.0,,4.0,4.0,1,Historical (Pre-2015),Positive,0.6771,Pre Covid
3351,414,Unknown Lounge,Melbourne Airport,Business Class,Business,0,2013-08-14,United Kingdom,5.0,5.0,4.0,3.0,5.0,5.0,4.0,1,Historical (Pre-2015),Positive,0.8462,Pre Covid
3352,414,Unknown Lounge,Perth Airport,Business Class,Business,0,2013-07-31,Australia,4.0,4.0,4.0,1.0,4.0,5.0,4.0,1,Historical (Pre-2015),Positive,0.6806,Pre Covid
3353,414,Unknown Lounge,Sydney Airport,Business Class,Business,0,2013-07-31,Australia,2.0,2.0,4.0,4.0,4.0,4.0,3.0,0,Historical (Pre-2015),Positive,0.8481,Pre Covid
3354,414,Unknown Lounge,Los Angeles LAX Airport,Business Class,Business,0,2013-07-31,New Zealand,5.0,5.0,5.0,4.0,5.0,5.0,5.0,1,Historical (Pre-2015),Positive,0.8688,Pre Covid
3355,414,Unknown Lounge,Singapore Changi Airport,Business Class,Business,0,2013-07-31,Australia,2.0,3.0,3.0,4.0,3.0,4.0,4.0,0,Historical (Pre-2015),Negative,-0.7274,Pre Covid
3356,414,Unknown Lounge,Melbourne Airport,First Class,Unknown,0,2013-07-31,Australia,5.0,4.0,5.0,5.0,3.0,4.0,5.0,1,Historical (Pre-2015),Positive,0.3612,Pre Covid
3357,414,Unknown Lounge,Singapore Changi Airport,Business Class,Business,0,2013-07-07,Australia,5.0,5.0,5.0,5.0,5.0,5.0,5.0,1,Historical (Pre-2015),Positive,0.9623,Pre Covid
3358,414,Unknown Lounge,Sydney Airport,Business Class,Business,0,2013-07-07,Australia,5.0,4.0,4.0,4.0,4.0,5.0,5.0,1,Historical (Pre-2015),Positive,0.9839,Pre Covid
3359,414,Unknown Lounge,Sydney Airport,Business Class,Business,0,2013-05-29,Australia,4.0,4.0,5.0,5.0,5.0,5.0,5.0,1,Historical (Pre-2015),Positive,0.3898,Pre Covid
3360,414,Unknown Lounge,Singapore Changi Airport,Business Class,Business,0,2013-05-29,Australia,5.0,5.0,5.0,5.0,4.0,5.0,5.0,1,Historical (Pre-2015),Positive,0.8687,Pre Covid
3361,414,Unknown Lounge,Unknown,First Class,Unknown,0,2013-05-29,Austria,2.0,4.0,3.0,3.0,4.0,4.0,3.0,0,Historical (Pre-2015),Positive,0.8739,Pre Covid
3362,414,Unknown Lounge,Singapore Changi Airport,Business Class,Business,0,2013-04-24,Australia,3.0,5.0,4.0,4.0,2.0,1.0,5.0,0,Historical (Pre-2015),Positive,0.9508,Pre Covid
3363,414,Unknown Lounge,Hong Kong Airport,Business Class,Business,0,2013-04-16,Macau,4.0,4.0,5.0,1.0,3.0,2.0,4.0,0,Historical (Pre-2015),Positive,0.3396,Pre Covid
3364,414,Unknown Lounge,Gold Coast Airport,Business Class,Business,0,2013-04-16,Australia,5.0,5.0,4.0,3.0,4.0,3.0,5.0,1,Historical (Pre-2015),Positive,0.8537,Pre Covid
3365,414,Unknown Lounge,Singapore Changi Airport,Business Class,Business,0,2013-04-16,Australia,2.0,3.0,5.0,5.0,4.0,5.0,5.0,1,Historical (Pre-2015),Positive,0.864,Pre Covid
3366,414,Unknown Lounge,Honolulu Airport,Business Class,Business,0,2013-04-16,Australia,4.0,5.0,3.0,3.0,5.0,1.0,5.0,1,Historical (Pre-2015),Positive,0.925,Pre Covid
3367,414,Unknown Lounge,Singapore Changi Airport,Business Class,Business,0,2013-04-16,Australia,2.0,3.0,5.0,5.0,4.0,5.0,5.0,1,Historical (Pre-2015),Positive,0.864,Pre Covid
3368,414,Unknown Lounge,Sydney Airport,Business Class,Business,0,2013-04-04,Australia,4.0,5.0,5.0,5.0,5.0,5.0,5.0,1,Historical (Pre-2015),Positive,0.9404,Pre Covid
3369,414,Unknown Lounge,Brisbane Airport,Business Class,Business,0,2013-04-04,Australia,4.0,4.0,2.0,2.0,5.0,5.0,4.0,1,Historical (Pre-2015),Positive,0.9299,Pre Covid
3370,414,Unknown Lounge,Adelaide Airport,Business Class,Business,0,2013-03-20,Australia,5.0,5.0,5.0,4.0,5.0,5.0,5.0,1,Historical (Pre-2015),Positive,0.9839,Pre Covid
3371,414,Unknown Lounge,Singapore Changi Airport,Business Class,Business,0,2013-02-18,Singapore,4.0,5.0,5.0,4.0,5.0,4.0,4.0,1,Historical (Pre-2015),Neutral,0.0,Pre Covid
3372,414,Unknown Lounge,Sydney Airport,Business Class,Business,0,2013-02-04,New Zealand,2.0,2.0,4.0,3.0,2.0,,1.0,0,Historical (Pre-2015),Negative,-0.9081,Pre Covid
3373,414,Unknown Lounge,Honolulu Airport,Business Class,Business,0,2012-11-22,Australia,2.0,3.0,2.0,1.0,2.0,2.0,4.0,0,Historical (Pre-2015),Neutral,-0.0498,Pre Covid
3374,414,Unknown Lounge,Hobart Airport,Business Class,Business,0,2012-11-16,Australia,3.0,5.0,5.0,3.0,2.0,3.0,5.0,1,Historical (Pre-2015),Positive,0.8765,Pre Covid
3375,414,Unknown Lounge,Brisbane Airport,Business Class,Business,0,2012-09-27,Australia,4.0,3.0,3.0,3.0,3.0,,,0,Historical (Pre-2015),Neutral,0.0085,Pre Covid
3376,414,Unknown Lounge,Bangkok Suvarnabhumi Airport,Business Class,Business,0,2012-09-17,Australia,4.0,5.0,4.0,4.0,5.0,5.0,5.0,1,Historical (Pre-2015),Positive,0.9333,Pre Covid
3377,414,Unknown Lounge,Sydney Airport,Business Class,Business,0,2012-08-31,Australia,5.0,5.0,5.0,5.0,5.0,5.0,4.0,1,Historical (Pre-2015),Positive,0.9548,Pre Covid
3378,414,Unknown Lounge,Brisbane Airport,Business Class,Business,0,2012-08-05,United Kingdom,5.0,5.0,5.0,5.0,5.0,,5.0,1,Historical (Pre-2015),Positive,0.9783,Pre Covid
3379,414,Unknown Lounge,Sydney Airport,First Class,Unknown,0,2012-08-05,Chile,5.0,5.0,5.0,5.0,5.0,5.0,5.0,1,Historical (Pre-2015),Positive,0.9286,Pre Covid
3380,414,Unknown Lounge,Brisbane Airport,Business Class,Business,0,2012-07-25,Australia,4.0,4.0,3.0,3.0,4.0,5.0,3.0,1,Historical (Pre-2015),Positive,0.9678,Pre Covid
3381,414,Unknown Lounge,Unknown,Business Class,Business,0,2012-06-18,Australia,4.0,4.0,5.0,4.0,5.0,1.0,3.0,1,Historical (Pre-2015),Positive,0.9109,Pre Covid
3382,414,Unknown Lounge,Sydney Airport,Business Class,Business,0,2012-06-05,New Zealand,4.0,5.0,4.0,4.0,5.0,5.0,5.0,1,Historical (Pre-2015),Neutral,-0.0485,Pre Covid
3383,414,Unknown Lounge,Melbourne Airport,Business Class,Business,0,2012-06-05,United Kingdom,5.0,5.0,5.0,5.0,5.0,5.0,5.0,1,Historical (Pre-2015),Positive,0.9836,Pre Covid
3384,414,Unknown Lounge,Sydney Airport,First Class,Unknown,0,2012-04-24,Australia,5.0,5.0,5.0,5.0,5.0,5.0,5.0,1,Historical (Pre-2015),Positive,0.2732,Pre Covid
3385,414,Unknown Lounge,Singapore Changi Airport,First Class,Unknown,0,2012-04-24,Australia,4.0,4.0,1.0,1.0,3.0,3.0,4.0,0,Historical (Pre-2015),Negative,-0.4671,Pre Covid
3386,414,Unknown Lounge,Sydney Airport,First Class,Unknown,0,2012-02-07,Australia,5.0,5.0,5.0,5.0,5.0,5.0,5.0,1,Historical (Pre-2015),Positive,0.9393,Pre Covid
3387,414,Oneworld Lounge,Unknown,First Class,Unknown,0,2012-01-23,Australia,3.0,3.0,2.0,2.0,1.0,2.0,2.0,0,Historical (Pre-2015),Positive,0.3989,Pre Covid
3388,414,Unknown Lounge,Darwin Airport,Unknown,Unknown,0,2012-01-23,Australia,4.0,5.0,5.0,3.0,4.0,5.0,4.0,1,Historical (Pre-2015),Negative,-0.2263,Pre Covid
3389,414,Unknown Lounge,Adelaide Airport,Business Class,Business,0,2011-11-28,Malaysia,4.0,5.0,4.0,2.0,4.0,4.0,4.0,1,Historical (Pre-2015),Positive,0.9671,Pre Covid
3390,414,Unknown Lounge,Hong Kong Airport,First Class,Unknown,0,2011-10-22,United Kingdom,3.0,4.0,3.0,2.0,4.0,4.0,3.0,0,Historical (Pre-2015),Positive,0.9003,Pre Covid
3391,414,Unknown Lounge,Singapore Changi Airport,Business Class,Business,0,2011-10-22,Australia,4.0,5.0,4.0,4.0,4.0,5.0,4.0,0,Historical (Pre-2015),Positive,0.9159,Pre Covid
3392,414,Galleries Lounge,London Heathrow Airport,Business Class,Business,0,2011-07-31,Hong Kong,4.0,5.0,5.0,4.0,4.0,5.0,5.0,0,Historical (Pre-2015),Positive,0.9198,Pre Covid
3393,414,Unknown Lounge,Unknown,Business Class,Business,0,2011-07-31,Australia,5.0,5.0,4.0,5.0,3.0,3.0,4.0,0,Historical (Pre-2015),Positive,0.7893,Pre Covid
3394,414,Unknown Lounge,Hong Kong Airport,Business Class,Business,0,2011-07-31,United Kingdom,5.0,5.0,4.0,5.0,5.0,5.0,5.0,0,Historical (Pre-2015),Negative,-0.102,Pre Covid
3395,414,Unknown Lounge,Singapore Changi Airport,Business Class,Business,0,2011-07-11,Australia,4.0,5.0,4.0,1.0,5.0,5.0,3.0,0,Historical (Pre-2015),Negative,-0.3367,Pre Covid
3396,414,Unknown Lounge,Sydney Airport,First Class,Unknown,0,2011-06-29,United Kingdom,5.0,5.0,5.0,5.0,5.0,4.0,5.0,0,Historical (Pre-2015),Positive,0.9384,Pre Covid
3397,414,Unknown Lounge,Perth Airport,Business Class,Business,0,2011-05-28,Australia,3.0,4.0,4.0,4.0,4.0,4.0,4.0,0,Historical (Pre-2015),Negative,-0.1779,Pre Covid
3398,414,Unknown Lounge,Melbourne Airport,Business Class,Business,0,2011-05-03,Australia,5.0,5.0,4.0,5.0,4.0,5.0,4.0,0,Historical (Pre-2015),Positive,0.958,Pre Covid
3399,414,Unknown Lounge,Melbourne Airport,First Class,Unknown,0,2011-05-03,Australia,5.0,5.0,5.0,5.0,5.0,4.0,5.0,0,Historical (Pre-2015),Positive,0.8313,Pre Covid
3400,414,Unknown Lounge,Adelaide Airport,Unknown,Unknown,0,2011-05-01,Australia,5.0,5.0,4.0,4.0,5.0,4.0,5.0,0,Historical (Pre-2015),Positive,0.9481,Pre Covid
3401,414,Unknown Lounge,Sydney Airport,First Class,Unknown,0,2011-05-01,United Kingdom,5.0,5.0,5.0,5.0,5.0,4.0,5.0,0,Historical (Pre-2015),Positive,0.9299,Pre Covid
3402,414,Unknown Lounge,Brisbane Airport,Unknown,Unknown,0,2010-11-20,United Kingdom,4.0,5.0,4.0,3.0,4.0,5.0,4.0,0,Historical (Pre-2015),Positive,0.3182,Pre Covid
3403,414,Unknown Lounge,Sydney Airport,First Class,Unknown,0,2010-09-06,United Kingdom,5.0,5.0,5.0,5.0,3.0,5.0,5.0,0,Historical (Pre-2015),Positive,0.8016,Pre Covid
3404,414,Unknown Lounge,Honolulu Airport,Business Class,Business,0,2010-09-01,United Kingdom,4.0,5.0,4.0,4.0,5.0,2.0,5.0,0,Historical (Pre-2015),Positive,0.9441,Pre Covid
3405,414,Unknown Lounge,Honolulu Airport,Business Class,Business,0,2010-08-28,United Kingdom,4.0,5.0,5.0,5.0,5.0,5.0,5.0,0,Historical (Pre-2015),Positive,0.9186,Pre Covid
3406,414,Unknown Lounge,Sydney Airport,Business Class,Business,0,2010-08-04,United Kingdom,3.0,2.0,3.0,3.0,3.0,4.0,3.0,0,Historical (Pre-2015),Positive,0.701,Pre Covid
3407,414,Unknown Lounge,San Francisco Airport,Business Class,Business,0,2010-07-04,United Kingdom,2.0,3.0,3.0,3.0,2.0,2.0,3.0,0,Historical (Pre-2015),Negative,-0.6492,Pre Covid
3408,414,Unknown Lounge,Honolulu Airport,Business Class,Business,0,2010-07-02,United Kingdom,4.0,5.0,4.0,4.0,5.0,3.0,4.0,0,Historical (Pre-2015),Positive,0.4215,Pre Covid
3409,414,Unknown Lounge,Los Angeles LAX Airport,Business Class,Business,0,2010-02-01,United Kingdom,3.0,3.0,3.0,1.0,2.0,1.0,2.0,0,Historical (Pre-2015),Negative,-0.359,Pre Covid
3410,414,Unknown Lounge,Brisbane Airport,First Class,Unknown,0,2010-01-23,United Kingdom,3.0,3.0,3.0,1.0,1.0,3.0,1.0,0,Historical (Pre-2015),Positive,0.0772,Pre Covid
3411,414,Unknown Lounge,Tokyo Narita Airport,Business Class,Business,0,2010-01-17,United Kingdom,4.0,5.0,3.0,3.0,5.0,4.0,5.0,0,Historical (Pre-2015),Positive,0.8402,Pre Covid
3412,414,Unknown Lounge,Sydney Airport,First Class,Unknown,0,2009-12-04,United Kingdom,5.0,5.0,5.0,5.0,4.0,3.0,4.0,0,Historical (Pre-2015),Positive,0.9698,Pre Covid
3413,414,Unknown Lounge,Sydney Airport,Business Class,Business,0,2009-11-10,United Kingdom,3.0,2.0,2.0,1.0,3.0,1.0,2.0,0,Historical (Pre-2015),Positive,0.9531,Pre Covid
3414,414,Unknown Lounge,Sydney Airport,First Class,Unknown,0,2009-10-06,United Kingdom,4.0,3.0,5.0,5.0,1.0,5.0,4.0,0,Historical (Pre-2015),Positive,0.9859,Pre Covid
3415,414,Unknown Lounge,Sydney Airport,First Class,Unknown,0,2009-09-06,United Kingdom,5.0,5.0,4.0,4.0,4.0,5.0,4.0,0,Historical (Pre-2015),Positive,0.9616,Pre Covid
3416,414,Unknown Lounge,Los Angeles LAX Airport,Business Class,Business,0,2009-06-08,United Kingdom,5.0,4.0,5.0,5.0,4.0,4.0,4.0,0,Historical (Pre-2015),Positive,0.9638,Pre Covid
3417,414,Unknown Lounge,Sydney Airport,First Class,Unknown,0,2009-05-31,United Kingdom,5.0,5.0,5.0,5.0,4.0,5.0,5.0,0,Historical (Pre-2015),Positive,0.8873,Pre Covid
3418,414,Unknown Lounge,Singapore Changi Airport,Business Class,Business,0,2009-02-28,United Kingdom,4.0,5.0,4.0,4.0,5.0,3.0,5.0,0,Historical (Pre-2015),Positive,0.9728,Pre Covid
3419,414,Unknown Lounge,Sydney Airport,First Class,Unknown,0,2009-02-07,United Kingdom,5.0,5.0,5.0,5.0,3.0,4.0,5.0,0,Historical (Pre-2015),Positive,0.99,Pre Covid
3420,414,Unknown Lounge,Sydney Airport,Business Class,Business,0,2009-02-07,United Kingdom,4.0,4.0,4.0,3.0,4.0,5.0,4.0,0,Historical (Pre-2015),Positive,0.9826,Pre Covid
3421,414,Unknown Lounge,Perth Airport,Unknown,Unknown,0,2009-01-05,United Kingdom,4.0,5.0,3.0,3.0,4.0,5.0,4.0,0,Historical (Pre-2015),Positive,0.7841,Pre Covid
3422,418,Boardroom,Seattle Airport,Frequent Flyer,Unknown,0,2016-01-19,United States,4.0,4.0,,4.0,3.0,5.0,5.0,1,Modern (2015-Present),Positive,0.9359,Pre Covid
3423,427,Sky Lounge,Bandar Seri Begawan Airport,Business Class,Business,1,2019-01-09,Unknown,1.0,1.0,1.0,1.0,,,1.0,0,Modern (2015-Present),Negative,-0.5255,Pre Covid
3424,427,Cathay Pacific,Melbourne Airport,Business Class,Business,1,2018-02-01,Australia,3.0,4.0,3.0,2.0,4.0,3.0,3.0,1,Modern (2015-Present),Negative,-0.5397,Pre Covid
3425,427,Unknown Lounge,Bandar Seri Begawan Airport,Business Class,Business,0,2017-07-17,Australia,4.0,5.0,1.0,3.0,4.0,4.0,4.0,1,Modern (2015-Present),Positive,0.6705,Pre Covid
3426,427,Unknown Lounge,Bandar Seri Begawan Airport,Business Class,Business,0,2016-03-23,United Kingdom,2.0,4.0,1.0,2.0,1.0,5.0,3.0,1,Modern (2015-Present),Negative,-0.9393,Pre Covid
3427,427,Unknown Lounge,Melbourne Airport,Business Class,Business,0,2013-04-24,Australia,4.0,4.0,3.0,2.0,4.0,4.0,3.0,1,Historical (Pre-2015),Positive,0.8868,Pre Covid
3428,427,Unknown Lounge,Bandar Seri Begawan Airport,Business Class,Business,0,2012-11-22,Australia,5.0,5.0,4.0,4.0,5.0,4.0,5.0,1,Historical (Pre-2015),Positive,0.9571,Pre Covid
3429,427,Unknown Lounge,Bandar Seri Begawan Airport,Business Class,Business,0,2011-05-18,Australia,2.0,4.0,2.0,3.0,4.0,4.0,5.0,0,Historical (Pre-2015),Positive,0.2975,Pre Covid
3430,430,Escape Lounge,London Stansted Airport,Pay to Use,Unknown,0,2017-11-25,United Kingdom,2.0,5.0,3.0,1.0,1.0,,4.0,0,Modern (2015-Present),Negative,-0.7866,Pre Covid
3431,431,S7 Business Lounge,Moscow Domodedovo Airport,Unknown,Unknown,0,2016-04-20,United Kingdom,5.0,5.0,5.0,4.0,5.0,5.0,5.0,1,Modern (2015-Present),Positive,0.9079,Pre Covid
3432,431,Unknown Lounge,Novosibirsk Airport,Business Class,Business,0,2013-12-04,Brazil,4.0,4.0,4.0,4.0,4.0,4.0,3.0,1,Historical (Pre-2015),Positive,0.7323,Pre Covid
3433,431,Unknown Lounge,Moscow Domodedovo Airport,Business Class,Business,0,2013-12-04,Brazil,4.0,4.0,4.0,4.0,4.0,4.0,4.0,1,Historical (Pre-2015),Positive,0.9874,Pre Covid
3434,433,Gold Lounge,Copenhagen Airport,Frequent Flyer,Unknown,1,2024-03-02,Norway,3.0,2.0,2.0,2.0,1.0,3.0,1.0,0,Modern (2015-Present),Negative,-0.4738,After Covid
3435,433,SAS Oslo Airport Domestic,Oslo Airport,Business Class,Business,1,2023-12-02,Norway,2.0,3.0,3.0,3.0,3.0,3.0,3.0,0,Modern (2015-Present),Positive,0.1228,After Covid
3436,433,SAS Lounge,Stockholm Arlanda Airport,Business Class,Business,1,2023-08-25,Germany,3.0,1.0,1.0,2.0,,5.0,1.0,0,Modern (2015-Present),Negative,-0.8905,After Covid
3437,433,Unknown Lounge,Stockholm Arlanda Airport,Business Class,Business,1,2022-09-05,Thailand,3.0,4.0,3.0,3.0,4.0,4.0,4.0,1,Modern (2015-Present),Positive,0.2421,After Covid
3438,433,Norrsken Lounge,Stockholm Arlanda Airport,Members,Unknown,1,2022-09-05,Thailand,3.0,3.0,3.0,3.0,2.0,4.0,4.0,0,Modern (2015-Present),Positive,0.3634,After Covid
3439,433,Unknown Lounge,Newark Airport,Business Class,Business,1,2022-06-29,United States,1.0,1.0,1.0,1.0,1.0,,4.0,0,Modern (2015-Present),Negative,-0.7555,After Covid
3440,433,Gold,Oslo Airport,Business Class,Business,0,2021-02-20,Sweden,3.0,3.0,3.0,1.0,4.0,4.0,3.0,0,Modern (2015-Present),Positive,0.5822,Covid
3441,433,SAS Gold Lounge,Copenhagen Airport,Business Class,Business,1,2020-09-15,Denmark,4.0,4.0,1.0,1.0,,4.0,3.0,0,Modern (2015-Present),Negative,-0.902,Covid
3442,433,Gold Lounge,Stockholm Arlanda Airport,Members,Unknown,1,2020-01-10,Germany,1.0,1.0,1.0,1.0,1.0,1.0,1.0,0,Modern (2015-Present),Negative,-0.27,Covid
3443,433,Unknown Lounge,Paris CDG Airport,Business Class,Business,1,2020-01-09,Sweden,1.0,3.0,3.0,1.0,,3.0,4.0,1,Modern (2015-Present),Negative,-0.4199,Covid
3444,433,Gold Lounge,Stockholm Arlanda Airport,Business Class,Business,1,2020-01-04,Germany,1.0,1.0,1.0,1.0,2.0,1.0,1.0,0,Modern (2015-Present),Negative,-0.9567,Covid
3445,433,Gold Lounge,Oslo Airport,Business Class,Business,1,2019-11-25,Germany,4.0,5.0,4.0,3.0,1.0,4.0,4.0,1,Modern (2015-Present),Positive,0.5859,Pre Covid
3446,433,Unknown Lounge,Newark Airport,Business Class,Business,1,2019-11-24,Germany,4.0,4.0,3.0,3.0,1.0,3.0,2.0,1,Modern (2015-Present),Negative,-0.1779,Pre Covid
3447,433,Unknown Lounge,Stockholm Arlanda Airport,Pay to Use,Unknown,1,2019-08-25,United Kingdom,1.0,2.0,2.0,1.0,1.0,4.0,2.0,0,Modern (2015-Present),Negative,-0.7346,Pre Covid
3448,433,Unknown Lounge,Copenhagen Airport,Business Class,Business,1,2018-10-06,Germany,3.0,4.0,1.0,1.0,2.0,2.0,3.0,0,Modern (2015-Present),Positive,0.2881,Pre Covid
3449,433,Unknown Lounge,Stockholm Arlanda Airport,Business Class,Business,1,2018-05-30,Hong Kong,3.0,4.0,4.0,2.0,2.0,3.0,3.0,0,Modern (2015-Present),Positive,0.8156,Pre Covid
3450,433,Unknown Lounge,Stockholm Arlanda Airport,Frequent Flyer,Unknown,1,2018-05-28,Germany,3.0,4.0,1.0,4.0,,4.0,5.0,1,Modern (2015-Present),Positive,0.9864,Pre Covid
3451,433,SAS Arlanda Domestic,Stockholm Arlanda Airport,Frequent Flyer,Unknown,0,2017-10-14,Sweden,1.0,1.0,1.0,1.0,1.0,3.0,1.0,0,Modern (2015-Present),Negative,-0.8861,Pre Covid
3452,433,Unknown Lounge,Copenhagen Airport,Business Class,Business,0,2017-10-09,Sweden,1.0,3.0,1.0,1.0,3.0,3.0,4.0,0,Modern (2015-Present),Positive,0.6597,Pre Covid
3453,433,Unknown Lounge,Stockholm Arlanda Airport,Business Class,Business,0,2017-09-25,Australia,3.0,5.0,1.0,1.0,,2.0,3.0,0,Modern (2015-Present),Negative,-0.7346,Pre Covid
3454,433,SAS Lounge,Copenhagen Airport,Frequent Flyer,Unknown,0,2017-08-06,Denmark,3.0,3.0,2.0,1.0,3.0,3.0,3.0,0,Modern (2015-Present),Negative,-0.7956,Pre Covid
3455,433,SAS Gold Lounge,Oslo Airport,Frequent Flyer,Unknown,0,2017-08-03,Norway,4.0,4.0,3.0,3.0,,5.0,3.0,1,Modern (2015-Present),Positive,0.9313,Pre Covid
3456,433,Aspire Lounge 26,Amsterdam Schiphol Airport,Business Class,Business,0,2017-06-29,Norway,1.0,1.0,1.0,2.0,1.0,3.0,1.0,0,Modern (2015-Present),Negative,-0.842,Pre Covid
3457,433,Unknown Lounge,Oslo Airport,Business Class,Business,0,2017-06-18,United Kingdom,1.0,4.0,1.0,1.0,1.0,4.0,,0,Modern (2015-Present),Negative,-0.4972,Pre Covid
3458,433,Unknown Lounge,Paris CDG Airport,Business Class,Business,0,2017-06-15,France,1.0,1.0,1.0,1.0,1.0,2.0,1.0,0,Modern (2015-Present),Negative,-0.9412,Pre Covid
3459,433,SAS silver lounge,Stockholm Arlanda Airport,Business Class,Business,0,2016-11-06,Sweden,4.0,4.0,4.0,3.0,4.0,5.0,3.0,1,Modern (2015-Present),Positive,0.8689,Pre Covid
3460,433,SAS Lounge,Copenhagen Airport,Frequent Flyer,Unknown,0,2016-09-14,Austria,4.0,5.0,4.0,3.0,2.0,5.0,5.0,1,Modern (2015-Present),Positive,0.5079,Pre Covid
3461,433,SAS Business Lounge,Chicago O'Hare Airport,Business Class,Business,0,2016-08-13,Sweden,4.0,5.0,4.0,3.0,4.0,5.0,5.0,1,Modern (2015-Present),Positive,0.9716,Pre Covid
3462,433,Gold lounge,Copenhagen Airport,Business Class,Business,0,2016-07-03,United Kingdom,2.0,4.0,4.0,2.0,2.0,1.0,3.0,1,Modern (2015-Present),Negative,-0.8101,Pre Covid
3463,433,SAS Lounge T5,Stockholm Arlanda Airport,Business Class,Business,0,2016-06-01,Finland,4.0,5.0,4.0,5.0,4.0,5.0,4.0,1,Modern (2015-Present),Positive,0.807,Pre Covid
3464,433,Unknown Lounge,Helsinki Vantaa Airport,Business Class,Business,0,2016-04-27,Finland,3.0,5.0,3.0,3.0,4.0,5.0,3.0,0,Modern (2015-Present),Negative,-0.8185,Pre Covid
3465,433,Cafe Lounge Tromso,Tromso Airport,Frequent Flyer,Unknown,0,2016-03-13,Singapore,3.0,4.0,1.0,1.0,,3.0,3.0,1,Modern (2015-Present),Positive,0.2023,Pre Covid
3466,433,Unknown Lounge,Copenhagen Airport,Business Class,Business,0,2015-11-09,Denmark,4.0,4.0,4.0,2.0,3.0,1.0,4.0,0,Modern (2015-Present),Positive,0.768,Pre Covid
3467,433,Lufthansa Lounge,London Heathrow Airport,Business Class,Business,0,2015-07-05,Denmark,5.0,5.0,4.0,5.0,,5.0,5.0,1,Modern (2015-Present),Positive,0.9201,Pre Covid
3468,433,Unknown Lounge,Copenhagen Airport,Business Class,Business,0,2015-03-22,Denmark,4.0,4.0,2.0,3.0,3.0,3.0,3.0,1,Modern (2015-Present),Positive,0.6915,Pre Covid
3469,433,Unknown Lounge,Stockholm Arlanda Airport,Business Class,Business,0,2015-03-01,Sweden,3.0,3.0,3.0,2.0,2.0,4.0,2.0,0,Modern (2015-Present),Negative,-0.533,Pre Covid
3470,433,Unknown Lounge,Chicago O'Hare Airport,Business Class,Business,0,2015-01-27,United States,4.0,4.0,4.0,3.0,4.0,4.0,4.0,1,Modern (2015-Present),Positive,0.9559,Pre Covid
3471,433,Unknown Lounge,Copenhagen Airport,Business Class,Business,0,2014-10-05,Germany,4.0,3.0,3.0,2.0,3.0,1.0,3.0,0,Historical (Pre-2015),Negative,-0.9688,Pre Covid
3472,433,Domestic,Oslo Airport,Business Class,Business,0,2014-10-05,Norway,3.0,5.0,4.0,2.0,1.0,5.0,4.0,1,Historical (Pre-2015),Positive,0.0772,Pre Covid
3473,433,Eurobonus,Copenhagen Airport,Frequent Flyer,Unknown,0,2014-08-06,Denmark,2.0,3.0,2.0,3.0,3.0,1.0,3.0,0,Historical (Pre-2015),Negative,-0.7764,Pre Covid
3474,433,Eurobonus,Stockholm Arlanda Airport,Frequent Flyer,Unknown,0,2014-03-30,Sweden,4.0,5.0,5.0,3.0,4.0,5.0,5.0,1,Historical (Pre-2015),Positive,0.9848,Pre Covid
3475,433,SAS Plus,Stockholm Arlanda Airport,Business Class,Business,0,2013-12-23,Sweden,3.0,3.0,1.0,1.0,4.0,5.0,4.0,0,Historical (Pre-2015),Negative,-0.7831,Pre Covid
3476,433,Eurobonus,Copenhagen Airport,Frequent Flyer,Unknown,0,2013-11-15,Norway,4.0,5.0,4.0,2.0,3.0,4.0,5.0,1,Historical (Pre-2015),Positive,0.8945,Pre Covid
3477,433,Eurobonus Lounge,Stockholm Arlanda Airport,Unknown,Unknown,0,2013-10-06,Sweden,3.0,3.0,4.0,2.0,2.0,5.0,4.0,1,Historical (Pre-2015),Positive,0.3291,Pre Covid
3478,433,Unknown Lounge,Copenhagen Airport,Unknown,Unknown,0,2013-10-06,Sweden,4.0,5.0,5.0,4.0,4.0,5.0,5.0,1,Historical (Pre-2015),Positive,0.9348,Pre Covid
3479,433,Unknown Lounge,Brussels Zaventem Airport,Unknown,Unknown,0,2013-10-06,Sweden,2.0,2.0,1.0,1.0,2.0,3.0,3.0,0,Historical (Pre-2015),Negative,-0.8012,Pre Covid
3480,433,Unknown Lounge,Copenhagen Airport,Business Class,Business,0,2013-07-07,Germany,3.0,3.0,3.0,2.0,,2.0,2.0,0,Historical (Pre-2015),Negative,-0.7226,Pre Covid
3481,433,Unknown Lounge,Copenhagen Airport,Business Class,Business,0,2013-04-16,Denmark,4.0,4.0,5.0,4.0,3.0,4.0,5.0,1,Historical (Pre-2015),Positive,0.9313,Pre Covid
3482,433,Unknown Lounge,Copenhagen Airport,Business Class,Business,0,2013-04-04,Denmark,5.0,4.0,4.0,4.0,4.0,5.0,5.0,1,Historical (Pre-2015),Positive,0.9413,Pre Covid
3483,433,Unknown Lounge,Stockholm Arlanda Airport,Unknown,Unknown,0,2013-03-08,Sweden,3.0,4.0,4.0,2.0,2.0,3.0,3.0,1,Historical (Pre-2015),Positive,0.9607,Pre Covid
3484,433,Unknown Lounge,Stockholm Arlanda Airport,Unknown,Unknown,0,2012-09-10,Sweden,3.0,4.0,5.0,2.0,4.0,5.0,4.0,1,Historical (Pre-2015),Positive,0.4235,Pre Covid
3485,433,Unknown Lounge,Stockholm Arlanda Airport,Business Class,Business,0,2012-09-03,Sweden,3.0,3.0,4.0,1.0,4.0,5.0,5.0,1,Historical (Pre-2015),Positive,0.9387,Pre Covid
3486,433,Unknown Lounge,Vilnius Airport,Business Class,Business,0,2012-01-30,Canada,4.0,5.0,4.0,4.0,4.0,4.0,2.0,1,Historical (Pre-2015),Positive,0.8442,Pre Covid
3487,433,Unknown Lounge,Gothenburg City Airport,Business Class,Business,0,2012-01-30,Sweden,3.0,4.0,2.0,2.0,1.0,4.0,3.0,1,Historical (Pre-2015),Positive,0.1518,Pre Covid
3488,433,Unknown Lounge,London Heathrow Airport,Unknown,Unknown,0,2011-05-01,United Kingdom,4.0,5.0,5.0,4.0,4.0,4.0,3.0,0,Historical (Pre-2015),Positive,0.9376,Pre Covid
3489,433,Unknown Lounge,Stockholm Arlanda Airport,Business Class,Business,0,2010-07-14,United Kingdom,3.0,5.0,3.0,3.0,3.0,3.0,3.0,0,Historical (Pre-2015),Positive,0.7353,Pre Covid
3490,433,Unknown Lounge,London Heathrow Airport,Business Class,Business,0,2010-07-14,United Kingdom,4.0,4.0,4.0,3.0,4.0,5.0,3.0,0,Historical (Pre-2015),Positive,0.1901,Pre Covid
3491,433,Unknown Lounge,Oslo Airport,Unknown,Unknown,0,2010-02-13,United Kingdom,4.0,4.0,4.0,3.0,,5.0,3.0,0,Historical (Pre-2015),Positive,0.923,Pre Covid
3492,433,Unknown Lounge,Copenhagen Airport,Business Class,Business,0,2009-11-10,United Kingdom,4.0,4.0,3.0,2.0,3.0,3.0,1.0,0,Historical (Pre-2015),Positive,0.3182,Pre Covid
3493,433,Unknown Lounge,Copenhagen Airport,Business Class,Business,0,2009-07-30,United Kingdom,4.0,4.0,4.0,4.0,4.0,4.0,4.0,0,Historical (Pre-2015),Positive,0.9433,Pre Covid
3498,447,Priime Class Lounge,Medina Airport,Business Class,Business,1,2023-10-26,Malaysia,2.0,5.0,2.0,2.0,3.0,4.0,3.0,1,Modern (2015-Present),Positive,0.8522,After Covid
3499,447,AlFursan,Jeddah Airport,Business Class,Business,1,2023-03-12,Italy,5.0,5.0,1.0,1.0,3.0,1.0,3.0,0,Modern (2015-Present),Positive,0.7269,After Covid
3500,447,Alfursan,Riyadh Airport,Business Class,Business,1,2019-03-14,Saudi Arabia,2.0,2.0,1.0,1.0,2.0,1.0,1.0,0,Modern (2015-Present),Positive,0.1027,Pre Covid
3501,447,Alfursan,Cairo Airport,First Class,Unknown,1,2019-03-05,Saudi Arabia,5.0,5.0,5.0,5.0,5.0,5.0,5.0,1,Modern (2015-Present),Positive,0.8625,Pre Covid
3502,447,Al Fursan,Riyadh Airport,Business Class,Business,1,2018-01-02,Saudi Arabia,2.0,5.0,3.0,1.0,4.0,3.0,4.0,0,Modern (2015-Present),Positive,0.7984,Pre Covid
3503,447,Unknown Lounge,Riyadh Airport,Pay to Use,Unknown,0,2017-05-04,Saudi Arabia,5.0,5.0,5.0,3.0,5.0,5.0,5.0,1,Modern (2015-Present),Positive,0.8787,Pre Covid
3504,447,Alfursan Lounges,Riyadh Airport,Frequent Flyer,Unknown,0,2016-04-14,Saudi Arabia,5.0,5.0,3.0,5.0,4.0,5.0,5.0,1,Modern (2015-Present),Positive,0.8481,Pre Covid
3505,447,Unknown Lounge,Jeddah Airport,Business Class,Business,0,2016-03-04,United Kingdom,4.0,4.0,3.0,5.0,,5.0,4.0,1,Modern (2015-Present),Positive,0.9042,Pre Covid
3506,447,Unknown Lounge,Jeddah Airport,Business Class,Business,0,2014-10-05,United States,5.0,5.0,5.0,4.0,5.0,5.0,5.0,1,Historical (Pre-2015),Positive,0.9403,Pre Covid
3507,447,Unknown Lounge,Dammam Port Airport,Business Class,Business,0,2014-01-06,Saudi Arabia,1.0,2.0,1.0,1.0,,1.0,2.0,0,Historical (Pre-2015),Negative,-0.8856,Pre Covid
3508,447,Unknown Lounge,Dammam Port Airport,Business Class,Business,0,2013-05-29,Saudi Arabia,2.0,3.0,2.0,2.0,2.0,3.0,3.0,0,Historical (Pre-2015),Negative,-0.8689,Pre Covid
3509,447,Unknown Lounge,Jeddah Airport,Business Class,Business,0,2012-10-04,United Kingdom,1.0,2.0,2.0,3.0,1.0,2.0,3.0,0,Historical (Pre-2015),Negative,-0.6119,Pre Covid
3510,447,Unknown Lounge,Riyadh Airport,First Class,Unknown,0,2010-08-28,United Kingdom,4.0,4.0,4.0,3.0,,3.0,3.0,0,Historical (Pre-2015),Positive,0.9556,Pre Covid
3511,435,Unknown Lounge,Ponta Delgada Airport,Business Class,Business,0,2010-08-14,United Kingdom,2.0,3.0,1.0,1.0,2.0,1.0,1.0,0,Historical (Pre-2015),Positive,0.128,Pre Covid
3512,453,Unknown Lounge,Yichang Sanxia Airport,First Class,Unknown,0,2016-06-20,Argentina,1.0,1.0,1.0,1.0,1.0,1.0,1.0,0,Modern (2015-Present),Negative,-0.8817,Pre Covid
3513,453,Unknown Lounge,Shanghai Pudong Airport,Business Class,Business,0,2010-07-04,United Kingdom,4.0,3.0,2.0,2.0,3.0,4.0,3.0,0,Historical (Pre-2015),Positive,0.769,Pre Covid
3514,437,SATS Premier Lounge Terminal -3,Singapore Changi Airport,Pay to Use,Unknown,1,2023-11-13,Canada,2.0,2.0,2.0,1.0,1.0,3.0,1.0,0,Modern (2015-Present),Negative,-0.9868,After Covid
3515,437,SAT Terminal 2,Singapore Changi Airport,Pay to Use,Unknown,0,2019-09-06,Singapore,3.0,4.0,2.0,1.0,3.0,4.0,3.0,0,Modern (2015-Present),Positive,0.8844,Pre Covid
3516,437,Sats Premier Lounge T1,Singapore Changi Airport,Pay to Use,Unknown,1,2019-05-18,Singapore,4.0,5.0,4.0,4.0,4.0,5.0,4.0,1,Modern (2015-Present),Positive,0.5106,Pre Covid
3517,437,Lounge T1,Singapore Changi Airport,Pay to Use,Unknown,1,2019-02-11,Singapore,4.0,5.0,3.0,3.0,,5.0,4.0,0,Modern (2015-Present),Positive,0.7506,Pre Covid
3518,437,Premier Lounge T3,Singapore Changi Airport,Unknown,Unknown,0,2016-09-06,Australia,5.0,4.0,4.0,4.0,4.0,4.0,4.0,1,Modern (2015-Present),Positive,0.9876,Pre Covid
3519,437,SATS Premier lounge T1,Singapore Changi Airport,Business Class,Business,0,2015-06-21,Sweden,4.0,5.0,3.0,4.0,4.0,4.0,3.0,1,Modern (2015-Present),Positive,0.9622,Pre Covid
3520,437,Unknown Lounge,Singapore Changi Airport,Unknown,Unknown,0,2015-06-17,Australia,4.0,5.0,4.0,4.0,4.0,4.0,5.0,1,Modern (2015-Present),Positive,0.9367,Pre Covid
3521,454,Unknown Lounge,Shenzhen Baoan Airport,First Class,Unknown,0,2011-10-22,China,3.0,3.0,3.0,3.0,3.0,3.0,4.0,0,Historical (Pre-2015),Positive,0.4893,Pre Covid
3522,448,SATS Lounge T2,Singapore Changi Airport,Business Class,Business,0,2015-06-17,Australia,4.0,5.0,4.0,4.0,4.0,4.0,5.0,1,Modern (2015-Present),Positive,0.9367,Pre Covid
3523,458,Business Lounge T2,Singapore Changi Airport,Business Class,Business,1,2026-01-14,Norway,2.0,4.0,2.0,2.0,3.0,3.0,2.0,0,Modern (2015-Present),Negative,-0.5267,After Covid
3524,458,Silver Kris,Brisbane Airport,Business Class,Business,0,2025-04-29,Australia,3.0,5.0,4.0,4.0,,,4.0,1,Modern (2015-Present),Positive,0.9521,After Covid
3525,458,Krisflyer,London Heathrow Airport,Business Class,Business,1,2025-04-20,Philippines,3.0,4.0,4.0,5.0,1.0,4.0,4.0,1,Modern (2015-Present),Positive,0.9956,After Covid
3526,458,Kris Lounge Terminal 2,Singapore Changi Airport,Business Class,Business,1,2025-04-18,Philippines,2.0,2.0,,5.0,1.0,2.0,,0,Modern (2015-Present),Positive,0.6122,After Covid
3527,458,SilverKris,Bangkok Suvarnabhumi Airport,Business Class,Business,1,2025-04-10,United Kingdom,5.0,5.0,5.0,4.0,3.0,5.0,5.0,1,Modern (2015-Present),Positive,0.9923,After Covid
3528,458,Terminal 2,Singapore Changi Airport,Business Class,Business,1,2025-01-19,United Kingdom,1.0,4.0,3.0,2.0,4.0,5.0,3.0,0,Modern (2015-Present),Neutral,0.0094,After Covid
3529,458,Silver Kris T2,Singapore Changi Airport,Business Class,Business,1,2024-11-15,South Korea,4.0,3.0,4.0,4.0,4.0,5.0,4.0,1,Modern (2015-Present),Negative,-0.7345,After Covid
3530,458,The Coral Lounge,Phuket Airport,Business Class,Business,1,2024-08-29,Australia,3.0,4.0,1.0,2.0,1.0,1.0,2.0,1,Modern (2015-Present),Negative,-0.4835,After Covid
3531,458,SilverKris Lounge,Incheon Airport,Frequent Flyer,Unknown,1,2024-06-16,Philippines,5.0,5.0,5.0,5.0,5.0,5.0,5.0,1,Modern (2015-Present),Positive,0.9517,After Covid
3532,458,SilverKris Business Class Lounge,Singapore Changi Airport,Business Class,Business,1,2024-04-14,Indonesia,5.0,5.0,5.0,5.0,5.0,5.0,4.0,1,Modern (2015-Present),Positive,0.9805,After Covid
3533,458,Unknown Lounge,London Heathrow Airport,Business Class,Business,0,2023-11-04,Ireland,3.0,4.0,3.0,3.0,4.0,3.0,4.0,1,Modern (2015-Present),Positive,0.5574,After Covid
3534,458,KrisFlyer Gold T3,Unknown,Frequent Flyer,Unknown,1,2023-11-02,United Arab Emirates,5.0,5.0,4.0,4.0,5.0,5.0,5.0,1,Modern (2015-Present),Positive,0.9694,After Covid
3535,458,Silver Kris,Singapore Changi Airport,Business Class,Business,1,2022-10-01,Australia,1.0,4.0,3.0,3.0,4.0,1.0,2.0,0,Modern (2015-Present),Negative,-0.9264,After Covid
3536,458,SilverKris Lounge,London Heathrow Airport,Business Class,Business,1,2022-09-26,United Kingdom,2.0,4.0,3.0,4.0,2.0,4.0,3.0,1,Modern (2015-Present),Positive,0.9933,After Covid
3537,458,Silverkris Lounge,Singapore Changi Airport,Business Class,Business,1,2022-08-10,Indonesia,4.0,5.0,5.0,5.0,5.0,5.0,5.0,1,Modern (2015-Present),Positive,0.8553,After Covid
3538,458,Silver Kris First Class,Singapore Changi Airport,First Class,Unknown,1,2022-07-01,Vietnam,2.0,2.0,3.0,3.0,3.0,5.0,2.0,0,Modern (2015-Present),Positive,0.9746,After Covid
3539,458,Virgin Atlantic Lounge,New York JFK Airport,Business Class,Business,1,2021-11-21,Germany,4.0,4.0,4.0,3.0,3.0,4.0,4.0,0,Modern (2015-Present),Positive,0.9014,Covid
3540,458,Krisflyer Gold,Singapore Changi Airport,Frequent Flyer,Unknown,1,2019-10-23,Australia,3.0,4.0,2.0,3.0,,3.0,3.0,1,Modern (2015-Present),Positive,0.9393,Pre Covid
3541,458,Silver Kris Lounge,Sydney Airport,Business Class,Business,0,2019-08-28,Canada,4.0,4.0,4.0,4.0,4.0,5.0,5.0,1,Modern (2015-Present),Positive,0.9527,Pre Covid
3542,458,Krisflyer Gold T2,Singapore Changi Airport,Frequent Flyer,Unknown,1,2019-07-14,Thailand,2.0,2.0,2.0,2.0,2.0,3.0,2.0,0,Modern (2015-Present),Negative,-0.8544,Pre Covid
3543,458,Ahlan Business Class Lounge,Dubai Airport,Business Class,Business,1,2019-05-26,United States,5.0,5.0,5.0,5.0,5.0,5.0,5.0,1,Modern (2015-Present),Positive,0.9864,Pre Covid
3544,458,Ahlan Business Class Lounge,Dubai Airport,Business Class,Business,1,2019-05-21,United States,5.0,5.0,5.0,5.0,5.0,5.0,5.0,1,Modern (2015-Present),Positive,0.962,Pre Covid
3545,458,Silverkris Lounge,Hong Kong Airport,Business Class,Business,0,2019-05-20,Thailand,4.0,5.0,5.0,5.0,5.0,5.0,5.0,1,Modern (2015-Present),Positive,0.9423,Pre Covid
3546,458,Unknown Lounge,London Heathrow Airport,Business Class,Business,1,2019-03-12,United Kingdom,5.0,5.0,4.0,5.0,5.0,5.0,5.0,1,Modern (2015-Present),Positive,0.9324,Pre Covid
3547,458,Silver Kris,Singapore Changi Airport,Business Class,Business,1,2019-02-26,Australia,5.0,5.0,3.0,4.0,2.0,4.0,5.0,1,Modern (2015-Present),Positive,0.9843,Pre Covid
3548,458,Unknown Lounge,Sydney Airport,First Class,Unknown,1,2019-02-24,Spain,4.0,5.0,5.0,5.0,5.0,5.0,4.0,1,Modern (2015-Present),Positive,0.8553,Pre Covid
3549,458,Krisflyer,Perth Airport,Business Class,Business,1,2019-02-24,Australia,5.0,5.0,5.0,5.0,5.0,5.0,5.0,1,Modern (2015-Present),Positive,0.9518,Pre Covid
3550,458,Silver Kris Lounge,Singapore Changi Airport,Business Class,Business,1,2018-12-23,Switzerland,2.0,3.0,2.0,2.0,3.0,1.0,,0,Modern (2015-Present),Negative,-0.8956,Pre Covid
3551,458,The Private Room,Singapore Changi Airport,First Class,Unknown,1,2018-12-17,Spain,5.0,5.0,5.0,5.0,5.0,5.0,5.0,1,Modern (2015-Present),Positive,0.3812,Pre Covid
3552,458,Star Alliance,Paris CDG Airport,First Class,Unknown,1,2018-10-26,Spain,5.0,5.0,4.0,4.0,5.0,5.0,5.0,1,Modern (2015-Present),Positive,0.7227,Pre Covid
3553,458,Unknown Lounge,Melbourne Airport,Business Class,Business,1,2018-08-11,Australia,3.0,4.0,4.0,4.0,3.0,4.0,3.0,1,Modern (2015-Present),Negative,-0.722,Pre Covid
3554,458,Silver Kris Lounge,London Heathrow Airport,Business Class,Business,1,2018-08-02,Germany,5.0,5.0,5.0,5.0,5.0,5.0,5.0,1,Modern (2015-Present),Positive,0.9077,Pre Covid
3555,458,SilverKris,London Heathrow Airport,Business Class,Business,1,2018-06-09,United Kingdom,5.0,5.0,5.0,5.0,3.0,5.0,5.0,1,Modern (2015-Present),Positive,0.8268,Pre Covid
3556,458,KrisFlyer Silver,Singapore Changi Airport,Business Class,Business,1,2018-05-22,Australia,4.0,4.0,4.0,4.0,2.0,5.0,3.0,1,Modern (2015-Present),Positive,0.9184,Pre Covid
3557,458,SilverKris Lounge T2,Singapore Changi Airport,Business Class,Business,1,2018-04-20,Thailand,3.0,5.0,5.0,5.0,5.0,5.0,5.0,1,Modern (2015-Present),Positive,0.9778,Pre Covid
3558,458,SilverKris Lounge,Bangkok Suvarnabhumi Airport,Business Class,Business,1,2018-04-20,Thailand,5.0,5.0,5.0,4.0,4.0,4.0,5.0,1,Modern (2015-Present),Positive,0.9776,Pre Covid
3559,458,The Private Room,Singapore Changi Airport,First Class,Unknown,1,2018-04-08,United Kingdom,4.0,5.0,2.0,2.0,5.0,5.0,4.0,1,Modern (2015-Present),Positive,0.6956,Pre Covid
3560,458,Swiss,New York JFK Airport,Business Class,Business,1,2018-03-20,United Kingdom,3.0,4.0,4.0,4.0,2.0,4.0,4.0,1,Modern (2015-Present),Positive,0.8011,Pre Covid
3561,458,Unknown Lounge,Chennai Airport,Business Class,Business,1,2018-01-31,United States,1.0,1.0,,1.0,1.0,2.0,2.0,0,Modern (2015-Present),Negative,-0.5726,Pre Covid
3562,458,Silver Kris lounge,Bangkok Suvarnabhumi Airport,Business Class,Business,1,2018-01-28,Singapore,5.0,5.0,5.0,5.0,4.0,5.0,5.0,1,Modern (2015-Present),Positive,0.9217,Pre Covid
3563,458,Silver Kris Lounge,Hong Kong Airport,Business Class,Business,1,2018-01-23,United States,5.0,5.0,4.0,4.0,5.0,5.0,5.0,1,Modern (2015-Present),Positive,0.9371,Pre Covid
3564,458,Private Room,Singapore Changi Airport,First Class,Unknown,1,2018-01-06,Singapore,5.0,5.0,5.0,5.0,5.0,5.0,5.0,1,Modern (2015-Present),Positive,0.9412,Pre Covid
3565,458,ANA business lounge,Tokyo Haneda Airport,Business Class,Business,1,2018-01-06,Singapore,2.0,5.0,4.0,5.0,1.0,4.0,5.0,1,Modern (2015-Present),Positive,0.8294,Pre Covid
3566,458,Silver Kris Lounge,Melbourne Airport,Business Class,Business,1,2017-12-01,Australia,5.0,5.0,4.0,5.0,5.0,5.0,5.0,1,Modern (2015-Present),Positive,0.9336,Pre Covid
3567,458,SilverKris T3,Singapore Changi Airport,Business Class,Business,1,2017-11-25,Germany,4.0,5.0,4.0,4.0,,4.0,3.0,1,Modern (2015-Present),Positive,0.9307,Pre Covid
3568,458,Krisflyer Gold Lounge,Singapore Changi Airport,Frequent Flyer,Unknown,0,2017-09-28,South Korea,1.0,1.0,1.0,1.0,,1.0,2.0,0,Modern (2015-Present),Negative,-0.3149,Pre Covid
3569,458,Anfore,Rome Fiumicino Airport,Business Class,Business,0,2017-09-25,Australia,2.0,3.0,2.0,2.0,1.0,,,1,Modern (2015-Present),Positive,0.7671,Pre Covid
3570,458,Concordia Premier,Surabaya Juanda Airport,Frequent Flyer,Unknown,0,2017-09-03,Poland,5.0,5.0,4.0,3.0,5.0,1.0,5.0,1,Modern (2015-Present),Positive,0.9655,Pre Covid
3571,458,KrisFlyer Gold Lounge,Singapore Changi Airport,Frequent Flyer,Unknown,0,2017-09-03,Poland,5.0,5.0,5.0,4.0,4.0,5.0,5.0,1,Modern (2015-Present),Positive,0.8957,Pre Covid
3572,458,SilverKris,Singapore Changi Airport,Business Class,Business,0,2017-03-22,Australia,3.0,3.0,3.0,4.0,3.0,2.0,2.0,1,Modern (2015-Present),Positive,0.9036,Pre Covid
3573,458,SilverKris,Brisbane Airport,Business Class,Business,0,2017-03-17,Australia,5.0,5.0,5.0,5.0,5.0,5.0,5.0,1,Modern (2015-Present),Positive,0.9884,Pre Covid
3574,458,Unknown Lounge,London Heathrow Airport,First Class,Unknown,0,2017-02-15,United Kingdom,3.0,5.0,5.0,3.0,,,3.0,1,Modern (2015-Present),Positive,0.9824,Pre Covid
3575,458,SilverKris Lounge,Singapore Changi Airport,First Class,Unknown,0,2017-01-17,United States,5.0,5.0,5.0,5.0,5.0,5.0,5.0,1,Modern (2015-Present),Positive,0.7003,Pre Covid
3576,458,Turkish Airlines,Istanbul Airport,Business Class,Business,0,2016-11-29,Singapore,3.0,3.0,5.0,5.0,5.0,4.0,1.0,1,Modern (2015-Present),Negative,-0.9692,Pre Covid
3577,458,Gold Lounge,Singapore Changi Airport,Frequent Flyer,Unknown,0,2016-11-08,United Kingdom,2.0,3.0,2.0,1.0,1.0,3.0,1.0,1,Modern (2015-Present),Positive,0.4717,Pre Covid
3578,458,First Class,London Heathrow Airport,First Class,Unknown,0,2016-11-04,United Kingdom,3.0,2.0,3.0,3.0,2.0,4.0,2.0,0,Modern (2015-Present),Negative,-0.8024,Pre Covid
3579,458,SilverKris,London Heathrow Airport,Business Class,Business,0,2016-09-14,Australia,5.0,5.0,5.0,5.0,,5.0,5.0,1,Modern (2015-Present),Positive,0.9437,Pre Covid
3580,458,Krisflyer Gold Lounge Terminal 3,Singapore Changi Airport,Unknown,Unknown,0,2016-09-06,Australia,4.0,4.0,2.0,3.0,,3.0,3.0,1,Modern (2015-Present),Negative,-0.9152,Pre Covid
3581,458,SilverKris,Brisbane Airport,Business Class,Business,0,2016-09-05,Australia,4.0,5.0,4.0,4.0,4.0,4.0,5.0,1,Modern (2015-Present),Positive,0.9834,Pre Covid
3582,458,Unknown Lounge,Hong Kong Airport,Business Class,Business,0,2016-08-16,China,4.0,4.0,4.0,4.0,4.0,4.0,4.0,1,Modern (2015-Present),Positive,0.8885,Pre Covid
3583,458,Premier Lounge,Denpasar Bali Airport,Business Class,Business,0,2016-08-02,Philippines,3.0,3.0,2.0,2.0,2.0,1.0,2.0,0,Modern (2015-Present),Negative,-0.3588,Pre Covid
3584,458,SilverKris Lounge,Singapore Changi Airport,Business Class,Business,0,2016-07-29,Philippines,3.0,4.0,4.0,4.0,4.0,4.0,3.0,0,Modern (2015-Present),Positive,0.8805,Pre Covid
3585,458,SilverKris Lounge,Manila Airport,Business Class,Business,0,2016-07-28,Philippines,4.0,4.0,4.0,3.0,3.0,3.0,4.0,1,Modern (2015-Present),Positive,0.1983,Pre Covid
3586,458,Silver Kris,London Heathrow Airport,Business Class,Business,0,2016-07-18,Australia,5.0,5.0,4.0,4.0,5.0,5.0,5.0,1,Modern (2015-Present),Positive,0.9217,Pre Covid
3587,458,EBL SkyLounge,Dhaka Airport,Business Class,Business,0,2016-07-17,Singapore,5.0,5.0,,5.0,5.0,5.0,4.0,1,Modern (2015-Present),Positive,0.8968,Pre Covid
3588,458,Krisflyer Gold Lounge,Singapore Changi Airport,Frequent Flyer,Unknown,0,2016-05-17,Singapore,5.0,5.0,5.0,5.0,5.0,5.0,5.0,1,Modern (2015-Present),Positive,0.9638,Pre Covid
3589,458,Krisflyer Gold lounge,Singapore Changi Airport,Frequent Flyer,Unknown,0,2016-03-12,Australia,1.0,2.0,1.0,1.0,,3.0,1.0,0,Modern (2015-Present),Negative,-0.8597,Pre Covid
3590,458,Unknown Lounge,Melbourne Airport,First Class,Unknown,0,2016-01-18,Australia,3.0,4.0,3.0,3.0,4.0,4.0,3.0,1,Modern (2015-Present),Positive,0.8411,Pre Covid
3591,458,Lufthansa,Dubai Airport,Business Class,Business,0,2016-01-17,Australia,3.0,4.0,3.0,3.0,3.0,4.0,4.0,1,Modern (2015-Present),Positive,0.8475,Pre Covid
3592,458,Unknown Lounge,London Heathrow Airport,Business Class,Business,0,2016-01-09,United Kingdom,5.0,5.0,4.0,4.0,4.0,5.0,4.0,1,Modern (2015-Present),Positive,0.975,Pre Covid
3593,458,Krisflyer Gold Lounge,Singapore Changi Airport,Frequent Flyer,Unknown,0,2016-01-06,Japan,3.0,3.0,4.0,4.0,,4.0,3.0,1,Modern (2015-Present),Negative,-0.5423,Pre Covid
3594,458,Silver Kris Lounge,London Heathrow Airport,Business Class,Business,0,2016-01-05,United Kingdom,5.0,5.0,5.0,5.0,5.0,4.0,4.0,1,Modern (2015-Present),Positive,0.3794,Pre Covid
3595,458,Unknown Lounge,Singapore Changi Airport,Business Class,Business,0,2015-09-10,Australia,5.0,5.0,5.0,5.0,5.0,4.0,5.0,1,Modern (2015-Present),Positive,0.9697,Pre Covid
3596,458,Le Anfore,Rome Fiumicino Airport,Business Class,Business,0,2015-07-31,Australia,2.0,3.0,1.0,1.0,1.0,4.0,2.0,1,Modern (2015-Present),Negative,-0.7905,Pre Covid
3597,458,Unknown Lounge,London Heathrow Airport,Business Class,Business,0,2015-06-18,United Kingdom,5.0,5.0,5.0,5.0,,,5.0,1,Modern (2015-Present),Positive,0.9554,Pre Covid
3598,458,Kris Flyer,Singapore Changi Airport,Frequent Flyer,Unknown,0,2015-06-17,Singapore,1.0,1.0,1.0,1.0,1.0,2.0,1.0,0,Modern (2015-Present),Negative,-0.836,Pre Covid
3599,458,SilverKris,Singapore Changi Airport,Business Class,Business,0,2015-05-29,United Kingdom,5.0,5.0,5.0,5.0,5.0,3.0,5.0,1,Modern (2015-Present),Positive,0.5636,Pre Covid
3600,458,Silverkris Lounge,Hong Kong Airport,Business Class,Business,0,2015-05-10,Hong Kong,4.0,4.0,4.0,2.0,4.0,3.0,4.0,1,Modern (2015-Present),Positive,0.8462,Pre Covid
3601,458,SilverKris Lounge,Melbourne Airport,Business Class,Business,0,2014-10-28,Singapore,2.0,4.0,1.0,1.0,2.0,2.0,3.0,0,Historical (Pre-2015),Neutral,-0.0258,Pre Covid
3602,458,Unknown Lounge,Bangkok Suvarnabhumi Airport,Business Class,Business,0,2014-10-28,Hong Kong,4.0,5.0,5.0,4.0,1.0,5.0,5.0,1,Historical (Pre-2015),Neutral,0.0425,Pre Covid
3603,458,Unknown Lounge,Sydney Airport,Business Class,Business,0,2014-10-05,Germany,4.0,5.0,4.0,3.0,3.0,4.0,5.0,1,Historical (Pre-2015),Negative,-0.7407,Pre Covid
3604,458,Star Alliance Gold,Singapore Changi Airport,Unknown,Unknown,0,2014-10-05,Germany,1.0,1.0,1.0,1.0,1.0,1.0,1.0,0,Historical (Pre-2015),Negative,-0.6354,Pre Covid
3605,458,SilverKris,London Heathrow Airport,Business Class,Business,0,2014-08-05,New Zealand,2.0,3.0,1.0,2.0,3.0,3.0,3.0,0,Historical (Pre-2015),Negative,-0.615,Pre Covid
3606,458,Port Lounge,Kolkata Airport,Business Class,Business,0,2014-04-16,Canada,3.0,3.0,2.0,3.0,2.0,3.0,2.0,1,Historical (Pre-2015),Positive,0.1857,Pre Covid
3607,458,Unknown Lounge,Singapore Changi Airport,Unknown,Unknown,0,2014-03-30,Singapore,1.0,1.0,1.0,1.0,1.0,2.0,1.0,0,Historical (Pre-2015),Positive,0.3802,Pre Covid
3608,458,Unknown Lounge,London Heathrow Airport,First Class,Unknown,0,2014-03-30,Canada,4.0,3.0,1.0,1.0,3.0,3.0,1.0,0,Historical (Pre-2015),Positive,0.5719,Pre Covid
3609,458,Unknown Lounge,Singapore Changi Airport,Business Class,Business,0,2014-02-07,United States,4.0,4.0,4.0,4.0,5.0,4.0,4.0,1,Historical (Pre-2015),Positive,0.7717,Pre Covid
3610,458,Unknown Lounge,London Heathrow Airport,First Class,Unknown,0,2014-01-22,United Kingdom,4.0,5.0,5.0,5.0,5.0,4.0,4.0,1,Historical (Pre-2015),Positive,0.9313,Pre Covid
3611,458,SilverKris Lounge,Sydney Airport,Business Class,Business,0,2014-01-17,Australia,3.0,2.0,3.0,1.0,3.0,3.0,3.0,0,Historical (Pre-2015),Negative,-0.128,Pre Covid
3612,458,SilverKris Lounge,Brisbane Airport,Business Class,Business,0,2014-01-17,Australia,2.0,4.0,3.0,5.0,2.0,2.0,3.0,1,Historical (Pre-2015),Positive,0.875,Pre Covid
3613,458,Unknown Lounge,Sydney Airport,Business Class,Business,0,2013-12-30,Unknown,4.0,4.0,4.0,3.0,,,4.0,1,Historical (Pre-2015),Negative,-0.8298,Pre Covid
3614,458,Unknown Lounge,Adelaide Airport,Business Class,Business,0,2013-11-22,Australia,4.0,5.0,,3.0,3.0,5.0,5.0,1,Historical (Pre-2015),Positive,0.8818,Pre Covid
3615,458,Unknown Lounge,Taipei Airport,Business Class,Business,0,2013-11-15,Singapore,3.0,4.0,2.0,4.0,3.0,3.0,3.0,1,Historical (Pre-2015),Positive,0.0712,Pre Covid
3616,458,SilverKris Lounge,London Heathrow Airport,Business Class,Business,0,2013-11-15,Australia,2.0,3.0,3.0,1.0,2.0,1.0,2.0,0,Historical (Pre-2015),Negative,-0.5466,Pre Covid
3617,458,SilverKris Lounge,London Heathrow Airport,Business Class,Business,0,2013-11-15,Japan,3.0,3.0,3.0,3.0,3.0,4.0,3.0,0,Historical (Pre-2015),Negative,-0.6258,Pre Covid
3618,458,SilverKris Lounge,London Heathrow Airport,Business Class,Business,0,2013-10-07,New Zealand,1.0,3.0,3.0,1.0,2.0,3.0,2.0,0,Historical (Pre-2015),Negative,-0.823,Pre Covid
3619,458,Unknown Lounge,Hong Kong Airport,Business Class,Business,0,2013-09-15,Australia,3.0,4.0,4.0,3.0,1.0,4.0,4.0,0,Historical (Pre-2015),Positive,0.2571,Pre Covid
3620,458,SilverKris Lounge,Brisbane Airport,Business Class,Business,0,2013-09-15,United States,3.0,4.0,4.0,5.0,4.0,4.0,5.0,1,Historical (Pre-2015),Positive,0.9244,Pre Covid
3621,458,Unknown Lounge,Singapore Changi Airport,Business Class,Business,0,2013-07-07,Australia,1.0,1.0,1.0,1.0,1.0,1.0,1.0,0,Historical (Pre-2015),Negative,-0.6296,Pre Covid
3622,458,SilverKris Lounge,Singapore Changi Airport,Business Class,Business,0,2013-05-29,Australia,3.0,4.0,3.0,3.0,4.0,5.0,1.0,0,Historical (Pre-2015),Positive,0.9613,Pre Covid
3623,458,Unknown Lounge,Singapore Changi Airport,Business Class,Business,0,2013-02-04,Australia,4.0,4.0,4.0,4.0,4.0,4.0,4.0,1,Historical (Pre-2015),Positive,0.8511,Pre Covid
3624,458,Kris Flyer,Singapore Changi Airport,Unknown,Unknown,0,2013-02-04,Australia,2.0,3.0,1.0,1.0,1.0,1.0,1.0,0,Historical (Pre-2015),Positive,0.1117,Pre Covid
3625,458,Unknown Lounge,Adelaide Airport,Business Class,Business,0,2013-02-04,Australia,4.0,4.0,3.0,3.0,4.0,3.0,4.0,1,Historical (Pre-2015),Positive,0.9155,Pre Covid
3626,458,Unknown Lounge,Rome Ciampino Airport,Business Class,Business,0,2012-10-29,Australia,2.0,2.0,2.0,2.0,1.0,1.0,1.0,0,Historical (Pre-2015),Positive,0.755,Pre Covid
3627,458,Unknown Lounge,Singapore Changi Airport,Unknown,Unknown,0,2012-08-05,South Africa,3.0,3.0,3.0,4.0,2.0,4.0,3.0,0,Historical (Pre-2015),Negative,-0.4019,Pre Covid
3628,458,Unknown Lounge,Singapore Changi Airport,Business Class,Business,0,2012-01-25,Australia,4.0,5.0,4.0,4.0,5.0,5.0,5.0,1,Historical (Pre-2015),Positive,0.9651,Pre Covid
3629,458,Unknown Lounge,Singapore Changi Airport,Unknown,Unknown,0,2012-01-25,Australia,2.0,3.0,3.0,2.0,1.0,4.0,3.0,0,Historical (Pre-2015),Negative,-0.796,Pre Covid
3630,458,Unknown Lounge,Sydney Airport,Business Class,Business,0,2012-01-24,Australia,3.0,4.0,3.0,1.0,2.0,3.0,4.0,0,Historical (Pre-2015),Negative,-0.2944,Pre Covid
3631,458,SilverKris Lounge,Singapore Changi Airport,Business Class,Business,0,2012-01-23,Philippines,4.0,5.0,4.0,5.0,5.0,4.0,3.0,1,Historical (Pre-2015),Positive,0.9459,Pre Covid
3632,458,Unknown Lounge,London Heathrow Airport,Business Class,Business,0,2012-01-23,United Kingdom,4.0,4.0,2.0,1.0,3.0,4.0,3.0,0,Historical (Pre-2015),Positive,0.7832,Pre Covid
3633,458,SilverKris Lounge,Singapore Changi Airport,Unknown,Unknown,0,2011-11-28,Indonesia,5.0,4.0,5.0,4.0,5.0,4.0,5.0,1,Historical (Pre-2015),Positive,0.7126,Pre Covid
3634,458,Unknown Lounge,Los Angeles LAX Airport,Business Class,Business,0,2011-10-21,Singapore,3.0,2.0,3.0,2.0,3.0,3.0,1.0,0,Historical (Pre-2015),Neutral,0.0,Pre Covid
3635,458,Kris Flyer,Unknown,Unknown,Unknown,0,2011-10-21,Australia,3.0,3.0,3.0,3.0,1.0,4.0,3.0,0,Historical (Pre-2015),Negative,-0.7184,Pre Covid
3636,458,Unknown Lounge,Singapore Changi Airport,Business Class,Business,0,2011-09-13,Singapore,4.0,4.0,4.0,3.0,4.0,4.0,1.0,0,Historical (Pre-2015),Positive,0.6609,Pre Covid
3637,458,Unknown Lounge,Singapore Changi Airport,Unknown,Unknown,0,2011-05-28,Australia,3.0,4.0,2.0,2.0,1.0,4.0,4.0,0,Historical (Pre-2015),Negative,-0.8357,Pre Covid
3638,458,SilverKris Lounge,Singapore Changi Airport,First Class,Unknown,0,2011-05-01,Australia,5.0,5.0,4.0,4.0,4.0,4.0,5.0,0,Historical (Pre-2015),Positive,0.8553,Pre Covid
3639,458,Unknown Lounge,Sydney Airport,Business Class,Business,0,2011-02-14,Australia,1.0,2.0,1.0,1.0,1.0,3.0,1.0,0,Historical (Pre-2015),Negative,-0.7089,Pre Covid
3640,458,Unknown Lounge,Dhaka Airport,Business Class,Business,0,2010-12-14,Australia,3.0,3.0,2.0,4.0,2.0,,2.0,0,Historical (Pre-2015),Negative,-0.7364,Pre Covid
3641,458,Unknown Lounge,Abu Dhabi Airport,Business Class,Business,0,2010-11-21,United Kingdom,1.0,3.0,4.0,3.0,4.0,4.0,4.0,0,Historical (Pre-2015),Negative,-0.2011,Pre Covid
3642,458,Unknown Lounge,Singapore Changi Airport,Business Class,Business,0,2010-11-20,United Kingdom,5.0,5.0,4.0,4.0,4.0,5.0,5.0,0,Historical (Pre-2015),Positive,0.2019,Pre Covid
3643,458,Unknown Lounge,Singapore Changi Airport,First Class,Unknown,0,2010-08-09,United Kingdom,5.0,5.0,4.0,4.0,5.0,4.0,5.0,0,Historical (Pre-2015),Positive,0.9523,Pre Covid
3644,458,Raffles Lounge,Melbourne Airport,Business Class,Business,0,2010-07-24,United Kingdom,3.0,5.0,4.0,4.0,5.0,5.0,4.0,0,Historical (Pre-2015),Positive,0.9824,Pre Covid
3645,458,SilverKris Lounge,Sydney Airport,Business Class,Business,0,2010-07-07,United Kingdom,2.0,5.0,3.0,3.0,3.0,3.0,2.0,0,Historical (Pre-2015),Negative,-0.3804,Pre Covid
3646,458,SilverKris Lounge,Singapore Changi Airport,Business Class,Business,0,2009-08-31,United Kingdom,4.0,5.0,5.0,5.0,4.0,5.0,5.0,0,Historical (Pre-2015),Positive,0.9167,Pre Covid
3647,458,Kris Flyer,Singapore Changi Airport,Business Class,Business,0,2009-07-30,United Kingdom,4.0,5.0,5.0,5.0,5.0,4.0,5.0,0,Historical (Pre-2015),Positive,0.8634,Pre Covid
3648,458,SilverKris Lounge,Melbourne Airport,Unknown,Unknown,0,2009-06-14,United Kingdom,4.0,5.0,4.0,4.0,4.0,4.0,4.0,0,Historical (Pre-2015),Positive,0.6801,Pre Covid
3649,458,Kris Flyer,Singapore Changi Airport,Unknown,Unknown,0,2009-06-14,United Kingdom,3.0,4.0,3.0,3.0,,1.0,3.0,0,Historical (Pre-2015),Negative,-0.128,Pre Covid
3650,458,Unknown Lounge,Colombo Airport,First Class,Unknown,0,2009-05-31,United Kingdom,5.0,5.0,4.0,4.0,4.0,4.0,3.0,0,Historical (Pre-2015),Positive,0.9727,Pre Covid
3651,458,Unknown Lounge,KLIA Kuala Lumpur Airport,Business Class,Business,0,2009-05-31,United Kingdom,3.0,3.0,2.0,3.0,2.0,4.0,3.0,0,Historical (Pre-2015),Positive,0.5106,Pre Covid
3652,458,Unknown Lounge,Singapore Changi Airport,Business Class,Business,0,2009-04-30,United Kingdom,5.0,4.0,5.0,5.0,5.0,5.0,3.0,0,Historical (Pre-2015),Positive,0.9406,Pre Covid
3653,458,Unknown Lounge,Singapore Changi Airport,Unknown,Unknown,0,2009-02-28,United Kingdom,4.0,5.0,3.0,4.0,,3.0,4.0,0,Historical (Pre-2015),Negative,-0.6074,Pre Covid
3654,458,Unknown Lounge,Singapore Changi Airport,First Class,Unknown,0,2009-01-20,United Kingdom,1.0,4.0,2.0,2.0,3.0,5.0,2.0,0,Historical (Pre-2015),Negative,-0.4644,Pre Covid
3655,458,SilverKris Lounge,Singapore Changi Airport,Business Class,Business,0,2009-01-13,United Kingdom,4.0,5.0,4.0,4.0,5.0,4.0,4.0,0,Historical (Pre-2015),Positive,0.9852,Pre Covid
3656,458,SilverKris Lounge,KLIA Kuala Lumpur Airport,Business Class,Business,0,2009-01-05,United Kingdom,4.0,5.0,4.0,4.0,4.0,4.0,4.0,0,Historical (Pre-2015),Positive,0.8519,Pre Covid
3662,461,Skyteam,Unknown,Business Class,Business,1,2023-04-01,South Africa,2.0,4.0,3.0,4.0,3.0,4.0,4.0,0,Modern (2015-Present),Positive,0.0606,After Covid
3663,461,Sky team,London Heathrow Airport,Business Class,Business,1,2020-03-19,United Kingdom,1.0,1.0,1.0,1.0,1.0,1.0,1.0,0,Modern (2015-Present),Negative,-0.7783,Covid
3664,461,Unknown Lounge,London Heathrow Airport,Business Class,Business,1,2020-01-01,United Kingdom,3.0,3.0,2.0,3.0,2.0,2.0,2.0,0,Modern (2015-Present),Positive,0.5318,Covid
3665,461,Dan lounge,Tel Aviv Airport,Frequent Flyer,Unknown,0,2019-11-12,Israel,1.0,1.0,1.0,1.0,,2.0,2.0,0,Modern (2015-Present),Negative,-0.9756,Pre Covid
3666,461,Skyteam Lounge,London Heathrow Airport,Business Class,Business,1,2019-05-05,United Kingdom,2.0,1.0,2.0,1.0,1.0,3.0,1.0,0,Modern (2015-Present),Negative,-0.9013,Pre Covid
3667,461,Skyteam,London Heathrow Airport,Business Class,Business,1,2019-03-31,France,3.0,3.0,2.0,2.0,3.0,4.0,3.0,1,Modern (2015-Present),Negative,-0.8932,Pre Covid
3668,461,Moscow Lounge,Moscow Sheremetyevo Airport,Business Class,Business,1,2019-01-21,Russian Federation,5.0,5.0,5.0,5.0,5.0,4.0,5.0,1,Modern (2015-Present),Positive,0.8286,Pre Covid
3669,461,Narita,Tokyo Narita Airport,Business Class,Business,1,2018-11-18,United States,5.0,5.0,5.0,5.0,,5.0,5.0,1,Modern (2015-Present),Positive,0.8554,Pre Covid
3670,461,Skyteam Lounge,London Heathrow Airport,Frequent Flyer,Unknown,1,2018-11-08,United Kingdom,4.0,4.0,3.0,3.0,,5.0,4.0,1,Modern (2015-Present),Negative,-0.6486,Pre Covid
3671,461,Skyteam,Istanbul Airport,Business Class,Business,1,2018-04-08,Greece,3.0,4.0,4.0,3.0,,3.0,3.0,1,Modern (2015-Present),Positive,0.3919,Pre Covid
3672,461,Unknown Lounge,London Heathrow Airport,Business Class,Business,1,2018-02-13,Saudi Arabia,1.0,4.0,1.0,1.0,,1.0,1.0,0,Modern (2015-Present),Negative,-0.7964,Pre Covid
3673,461,Unknown Lounge,Hong Kong Airport,Business Class,Business,0,2017-10-17,United Kingdom,5.0,5.0,4.0,4.0,5.0,5.0,5.0,1,Modern (2015-Present),Positive,0.9637,Pre Covid
3674,461,SkyTeam,Istanbul Airport,Business Class,Business,0,2017-09-18,Saudi Arabia,1.0,2.0,1.0,1.0,1.0,3.0,3.0,0,Modern (2015-Present),Negative,-0.9073,Pre Covid
3675,461,Zhuo Yi,Shenzhen Baoan Airport,Business Class,Business,0,2017-09-11,Australia,2.0,5.0,1.0,1.0,4.0,5.0,5.0,0,Modern (2015-Present),Positive,0.6454,Pre Covid
3676,461,Skyteam lounge,London Heathrow Airport,Business Class,Business,0,2017-08-08,United Kingdom,4.0,4.0,4.0,3.0,4.0,4.0,4.0,1,Modern (2015-Present),Positive,0.5024,Pre Covid
3677,461,Unknown Lounge,Sydney Airport,Business Class,Business,0,2017-07-28,Australia,5.0,5.0,4.0,4.0,,5.0,4.0,1,Modern (2015-Present),Positive,0.3818,Pre Covid
3678,461,Unknown Lounge,London Heathrow Airport,Pay to Use,Unknown,0,2017-05-26,United Kingdom,2.0,2.0,1.0,1.0,,2.0,1.0,0,Modern (2015-Present),Negative,-0.9281,Pre Covid
3679,461,Skyteam,Hong Kong Airport,Frequent Flyer,Unknown,0,2017-04-23,Australia,4.0,5.0,5.0,4.0,5.0,5.0,2.0,1,Modern (2015-Present),Positive,0.7991,Pre Covid
3680,461,SkyTeam,London Heathrow Airport,Business Class,Business,0,2017-04-05,United Kingdom,1.0,1.0,1.0,1.0,1.0,4.0,1.0,0,Modern (2015-Present),Negative,-0.8119,Pre Covid
3681,461,Sky team lounge,Sydney Airport,First Class,Unknown,0,2017-03-21,Australia,2.0,1.0,1.0,1.0,,1.0,1.0,0,Modern (2015-Present),Negative,-0.8122,Pre Covid
3682,461,Unknown Lounge,Hong Kong Airport,Business Class,Business,0,2016-12-22,Hong Kong,2.0,4.0,,1.0,,,,1,Modern (2015-Present),Negative,-0.6187,Pre Covid
3683,461,Skyteam,London Heathrow Airport,Frequent Flyer,Unknown,0,2016-11-13,Saudi Arabia,2.0,3.0,1.0,1.0,,1.0,3.0,0,Modern (2015-Present),Negative,-0.9277,Pre Covid
3684,461,Unknown Lounge,London Heathrow Airport,Business Class,Business,0,2016-06-06,United Kingdom,5.0,4.0,4.0,4.0,4.0,5.0,5.0,1,Modern (2015-Present),Positive,0.8522,Pre Covid
3685,461,Unknown Lounge,London Heathrow Airport,Business Class,Business,0,2015-10-30,United Kingdom,4.0,4.0,4.0,3.0,4.0,4.0,3.0,1,Modern (2015-Present),Positive,0.9201,Pre Covid
3686,461,SkyTeam Lounge,London Heathrow Airport,Business Class,Business,0,2015-08-12,United Kingdom,2.0,1.0,3.0,2.0,1.0,3.0,2.0,0,Modern (2015-Present),Negative,-0.954,Pre Covid
3687,461,Unknown Lounge,London Heathrow Airport,Business Class,Business,0,2015-05-11,United Kingdom,2.0,3.0,1.0,1.0,1.0,2.0,4.0,0,Modern (2015-Present),Positive,0.5574,Pre Covid
3688,461,Unknown Lounge,London Heathrow Airport,Business Class,Business,0,2015-05-10,United Kingdom,4.0,4.0,5.0,5.0,4.0,4.0,5.0,1,Modern (2015-Present),Positive,0.9319,Pre Covid
3689,461,Unknown Lounge,London Heathrow Airport,Business Class,Business,0,2015-02-04,United Kingdom,5.0,5.0,5.0,5.0,3.0,4.0,3.0,1,Modern (2015-Present),Positive,0.8932,Pre Covid
3690,461,Unknown Lounge,London Heathrow Airport,Business Class,Business,0,2015-01-27,United Kingdom,2.0,2.0,1.0,3.0,2.0,3.0,1.0,0,Modern (2015-Present),Negative,-0.9363,Pre Covid
3691,461,Unknown Lounge,London Heathrow Airport,Business Class,Business,0,2014-10-03,United Kingdom,3.0,3.0,2.0,1.0,4.0,2.0,1.0,0,Historical (Pre-2015),Positive,0.9553,Pre Covid
3692,461,Unknown Lounge,London Heathrow Airport,Business Class,Business,0,2014-03-11,United Kingdom,3.0,3.0,2.0,1.0,2.0,2.0,2.0,0,Historical (Pre-2015),Negative,-0.9287,Pre Covid
3693,461,Unknown Lounge,London Heathrow Airport,Business Class,Business,0,2014-03-03,United Kingdom,2.0,2.0,2.0,1.0,3.0,4.0,1.0,0,Historical (Pre-2015),Positive,0.5558,Pre Covid
3694,461,Unknown Lounge,London Heathrow Airport,Business Class,Business,0,2013-09-15,United Kingdom,3.0,2.0,3.0,1.0,1.0,3.0,2.0,0,Historical (Pre-2015),Negative,-0.0886,Pre Covid
3695,461,Unknown Lounge,London Heathrow Airport,Business Class,Business,0,2013-09-15,United Kingdom,3.0,5.0,4.0,1.0,3.0,3.0,3.0,0,Historical (Pre-2015),Positive,0.9029,Pre Covid
3696,461,Unknown Lounge,Toronto Pearson Airport,Business Class,Business,0,2012-12-23,United Kingdom,3.0,4.0,3.0,2.0,3.0,2.0,3.0,0,Historical (Pre-2015),Negative,-0.8008,Pre Covid
3697,461,Unknown Lounge,Bangkok Suvarnabhumi Airport,Business Class,Business,0,2012-01-24,Saudi Arabia,3.0,5.0,4.0,2.0,5.0,4.0,5.0,1,Historical (Pre-2015),Positive,0.9299,Pre Covid
3698,461,Unknown Lounge,London Heathrow Airport,Business Class,Business,0,2011-11-28,United Kingdom,2.0,1.0,3.0,2.0,1.0,4.0,1.0,0,Historical (Pre-2015),Negative,-0.8622,Pre Covid
3699,461,Unknown Lounge,Madrid Barajas Airport,Business Class,Business,0,2011-11-28,Netherlands,2.0,1.0,1.0,1.0,3.0,2.0,1.0,0,Historical (Pre-2015),Negative,-0.34,Pre Covid
3700,461,Unknown Lounge,London Heathrow Airport,Business Class,Business,0,2010-12-04,France,4.0,4.0,5.0,4.0,3.0,4.0,4.0,0,Historical (Pre-2015),Positive,0.9524,Pre Covid
3701,461,Unknown Lounge,London Heathrow Airport,Business Class,Business,0,2009-11-10,United Kingdom,1.0,3.0,2.0,4.0,1.0,2.0,1.0,0,Historical (Pre-2015),Negative,-0.7391,Pre Covid
3702,460,VIP lounge,Heraklion Airport,Members,Unknown,1,2019-09-24,United Kingdom,5.0,5.0,5.0,5.0,,5.0,5.0,1,Modern (2015-Present),Positive,0.8258,Pre Covid
3703,416,Al Safwa First Class,Hamad  Doha Airport,First Class,Unknown,1,2026-01-24,Iceland,4.0,4.0,,5.0,5.0,4.0,5.0,1,Modern (2015-Present),Positive,0.9461,After Covid
3704,416,Ahlan First Class Lounge,Dubai Airport,First Class,Unknown,1,2025-12-23,Australia,4.0,5.0,5.0,5.0,,,5.0,1,Modern (2015-Present),Positive,0.8119,After Covid
3705,416,Al Mourjan Business Lounge,Hamad  Doha Airport,Business Class,Business,1,2025-12-13,Australia,5.0,5.0,5.0,5.0,5.0,5.0,1.0,1,Modern (2015-Present),Negative,-0.9534,After Covid
3706,416,Al Safwa,Hamad  Doha Airport,First Class,Unknown,1,2025-11-18,United States,5.0,5.0,,5.0,5.0,3.0,5.0,1,Modern (2015-Present),Positive,0.8932,After Covid
3707,416,Al Mourjan,Hamad  Doha Airport,Business Class,Business,1,2025-11-18,United States,4.0,4.0,,5.0,4.0,,5.0,1,Modern (2015-Present),Positive,0.8991,After Covid
3708,416,Al Safwa,Hamad  Doha Airport,First Class,Unknown,1,2025-08-18,Iceland,5.0,5.0,5.0,5.0,4.0,4.0,5.0,1,Modern (2015-Present),Positive,0.9169,After Covid
3709,416,Unknown Lounge,Doha Airport,Business Class,Business,1,2025-04-11,Canada,5.0,5.0,5.0,5.0,5.0,5.0,5.0,1,Modern (2015-Present),Positive,0.8777,After Covid
3710,416,Al Mourjan Lounge,Doha Airport,Business Class,Business,1,2025-02-18,Thailand,5.0,5.0,5.0,5.0,5.0,5.0,5.0,1,Modern (2015-Present),Positive,0.9507,After Covid
3711,416,Paris CDG T1,Paris CDG Airport,Frequent Flyer,Unknown,1,2025-01-11,France,5.0,5.0,5.0,5.0,5.0,5.0,5.0,1,Modern (2015-Present),Positive,0.9889,After Covid
3712,416,Platinum and Gold Lounge North,Hamad  Doha Airport,Frequent Flyer,Unknown,0,2024-11-30,Germany,5.0,5.0,5.0,5.0,5.0,4.0,5.0,1,Modern (2015-Present),Positive,0.9559,After Covid
3713,416,Platinum and Gold Lounge Concourse C,Hamad  Doha Airport,Frequent Flyer,Unknown,1,2024-10-30,Qatar,5.0,5.0,5.0,5.0,5.0,5.0,5.0,1,Modern (2015-Present),Positive,0.9936,After Covid
3714,416,Silver members lounge,Hamad  Doha Airport,Frequent Flyer,Unknown,0,2024-08-17,Qatar,4.0,4.0,3.0,3.0,3.0,4.0,4.0,1,Modern (2015-Present),Positive,0.9636,After Covid
3715,416,Al Mourjan,Doha Airport,Business Class,Business,1,2024-02-19,Germany,5.0,5.0,5.0,5.0,5.0,5.0,5.0,1,Modern (2015-Present),Positive,0.8402,After Covid
3716,416,EBL Skylounge,Dhaka Airport,Pay to Use,Unknown,1,2024-02-13,Bangladesh,5.0,5.0,4.0,4.0,5.0,5.0,4.0,1,Modern (2015-Present),Positive,0.96,After Covid
3717,416,Al Mourjan Lounge,Hamad  Doha Airport,Business Class,Business,1,2024-01-12,United States,5.0,5.0,5.0,5.0,3.0,,5.0,1,Modern (2015-Present),Positive,0.868,After Covid
3718,416,Al-Safwa,Hamad  Doha Airport,First Class,Unknown,1,2023-12-19,Germany,5.0,5.0,5.0,5.0,5.0,5.0,5.0,1,Modern (2015-Present),Positive,0.9709,After Covid
3719,416,Platinum / Gold Lounge North,Hamad  Doha Airport,Members,Unknown,1,2023-09-18,South Africa,5.0,5.0,5.0,5.0,5.0,5.0,5.0,1,Modern (2015-Present),Positive,0.947,After Covid
3720,416,Unknown Lounge,London Heathrow Airport,Business Class,Business,0,2023-08-17,United Kingdom,5.0,5.0,4.0,4.0,5.0,,5.0,1,Modern (2015-Present),Positive,0.9733,After Covid
3721,416,Al Mourjan The Garden,Hamad  Doha Airport,Business Class,Business,1,2023-05-13,Germany,5.0,5.0,5.0,5.0,5.0,5.0,5.0,1,Modern (2015-Present),Positive,0.9772,After Covid
3722,416,Air New Zealand Lounge,Brisbane Airport,Business Class,Business,1,2023-03-16,Switzerland,4.0,4.0,4.0,4.0,4.0,,5.0,1,Modern (2015-Present),Positive,0.9165,After Covid
3723,416,Al Mourjan Business Lounge,Hamad  Doha Airport,Business Class,Business,1,2023-03-16,Switzerland,4.0,4.0,4.0,4.0,2.0,,2.0,0,Modern (2015-Present),Negative,-0.4201,After Covid
3724,416,Qatar Airways Premium Lounge,Bangkok Suvarnabhumi Airport,First Class,Unknown,1,2023-03-13,Vietnam,4.0,5.0,3.0,4.0,4.0,5.0,5.0,1,Modern (2015-Present),Positive,0.9612,After Covid
3725,416,El Safwa,Doha Airport,First Class,Unknown,1,2023-03-13,Vietnam,3.0,4.0,4.0,4.0,5.0,4.0,4.0,0,Modern (2015-Present),Negative,-0.3109,After Covid
3726,416,Unknown Lounge,Bangkok Suvarnabhumi Airport,Business Class,Business,1,2023-02-09,United States,5.0,5.0,5.0,5.0,5.0,5.0,5.0,1,Modern (2015-Present),Positive,0.8957,After Covid
3727,416,OSL lounge,Oslo Airport,Business Class,Business,1,2022-11-30,Netherlands,4.0,4.0,4.0,4.0,,4.0,4.0,1,Modern (2015-Present),Positive,0.9509,After Covid
3728,416,Marhaba Lounge,Melbourne Airport,Business Class,Business,1,2022-11-30,Netherlands,3.0,4.0,2.0,2.0,2.0,4.0,2.0,0,Modern (2015-Present),Negative,-0.5632,After Covid
3729,416,Premiere Lounge,Denpasar Bali Airport,Business Class,Business,1,2022-11-12,United Kingdom,2.0,2.0,2.0,2.0,,3.0,2.0,1,Modern (2015-Present),Negative,-0.5765,After Covid
3730,416,Mariner Lounge,Hamad  Doha Airport,Members,Unknown,0,2022-11-06,Indonesia,5.0,5.0,5.0,5.0,5.0,5.0,5.0,1,Modern (2015-Present),Positive,0.9344,After Covid
3731,416,Menzies Executive Lounge,Stockholm Arlanda Airport,Business Class,Business,1,2022-10-20,Sweden,1.0,1.0,1.0,1.0,,,1.0,0,Modern (2015-Present),Negative,-0.8976,After Covid
3732,416,Al-Mourjan,Hamad  Doha Airport,Business Class,Business,1,2022-10-16,Thailand,3.0,5.0,,,1.0,,5.0,1,Modern (2015-Present),Positive,0.9445,After Covid
3733,416,Unknown Lounge,Bangkok Suvarnabhumi Airport,Business Class,Business,1,2022-10-16,Thailand,5.0,5.0,4.0,4.0,4.0,,5.0,1,Modern (2015-Present),Positive,0.9578,After Covid
3734,416,Al-Mourjan,Doha Airport,Business Class,Business,1,2022-06-25,United Kingdom,5.0,5.0,5.0,4.0,5.0,5.0,5.0,1,Modern (2015-Present),Positive,0.9822,After Covid
3735,416,Miracle lounge,Bangkok Suvarnabhumi Airport,Business Class,Business,1,2022-06-25,Thailand,3.0,5.0,3.0,3.0,,5.0,5.0,1,Modern (2015-Present),Positive,0.9722,After Covid
3736,416,1903 Lounge,Manchester Airport,Business Class,Business,0,2022-02-21,United Kingdom,5.0,5.0,5.0,4.0,4.0,,5.0,1,Modern (2015-Present),Positive,0.9715,After Covid
3737,416,Ahlan First T1,Dubai Airport,First Class,Unknown,1,2022-01-22,Belgium,4.0,5.0,4.0,4.0,5.0,,5.0,1,Modern (2015-Present),Positive,0.9244,After Covid
3738,416,Al Safwa,Hamad  Doha Airport,First Class,Unknown,1,2022-01-22,Belgium,5.0,5.0,5.0,5.0,5.0,,5.0,1,Modern (2015-Present),Positive,0.9712,After Covid
3739,416,Coral Lounge,Phuket Airport,Business Class,Business,1,2021-11-23,Sweden,1.0,3.0,1.0,1.0,,3.0,2.0,0,Modern (2015-Present),Positive,0.5653,Covid
3740,416,Mariners Lounge,Doha Airport,Members,Unknown,1,2021-09-01,Philippines,5.0,5.0,5.0,4.0,5.0,5.0,5.0,1,Modern (2015-Present),Positive,0.9402,Covid
3741,416,Al Mourjan,Hamad  Doha Airport,Business Class,Business,1,2021-08-30,United States,5.0,5.0,5.0,5.0,5.0,5.0,5.0,1,Modern (2015-Present),Positive,0.9402,Covid
3742,416,Al Mourjan,Hamad  Doha Airport,Business Class,Business,1,2021-06-08,Finland,5.0,5.0,5.0,5.0,5.0,5.0,5.0,1,Modern (2015-Present),Positive,0.953,Covid
3743,416,Oryx lounge,Hamad  Doha Airport,Pay to Use,Unknown,1,2021-01-26,Pakistan,5.0,5.0,5.0,3.0,5.0,5.0,5.0,1,Modern (2015-Present),Positive,0.9106,Covid
3744,416,arrivals lounge,Hamad  Doha Airport,Business Class,Business,0,2020-02-04,Spain,5.0,5.0,5.0,4.0,5.0,5.0,5.0,1,Modern (2015-Present),Positive,0.9492,Covid
3745,416,Aspire Lounge LGW,London Gatwick Airport,Business Class,Business,1,2020-02-04,United Kingdom,2.0,2.0,2.0,1.0,,3.0,1.0,0,Modern (2015-Present),Negative,-0.4767,Covid
3746,416,Unknown Lounge,Hamad  Doha Airport,First Class,Unknown,1,2020-01-14,Australia,5.0,5.0,5.0,5.0,5.0,5.0,5.0,1,Modern (2015-Present),Positive,0.9371,Covid
3747,416,Unknown Lounge,Doha Airport,Frequent Flyer,Unknown,1,2019-12-28,Malaysia,2.0,2.0,1.0,1.0,4.0,3.0,2.0,1,Modern (2015-Present),Negative,-0.8338,Pre Covid
3748,416,Unknown Lounge,Hamad  Doha Airport,Business Class,Business,1,2019-12-08,Pakistan,5.0,5.0,4.0,4.0,5.0,5.0,5.0,1,Modern (2015-Present),Positive,0.9827,Pre Covid
3749,416,Al Mourjan,Hamad  Doha Airport,Business Class,Business,1,2019-10-04,Netherlands,4.0,4.0,5.0,4.0,3.0,,5.0,1,Modern (2015-Present),Positive,0.5859,Pre Covid
3750,416,Al Safwa,Doha Airport,First Class,Unknown,1,2019-09-28,United Kingdom,1.0,4.0,2.0,1.0,3.0,,1.0,0,Modern (2015-Present),Positive,0.9555,Pre Covid
3751,416,Premium Lounge,Bangkok Suvarnabhumi Airport,Business Class,Business,1,2019-07-26,Thailand,5.0,5.0,5.0,5.0,5.0,5.0,3.0,1,Modern (2015-Present),Positive,0.9567,Pre Covid
3752,416,First Class Lounge,Hamad  Doha Airport,Members,Unknown,1,2019-05-18,United States,1.0,3.0,1.0,1.0,2.0,1.0,3.0,0,Modern (2015-Present),Negative,-0.5477,Pre Covid
3753,416,Al Mourjan,Doha Airport,Business Class,Business,1,2019-02-25,India,5.0,5.0,4.0,2.0,4.0,4.0,5.0,1,Modern (2015-Present),Positive,0.8193,Pre Covid
3754,416,Al Mourjan Lounge,Hamad  Doha Airport,Business Class,Business,1,2018-11-08,Malaysia,3.0,5.0,4.0,4.0,3.0,3.0,5.0,1,Modern (2015-Present),Positive,0.9202,Pre Covid
3755,416,Terminal 4,London Heathrow Airport,Business Class,Business,0,2018-10-23,United Kingdom,5.0,5.0,5.0,5.0,5.0,,5.0,1,Modern (2015-Present),Positive,0.9501,Pre Covid
3756,416,Platinum Lounge,Budapest Ferihegy Airport,Frequent Flyer,Unknown,0,2018-09-06,United Kingdom,3.0,4.0,3.0,3.0,,,3.0,0,Modern (2015-Present),Positive,0.5675,Pre Covid
3757,416,Premium Lounge,Denpasar Bali Airport,Business Class,Business,1,2018-08-30,Sweden,3.0,4.0,4.0,4.0,3.0,5.0,5.0,1,Modern (2015-Present),Positive,0.9568,Pre Covid
3758,416,Al Mourjan,Doha Airport,Business Class,Business,1,2018-08-29,Sweden,3.0,5.0,5.0,5.0,5.0,5.0,4.0,1,Modern (2015-Present),Positive,0.1565,Pre Covid
3759,416,Unknown Lounge,Stockholm Arlanda Airport,Business Class,Business,1,2018-08-29,Sweden,2.0,2.0,1.0,1.0,2.0,3.0,2.0,0,Modern (2015-Present),Negative,-0.4019,Pre Covid
3760,416,Salon Vallee De Mai,Seychelles Airport,Business Class,Business,1,2018-08-28,Sweden,4.0,5.0,4.0,4.0,4.0,5.0,5.0,1,Modern (2015-Present),Positive,0.9501,Pre Covid
3761,416,Cardiff AIrport Lounge,Cardiff Airport,Business Class,Business,1,2018-05-23,United Kingdom,2.0,2.0,1.0,1.0,,,1.0,0,Modern (2015-Present),Negative,-0.978,Pre Covid
3762,416,Al Maha,Hamad  Doha Airport,Business Class,Business,1,2018-03-31,United Kingdom,5.0,5.0,4.0,3.0,5.0,5.0,5.0,1,Modern (2015-Present),Positive,0.9792,Pre Covid
3763,416,Unknown Lounge,Hamad  Doha Airport,Business Class,Business,1,2018-03-31,Australia,4.0,3.0,3.0,2.0,1.0,3.0,2.0,0,Modern (2015-Present),Negative,-0.1898,Pre Covid
3764,416,OSL Lounge,Oslo Airport,Business Class,Business,1,2018-03-31,United Kingdom,3.0,4.0,3.0,3.0,,4.0,,1,Modern (2015-Present),Positive,0.7876,Pre Covid
3765,416,Al Mourjan Lounge,Hamad  Doha Airport,Business Class,Business,1,2018-03-30,United Kingdom,3.0,4.0,4.0,4.0,4.0,5.0,4.0,1,Modern (2015-Present),Positive,0.9696,Pre Covid
3766,416,Al Maha,Hamad  Doha Airport,Pay to Use,Unknown,1,2018-01-13,Brazil,3.0,5.0,3.0,4.0,5.0,5.0,5.0,1,Modern (2015-Present),Positive,0.3913,Pre Covid
3767,416,Al Mourjan Lounge,Hamad  Doha Airport,Business Class,Business,1,2017-12-30,South Korea,5.0,5.0,4.0,5.0,4.0,5.0,5.0,1,Modern (2015-Present),Positive,0.93,Pre Covid
3768,416,Unknown Lounge,Hamad  Doha Airport,Business Class,Business,1,2017-12-24,United States,5.0,5.0,5.0,5.0,5.0,5.0,5.0,1,Modern (2015-Present),Positive,0.9154,Pre Covid
3769,416,Unknown Lounge,Manila Airport,Business Class,Business,1,2017-12-18,United States,2.0,2.0,4.0,1.0,1.0,2.0,2.0,1,Modern (2015-Present),Positive,0.7504,Pre Covid
3770,416,Business lounge,Doha Airport,Business Class,Business,1,2017-12-14,United States,4.0,4.0,3.0,1.0,5.0,,3.0,1,Modern (2015-Present),Negative,-0.0745,Pre Covid
3771,416,Unknown Lounge,Paris CDG Airport,Business Class,Business,0,2017-11-17,Qatar,4.0,5.0,5.0,4.0,4.0,4.0,5.0,1,Modern (2015-Present),Positive,0.9908,Pre Covid
3772,416,Al Mourjan,Hamad  Doha Airport,Business Class,Business,0,2017-11-17,Thailand,3.0,4.0,1.0,1.0,2.0,3.0,4.0,0,Modern (2015-Present),Positive,0.1531,Pre Covid
3773,416,Unknown Lounge,Hamad  Doha Airport,Business Class,Business,0,2017-10-25,United Kingdom,5.0,5.0,5.0,5.0,5.0,4.0,5.0,1,Modern (2015-Present),Positive,0.8941,Pre Covid
3774,416,LHR & DOH,Hamad  Doha Airport,Business Class,Business,0,2017-10-19,Sri Lanka,3.0,4.0,4.0,2.0,4.0,4.0,2.0,1,Modern (2015-Present),Positive,0.8788,Pre Covid
3775,416,Unknown Lounge,Doha Airport,Business Class,Business,0,2017-10-13,United States,5.0,4.0,5.0,4.0,4.0,5.0,5.0,0,Modern (2015-Present),Positive,0.9501,Pre Covid
3776,416,Premium Lounge,London Heathrow Airport,Business Class,Business,0,2017-10-06,Qatar,5.0,5.0,5.0,5.0,5.0,3.0,5.0,1,Modern (2015-Present),Positive,0.9801,Pre Covid
3777,416,Business Lounge,Hamad  Doha Airport,Business Class,Business,0,2017-08-08,United Arab Emirates,5.0,5.0,5.0,4.0,4.0,4.0,4.0,1,Modern (2015-Present),Positive,0.9841,Pre Covid
3778,416,Doha,Hamad  Doha Airport,First Class,Unknown,0,2017-08-07,Germany,5.0,5.0,5.0,5.0,5.0,5.0,5.0,1,Modern (2015-Present),Positive,0.9628,Pre Covid
3779,416,Qatar Airways,Hamad  Doha Airport,Business Class,Business,0,2017-07-21,Switzerland,3.0,4.0,2.0,3.0,2.0,3.0,4.0,0,Modern (2015-Present),Positive,0.4401,Pre Covid
3780,416,Unknown Lounge,Doha Airport,Business Class,Business,0,2017-06-22,Australia,5.0,5.0,,5.0,,,5.0,1,Modern (2015-Present),Positive,0.8479,Pre Covid
3781,416,Unknown Lounge,Hamad  Doha Airport,Business Class,Business,0,2017-05-30,Unknown,4.0,4.0,4.0,,,4.0,2.0,1,Modern (2015-Present),Negative,-0.0507,Pre Covid
3782,416,Al Safwa,Hamad  Doha Airport,First Class,Unknown,0,2017-05-13,Qatar,5.0,5.0,5.0,5.0,4.0,4.0,5.0,1,Modern (2015-Present),Positive,0.8126,Pre Covid
3783,416,Skyserv Lounge,Athens Airport,Business Class,Business,0,2017-04-25,Greece,3.0,1.0,2.0,2.0,,5.0,5.0,1,Modern (2015-Present),Positive,0.8379,Pre Covid
3784,416,Araliya,Colombo Airport,Business Class,Business,0,2017-04-07,Australia,1.0,2.0,1.0,1.0,1.0,1.0,1.0,1,Modern (2015-Present),Positive,0.1402,Pre Covid
3785,416,Premium Lounge,London Heathrow Airport,Business Class,Business,0,2017-03-27,Saudi Arabia,5.0,5.0,5.0,5.0,5.0,5.0,5.0,1,Modern (2015-Present),Positive,0.9709,Pre Covid
3786,416,Al Mourjan,Hamad  Doha Airport,Business Class,Business,0,2017-03-19,United Kingdom,4.0,5.0,4.0,4.0,5.0,,4.0,1,Modern (2015-Present),Positive,0.9794,Pre Covid
3787,416,Wellcome Lounge,Riyadh Airport,Frequent Flyer,Unknown,0,2017-03-11,Saudi Arabia,5.0,5.0,5.0,5.0,5.0,5.0,5.0,1,Modern (2015-Present),Positive,0.9367,Pre Covid
3788,416,Unknown Lounge,Hamad  Doha Airport,Frequent Flyer,Unknown,0,2017-03-11,Saudi Arabia,1.0,2.0,1.0,1.0,3.0,2.0,2.0,1,Modern (2015-Present),Negative,-0.296,Pre Covid
3789,416,Al Mourjan,Hamad  Doha Airport,Business Class,Business,0,2017-02-27,United Kingdom,2.0,5.0,4.0,1.0,3.0,4.0,3.0,1,Modern (2015-Present),Positive,0.8966,Pre Covid
3790,416,Al Mourjan,Doha Airport,Business Class,Business,0,2016-12-30,Greece,4.0,5.0,5.0,4.0,4.0,4.0,5.0,1,Modern (2015-Present),Positive,0.9531,Pre Covid
3791,416,Al Safwa,Hamad  Doha Airport,First Class,Unknown,0,2016-12-05,United Arab Emirates,5.0,5.0,4.0,4.0,3.0,3.0,5.0,1,Modern (2015-Present),Positive,0.9213,Pre Covid
3792,416,Unknown Lounge,Kolkata Airport,Business Class,Business,0,2016-11-29,United States,4.0,4.0,3.0,2.0,2.0,4.0,3.0,1,Modern (2015-Present),Positive,0.296,Pre Covid
3793,416,Admiral Club,New York JFK Airport,Business Class,Business,0,2016-11-29,United States,4.0,4.0,4.0,3.0,,4.0,3.0,1,Modern (2015-Present),Positive,0.9313,Pre Covid
3794,416,Plaza Premium,Phnom Penh Airport,Frequent Flyer,Unknown,0,2016-10-06,Vietnam,5.0,5.0,4.0,5.0,5.0,5.0,5.0,1,Modern (2015-Present),Positive,0.9852,Pre Covid
3795,416,Unknown Lounge,Oslo Airport,Business Class,Business,0,2016-09-09,United Kingdom,4.0,3.0,4.0,2.0,3.0,4.0,4.0,1,Modern (2015-Present),Positive,0.8604,Pre Covid
3796,416,Unknown Lounge,Kolkata Airport,Business Class,Business,0,2016-08-26,United States,4.0,4.0,3.0,1.0,3.0,3.0,3.0,1,Modern (2015-Present),Positive,0.9633,Pre Covid
3797,416,Al Maha Transit Lounge,Hamad  Doha Airport,Unknown,Unknown,0,2016-08-01,Singapore,3.0,4.0,3.0,3.0,1.0,4.0,4.0,1,Modern (2015-Present),Positive,0.9785,Pre Covid
3798,416,Dnata lounge,Singapore Changi Airport,Business Class,Business,0,2016-07-21,Bulgaria,5.0,5.0,4.0,4.0,5.0,5.0,5.0,1,Modern (2015-Present),Positive,0.915,Pre Covid
3799,416,Al Mourjan Lounge,Hamad  Doha Airport,Business Class,Business,0,2016-07-17,Bulgaria,5.0,5.0,5.0,5.0,5.0,4.0,5.0,1,Modern (2015-Present),Positive,0.8947,Pre Covid
3800,416,Unknown Lounge,Singapore Changi Airport,Business Class,Business,0,2016-05-26,Australia,2.0,2.0,1.0,1.0,,3.0,3.0,0,Modern (2015-Present),Positive,0.3182,Pre Covid
3801,416,Escape Lounge,Manchester Airport,Business Class,Business,0,2016-05-18,United Kingdom,4.0,4.0,3.0,3.0,,4.0,5.0,1,Modern (2015-Present),Positive,0.8001,Pre Covid
3802,416,Al Mourjan,Hamad  Doha Airport,Business Class,Business,0,2016-05-04,Hong Kong,5.0,5.0,4.0,5.0,5.0,3.0,5.0,1,Modern (2015-Present),Positive,0.9381,Pre Covid
3803,416,Unknown Lounge,Hamad  Doha Airport,Frequent Flyer,Unknown,0,2016-04-16,Qatar,2.0,4.0,1.0,1.0,2.0,3.0,3.0,0,Modern (2015-Present),Positive,0.722,Pre Covid
3804,416,Al Mourjan,Hamad  Doha Airport,Business Class,Business,0,2016-04-14,China,5.0,5.0,5.0,5.0,5.0,4.0,4.0,1,Modern (2015-Present),Positive,0.9486,Pre Covid
3805,416,Al Mourjan,Hamad  Doha Airport,Business Class,Business,0,2016-03-15,United Kingdom,5.0,5.0,4.0,4.0,5.0,4.0,5.0,1,Modern (2015-Present),Positive,0.9898,Pre Covid
3806,416,Al Mourjan lounge,Hamad  Doha Airport,Business Class,Business,0,2016-03-12,India,5.0,5.0,3.0,3.0,3.0,,4.0,1,Modern (2015-Present),Positive,0.9839,Pre Covid
3807,416,Unknown Lounge,Doha Airport,Frequent Flyer,Unknown,0,2016-01-05,United Kingdom,3.0,4.0,2.0,2.0,5.0,4.0,3.0,0,Modern (2015-Present),Neutral,-0.0307,Pre Covid
3808,416,Al Mourjan,Hamad  Doha Airport,Business Class,Business,0,2015-12-13,Netherlands,5.0,5.0,5.0,4.0,5.0,5.0,5.0,1,Modern (2015-Present),Positive,0.9516,Pre Covid
3809,416,Al Safwa,Hamad  Doha Airport,First Class,Unknown,0,2015-12-12,Qatar,5.0,5.0,5.0,3.0,5.0,5.0,3.0,1,Modern (2015-Present),Positive,0.9465,Pre Covid
3810,416,First class,Hamad  Doha Airport,First Class,Unknown,0,2015-12-10,United Arab Emirates,5.0,5.0,5.0,5.0,5.0,5.0,5.0,1,Modern (2015-Present),Positive,0.9732,Pre Covid
3811,416,Premium Lounge,London Heathrow Airport,Business Class,Business,0,2015-12-01,United Kingdom,5.0,5.0,4.0,4.0,5.0,5.0,5.0,1,Modern (2015-Present),Positive,0.9001,Pre Covid
3812,416,Al Mourjan,Hamad  Doha Airport,Business Class,Business,0,2015-11-25,Germany,5.0,5.0,5.0,5.0,5.0,5.0,5.0,1,Modern (2015-Present),Positive,0.9165,Pre Covid
3813,416,Al Safwa Lounge,Hamad  Doha Airport,First Class,Unknown,0,2015-11-08,Australia,5.0,5.0,5.0,5.0,5.0,5.0,5.0,1,Modern (2015-Present),Positive,0.9638,Pre Covid
3814,416,Al Mourjan Lounge,Hamad  Doha Airport,Business Class,Business,0,2015-11-05,Denmark,5.0,5.0,5.0,5.0,5.0,4.0,5.0,1,Modern (2015-Present),Positive,0.9568,Pre Covid
3815,416,Unknown Lounge,London Heathrow Airport,Business Class,Business,0,2015-11-03,United Kingdom,5.0,5.0,4.0,4.0,5.0,4.0,5.0,1,Modern (2015-Present),Positive,0.9331,Pre Covid
3816,416,Al Mourjan,Hamad  Doha Airport,Business Class,Business,0,2015-10-11,United Kingdom,5.0,5.0,5.0,5.0,5.0,5.0,5.0,1,Modern (2015-Present),Positive,0.9773,Pre Covid
3817,416,Escape,Manchester Airport,Business Class,Business,0,2015-10-10,Australia,1.0,1.0,1.0,1.0,1.0,1.0,1.0,1,Modern (2015-Present),Negative,-0.9656,Pre Covid
3818,416,Unknown Lounge,Hamad  Doha Airport,Business Class,Business,0,2015-10-05,Austria,5.0,5.0,5.0,5.0,5.0,5.0,5.0,1,Modern (2015-Present),Positive,0.9349,Pre Covid
3819,416,Unknown Lounge,Manila Airport,Business Class,Business,0,2015-10-04,Austria,4.0,4.0,3.0,3.0,2.0,3.0,5.0,1,Modern (2015-Present),Positive,0.1486,Pre Covid
3820,416,Al Mourjan,Hamad  Doha Airport,Business Class,Business,0,2015-09-06,Belgium,4.0,5.0,4.0,4.0,4.0,4.0,5.0,1,Modern (2015-Present),Positive,0.9623,Pre Covid
3821,416,Al Mourjan,Hamad  Doha Airport,Business Class,Business,0,2015-09-04,United States,5.0,5.0,5.0,5.0,5.0,5.0,5.0,1,Modern (2015-Present),Positive,0.981,Pre Covid
3822,416,VIP Lounge,Madrid Barajas Airport,Business Class,Business,0,2015-09-04,United States,5.0,5.0,5.0,5.0,5.0,5.0,5.0,1,Modern (2015-Present),Positive,0.9451,Pre Covid
3823,416,Bidvest Lounge,Johannesburg Airport,Business Class,Business,0,2015-08-12,France,2.0,1.0,2.0,1.0,1.0,1.0,1.0,0,Modern (2015-Present),Negative,-0.7433,Pre Covid
3824,416,Al Mourjan,Hamad  Doha Airport,Business Class,Business,0,2015-07-13,Malaysia,4.0,4.0,4.0,5.0,5.0,5.0,5.0,1,Modern (2015-Present),Positive,0.9423,Pre Covid
3825,416,Al Mourjan,Hamad  Doha Airport,Business Class,Business,0,2015-07-13,Singapore,3.0,4.0,4.0,4.0,3.0,3.0,2.0,1,Modern (2015-Present),Positive,0.9914,Pre Covid
3826,416,Business Lounge,Khartoum Airport,Frequent Flyer,Unknown,0,2015-07-12,Indonesia,2.0,3.0,2.0,1.0,,4.0,4.0,1,Modern (2015-Present),Positive,0.9154,Pre Covid
3827,416,Al Mourjan,Hamad  Doha Airport,Business Class,Business,0,2015-07-06,United Kingdom,4.0,4.0,4.0,4.0,,3.0,4.0,1,Modern (2015-Present),Positive,0.9872,Pre Covid
3828,416,Handling Lounge,Singapore Changi Airport,Business Class,Business,0,2015-06-30,Australia,2.0,2.0,2.0,1.0,,2.0,1.0,1,Modern (2015-Present),Positive,0.7096,Pre Covid
3829,416,Servisair Aspire,Copenhagen Airport,Business Class,Business,0,2015-06-27,United Kingdom,2.0,4.0,2.0,1.0,,4.0,4.0,0,Modern (2015-Present),Positive,0.9589,Pre Covid
3830,416,Al Mourjan,Hamad  Doha Airport,Business Class,Business,0,2015-06-22,Malaysia,4.0,4.0,4.0,4.0,4.0,4.0,4.0,1,Modern (2015-Present),Positive,0.9081,Pre Covid
3831,416,Unknown Lounge,Hamad  Doha Airport,Frequent Flyer,Unknown,0,2015-06-17,United Kingdom,1.0,3.0,1.0,1.0,3.0,3.0,3.0,0,Modern (2015-Present),Negative,-0.7178,Pre Covid
3832,416,Unknown Lounge,Doha Airport,Frequent Flyer,Unknown,0,2015-05-29,Sri Lanka,2.0,2.0,1.0,1.0,2.0,2.0,3.0,0,Modern (2015-Present),Negative,-0.4854,Pre Covid
3833,416,Al Mourjan Lounge,Doha Airport,Business Class,Business,0,2015-05-10,Canada,4.0,5.0,5.0,4.0,3.0,5.0,4.0,1,Modern (2015-Present),Positive,0.8753,Pre Covid
3834,416,Al Mourjan Lounge,Doha Airport,Business Class,Business,0,2015-05-10,Australia,4.0,5.0,5.0,5.0,5.0,4.0,5.0,1,Modern (2015-Present),Positive,0.9664,Pre Covid
3835,416,Unknown Lounge,London Heathrow Airport,Business Class,Business,0,2015-05-10,United Kingdom,5.0,5.0,5.0,5.0,5.0,5.0,5.0,1,Modern (2015-Present),Positive,0.9531,Pre Covid
3836,416,Al Mourjan Lounge,Doha Airport,Business Class,Business,0,2015-04-02,United Kingdom,5.0,5.0,5.0,5.0,5.0,5.0,5.0,1,Modern (2015-Present),Negative,-0.3245,Pre Covid
3837,416,Unknown Lounge,Bangkok Suvarnabhumi Airport,Business Class,Business,0,2015-04-02,United Kingdom,2.0,3.0,2.0,1.0,1.0,1.0,2.0,0,Modern (2015-Present),Negative,-0.3309,Pre Covid
3838,416,Al Mourjan Lounge,Doha Airport,Business Class,Business,0,2015-03-22,France,3.0,5.0,3.0,3.0,5.0,5.0,4.0,1,Modern (2015-Present),Positive,0.9408,Pre Covid
3839,416,Unknown Lounge,Dhaka Airport,Business Class,Business,0,2015-03-22,United Kingdom,4.0,4.0,2.0,3.0,3.0,5.0,4.0,1,Modern (2015-Present),Positive,0.7213,Pre Covid
3840,416,Unknown Lounge,London Heathrow Airport,Unknown,Unknown,0,2015-03-01,United Kingdom,5.0,5.0,5.0,5.0,5.0,5.0,5.0,1,Modern (2015-Present),Positive,0.8779,Pre Covid
3841,416,Al Mourjan Lounge,Doha Airport,Business Class,Business,0,2015-02-26,United Kingdom,3.0,5.0,3.0,3.0,4.0,5.0,3.0,1,Modern (2015-Present),Positive,0.9915,Pre Covid
3842,416,Unknown Lounge,London Heathrow Airport,Unknown,Unknown,0,2015-02-21,United Kingdom,5.0,5.0,5.0,5.0,5.0,5.0,5.0,1,Modern (2015-Present),Positive,0.9146,Pre Covid
3843,416,Al Mourjan Lounge,Doha Airport,Business Class,Business,0,2015-02-21,Saudi Arabia,1.0,5.0,4.0,4.0,4.0,4.0,5.0,0,Modern (2015-Present),Positive,0.9835,Pre Covid
3844,416,Al Mourjan Lounge,Doha Airport,Business Class,Business,0,2015-01-27,Brazil,4.0,5.0,5.0,5.0,5.0,5.0,5.0,1,Modern (2015-Present),Positive,0.8126,Pre Covid
3845,416,Al Mourjan Lounge,Sao Paulo Guarulhos Airport,Business Class,Business,0,2015-01-27,Brazil,2.0,3.0,2.0,2.0,2.0,1.0,2.0,0,Modern (2015-Present),Negative,-0.8225,Pre Covid
3846,416,Al Mourjan Lounge,Doha Airport,Business Class,Business,0,2015-01-02,United States,5.0,5.0,5.0,5.0,5.0,5.0,5.0,1,Modern (2015-Present),Positive,0.9217,Pre Covid
3847,416,Al Mourjan Lounge,Doha Airport,Business Class,Business,0,2015-01-02,United Kingdom,5.0,4.0,5.0,4.0,5.0,4.0,5.0,1,Modern (2015-Present),Positive,0.927,Pre Covid
3848,416,Al Mourjan Lounge,Doha Airport,Business Class,Business,0,2015-01-02,Denmark,2.0,5.0,4.0,4.0,5.0,5.0,4.0,0,Modern (2015-Present),Negative,-0.6321,Pre Covid
3849,416,Al Mourjan Lounge,Doha Airport,Business Class,Business,0,2015-01-02,United Kingdom,2.0,5.0,3.0,3.0,3.0,4.0,4.0,0,Modern (2015-Present),Positive,0.0868,Pre Covid
3850,416,Al Mourjan Lounge,Doha Airport,Business Class,Business,0,2014-11-19,United States,5.0,5.0,5.0,5.0,5.0,5.0,5.0,1,Historical (Pre-2015),Positive,0.8908,Pre Covid
3851,416,Al Mourjan Lounge,Doha Airport,Business Class,Business,0,2014-11-06,United Kingdom,5.0,5.0,5.0,5.0,5.0,5.0,5.0,1,Historical (Pre-2015),Positive,0.9597,Pre Covid
3852,416,Al Mourjan Lounge,Doha Airport,Business Class,Business,0,2014-10-28,Australia,5.0,5.0,5.0,5.0,5.0,5.0,5.0,1,Historical (Pre-2015),Positive,0.91,Pre Covid
3853,416,Al Mourjan Lounge,Doha Airport,Business Class,Business,0,2014-10-28,Thailand,5.0,4.0,5.0,5.0,2.0,4.0,5.0,1,Historical (Pre-2015),Positive,0.2773,Pre Covid
3854,416,Al Mourjan Lounge,Doha Airport,Business Class,Business,0,2014-10-27,United Kingdom,2.0,5.0,4.0,2.0,3.0,3.0,3.0,0,Historical (Pre-2015),Negative,-0.6549,Pre Covid
3855,416,Unknown Lounge,Doha Airport,Business Class,Business,0,2014-10-05,United Kingdom,1.0,1.0,1.0,1.0,1.0,1.0,1.0,0,Historical (Pre-2015),Negative,-0.8977,Pre Covid
3856,416,Unknown Lounge,Doha Airport,Business Class,Business,0,2014-08-05,United States,5.0,5.0,5.0,5.0,4.0,5.0,5.0,1,Historical (Pre-2015),Neutral,-0.0267,Pre Covid
3857,416,Unknown Lounge,Doha Airport,Business Class,Business,0,2014-07-21,Sweden,2.0,4.0,4.0,3.0,3.0,4.0,4.0,0,Historical (Pre-2015),Neutral,0.0,Pre Covid
3858,416,Unknown Lounge,Doha Airport,Business Class,Business,0,2014-07-17,Hong Kong,1.0,2.0,3.0,2.0,2.0,1.0,2.0,0,Historical (Pre-2015),Positive,0.1779,Pre Covid
3859,416,Unknown Lounge,Doha Airport,Business Class,Business,0,2014-07-17,United Kingdom,1.0,3.0,2.0,1.0,1.0,4.0,2.0,0,Historical (Pre-2015),Negative,-0.6068,Pre Covid
3860,416,Unknown Lounge,Doha Airport,First Class,Unknown,0,2014-06-04,Australia,1.0,4.0,1.0,1.0,3.0,2.0,3.0,0,Historical (Pre-2015),Positive,0.1154,Pre Covid
3861,416,Oryx Lounge,Unknown,Unknown,Unknown,0,2014-04-16,United Kingdom,4.0,5.0,4.0,3.0,5.0,4.0,4.0,1,Historical (Pre-2015),Positive,0.8402,Pre Covid
3862,416,Unknown Lounge,Doha Airport,Business Class,Business,0,2014-03-11,Hong Kong,2.0,5.0,4.0,4.0,4.0,5.0,4.0,0,Historical (Pre-2015),Positive,0.9565,Pre Covid
3863,416,Unknown Lounge,Colombo Airport,Business Class,Business,0,2014-02-20,United Kingdom,4.0,4.0,2.0,2.0,3.0,2.0,3.0,1,Historical (Pre-2015),Positive,0.4215,Pre Covid
3864,416,Sala Motale,Milan Malpensa Airport,Business Class,Business,0,2013-12-23,Denmark,5.0,5.0,5.0,3.0,3.0,4.0,3.0,1,Historical (Pre-2015),Positive,0.9312,Pre Covid
3865,416,Unknown Lounge,London Heathrow Airport,Unknown,Unknown,0,2013-10-06,Australia,5.0,5.0,5.0,5.0,5.0,5.0,5.0,1,Historical (Pre-2015),Positive,0.6649,Pre Covid
3866,416,Unknown Lounge,London Heathrow Airport,Unknown,Unknown,0,2013-10-06,Australia,5.0,5.0,5.0,5.0,5.0,5.0,5.0,1,Historical (Pre-2015),Positive,0.8439,Pre Covid
3867,416,Unknown Lounge,Doha Airport,Business Class,Business,0,2013-07-31,Australia,5.0,5.0,3.0,4.0,5.0,5.0,5.0,1,Historical (Pre-2015),Positive,0.9907,Pre Covid
3868,416,Unknown Lounge,Doha Airport,Business Class,Business,0,2013-07-07,United Kingdom,3.0,3.0,4.0,4.0,4.0,4.0,4.0,1,Historical (Pre-2015),Positive,0.962,Pre Covid
3869,416,Unknown Lounge,Doha Airport,Business Class,Business,0,2013-07-07,United Kingdom,2.0,4.0,3.0,3.0,2.0,4.0,3.0,1,Historical (Pre-2015),Negative,-0.8552,Pre Covid
3870,416,QATAR AIRWAYS PREMIUM TERMINAL BUSINESS CLASS LOUNGE REVIEW,Doha Airport,Business Class,Business,0,2013-05-29,United States,5.0,5.0,5.0,5.0,5.0,5.0,5.0,1,Historical (Pre-2015),Positive,0.5106,Pre Covid
3871,416,Unknown Lounge,London Heathrow Airport,Unknown,Unknown,0,2013-05-29,Thailand,4.0,5.0,5.0,5.0,4.0,4.0,5.0,1,Historical (Pre-2015),Positive,0.9298,Pre Covid
3872,416,Unknown Lounge,Doha Airport,Business Class,Business,0,2013-02-28,Kenya,5.0,5.0,5.0,5.0,3.0,5.0,5.0,1,Historical (Pre-2015),Positive,0.7466,Pre Covid
3873,416,Unknown Lounge,London Heathrow Airport,Unknown,Unknown,0,2013-02-28,United Kingdom,5.0,5.0,5.0,5.0,5.0,,5.0,1,Historical (Pre-2015),Positive,0.9168,Pre Covid
3874,416,Unknown Lounge,Doha Airport,Business Class,Business,0,2013-02-19,United States,5.0,5.0,5.0,4.0,5.0,5.0,5.0,1,Historical (Pre-2015),Positive,0.9867,Pre Covid
3875,416,Unknown Lounge,Male Airport,Business Class,Business,0,2013-02-04,Australia,3.0,4.0,3.0,2.0,4.0,4.0,4.0,0,Historical (Pre-2015),Positive,0.8992,Pre Covid
3876,416,QATAR AIRWAYS PREMIUM TERMINAL BUSINESS CLASS LOUNGE REVIEW,Doha Airport,Business Class,Business,0,2012-12-13,United Kingdom,2.0,5.0,,,4.0,,1.0,0,Historical (Pre-2015),Positive,0.9261,Pre Covid
3877,416,Unknown Lounge,London Heathrow Airport,Unknown,Unknown,0,2012-12-13,United Kingdom,5.0,5.0,5.0,5.0,5.0,,5.0,1,Historical (Pre-2015),Positive,0.9001,Pre Covid
3878,416,Unknown Lounge,Doha Airport,Business Class,Business,0,2012-11-07,United Kingdom,5.0,5.0,5.0,5.0,5.0,5.0,5.0,1,Historical (Pre-2015),Positive,0.6753,Pre Covid
3879,416,Unknown Lounge,London Heathrow Airport,Unknown,Unknown,0,2012-09-27,United Kingdom,5.0,5.0,5.0,5.0,5.0,5.0,5.0,1,Historical (Pre-2015),Positive,0.8126,Pre Covid
3880,416,Unknown Lounge,Doha Airport,Business Class,Business,0,2012-09-10,United States,5.0,5.0,2.0,5.0,5.0,5.0,5.0,1,Historical (Pre-2015),Positive,0.979,Pre Covid
3881,416,Unknown Lounge,Doha Airport,First Class,Unknown,0,2012-08-05,Egypt,5.0,5.0,2.0,4.0,5.0,5.0,5.0,1,Historical (Pre-2015),Neutral,0.0166,Pre Covid
3882,416,Unknown Lounge,Doha Airport,Business Class,Business,0,2012-08-05,Australia,4.0,5.0,1.0,3.0,4.0,4.0,4.0,1,Historical (Pre-2015),Positive,0.9468,Pre Covid
3883,416,Unknown Lounge,London Heathrow Airport,Unknown,Unknown,0,2012-02-07,United Kingdom,5.0,5.0,5.0,5.0,5.0,5.0,5.0,1,Historical (Pre-2015),Positive,0.8979,Pre Covid
3884,416,Unknown Lounge,Doha Airport,Business Class,Business,0,2012-01-25,Australia,4.0,5.0,5.0,4.0,5.0,4.0,5.0,1,Historical (Pre-2015),Positive,0.6096,Pre Covid
3885,416,Unknown Lounge,Doha Airport,Business Class,Business,0,2011-10-21,China,5.0,5.0,4.0,5.0,5.0,4.0,5.0,0,Historical (Pre-2015),Positive,0.8402,Pre Covid
3886,416,QATAR AIRWAYS BUSINESS CLASS LOUNGE REVIEW,Frankfurt Main Airport,Business Class,Business,0,2011-09-13,France,4.0,4.0,4.0,3.0,4.0,3.0,5.0,0,Historical (Pre-2015),Positive,0.8225,Pre Covid
3887,416,Unknown Lounge,Doha Airport,Business Class,Business,0,2011-09-13,France,5.0,5.0,5.0,5.0,5.0,5.0,5.0,0,Historical (Pre-2015),Positive,0.8658,Pre Covid
3888,416,Unknown Lounge,Phuket Airport,Business Class,Business,0,2011-05-12,France,5.0,5.0,3.0,4.0,3.0,4.0,5.0,0,Historical (Pre-2015),Positive,0.9481,Pre Covid
3889,416,Unknown Lounge,Doha Airport,Business Class,Business,0,2010-12-27,Switzerland,4.0,4.0,5.0,5.0,3.0,4.0,5.0,0,Historical (Pre-2015),Positive,0.7801,Pre Covid
3890,416,Unknown Lounge,Doha Airport,Business Class,Business,0,2010-08-13,United Kingdom,5.0,5.0,5.0,5.0,4.0,5.0,5.0,0,Historical (Pre-2015),Positive,0.7958,Pre Covid
3891,416,Unknown Lounge,Doha Airport,Business Class,Business,0,2010-07-14,United Kingdom,5.0,5.0,5.0,5.0,5.0,5.0,5.0,0,Historical (Pre-2015),Positive,0.4741,Pre Covid
3892,416,Unknown Lounge,Doha Airport,Business Class,Business,0,2009-11-10,United Kingdom,4.0,5.0,3.0,3.0,4.0,4.0,4.0,0,Historical (Pre-2015),Positive,0.4959,Pre Covid
3893,416,Unknown Lounge,Doha Airport,Business Class,Business,0,2009-06-08,United Kingdom,4.0,5.0,4.0,5.0,3.0,4.0,5.0,0,Historical (Pre-2015),Positive,0.958,Pre Covid
3894,416,Unknown Lounge,Doha Airport,Business Class,Business,0,2009-06-04,United Kingdom,5.0,5.0,5.0,5.0,4.0,5.0,5.0,0,Historical (Pre-2015),Positive,0.7498,Pre Covid
3895,416,Unknown Lounge,Doha Airport,First Class,Unknown,0,2009-04-30,United Kingdom,4.0,5.0,4.0,4.0,4.0,3.0,4.0,0,Historical (Pre-2015),Negative,-0.9156,Pre Covid
3903,456,Unknown Lounge,Male Airport,Business Class,Business,1,2018-12-23,Switzerland,3.0,3.0,3.0,3.0,3.0,3.0,4.0,1,Modern (2015-Present),Positive,0.5938,Pre Covid
3904,456,Concordia Lounge,Manado Airport,Business Class,Business,1,2018-04-20,Thailand,4.0,5.0,4.0,4.0,3.0,,4.0,1,Modern (2015-Present),Positive,0.6041,Pre Covid
3905,428,Crown,Amman Queen Alia Airport,Frequent Flyer,Unknown,0,2024-08-17,Qatar,4.0,4.0,4.0,4.0,3.0,4.0,5.0,1,Modern (2015-Present),Positive,0.9712,After Covid
3906,428,Crown Class Lounge,Amman Queen Alia Airport,Business Class,Business,1,2022-01-27,United Kingdom,1.0,4.0,1.0,1.0,1.0,2.0,1.0,0,Modern (2015-Present),Negative,-0.9662,After Covid
3907,428,Miracle Lounge,Bangkok Suvarnabhumi Airport,Business Class,Business,1,2019-11-29,Malaysia,4.0,4.0,4.0,4.0,5.0,4.0,3.0,1,Modern (2015-Present),Positive,0.7624,Pre Covid
3908,428,RJ Airlines,Amman Queen Alia Airport,Business Class,Business,1,2019-07-12,Australia,2.0,2.0,2.0,1.0,1.0,2.0,2.0,1,Modern (2015-Present),Negative,-0.3781,Pre Covid
3909,428,Unknown Lounge,Amman Queen Alia Airport,Business Class,Business,0,2019-05-14,United Kingdom,1.0,1.0,1.0,1.0,1.0,4.0,1.0,0,Modern (2015-Present),Negative,-0.5341,Pre Covid
3910,428,Unknown Lounge,Amman Queen Alia Airport,Business Class,Business,0,2019-04-14,Australia,2.0,1.0,1.0,1.0,2.0,2.0,2.0,0,Modern (2015-Present),Negative,-0.5291,Pre Covid
3911,428,Crown Longe,Amman Queen Alia Airport,Business Class,Business,1,2017-11-21,United States,3.0,2.0,3.0,2.0,2.0,2.0,2.0,0,Modern (2015-Present),Negative,-0.8414,Pre Covid
3912,428,Crown Lounge,Amman Queen Alia Airport,Business Class,Business,0,2017-07-01,Hong Kong,2.0,1.0,,1.0,1.0,,1.0,0,Modern (2015-Present),Negative,-0.9205,Pre Covid
3913,428,Crown Lounge,Amman Queen Alia Airport,Business Class,Business,0,2017-04-09,United States,4.0,2.0,1.0,1.0,1.0,1.0,2.0,0,Modern (2015-Present),Negative,-0.3088,Pre Covid
3914,428,The Crown Lounge,Amman Queen Alia Airport,Business Class,Business,0,2016-03-19,United States,2.0,3.0,1.0,1.0,1.0,3.0,1.0,0,Modern (2015-Present),Positive,0.8368,Pre Covid
3915,428,Crown,Amman Queen Alia Airport,Business Class,Business,0,2016-02-24,United Kingdom,3.0,3.0,2.0,2.0,3.0,3.0,3.0,0,Modern (2015-Present),Positive,0.7848,Pre Covid
3916,428,Crown Lounge,Amman Queen Alia Airport,Business Class,Business,0,2016-02-19,France,3.0,3.0,3.0,3.0,1.0,4.0,1.0,1,Modern (2015-Present),Positive,0.6828,Pre Covid
3917,428,Crown Lounge,Amman Queen Alia Airport,Business Class,Business,0,2016-01-09,United Kingdom,3.0,2.0,2.0,2.0,1.0,3.0,1.0,0,Modern (2015-Present),Negative,-0.9132,Pre Covid
3918,428,Unknown Lounge,Amman Queen Alia Airport,Business Class,Business,0,2009-01-20,United Kingdom,2.0,1.0,1.0,1.0,1.0,1.0,1.0,0,Historical (Pre-2015),Negative,-0.8052,Pre Covid
3920,386,Al Khareef,Salalah Airport,Business Class,Business,1,2022-04-20,Australia,5.0,5.0,5.0,5.0,5.0,5.0,5.0,1,Modern (2015-Present),Positive,0.9652,After Covid
3921,386,Unknown Lounge,Bangkok Suvarnabhumi Airport,Members,Unknown,0,2022-01-18,Philippines,5.0,5.0,5.0,4.0,5.0,5.0,5.0,1,Modern (2015-Present),Positive,0.4588,After Covid
3922,386,Bangkok,Bangkok Suvarnabhumi Airport,Business Class,Business,1,2019-10-23,France,4.0,5.0,5.0,4.0,4.0,5.0,5.0,1,Modern (2015-Present),Positive,0.8074,Pre Covid
3923,386,Unknown Lounge,Muscat Seeb Airport,Business Class,Business,1,2019-10-21,Australia,4.0,5.0,,4.0,,,4.0,1,Modern (2015-Present),Positive,0.8261,Pre Covid
3924,386,Unknown Lounge,Muscat Seeb Airport,Business Class,Business,1,2019-02-02,Malaysia,2.0,2.0,2.0,1.0,2.0,2.0,1.0,0,Modern (2015-Present),Negative,-0.6853,Pre Covid
3925,386,Unknown Lounge,Muscat Seeb Airport,Business Class,Business,1,2019-01-26,Singapore,4.0,4.0,4.0,4.0,4.0,4.0,4.0,1,Modern (2015-Present),Positive,0.8779,Pre Covid
3926,386,Unknown Lounge,Bangkok Suvarnabhumi Airport,Business Class,Business,0,2019-01-08,United Kingdom,4.0,4.0,4.0,4.0,4.0,4.0,4.0,1,Modern (2015-Present),Positive,0.8821,Pre Covid
3927,386,Majan Lounge,Muscat Seeb Airport,Frequent Flyer,Unknown,0,2017-11-12,United Kingdom,5.0,5.0,5.0,4.0,5.0,5.0,5.0,1,Modern (2015-Present),Positive,0.9505,Pre Covid
3928,386,Oman Lounge at Bangkok,Bangkok Suvarnabhumi Airport,Frequent Flyer,Unknown,0,2017-11-09,United Kingdom,5.0,5.0,5.0,5.0,5.0,,5.0,1,Modern (2015-Present),Positive,0.9696,Pre Covid
3929,386,Oman Air Lounge,Salalah Airport,Business Class,Business,0,2017-05-24,Oman,4.0,5.0,,4.0,4.0,4.0,5.0,1,Modern (2015-Present),Positive,0.9506,Pre Covid
3930,386,Unknown Lounge,Bangkok Suvarnabhumi Airport,Business Class,Business,0,2017-03-28,Saudi Arabia,5.0,5.0,5.0,4.0,5.0,,5.0,1,Modern (2015-Present),Positive,0.5859,Pre Covid
3931,386,Bangkok lounge,Bangkok Suvarnabhumi Airport,First Class,Unknown,0,2016-12-06,France,4.0,5.0,4.0,4.0,3.0,5.0,3.0,1,Modern (2015-Present),Negative,-0.6508,Pre Covid
3932,386,Unknown Lounge,Muscat Seeb Airport,Business Class,Business,0,2016-06-25,France,5.0,5.0,5.0,5.0,5.0,5.0,5.0,1,Modern (2015-Present),Negative,-0.2374,Pre Covid
3933,386,Unknown Lounge,Dubai Airport,Business Class,Business,0,2016-05-02,Oman,5.0,5.0,5.0,4.0,4.0,4.0,5.0,1,Modern (2015-Present),Positive,0.9447,Pre Covid
3934,386,Unknown Lounge,Muscat Seeb Airport,Business Class,Business,0,2016-03-19,France,4.0,5.0,4.0,5.0,5.0,4.0,5.0,1,Modern (2015-Present),Positive,0.1027,Pre Covid
3935,386,Unknown Lounge,Bangkok Suvarnabhumi Airport,Business Class,Business,0,2016-03-13,Germany,2.0,4.0,2.0,3.0,1.0,1.0,1.0,0,Modern (2015-Present),Positive,0.2144,Pre Covid
3936,386,Unknown Lounge,Bangkok Suvarnabhumi Airport,First Class,Unknown,0,2015-12-13,France,4.0,5.0,4.0,4.0,4.0,5.0,5.0,1,Modern (2015-Present),Positive,0.9039,Pre Covid
3937,386,No. 1 Lounge,London Heathrow Airport,Business Class,Business,0,2014-11-19,Oman,3.0,5.0,3.0,3.0,3.0,4.0,3.0,1,Historical (Pre-2015),Positive,0.8311,Pre Covid
3938,386,Unknown Lounge,Bangkok Suvarnabhumi Airport,Business Class,Business,0,2014-04-22,United Kingdom,5.0,5.0,5.0,5.0,5.0,5.0,5.0,1,Historical (Pre-2015),Positive,0.969,Pre Covid
3939,386,Frequent Flyer lounge,Muscat Seeb Airport,Frequent Flyer,Unknown,0,2014-04-22,United Kingdom,5.0,5.0,5.0,4.0,5.0,5.0,5.0,1,Historical (Pre-2015),Positive,0.9081,Pre Covid
3940,386,Unknown Lounge,Muscat Seeb Airport,Business Class,Business,0,2014-03-30,Thailand,4.0,4.0,4.0,3.0,4.0,3.0,4.0,1,Historical (Pre-2015),Neutral,0.0285,Pre Covid
3941,386,Unknown Lounge,Unknown,Business Class,Business,0,2014-01-29,United Kingdom,3.0,3.0,3.0,3.0,3.0,4.0,4.0,1,Historical (Pre-2015),Positive,0.5927,Pre Covid
3942,386,Falcon Gold Lounge,Bahrain Airport,Business Class,Business,0,2014-01-29,United Kingdom,4.0,4.0,4.0,4.0,4.0,4.0,3.0,1,Historical (Pre-2015),Positive,0.34,Pre Covid
3943,386,Unknown Lounge,Muscat Seeb Airport,Business Class,Business,0,2014-01-29,United Kingdom,4.0,4.0,5.0,5.0,4.0,4.0,5.0,1,Historical (Pre-2015),Positive,0.9694,Pre Covid
3944,386,Unknown Lounge,Dubai Airport,Business Class,Business,0,2014-01-29,United Kingdom,4.0,4.0,4.0,4.0,4.0,4.0,4.0,1,Historical (Pre-2015),Positive,0.93,Pre Covid
3945,386,Unknown Lounge,Muscat Seeb Airport,Business Class,Business,0,2013-02-04,Australia,5.0,4.0,4.0,4.0,5.0,4.0,4.0,1,Historical (Pre-2015),Positive,0.8651,Pre Covid
3946,386,Unknown Lounge,Muscat Seeb Airport,Business Class,Business,0,2012-02-08,Germany,5.0,5.0,5.0,5.0,5.0,5.0,5.0,1,Historical (Pre-2015),Positive,0.9441,Pre Covid
3947,386,Unknown Lounge,Muscat Seeb Airport,Business Class,Business,0,2012-02-07,United Kingdom,5.0,5.0,5.0,5.0,5.0,4.0,5.0,1,Historical (Pre-2015),Positive,0.765,Pre Covid
3948,386,Unknown Lounge,Bangkok Suvarnabhumi Airport,Business Class,Business,0,2012-02-07,United Kingdom,5.0,5.0,4.0,4.0,4.0,5.0,5.0,1,Historical (Pre-2015),Positive,0.9649,Pre Covid
3949,386,Unknown Lounge,Muscat Seeb Airport,Business Class,Business,0,2012-01-30,United Kingdom,4.0,5.0,5.0,5.0,,4.0,4.0,1,Historical (Pre-2015),Positive,0.9565,Pre Covid
3950,386,Unknown Lounge,Muscat Seeb Airport,Business Class,Business,0,2011-09-17,Saudi Arabia,5.0,5.0,5.0,5.0,4.0,4.0,4.0,0,Historical (Pre-2015),Positive,0.9655,Pre Covid
3954,484,Star Alliance Gold,Cairo Airport,Business Class,Business,1,2023-05-21,Germany,2.0,3.0,1.0,1.0,3.0,2.0,1.0,0,Modern (2015-Present),Positive,0.9264,After Covid
3955,484,Star Alliance LAX Lounge,Los Angeles LAX Airport,Business Class,Business,1,2023-05-13,United States,5.0,4.0,4.0,4.0,3.0,3.0,5.0,1,Modern (2015-Present),Positive,0.6018,After Covid
3956,484,Star Alliance LAX Lounge,Los Angeles LAX Airport,Business Class,Business,1,2023-05-13,United States,5.0,4.0,5.0,4.0,3.0,4.0,4.0,1,Modern (2015-Present),Negative,-0.3919,After Covid
3957,484,Star Alliance,Rome Fiumicino Airport,Business Class,Business,1,2023-04-22,Italy,2.0,2.0,1.0,1.0,2.0,3.0,1.0,0,Modern (2015-Present),Negative,-0.9442,After Covid
3958,484,Star Alliance lounge,Paris CDG Airport,Business Class,Business,1,2023-04-12,Thailand,2.0,4.0,1.0,1.0,4.0,4.0,4.0,0,Modern (2015-Present),Positive,0.1872,After Covid
3959,484,Star Alliance,Rome Fiumicino Airport,Business Class,Business,1,2019-09-09,Belgium,4.0,5.0,4.0,5.0,4.0,,5.0,1,Modern (2015-Present),Positive,0.9715,Pre Covid
3960,484,Star Alliance,Rome Fiumicino Airport,Business Class,Business,1,2019-06-20,Denmark,5.0,5.0,5.0,5.0,5.0,5.0,5.0,1,Modern (2015-Present),Positive,0.8737,Pre Covid
3961,484,Star Alliance,Buenos Aires Airport,Business Class,Business,1,2019-03-03,Thailand,4.0,5.0,5.0,5.0,5.0,1.0,5.0,1,Modern (2015-Present),Positive,0.9778,Pre Covid
3962,484,Unknown Lounge,Milan Malpensa Airport,Business Class,Business,1,2018-12-23,Switzerland,5.0,5.0,5.0,5.0,4.0,5.0,5.0,1,Modern (2015-Present),Positive,0.7485,Pre Covid
3963,484,Unknown Lounge,Los Angeles LAX Airport,Frequent Flyer,Unknown,1,2018-10-05,Thailand,5.0,5.0,5.0,5.0,5.0,5.0,5.0,1,Modern (2015-Present),Positive,0.936,Pre Covid
3964,484,Unknown Lounge,Los Angeles LAX Airport,Frequent Flyer,Unknown,0,2017-03-15,United States,4.0,4.0,4.0,2.0,4.0,4.0,2.0,1,Modern (2015-Present),Positive,0.8224,Pre Covid
3965,484,Star Alliance,Los Angeles LAX Airport,Business Class,Business,0,2016-08-19,United Kingdom,5.0,5.0,4.0,5.0,4.0,5.0,5.0,1,Modern (2015-Present),Positive,0.9949,Pre Covid
3966,484,Star Alliance,Los Angeles LAX Airport,Business Class,Business,0,2016-03-24,Japan,5.0,4.0,5.0,5.0,4.0,5.0,4.0,1,Modern (2015-Present),Positive,0.9022,Pre Covid
3967,484,Unknown Lounge,Paris CDG Airport,Frequent Flyer,Unknown,0,2015-01-04,United States,3.0,3.0,3.0,2.0,2.0,3.0,3.0,0,Modern (2015-Present),Negative,-0.5513,Pre Covid
3968,484,Unknown Lounge,London Heathrow Airport,Frequent Flyer,Unknown,0,2014-02-20,Japan,2.0,1.0,3.0,1.0,2.0,1.0,3.0,0,Historical (Pre-2015),Negative,-0.3515,Pre Covid
3969,484,Unknown Lounge,Los Angeles LAX Airport,Business Class,Business,0,2013-10-06,United States,5.0,5.0,5.0,5.0,5.0,5.0,5.0,1,Historical (Pre-2015),Positive,0.9428,Pre Covid
3970,484,Unknown Lounge,London Heathrow Airport,Frequent Flyer,Unknown,0,2013-03-08,United Kingdom,4.0,4.0,4.0,4.0,5.0,5.0,5.0,1,Historical (Pre-2015),Positive,0.9625,Pre Covid
3971,484,Unknown Lounge,Paris CDG Airport,Business Class,Business,0,2012-04-04,Thailand,3.0,3.0,2.0,2.0,3.0,2.0,1.0,0,Historical (Pre-2015),Negative,-0.9201,Pre Covid
3972,484,Unknown Lounge,Cairo Airport,Frequent Flyer,Unknown,0,2011-11-28,United Kingdom,3.0,2.0,2.0,2.0,3.0,2.0,2.0,0,Historical (Pre-2015),Negative,-0.8268,Pre Covid
3973,484,Unknown Lounge,Paris CDG Airport,Frequent Flyer,Unknown,0,2010-12-04,United Kingdom,3.0,3.0,4.0,2.0,2.0,4.0,3.0,0,Historical (Pre-2015),Negative,-0.6854,Pre Covid
3974,484,Unknown Lounge,London Heathrow Airport,Frequent Flyer,Unknown,0,2009-02-07,United Kingdom,3.0,2.0,3.0,2.0,4.0,2.0,2.0,0,Historical (Pre-2015),Negative,-0.8777,Pre Covid
3975,500,Unknown Lounge,Luanda Airport,Business Class,Business,1,2020-01-24,South Africa,3.0,4.0,1.0,2.0,1.0,3.0,1.0,0,Modern (2015-Present),Negative,-0.5792,Covid
3976,500,Unknown Lounge,Luanda Airport,Business Class,Business,1,2019-06-13,South Africa,3.0,4.0,4.0,3.0,3.0,3.0,2.0,1,Modern (2015-Present),Positive,0.807,Pre Covid
3977,500,Unknown Lounge,Luanda Airport,Business Class,Business,0,2015-08-02,New Zealand,1.0,4.0,1.0,1.0,3.0,2.0,1.0,0,Modern (2015-Present),Negative,-0.802,Pre Covid
3978,455,Unknown Lounge,Chongqing Jiangbei Airport,First Class,Unknown,1,2018-10-26,United States,3.0,2.0,2.0,2.0,,4.0,5.0,1,Modern (2015-Present),Positive,0.6597,Pre Covid
3979,455,Unknown Lounge,Chongqing Jiangbei Airport,Business Class,Business,0,2016-05-23,Australia,1.0,5.0,,1.0,,,5.0,0,Modern (2015-Present),Positive,0.7184,Pre Covid
3980,455,Unknown Lounge,Beijing Capital Airport,First Class,Unknown,0,2013-04-24,Australia,4.0,4.0,3.0,3.0,4.0,5.0,4.0,1,Historical (Pre-2015),Positive,0.9434,Pre Covid
3981,473,Belama Lunge,Honiara Airport,Frequent Flyer,Unknown,1,2025-11-23,Australia,5.0,4.0,5.0,3.0,4.0,,5.0,1,Modern (2015-Present),Positive,0.9081,After Covid
3982,444,ICare,Paris CDG Airport,Business Class,Business,0,2015-10-05,Singapore,2.0,3.0,2.0,2.0,1.0,2.0,2.0,0,Modern (2015-Present),Positive,0.4767,Pre Covid
3983,482,Serendib Lounge,Colombo Airport,Business Class,Business,1,2023-06-30,United Kingdom,3.0,4.0,3.0,3.0,2.0,3.0,4.0,1,Modern (2015-Present),Positive,0.8228,After Covid
3984,482,Serendib Lounge,Colombo Airport,Business Class,Business,1,2019-02-04,Australia,5.0,5.0,5.0,5.0,5.0,5.0,5.0,1,Modern (2015-Present),Positive,0.9274,Pre Covid
3985,482,Serendib Lounge,Colombo Airport,Business Class,Business,1,2018-10-04,United Arab Emirates,5.0,5.0,5.0,4.0,5.0,5.0,5.0,1,Modern (2015-Present),Positive,0.9552,Pre Covid
3986,482,Serendib Lounge,Colombo Airport,Business Class,Business,0,2018-09-23,Qatar,2.0,1.0,,5.0,2.0,5.0,4.0,1,Modern (2015-Present),Positive,0.8,Pre Covid
3987,482,Unknown Lounge,Colombo Airport,Business Class,Business,0,2017-11-07,Thailand,2.0,4.0,4.0,3.0,3.0,4.0,4.0,1,Modern (2015-Present),Positive,0.6597,Pre Covid
3988,482,Serendib Lounge,Colombo Airport,Business Class,Business,0,2017-08-25,Australia,1.0,2.0,,1.0,3.0,4.0,1.0,0,Modern (2015-Present),Negative,-0.7351,Pre Covid
3989,482,Serandib Lounge,Colombo Airport,Business Class,Business,0,2017-05-24,United Arab Emirates,5.0,5.0,5.0,5.0,5.0,5.0,5.0,1,Modern (2015-Present),Positive,0.9473,Pre Covid
3990,482,Miracle lounge,Bangkok Suvarnabhumi Airport,Frequent Flyer,Unknown,0,2017-05-17,Hong Kong,3.0,3.0,3.0,2.0,,3.0,3.0,1,Modern (2015-Present),Positive,0.8519,Pre Covid
3991,482,Serendib Lounge,Colombo Airport,Business Class,Business,0,2017-04-23,United States,4.0,3.0,3.0,4.0,3.0,3.0,3.0,1,Modern (2015-Present),Positive,0.9894,Pre Covid
3992,482,Executive Lounge,Colombo Airport,Business Class,Business,0,2017-03-11,United Kingdom,2.0,1.0,1.0,1.0,1.0,,1.0,0,Modern (2015-Present),Negative,-0.7831,Pre Covid
3993,482,Serendip,Colombo Airport,Business Class,Business,0,2016-10-02,United Arab Emirates,3.0,3.0,3.0,4.0,3.0,3.0,4.0,1,Modern (2015-Present),Positive,0.7134,Pre Covid
3994,482,Serendib Lounge,Colombo Airport,Business Class,Business,0,2016-06-06,Australia,4.0,3.0,4.0,4.0,3.0,3.0,4.0,1,Modern (2015-Present),Positive,0.92,Pre Covid
3995,482,Serendib,Colombo Airport,Business Class,Business,0,2016-04-19,Thailand,3.0,3.0,4.0,4.0,3.0,3.0,4.0,1,Modern (2015-Present),Positive,0.8684,Pre Covid
3996,482,Serendib,Colombo Airport,Business Class,Business,0,2016-03-10,Canada,5.0,5.0,5.0,5.0,5.0,5.0,5.0,1,Modern (2015-Present),Positive,0.9516,Pre Covid
3997,482,Serendib,Colombo Airport,Business Class,Business,0,2016-01-31,Switzerland,5.0,5.0,5.0,5.0,5.0,5.0,5.0,1,Modern (2015-Present),Positive,0.9555,Pre Covid
3998,482,Serendib Lounge,Colombo Airport,Business Class,Business,0,2015-11-02,United Kingdom,4.0,5.0,4.0,5.0,4.0,4.0,4.0,1,Modern (2015-Present),Positive,0.9294,Pre Covid
3999,482,Serendib,Colombo Airport,Business Class,Business,0,2015-09-27,Canada,4.0,4.0,4.0,5.0,,5.0,5.0,1,Modern (2015-Present),Positive,0.9524,Pre Covid
4000,482,Serendib Lounge,Colombo Airport,Business Class,Business,0,2015-07-09,Hong Kong,4.0,4.0,4.0,5.0,4.0,4.0,5.0,1,Modern (2015-Present),Positive,0.9716,Pre Covid
4001,482,Louis Tavern,Bangkok Suvarnabhumi Airport,Business Class,Business,0,2015-07-05,Australia,4.0,5.0,5.0,3.0,4.0,4.0,3.0,1,Modern (2015-Present),Positive,0.5719,Pre Covid
4002,482,Serenediva Lounge,Colombo Airport,Business Class,Business,0,2014-11-19,Germany,3.0,4.0,4.0,4.0,3.0,3.0,3.0,1,Historical (Pre-2015),Positive,0.9109,Pre Covid
4003,482,Serendib Lounge,Colombo Airport,Business Class,Business,0,2014-02-20,United Kingdom,5.0,5.0,5.0,5.0,5.0,4.0,5.0,1,Historical (Pre-2015),Positive,0.9062,Pre Covid
4004,482,Serendib Lounge,Colombo Airport,Business Class,Business,0,2014-01-13,Hong Kong,4.0,3.0,5.0,4.0,3.0,4.0,3.0,1,Historical (Pre-2015),Positive,0.9652,Pre Covid
4005,482,Serendib Lounge,Colombo Airport,Business Class,Business,0,2013-12-23,Australia,2.0,5.0,3.0,3.0,2.0,2.0,4.0,0,Historical (Pre-2015),Positive,0.9013,Pre Covid
4006,482,Dnata Lounge,Singapore Changi Airport,Business Class,Business,0,2013-12-23,Australia,4.0,5.0,3.0,3.0,4.0,5.0,4.0,1,Historical (Pre-2015),Positive,0.8998,Pre Covid
4007,482,Serendib Lounge,Colombo Airport,Business Class,Business,0,2013-07-07,India,4.0,5.0,4.0,5.0,3.0,4.0,5.0,1,Historical (Pre-2015),Positive,0.9689,Pre Covid
4008,482,Serendib Lounge,Colombo Airport,Business Class,Business,0,2013-02-04,Australia,4.0,4.0,5.0,4.0,3.0,4.0,4.0,1,Historical (Pre-2015),Positive,0.9325,Pre Covid
4009,482,Marhaba Lounge,Dubai Airport,Business Class,Business,0,2013-02-04,Australia,3.0,4.0,4.0,2.0,3.0,,3.0,0,Historical (Pre-2015),Positive,0.7488,Pre Covid
4010,482,Serendib Lounge,Colombo Airport,Business Class,Business,0,2013-01-03,Australia,4.0,5.0,5.0,4.0,3.0,5.0,4.0,1,Historical (Pre-2015),Positive,0.1397,Pre Covid
4011,482,Dnata Lounge,Singapore Changi Airport,Business Class,Business,0,2013-01-03,Australia,4.0,5.0,5.0,4.0,4.0,5.0,4.0,1,Historical (Pre-2015),Positive,0.7351,Pre Covid
4012,482,Serendib Lounge,Colombo Airport,Business Class,Business,0,2012-08-31,United Arab Emirates,4.0,3.0,5.0,4.0,3.0,4.0,5.0,1,Historical (Pre-2015),Positive,0.5523,Pre Covid
4013,482,Unknown Lounge,Colombo Airport,Business Class,Business,0,2012-05-01,United Arab Emirates,4.0,4.0,2.0,1.0,2.0,4.0,3.0,1,Historical (Pre-2015),Positive,0.8357,Pre Covid
4014,482,Unknown Lounge,Colombo Airport,Business Class,Business,0,2012-01-24,Saudi Arabia,5.0,5.0,5.0,4.0,4.0,5.0,5.0,1,Historical (Pre-2015),Positive,0.9853,Pre Covid
4015,482,Serendib Lounge,Colombo Airport,Business Class,Business,0,2011-10-21,United Arab Emirates,4.0,4.0,4.0,4.0,4.0,4.0,4.0,0,Historical (Pre-2015),Positive,0.8908,Pre Covid
4016,482,Serendib Lounge,Colombo Airport,Business Class,Business,0,2011-05-03,United Kingdom,4.0,4.0,4.0,4.0,3.0,5.0,5.0,0,Historical (Pre-2015),Positive,0.7859,Pre Covid
4020,505,Unknown Lounge,Frankfurt Main Airport,Business Class,Business,0,2015-07-28,Brazil,3.0,4.0,2.0,1.0,3.0,4.0,2.0,0,Modern (2015-Present),Positive,0.1531,Pre Covid
4021,505,Unknown Lounge,Sao Paulo Guarulhos Airport,Business Class,Business,0,2015-02-09,Brazil,3.0,3.0,2.0,1.0,2.0,2.0,2.0,0,Modern (2015-Present),Negative,-0.7579,Pre Covid
4022,505,Unknown Lounge,Rio De Janeiro Airport,Business Class,Business,0,2014-01-17,United States,2.0,4.0,3.0,2.0,2.0,3.0,2.0,0,Historical (Pre-2015),Negative,-0.5863,Pre Covid
4023,505,Unknown Lounge,Sao Paulo Guarulhos Airport,Business Class,Business,0,2013-07-07,Brazil,1.0,3.0,2.0,1.0,1.0,2.0,1.0,0,Historical (Pre-2015),Negative,-0.6697,Pre Covid
4024,505,Unknown Lounge,Sao Paulo Guarulhos Airport,Business Class,Business,0,2013-04-16,United Kingdom,1.0,2.0,2.0,2.0,3.0,2.0,1.0,0,Historical (Pre-2015),Negative,-0.077,Pre Covid
4025,505,Unknown Lounge,Sao Paulo Guarulhos Airport,Business Class,Business,0,2012-12-25,Brazil,4.0,5.0,4.0,3.0,4.0,4.0,2.0,0,Historical (Pre-2015),Positive,0.948,Pre Covid
4026,505,Unknown Lounge,Rio De Janeiro Airport,Business Class,Business,0,2012-09-10,United States,3.0,2.0,2.0,2.0,3.0,1.0,1.0,0,Historical (Pre-2015),Negative,-0.8451,Pre Covid
4027,505,Unknown Lounge,Rio De Janeiro Airport,Business Class,Business,0,2011-10-21,Argentina,4.0,5.0,4.0,2.0,4.0,3.0,3.0,0,Historical (Pre-2015),Positive,0.7736,Pre Covid
4028,505,Unknown Lounge,Rio De Janeiro Airport,Business Class,Business,0,2011-05-01,United Kingdom,1.0,3.0,3.0,1.0,2.0,4.0,3.0,0,Historical (Pre-2015),Negative,-0.4854,Pre Covid
4029,505,Unknown Lounge,Sao Paulo Guarulhos Airport,Business Class,Business,0,2009-07-16,United Kingdom,4.0,5.0,4.0,4.0,4.0,5.0,4.0,0,Historical (Pre-2015),Positive,0.9821,Pre Covid
4030,505,Unknown Lounge,Sao Paulo Guarulhos Airport,Business Class,Business,0,2009-07-14,United Kingdom,4.0,4.0,3.0,2.0,3.0,4.0,4.0,0,Historical (Pre-2015),Positive,0.9721,Pre Covid
4033,534,Unknown Lounge,Moscow Domodedovo Airport,Business Class,Business,0,2011-07-14,Hong Kong,3.0,3.0,3.0,3.0,1.0,4.0,2.0,0,Historical (Pre-2015),Negative,-0.7572,Pre Covid
4034,496,First Lounge,Zurich Airport,First Class,Unknown,1,2025-04-25,Switzerland,5.0,5.0,5.0,5.0,5.0,4.0,5.0,1,Modern (2015-Present),Positive,0.9887,After Covid
4035,496,Unknown Lounge,Zurich Airport,Business Class,Business,0,2025-03-18,Ireland,4.0,4.0,5.0,3.0,4.0,4.0,3.0,1,Modern (2015-Present),Negative,-0.1154,After Covid
4036,496,Business Lounge,Geneva Airport,Business Class,Business,1,2025-03-16,Switzerland,3.0,5.0,4.0,5.0,1.0,5.0,5.0,1,Modern (2015-Present),Positive,0.7897,After Covid
4037,496,Business Lounge E gates,Zurich Airport,Frequent Flyer,Unknown,0,2024-12-09,United Kingdom,5.0,5.0,5.0,5.0,5.0,5.0,5.0,1,Modern (2015-Present),Positive,0.9728,After Covid
4038,496,Swiss Business Class Lounge,Zurich Airport,Business Class,Business,1,2024-04-26,Switzerland,1.0,3.0,3.0,4.0,3.0,4.0,4.0,1,Modern (2015-Present),Positive,0.3919,After Covid
4039,496,First Class Dock E,Zurich Airport,First Class,Unknown,1,2023-06-02,Switzerland,5.0,5.0,5.0,5.0,5.0,5.0,5.0,1,Modern (2015-Present),Positive,0.9092,After Covid
4040,496,Unknown Lounge,Zurich Airport,Business Class,Business,1,2022-11-19,Ireland,2.0,1.0,1.0,1.0,,4.0,2.0,0,Modern (2015-Present),Negative,-0.9334,After Covid
4041,496,Terminal A,Zurich Airport,Business Class,Business,0,2022-11-12,Switzerland,4.0,5.0,5.0,5.0,4.0,5.0,5.0,1,Modern (2015-Present),Positive,0.9493,After Covid
4042,496,Zurich Business,Zurich Airport,Business Class,Business,1,2022-10-25,Ireland,3.0,4.0,1.0,1.0,,,2.0,0,Modern (2015-Present),Negative,-0.9582,After Covid
4043,496,Swiss Alpine Lounge,Zurich Airport,Business Class,Business,0,2022-10-12,Switzerland,5.0,5.0,4.0,4.0,4.0,5.0,5.0,1,Modern (2015-Present),Positive,0.9399,After Covid
4044,496,The Loft,Brussels Zaventem Airport,Business Class,Business,1,2022-04-05,Belgium,4.0,5.0,4.0,3.0,4.0,,4.0,1,Modern (2015-Present),Positive,0.8357,After Covid
4045,496,Sala VIP,Tenerife Airport,Pay to Use,Unknown,1,2022-04-05,Belgium,2.0,3.0,3.0,2.0,2.0,,2.0,1,Modern (2015-Present),Positive,0.765,After Covid
4046,496,E Terminal Lounge,Zurich Airport,Business Class,Business,0,2021-10-23,Switzerland,5.0,5.0,5.0,4.0,,5.0,5.0,1,Modern (2015-Present),Positive,0.9306,Covid
4047,496,Skylounge,Vienna Airport,Business Class,Business,1,2020-11-06,Austria,3.0,3.0,,,,5.0,1.0,0,Modern (2015-Present),Neutral,0.0248,Covid
4048,496,Senator Lounge,Berlin Tegel Airport,Frequent Flyer,Unknown,1,2020-01-09,Singapore,4.0,4.0,5.0,3.0,4.0,3.0,4.0,1,Modern (2015-Present),Positive,0.9248,Covid
4049,496,Senator Lounge E,Zurich Airport,Frequent Flyer,Unknown,0,2019-12-09,Thailand,5.0,5.0,5.0,5.0,4.0,5.0,5.0,1,Modern (2015-Present),Positive,0.9961,Pre Covid
4050,496,Unknown Lounge,Zurich Airport,Business Class,Business,1,2019-11-27,Belgium,4.0,4.0,4.0,3.0,4.0,4.0,4.0,1,Modern (2015-Present),Positive,0.8628,Pre Covid
4051,496,Unknown Lounge,Zurich Airport,Frequent Flyer,Unknown,1,2019-11-05,Netherlands,3.0,2.0,3.0,2.0,,5.0,4.0,1,Modern (2015-Present),Negative,-0.3418,Pre Covid
4052,496,Swiss Lounge Terminal E,Zurich Airport,Business Class,Business,1,2019-08-06,Canada,2.0,1.0,2.0,1.0,,3.0,3.0,0,Modern (2015-Present),Positive,0.7096,Pre Covid
4053,496,Unknown Lounge,Zurich Airport,Business Class,Business,1,2019-03-09,Russian Federation,5.0,5.0,5.0,5.0,5.0,5.0,4.0,1,Modern (2015-Present),Positive,0.9571,Pre Covid
4054,496,Swiss Lounge,Moscow Domodedovo Airport,Business Class,Business,1,2019-03-09,Russian Federation,2.0,3.0,2.0,2.0,,,3.0,0,Modern (2015-Present),Positive,0.7579,Pre Covid
4055,496,Senator Lounge E Gates,Zurich Airport,Business Class,Business,1,2019-01-02,Germany,5.0,5.0,5.0,5.0,4.0,5.0,4.0,1,Modern (2015-Present),Positive,0.8917,Pre Covid
4056,496,Senator Lounge Terminal E,Zurich Airport,Business Class,Business,1,2018-12-23,Switzerland,5.0,5.0,5.0,5.0,5.0,5.0,5.0,1,Modern (2015-Present),Positive,0.9735,Pre Covid
4057,496,Senator Lounge Terminal A,Zurich Airport,Business Class,Business,1,2018-12-23,Switzerland,2.0,3.0,3.0,3.0,4.0,4.0,2.0,0,Modern (2015-Present),Negative,-0.4117,Pre Covid
4058,496,Senator Lounge,Paris CDG Airport,Frequent Flyer,Unknown,1,2018-09-20,Switzerland,3.0,4.0,3.0,4.0,3.0,3.0,2.0,0,Modern (2015-Present),Positive,0.2665,Pre Covid
4059,496,Terminal E,Zurich Airport,First Class,Unknown,1,2018-09-15,Switzerland,5.0,5.0,4.0,5.0,5.0,5.0,5.0,1,Modern (2015-Present),Positive,0.9828,Pre Covid
4060,496,Star Alliance lounge,Sao Paulo Guarulhos Airport,First Class,Unknown,1,2018-09-13,Switzerland,3.0,4.0,4.0,4.0,3.0,3.0,2.0,0,Modern (2015-Present),Positive,0.743,Pre Covid
4061,496,Senator Business,Berlin Tegel Airport,Business Class,Business,1,2018-05-28,Germany,5.0,5.0,5.0,5.0,5.0,5.0,5.0,1,Modern (2015-Present),Positive,0.7921,Pre Covid
4062,496,Unknown Lounge,Geneva Airport,Business Class,Business,1,2018-04-20,Switzerland,3.0,1.0,1.0,1.0,1.0,2.0,1.0,1,Modern (2015-Present),Neutral,-0.0464,Pre Covid
4063,496,Unknown Lounge,Zurich Airport,First Class,Unknown,1,2018-02-12,Brazil,4.0,5.0,4.0,5.0,5.0,5.0,5.0,1,Modern (2015-Present),Positive,0.8906,Pre Covid
4064,496,Unknown Lounge,Zurich Airport,First Class,Unknown,1,2017-12-28,Singapore,5.0,5.0,5.0,5.0,5.0,5.0,2.0,1,Modern (2015-Present),Positive,0.893,Pre Covid
4065,496,Lounge D Senator,Zurich Airport,Frequent Flyer,Unknown,0,2017-09-28,Poland,5.0,5.0,5.0,5.0,4.0,5.0,5.0,1,Modern (2015-Present),Positive,0.9641,Pre Covid
4066,496,Unknown Lounge,Zurich Airport,Frequent Flyer,Unknown,0,2017-08-31,Switzerland,1.0,3.0,5.0,1.0,3.0,2.0,2.0,0,Modern (2015-Present),Negative,-0.4927,Pre Covid
4067,496,Terminal E,Zurich Airport,First Class,Unknown,0,2017-06-10,Switzerland,5.0,5.0,5.0,5.0,5.0,5.0,5.0,1,Modern (2015-Present),Positive,0.942,Pre Covid
4068,496,Unknown Lounge,Dubai Airport,First Class,Unknown,0,2017-02-06,Belgium,1.0,1.0,,,,,1.0,0,Modern (2015-Present),Negative,-0.2551,Pre Covid
4069,496,Unknown Lounge,Zurich Airport,Business Class,Business,0,2017-01-11,Singapore,4.0,5.0,5.0,3.0,,5.0,5.0,1,Modern (2015-Present),Positive,0.9651,Pre Covid
4070,496,Swiss Arrivals Lounge,Zurich Airport,Business Class,Business,0,2016-08-26,United Arab Emirates,4.0,5.0,4.0,3.0,3.0,4.0,5.0,1,Modern (2015-Present),Positive,0.928,Pre Covid
4071,496,Unknown Lounge,Zurich Airport,Frequent Flyer,Unknown,0,2016-08-08,China,5.0,5.0,3.0,3.0,,5.0,4.0,1,Modern (2015-Present),Positive,0.8469,Pre Covid
4072,496,Alitalia,Rome Fiumicino Airport,Business Class,Business,0,2016-07-20,Switzerland,1.0,2.0,1.0,1.0,,3.0,2.0,0,Modern (2015-Present),Negative,-0.9571,Pre Covid
4073,496,Senator Lounge A,Zurich Airport,Frequent Flyer,Unknown,0,2016-07-20,Austria,5.0,4.0,5.0,3.0,5.0,5.0,5.0,1,Modern (2015-Present),Positive,0.9882,Pre Covid
4074,496,Unknown Lounge,Berlin Tegel Airport,Business Class,Business,0,2016-06-29,China,4.0,4.0,4.0,3.0,4.0,,4.0,1,Modern (2015-Present),Positive,0.9178,Pre Covid
4075,496,Unknown Lounge,Zurich Airport,Business Class,Business,0,2016-06-29,China,5.0,5.0,4.0,4.0,4.0,5.0,5.0,1,Modern (2015-Present),Positive,0.9872,Pre Covid
4076,496,Senator Lounge,Zurich Airport,Frequent Flyer,Unknown,0,2016-05-18,Germany,3.0,3.0,4.0,1.0,,4.0,3.0,0,Modern (2015-Present),Positive,0.8838,Pre Covid
4077,496,Swiss Lounge,New York JFK Airport,Business Class,Business,0,2016-05-12,United States,4.0,4.0,2.0,1.0,3.0,4.0,3.0,1,Modern (2015-Present),Positive,0.9081,Pre Covid
4078,496,Senator Lounge Dock A,Zurich Airport,Frequent Flyer,Unknown,0,2016-04-05,Germany,2.0,2.0,2.0,1.0,1.0,3.0,1.0,0,Modern (2015-Present),Negative,-0.6963,Pre Covid
4079,496,Senator Lounge E,Zurich Airport,Business Class,Business,0,2016-03-26,United States,5.0,5.0,5.0,5.0,5.0,5.0,5.0,1,Modern (2015-Present),Positive,0.9686,Pre Covid
4080,496,Unknown Lounge,Geneva Airport,Business Class,Business,0,2016-03-02,United Kingdom,4.0,4.0,4.0,1.0,3.0,3.0,4.0,1,Modern (2015-Present),Positive,0.9134,Pre Covid
4081,496,Unknown Lounge,New York JFK Airport,Business Class,Business,0,2015-11-20,South Africa,3.0,3.0,3.0,3.0,3.0,5.0,4.0,1,Modern (2015-Present),Positive,0.4657,Pre Covid
4082,496,Lounge D,Zurich Airport,Frequent Flyer,Unknown,0,2015-09-08,United Kingdom,2.0,3.0,3.0,1.0,,3.0,2.0,0,Modern (2015-Present),Positive,0.5189,Pre Covid
4083,496,Aspire,Manchester Airport,Business Class,Business,0,2015-09-01,Australia,2.0,1.0,1.0,1.0,,1.0,1.0,1,Modern (2015-Present),Negative,-0.6902,Pre Covid
4084,496,Unknown Lounge,Zurich Airport,Frequent Flyer,Unknown,0,2015-08-24,Germany,3.0,3.0,4.0,2.0,4.0,3.0,2.0,0,Modern (2015-Present),Negative,-0.8059,Pre Covid
4085,496,La Vallette Club,Malta Airport,Frequent Flyer,Unknown,0,2015-07-10,Australia,3.0,3.0,3.0,2.0,3.0,3.0,3.0,1,Modern (2015-Present),Positive,0.9737,Pre Covid
4086,496,Unknown Lounge,Istanbul Airport,Business Class,Business,0,2015-05-29,Switzerland,1.0,1.0,2.0,1.0,1.0,3.0,1.0,0,Modern (2015-Present),Negative,-0.9776,Pre Covid
4087,496,Unknown Lounge,Boston Logan Airport,Business Class,Business,0,2015-05-29,Belgium,1.0,3.0,3.0,1.0,2.0,3.0,3.0,0,Modern (2015-Present),Positive,0.5559,Pre Covid
4088,496,Panorama,Zurich Airport,Business Class,Business,0,2015-05-10,Switzerland,1.0,2.0,1.0,1.0,1.0,3.0,1.0,0,Modern (2015-Present),Negative,-0.8225,Pre Covid
4089,496,Panorama,Zurich Airport,Business Class,Business,0,2015-02-21,Switzerland,1.0,3.0,2.0,1.0,2.0,2.0,1.0,0,Modern (2015-Present),Negative,-0.1779,Pre Covid
4090,496,Aspire,Manchester Airport,Business Class,Business,0,2015-02-04,Greece,5.0,5.0,3.0,1.0,1.0,3.0,3.0,0,Modern (2015-Present),Negative,-0.7177,Pre Covid
4091,496,Unknown Lounge,Zurich Airport,Frequent Flyer,Unknown,0,2015-02-04,Norway,4.0,4.0,3.0,1.0,4.0,4.0,4.0,0,Modern (2015-Present),Positive,0.1749,Pre Covid
4092,496,Senator,Zurich Airport,Frequent Flyer,Unknown,0,2015-01-02,Switzerland,3.0,2.0,1.0,1.0,3.0,3.0,1.0,0,Modern (2015-Present),Negative,-0.8399,Pre Covid
4093,496,Unknown Lounge,New York JFK Airport,Business Class,Business,0,2014-11-19,United States,2.0,3.0,1.0,1.0,2.0,1.0,2.0,0,Historical (Pre-2015),Negative,-0.3975,Pre Covid
4094,496,Unknown Lounge,Geneva Airport,Business Class,Business,0,2014-10-04,United States,5.0,5.0,4.0,3.0,1.0,5.0,4.0,1,Historical (Pre-2015),Negative,-0.5152,Pre Covid
4095,496,Silverkris Lounge,Singapore Changi Airport,Unknown,Unknown,0,2014-10-04,Switzerland,3.0,3.0,1.0,3.0,3.0,3.0,2.0,0,Historical (Pre-2015),Negative,-0.6144,Pre Covid
4096,496,Senator Lounge,Zurich Airport,Unknown,Unknown,0,2014-08-12,Switzerland,2.0,2.0,3.0,1.0,2.0,3.0,2.0,0,Historical (Pre-2015),Positive,0.7915,Pre Covid
4097,496,Senator Lounge,Zurich Airport,Unknown,Unknown,0,2014-04-14,Switzerland,2.0,3.0,1.0,1.0,2.0,2.0,1.0,0,Historical (Pre-2015),Neutral,0.0258,Pre Covid
4098,496,Unknown Lounge,Unknown,Business Class,Business,0,2014-02-07,United Kingdom,1.0,1.0,1.0,1.0,2.0,2.0,2.0,0,Historical (Pre-2015),Negative,-0.6709,Pre Covid
4099,496,Unknown Lounge,Zurich Airport,Business Class,Business,0,2014-02-07,Malaysia,1.0,1.0,1.0,1.0,1.0,3.0,1.0,0,Historical (Pre-2015),Negative,-0.8637,Pre Covid
4100,496,Unknown Lounge,Zurich Airport,Unknown,Unknown,0,2014-02-07,Spain,3.0,3.0,2.0,2.0,3.0,4.0,2.0,0,Historical (Pre-2015),Positive,0.8357,Pre Covid
4101,496,Unknown Lounge,Zurich Airport,Business Class,Business,0,2013-09-15,United Arab Emirates,3.0,4.0,2.0,1.0,2.0,2.0,1.0,0,Historical (Pre-2015),Negative,-0.5956,Pre Covid
4102,496,Unknown Lounge,Zurich Airport,Business Class,Business,0,2013-08-05,Australia,4.0,4.0,2.0,2.0,3.0,4.0,1.0,0,Historical (Pre-2015),Positive,0.6761,Pre Covid
4103,496,Unknown Lounge,New York JFK Airport,Business Class,Business,0,2013-05-29,United States,3.0,4.0,2.0,1.0,1.0,4.0,3.0,0,Historical (Pre-2015),Negative,-0.644,Pre Covid
4104,496,Unknown Lounge,Zurich Airport,Business Class,Business,0,2013-03-20,United States,5.0,5.0,5.0,5.0,5.0,3.0,4.0,1,Historical (Pre-2015),Positive,0.9795,Pre Covid
4105,496,Unknown Lounge,Johannesburg Airport,Business Class,Business,0,2013-03-20,United States,5.0,5.0,5.0,5.0,5.0,4.0,5.0,1,Historical (Pre-2015),Positive,0.8104,Pre Covid
4106,496,Unknown Lounge,Geneva Airport,Unknown,Unknown,0,2013-02-14,Switzerland,4.0,4.0,3.0,1.0,,4.0,3.0,0,Historical (Pre-2015),Negative,-0.4497,Pre Covid
4107,496,Unknown Lounge,Los Angeles LAX Airport,First Class,Unknown,0,2013-01-24,United States,2.0,2.0,3.0,1.0,4.0,4.0,1.0,0,Historical (Pre-2015),Negative,-0.6731,Pre Covid
4108,496,Unknown Lounge,Zurich Airport,Unknown,Unknown,0,2013-01-10,Switzerland,2.0,5.0,3.0,3.0,4.0,4.0,1.0,1,Historical (Pre-2015),Negative,-0.8164,Pre Covid
4109,496,Unknown Lounge,Zurich Airport,First Class,Unknown,0,2012-12-23,Brazil,4.0,2.0,4.0,4.0,4.0,4.0,2.0,1,Historical (Pre-2015),Positive,0.9196,Pre Covid
4110,496,Unknown Lounge,Zurich Airport,Business Class,Business,0,2012-10-29,Australia,5.0,5.0,5.0,5.0,5.0,5.0,5.0,1,Historical (Pre-2015),Positive,0.9181,Pre Covid
4111,496,Unknown Lounge,Zurich Airport,Business Class,Business,0,2012-03-28,United Kingdom,4.0,5.0,4.0,3.0,,4.0,4.0,1,Historical (Pre-2015),Positive,0.8442,Pre Covid
4112,496,Unknown Lounge,Zurich Airport,Business Class,Business,0,2012-02-27,Switzerland,3.0,4.0,3.0,2.0,1.0,4.0,2.0,0,Historical (Pre-2015),Positive,0.9094,Pre Covid
4113,496,Unknown Lounge,Basel Mulhouse Airport,Business Class,Business,0,2012-02-07,Switzerland,5.0,5.0,4.0,4.0,5.0,5.0,4.0,1,Historical (Pre-2015),Positive,0.9851,Pre Covid
4114,496,Unknown Lounge,Zurich Airport,Business Class,Business,0,2012-01-23,Switzerland,2.0,5.0,1.0,1.0,2.0,1.0,3.0,0,Historical (Pre-2015),Negative,-0.9594,Pre Covid
4115,496,Unknown Lounge,Zurich Airport,Business Class,Business,0,2011-11-28,United Kingdom,2.0,3.0,3.0,2.0,2.0,3.0,2.0,0,Historical (Pre-2015),Negative,-0.9117,Pre Covid
4116,496,Unknown Lounge,Zurich Airport,Business Class,Business,0,2011-11-28,Sweden,4.0,5.0,5.0,1.0,4.0,4.0,2.0,1,Historical (Pre-2015),Positive,0.9566,Pre Covid
4117,496,Unknown Lounge,Zurich Airport,Business Class,Business,0,2011-10-21,Australia,2.0,3.0,3.0,2.0,2.0,3.0,2.0,0,Historical (Pre-2015),Negative,-0.1987,Pre Covid
4118,496,Panorama Lounge,Zurich Airport,Business Class,Business,0,2011-09-17,Switzerland,3.0,3.0,4.0,3.0,3.0,1.0,3.0,0,Historical (Pre-2015),Positive,0.5643,Pre Covid
4119,496,Unknown Lounge,Rome Fiumicino Airport,Business Class,Business,0,2011-05-01,Switzerland,1.0,2.0,2.0,1.0,2.0,2.0,1.0,0,Historical (Pre-2015),Negative,-0.8938,Pre Covid
4120,496,Unknown Lounge,Istanbul Airport,Business Class,Business,0,2011-05-01,Switzerland,4.0,4.0,5.0,4.0,3.0,4.0,4.0,0,Historical (Pre-2015),Positive,0.9337,Pre Covid
4121,496,Unknown Lounge,Budapest Ferihegy Airport,Unknown,Unknown,0,2011-05-01,Switzerland,2.0,2.0,3.0,1.0,2.0,2.0,1.0,0,Historical (Pre-2015),Positive,0.5563,Pre Covid
4122,496,Unknown Lounge,Geneva Airport,Unknown,Unknown,0,2011-05-01,Switzerland,3.0,2.0,2.0,3.0,1.0,4.0,3.0,0,Historical (Pre-2015),Positive,0.8838,Pre Covid
4123,496,Unknown Lounge,Zurich Airport,Business Class,Business,0,2010-11-20,United Kingdom,2.0,4.0,3.0,1.0,3.0,1.0,1.0,0,Historical (Pre-2015),Negative,-0.6206,Pre Covid
4124,496,Senator Lounge,Geneva Airport,Business Class,Business,0,2010-07-21,United Kingdom,5.0,5.0,3.0,2.0,,4.0,4.0,0,Historical (Pre-2015),Positive,0.8979,Pre Covid
4125,496,Senator Lounge,Zurich Airport,First Class,Unknown,0,2010-07-05,United Kingdom,4.0,3.0,4.0,1.0,3.0,1.0,1.0,0,Historical (Pre-2015),Negative,-0.0516,Pre Covid
4126,496,Unknown Lounge,Geneva Airport,Business Class,Business,0,2010-01-12,United Kingdom,4.0,4.0,3.0,3.0,4.0,5.0,4.0,0,Historical (Pre-2015),Positive,0.8742,Pre Covid
4127,496,Unknown Lounge,Amsterdam Schiphol Airport,Business Class,Business,0,2009-10-12,United Kingdom,3.0,3.0,2.0,1.0,4.0,1.0,1.0,0,Historical (Pre-2015),Negative,-0.8541,Pre Covid
4128,496,Unknown Lounge,Basel Mulhouse Airport,Business Class,Business,0,2009-10-10,United Kingdom,5.0,4.0,4.0,3.0,5.0,5.0,5.0,0,Historical (Pre-2015),Positive,0.9607,Pre Covid
4129,496,Unknown Lounge,Nairobi Airport,Business Class,Business,0,2009-09-14,United Kingdom,2.0,2.0,3.0,3.0,3.0,2.0,2.0,0,Historical (Pre-2015),Negative,-0.6232,Pre Covid
4130,496,Unknown Lounge,Istanbul Airport,Business Class,Business,0,2009-09-07,United Kingdom,4.0,4.0,5.0,5.0,2.0,3.0,4.0,0,Historical (Pre-2015),Positive,0.9835,Pre Covid
4131,496,Senator Lounge,Zurich Airport,Unknown,Unknown,0,2009-06-17,United Kingdom,4.0,4.0,4.0,4.0,2.0,3.0,5.0,0,Historical (Pre-2015),Positive,0.7863,Pre Covid
4132,496,Unknown Lounge,Zurich Airport,First Class,Unknown,0,2009-05-31,United Kingdom,4.0,5.0,5.0,4.0,4.0,4.0,5.0,0,Historical (Pre-2015),Positive,0.9529,Pre Covid
4137,510,La Valette Club Lounge,Malta Airport,Pay to Use,Unknown,1,2018-04-10,United Kingdom,5.0,5.0,5.0,4.0,,4.0,5.0,1,Modern (2015-Present),Positive,0.8986,Pre Covid
4138,545,Millennium lounge,Istanbul Airport,Business Class,Business,0,2015-09-03,United Kingdom,3.0,2.0,2.0,2.0,,4.0,2.0,0,Modern (2015-Present),Positive,0.7107,Pre Covid
4139,545,Unknown Lounge,Kiev Borispol Airport,Business Class,Business,0,2015-09-02,United Kingdom,4.0,4.0,3.0,3.0,3.0,,3.0,1,Modern (2015-Present),Positive,0.9601,Pre Covid
4140,545,Business,Kiev Borispol Airport,Business Class,Business,0,2015-07-01,Ukraine,3.0,3.0,3.0,3.0,5.0,3.0,3.0,1,Modern (2015-Present),Positive,0.9287,Pre Covid
4141,507,Ambaar Club,Salvador Airport,Members,Unknown,1,2025-12-09,Czech Republic,4.0,5.0,5.0,3.0,,5.0,,1,Modern (2015-Present),Negative,-0.4215,After Covid
4142,507,TAP Premium Lounge,Lisbon Airport,Frequent Flyer,Unknown,1,2023-08-03,Portugal,5.0,5.0,5.0,5.0,5.0,5.0,5.0,1,Modern (2015-Present),Positive,0.8722,After Covid
4143,507,Tap Lounge,Lisbon Airport,Business Class,Business,1,2023-02-13,United Kingdom,1.0,2.0,2.0,1.0,1.0,,,0,Modern (2015-Present),Negative,-0.4441,After Covid
4144,507,Unknown Lounge,Lisbon Airport,Business Class,Business,1,2020-02-02,Portugal,5.0,5.0,5.0,5.0,5.0,5.0,5.0,1,Modern (2015-Present),Positive,0.9617,Covid
4146,507,Unknown Lounge,Lisbon Airport,Business Class,Business,1,2019-08-09,Czech Republic,4.0,1.0,5.0,4.0,5.0,4.0,5.0,1,Modern (2015-Present),Positive,0.7414,Pre Covid
4147,507,ANA,Lisbon Airport,Pay to Use,Unknown,1,2019-01-04,Portugal,4.0,4.0,3.0,1.0,,,2.0,0,Modern (2015-Present),Positive,0.4828,Pre Covid
4148,507,Unknown Lounge,Lisbon Airport,Frequent Flyer,Unknown,1,2018-03-30,United States,4.0,5.0,5.0,5.0,4.0,5.0,3.0,1,Modern (2015-Present),Negative,-0.7691,Pre Covid
4149,507,LOT,Warsaw Chopin Airport,Members,Unknown,1,2018-01-29,Portugal,2.0,3.0,4.0,4.0,,2.0,2.0,0,Modern (2015-Present),Positive,0.8809,Pre Covid
4150,507,Unknown Lounge,Lisbon Airport,Pay to Use,Unknown,1,2017-12-23,United States,2.0,1.0,1.0,1.0,1.0,2.0,,0,Modern (2015-Present),Negative,-0.7073,Pre Covid
4151,507,ANA,Lisbon Airport,Members,Unknown,0,2017-10-28,United States,5.0,5.0,5.0,4.0,5.0,5.0,4.0,1,Modern (2015-Present),Positive,0.933,Pre Covid
4152,507,Unknown Lounge,Marrakech Airport,Business Class,Business,0,2017-10-22,Portugal,2.0,1.0,1.0,1.0,2.0,3.0,1.0,0,Modern (2015-Present),Neutral,-0.0498,Pre Covid
4153,507,Unknown Lounge,Lisbon Airport,Frequent Flyer,Unknown,0,2017-10-20,Portugal,2.0,1.0,3.0,2.0,1.0,3.0,2.0,0,Modern (2015-Present),Positive,0.9032,Pre Covid
4154,507,Unknown Lounge,Casablanca Airport,Frequent Flyer,Unknown,0,2017-10-10,Portugal,3.0,3.0,1.0,1.0,,1.0,2.0,0,Modern (2015-Present),Negative,-0.0766,Pre Covid
4155,507,Unknown Lounge,Lisbon Airport,Business Class,Business,0,2017-09-07,Portugal,2.0,1.0,1.0,1.0,,5.0,2.0,0,Modern (2015-Present),Positive,0.6921,Pre Covid
4156,507,Unknown Lounge,Lisbon Airport,Business Class,Business,0,2017-08-25,Germany,4.0,5.0,5.0,4.0,3.0,4.0,5.0,1,Modern (2015-Present),Positive,0.9633,Pre Covid
4157,507,Pau Casals,Barcelona Airport,Frequent Flyer,Unknown,0,2017-08-07,Belgium,4.0,1.0,2.0,1.0,2.0,,1.0,0,Modern (2015-Present),Negative,-0.431,Pre Covid
4158,507,Lounge ANA,Lisbon Airport,Business Class,Business,0,2017-06-02,United States,3.0,1.0,3.0,3.0,2.0,4.0,1.0,1,Modern (2015-Present),Negative,-0.9229,Pre Covid
4159,507,ANA Lounge,Lisbon Airport,Business Class,Business,0,2017-03-28,Germany,1.0,1.0,2.0,1.0,2.0,4.0,1.0,0,Modern (2015-Present),Negative,-0.7074,Pre Covid
4160,507,Unknown Lounge,Lisbon Airport,Business Class,Business,0,2017-03-04,Portugal,1.0,2.0,1.0,1.0,2.0,2.0,1.0,0,Modern (2015-Present),Negative,-0.6996,Pre Covid
4161,507,Unknown Lounge,Lisbon Airport,Business Class,Business,0,2017-01-31,United Kingdom,1.0,2.0,1.0,1.0,3.0,2.0,1.0,0,Modern (2015-Present),Negative,-0.9007,Pre Covid
4162,507,Ana Lounge,Lisbon Airport,Business Class,Business,0,2017-01-02,Portugal,1.0,1.0,1.0,1.0,2.0,1.0,1.0,0,Modern (2015-Present),Negative,-0.9571,Pre Covid
4163,507,ANA,Lisbon Airport,Business Class,Business,0,2016-12-13,Australia,2.0,2.0,3.0,3.0,,3.0,2.0,0,Modern (2015-Present),Neutral,-0.0129,Pre Covid
4164,507,Lisbon Airport,Lisbon Airport,Business Class,Business,0,2016-06-01,Hong Kong,1.0,3.0,2.0,1.0,2.0,3.0,3.0,0,Modern (2015-Present),Positive,0.4047,Pre Covid
4165,507,ANA lounge,Lisbon Airport,Business Class,Business,0,2016-04-26,Italy,4.0,4.0,3.0,4.0,4.0,,5.0,1,Modern (2015-Present),Positive,0.9504,Pre Covid
4166,507,Star Alliance,Geneva Airport,Frequent Flyer,Unknown,0,2015-09-26,Brazil,3.0,2.0,3.0,3.0,1.0,3.0,1.0,0,Modern (2015-Present),Negative,-0.1154,Pre Covid
4167,507,Unknown Lounge,Lisbon Airport,Business Class,Business,0,2015-05-10,Portugal,2.0,1.0,2.0,1.0,2.0,3.0,1.0,0,Modern (2015-Present),Negative,-0.8316,Pre Covid
4168,507,Unknown Lounge,Rio De Janeiro Airport,Business Class,Business,0,2015-01-04,Belgium,4.0,4.0,2.0,1.0,3.0,3.0,3.0,0,Modern (2015-Present),Positive,0.1804,Pre Covid
4169,507,Unknown Lounge,Lisbon Airport,Business Class,Business,0,2014-11-19,United Kingdom,3.0,4.0,4.0,4.0,3.0,3.0,3.0,1,Historical (Pre-2015),Positive,0.818,Pre Covid
4170,507,Unknown Lounge,Porto Airport,Business Class,Business,0,2014-02-20,Spain,2.0,3.0,1.0,1.0,2.0,2.0,1.0,0,Historical (Pre-2015),Positive,0.95,Pre Covid
4171,507,Unknown Lounge,Lisbon Airport,Business Class,Business,0,2014-02-07,Spain,4.0,4.0,4.0,4.0,3.0,4.0,4.0,1,Historical (Pre-2015),Positive,0.8689,Pre Covid
4172,507,Unknown Lounge,Lisbon Airport,Business Class,Business,0,2013-12-30,Switzerland,1.0,2.0,2.0,1.0,2.0,3.0,1.0,0,Historical (Pre-2015),Negative,-0.904,Pre Covid
4173,507,Unknown Lounge,Porto Airport,Business Class,Business,0,2013-05-29,Brazil,4.0,4.0,4.0,4.0,4.0,3.0,4.0,1,Historical (Pre-2015),Negative,-0.128,Pre Covid
4174,507,Unknown Lounge,Lisbon Airport,Business Class,Business,0,2012-01-25,Brazil,4.0,3.0,3.0,3.0,2.0,3.0,1.0,0,Historical (Pre-2015),Positive,0.079,Pre Covid
4176,542,Unknown Lounge,Unknown,First Class,Unknown,0,2015-01-04,United States,3.0,2.0,2.0,1.0,3.0,3.0,1.0,0,Modern (2015-Present),Positive,0.8922,Pre Covid
4177,542,Admirals Club,Charlotte Airport,Business Class,Business,0,2015-01-04,United States,4.0,5.0,2.0,1.0,3.0,3.0,3.0,0,Modern (2015-Present),Positive,0.6757,Pre Covid
4178,542,Unknown Lounge,Phoenix Sky Harbor Airport,Business Class,Business,0,2014-04-14,United States,3.0,2.0,3.0,2.0,3.0,5.0,1.0,0,Historical (Pre-2015),Positive,0.2263,Pre Covid
4179,542,Unknown Lounge,Phoenix Sky Harbor Airport,Business Class,Business,0,2014-02-20,United States,1.0,2.0,1.0,1.0,2.0,3.0,1.0,0,Historical (Pre-2015),Negative,-0.9252,Pre Covid
4180,542,Envoy Club,Phoenix Sky Harbor Airport,Unknown,Unknown,0,2013-12-23,Canada,1.0,4.0,2.0,2.0,4.0,3.0,2.0,0,Historical (Pre-2015),Negative,-0.8455,Pre Covid
4181,542,Unknown Lounge,Charlotte Airport,Business Class,Business,0,2013-08-05,United States,4.0,4.0,3.0,3.0,4.0,4.0,4.0,1,Historical (Pre-2015),Positive,0.9568,Pre Covid
4182,542,Club / Star Alliance,Charlotte Airport,Unknown,Unknown,0,2013-07-31,France,5.0,4.0,3.0,3.0,4.0,4.0,4.0,1,Historical (Pre-2015),Positive,0.9652,Pre Covid
4183,542,Unknown Lounge,Charlotte Airport,Business Class,Business,0,2013-03-20,Brazil,4.0,4.0,4.0,3.0,4.0,4.0,4.0,1,Historical (Pre-2015),Positive,0.7236,Pre Covid
4184,542,Unknown Lounge,Los Angeles LAX Airport,Business Class,Business,0,2013-03-20,Brazil,4.0,4.0,3.0,3.0,4.0,4.0,4.0,1,Historical (Pre-2015),Positive,0.2263,Pre Covid
4185,542,Unknown Lounge,Philadelphia Airport,Business Class,Business,0,2012-09-17,United States,4.0,4.0,3.0,1.0,3.0,4.0,4.0,0,Historical (Pre-2015),Positive,0.7902,Pre Covid
4186,542,Unknown Lounge,London Gatwick Airport,Business Class,Business,0,2012-06-18,United Kingdom,2.0,3.0,2.0,4.0,3.0,1.0,2.0,0,Historical (Pre-2015),Negative,-0.7351,Pre Covid
4187,542,Unknown Lounge,Charlotte Airport,Business Class,Business,0,2012-03-28,United States,4.0,4.0,3.0,3.0,,4.0,4.0,1,Historical (Pre-2015),Positive,0.7267,Pre Covid
4188,542,Unknown Lounge,Boston Logan Airport,Business Class,Business,0,2011-10-22,United Kingdom,3.0,4.0,2.0,2.0,3.0,3.0,2.0,0,Historical (Pre-2015),Negative,-0.7474,Pre Covid
4189,542,Envoy Club,Phoenix Sky Harbor Airport,Unknown,Unknown,0,2011-09-17,Canada,4.0,4.0,3.0,4.0,3.0,4.0,4.0,0,Historical (Pre-2015),Positive,0.486,Pre Covid
4190,542,Envoy Club,Charlotte Airport,Business Class,Business,0,2011-09-17,Brazil,4.0,4.0,3.0,3.0,3.0,3.0,3.0,0,Historical (Pre-2015),Positive,0.891,Pre Covid
4191,542,Unknown Lounge,Philadelphia Airport,First Class,Unknown,0,2011-05-03,United States,2.0,2.0,2.0,2.0,3.0,4.0,3.0,0,Historical (Pre-2015),Positive,0.3468,Pre Covid
4192,542,Unknown Lounge,Charlotte Airport,Business Class,Business,0,2011-02-14,Brazil,4.0,4.0,3.0,2.0,4.0,,3.0,0,Historical (Pre-2015),Positive,0.5719,Pre Covid
4193,542,Unknown Lounge,Washington National Airport,Business Class,Business,0,2011-02-14,Brazil,4.0,4.0,4.0,4.0,3.0,,3.0,0,Historical (Pre-2015),Positive,0.9664,Pre Covid
4194,542,Unknown Lounge,Philadelphia Airport,Business Class,Business,0,2010-12-27,United States,5.0,5.0,4.0,4.0,4.0,4.0,4.0,0,Historical (Pre-2015),Positive,0.8481,Pre Covid
4195,542,Unknown Lounge,Philadelphia Airport,Business Class,Business,0,2009-05-31,United Kingdom,4.0,3.0,2.0,,2.0,,2.0,0,Historical (Pre-2015),Positive,0.7992,Pre Covid
4200,518,Coral Executive Lounge,Bangkok Don Muang Airport,Pay to Use,Unknown,0,2023-02-05,United States,5.0,5.0,5.0,5.0,5.0,5.0,5.0,1,Modern (2015-Present),Positive,0.9678,After Covid
4201,475,Platinum Lounge,Johannesburg Airport,Frequent Flyer,Unknown,1,2019-12-03,Malawi,5.0,5.0,5.0,4.0,4.0,4.0,5.0,1,Modern (2015-Present),Positive,0.9444,Pre Covid
4202,475,Unknown Lounge,Johannesburg Airport,Frequent Flyer,Unknown,1,2019-02-26,Thailand,5.0,5.0,5.0,5.0,5.0,3.0,5.0,1,Modern (2015-Present),Positive,0.9461,Pre Covid
4203,475,Unknown Lounge,Johannesburg Airport,Business Class,Business,1,2018-05-25,Thailand,4.0,4.0,4.0,5.0,4.0,4.0,4.0,1,Modern (2015-Present),Positive,0.9608,Pre Covid
4204,475,Baobab Lounge,Johannesburg Airport,Business Class,Business,0,2016-02-08,South Africa,4.0,4.0,5.0,4.0,5.0,3.0,3.0,1,Modern (2015-Present),Positive,0.9618,Pre Covid
4205,475,Qantas,Perth Airport,Business Class,Business,0,2015-11-29,South Africa,3.0,4.0,3.0,2.0,4.0,4.0,3.0,1,Modern (2015-Present),Negative,-0.7128,Pre Covid
4206,475,Arrival Lounge,Johannesburg Airport,Business Class,Business,0,2015-11-20,South Africa,4.0,5.0,5.0,3.0,5.0,,4.0,1,Modern (2015-Present),Positive,0.7003,Pre Covid
4207,475,Unknown Lounge,Johannesburg Airport,Business Class,Business,0,2015-10-21,South Africa,1.0,3.0,1.0,,4.0,,3.0,1,Modern (2015-Present),Negative,-0.8945,Pre Covid
4208,475,Baobab Lounge,Johannesburg Airport,Business Class,Business,0,2015-01-27,Israel,4.0,4.0,4.0,4.0,4.0,5.0,4.0,1,Modern (2015-Present),Positive,0.8705,Pre Covid
4209,475,Baobab Lounge,Johannesburg Airport,Business Class,Business,0,2014-10-05,South Africa,4.0,3.0,3.0,3.0,1.0,3.0,1.0,0,Historical (Pre-2015),Negative,-0.296,Pre Covid
4210,475,Unknown Lounge,Cape Town Airport,Business Class,Business,0,2013-07-07,South Africa,5.0,5.0,5.0,5.0,4.0,5.0,5.0,1,Historical (Pre-2015),Positive,0.91,Pre Covid
4211,475,Baobab Lounge,Johannesburg Airport,Business Class,Business,0,2013-03-20,United States,4.0,4.0,4.0,3.0,5.0,5.0,3.0,1,Historical (Pre-2015),Positive,0.9105,Pre Covid
4212,475,Baobab Lounge,Johannesburg Airport,Business Class,Business,0,2013-02-04,New Zealand,4.0,4.0,4.0,4.0,5.0,4.0,5.0,1,Historical (Pre-2015),Positive,0.9259,Pre Covid
4213,475,Baobab Lounge,Johannesburg Airport,Business Class,Business,0,2011-09-13,South Africa,3.0,4.0,2.0,3.0,4.0,3.0,3.0,0,Historical (Pre-2015),Negative,-0.7869,Pre Covid
4214,475,Baobab Lounge,Johannesburg Airport,Business Class,Business,0,2011-07-06,Myanmar,4.0,4.0,5.0,4.0,4.0,5.0,4.0,0,Historical (Pre-2015),Positive,0.9612,Pre Covid
4215,475,Unknown Lounge,Cape Town Airport,Business Class,Business,0,2011-05-01,South Africa,4.0,4.0,3.0,3.0,4.0,4.0,2.0,0,Historical (Pre-2015),Positive,0.9567,Pre Covid
4216,475,Baobab Lounge,Johannesburg Airport,Business Class,Business,0,2010-11-20,United Kingdom,5.0,5.0,5.0,5.0,5.0,5.0,5.0,0,Historical (Pre-2015),Positive,0.9666,Pre Covid
4217,475,Baobab Lounge,Johannesburg Airport,Business Class,Business,0,2010-10-17,United Kingdom,4.0,5.0,4.0,3.0,5.0,5.0,3.0,0,Historical (Pre-2015),Positive,0.9274,Pre Covid
4218,475,Unknown Lounge,Johannesburg Airport,Unknown,Unknown,0,2010-10-17,United Kingdom,3.0,5.0,3.0,4.0,5.0,5.0,3.0,0,Historical (Pre-2015),Positive,0.9726,Pre Covid
4219,475,Unknown Lounge,Johannesburg Airport,Business Class,Business,0,2010-07-03,United Kingdom,3.0,4.0,3.0,3.0,3.0,3.0,4.0,0,Historical (Pre-2015),Positive,0.7543,Pre Covid
4220,475,Unknown Lounge,Cape Town Airport,First Class,Unknown,0,2010-06-14,United Kingdom,4.0,5.0,3.0,4.0,5.0,2.0,4.0,0,Historical (Pre-2015),Positive,0.918,Pre Covid
4221,475,Unknown Lounge,Johannesburg Airport,Business Class,Business,0,2010-02-01,United Kingdom,1.0,1.0,1.0,1.0,,,1.0,0,Historical (Pre-2015),Negative,-0.6955,Pre Covid
4222,475,Unknown Lounge,Johannesburg Airport,Business Class,Business,0,2009-09-13,United Kingdom,1.0,3.0,2.0,2.0,1.0,1.0,1.0,0,Historical (Pre-2015),Negative,-0.8399,Pre Covid
4223,550,Unknown Lounge,Tashkent Airport,Business Class,Business,1,2019-07-08,France,5.0,5.0,5.0,4.0,4.0,4.0,4.0,1,Modern (2015-Present),Positive,0.92,Pre Covid
4224,555,Unknown Lounge,Ho Chi Minh City Airport,Business Class,Business,0,2017-09-02,Vietnam,1.0,1.0,,1.0,2.0,1.0,1.0,0,Modern (2015-Present),Negative,-0.9222,Pre Covid
4225,556,China Airlines VIP Lounge,Kaohsiung Airport,Frequent Flyer,Unknown,1,2025-09-18,Vietnam,3.0,4.0,3.0,3.0,,4.0,4.0,1,Modern (2015-Present),Positive,0.9549,After Covid
4226,556,Sun Coast,Cam Ranh International Airport,Business Class,Business,1,2025-06-23,Vietnam,3.0,3.0,2.0,2.0,3.0,3.0,3.0,0,Modern (2015-Present),Positive,0.1027,After Covid
4227,556,Kansai Premium Lounge,Kansai International Airport,Frequent Flyer,Unknown,1,2025-04-03,Vietnam,5.0,5.0,3.0,2.0,4.0,5.0,4.0,1,Modern (2015-Present),Positive,0.7694,After Covid
4228,556,Unknown Lounge,Pleiku Airport,Business Class,Business,1,2024-11-01,Vietnam,4.0,5.0,4.0,4.0,,4.0,5.0,1,Modern (2015-Present),Positive,0.9732,After Covid
4229,556,Miracle Lounge - Concourse F,Bangkok Suvarnabhumi Airport,Business Class,Business,1,2024-10-19,Vietnam,2.0,3.0,2.0,2.0,1.0,4.0,2.0,0,Modern (2015-Present),Negative,-0.9462,After Covid
4230,556,Lotus Lounge,Hanoi Airport,Business Class,Business,1,2024-09-09,Vietnam,4.0,2.0,3.0,4.0,4.0,4.0,3.0,1,Modern (2015-Present),Positive,0.9579,After Covid
4231,556,Lotus Lounge 2,Ho Chi Minh City Airport,Business Class,Business,1,2024-05-05,Vietnam,5.0,5.0,3.0,3.0,4.0,5.0,5.0,1,Modern (2015-Present),Positive,0.9312,After Covid
4232,556,Business Lounge,Con Dao Airport,Pay to Use,Unknown,1,2024-05-05,Vietnam,5.0,5.0,3.0,4.0,5.0,5.0,5.0,1,Modern (2015-Present),Positive,0.9835,After Covid
4233,556,Lotus Lounge Domestic,Da Nang Airport,Business Class,Business,1,2023-09-29,Canada,2.0,1.0,1.0,1.0,1.0,5.0,1.0,0,Modern (2015-Present),Positive,0.6275,After Covid
4234,556,Lotus lounge domestic,Hanoi Airport,Pay to Use,Unknown,1,2023-05-25,Australia,4.0,4.0,1.0,3.0,3.0,4.0,3.0,1,Modern (2015-Present),Positive,0.3493,After Covid
4235,556,Lotus,Da Nang Airport,Business Class,Business,1,2023-03-13,Vietnam,4.0,5.0,3.0,4.0,4.0,5.0,4.0,1,Modern (2015-Present),Positive,0.9535,After Covid
4236,556,Lotus Lounge,Hanoi Airport,Business Class,Business,1,2019-12-26,Vietnam,5.0,5.0,3.0,5.0,4.0,4.0,5.0,1,Modern (2015-Present),Positive,0.7541,Pre Covid
4237,556,Lotus Lounge,Hanoi Airport,Business Class,Business,1,2019-02-11,United Kingdom,4.0,4.0,4.0,1.0,2.0,,1.0,1,Modern (2015-Present),Negative,-0.8596,Pre Covid
4238,556,Business Lounge,Hanoi Airport,Business Class,Business,1,2018-05-31,United Kingdom,4.0,2.0,1.0,2.0,1.0,3.0,1.0,0,Modern (2015-Present),Positive,0.4482,Pre Covid
4239,556,Le Saigonnais,Ho Chi Minh City Airport,Frequent Flyer,Unknown,1,2018-03-06,Vietnam,4.0,4.0,4.0,4.0,4.0,4.0,4.0,1,Modern (2015-Present),Positive,0.977,Pre Covid
4240,556,Lotus Lounge,Ho Chi Minh City Airport,Business Class,Business,1,2018-01-06,China,4.0,4.0,4.0,4.0,4.0,4.0,4.0,1,Modern (2015-Present),Positive,0.7096,Pre Covid
4241,556,SASCO,Ho Chi Minh City Airport,Business Class,Business,0,2016-12-27,Australia,4.0,4.0,2.0,3.0,5.0,5.0,4.0,1,Modern (2015-Present),Positive,0.7351,Pre Covid
4242,556,Lotus Lounge,Hanoi Airport,Business Class,Business,0,2016-11-14,Australia,2.0,3.0,3.0,2.0,4.0,3.0,2.0,1,Modern (2015-Present),Positive,0.6793,Pre Covid
4243,556,Lotus Lounge,Da Nang Airport,Business Class,Business,0,2016-05-17,United Kingdom,5.0,4.0,4.0,4.0,,4.0,4.0,1,Modern (2015-Present),Negative,-0.2023,Pre Covid
4244,556,Lotus Lounge,Hanoi Airport,Business Class,Business,0,2015-12-13,Denmark,4.0,4.0,3.0,3.0,3.0,5.0,4.0,1,Modern (2015-Present),Positive,0.905,Pre Covid
4245,556,Unknown Lounge,Hanoi Airport,Business Class,Business,0,2015-10-29,Ireland,4.0,4.0,4.0,3.0,4.0,4.0,3.0,1,Modern (2015-Present),Positive,0.9793,Pre Covid
4246,556,Unknown Lounge,Da Nang Airport,Business Class,Business,0,2015-10-20,United States,5.0,5.0,5.0,4.0,,5.0,5.0,1,Modern (2015-Present),Positive,0.8807,Pre Covid
4247,556,Unknown Lounge,Da Nang Airport,Business Class,Business,0,2015-08-16,United States,1.0,1.0,1.0,1.0,1.0,1.0,1.0,1,Modern (2015-Present),Negative,-0.6711,Pre Covid
4248,556,Frequent Flyer,Ho Chi Minh City Airport,Frequent Flyer,Unknown,0,2015-06-21,Vietnam,5.0,5.0,5.0,5.0,4.0,5.0,5.0,1,Modern (2015-Present),Positive,0.8658,Pre Covid
4249,556,Unknown Lounge,Hanoi Airport,Business Class,Business,0,2015-01-27,United Kingdom,4.0,4.0,5.0,3.0,4.0,5.0,3.0,1,Modern (2015-Present),Positive,0.876,Pre Covid
4250,556,Unknown Lounge,Ho Chi Minh City Airport,Business Class,Business,0,2014-11-19,Vietnam,1.0,1.0,1.0,1.0,1.0,2.0,2.0,0,Historical (Pre-2015),Negative,-0.8956,Pre Covid
4251,556,Unknown Lounge,Hanoi Airport,Business Class,Business,0,2014-05-12,New Zealand,3.0,3.0,1.0,1.0,1.0,5.0,1.0,0,Historical (Pre-2015),Positive,0.7817,Pre Covid
4252,556,Orchid,Ho Chi Minh City Airport,Business Class,Business,0,2014-05-12,France,4.0,4.0,4.0,3.0,2.0,5.0,4.0,0,Historical (Pre-2015),Positive,0.9412,Pre Covid
4253,556,Unknown Lounge,Ho Chi Minh City Airport,Business Class,Business,0,2013-07-31,Australia,3.0,3.0,3.0,2.0,3.0,4.0,3.0,0,Historical (Pre-2015),Negative,-0.1493,Pre Covid
4254,556,Unknown Lounge,Ho Chi Minh City Airport,Business Class,Business,0,2013-05-29,Australia,4.0,4.0,4.0,4.0,4.0,5.0,4.0,1,Historical (Pre-2015),Positive,0.8625,Pre Covid
4255,556,Unknown Lounge,Hanoi Airport,Business Class,Business,0,2011-11-28,Vietnam,4.0,3.0,3.0,2.0,2.0,4.0,3.0,1,Historical (Pre-2015),Positive,0.5878,Pre Covid
4256,556,Golden Lotus,Ho Chi Minh City Airport,Business Class,Business,0,2011-09-04,Germany,4.0,4.0,4.0,4.0,3.0,4.0,4.0,0,Historical (Pre-2015),Positive,0.9136,Pre Covid
4257,509,Dacia business lounge,Bucharest Otopeni Airport,Frequent Flyer,Unknown,1,2023-08-31,Romania,3.0,2.0,3.0,1.0,2.0,5.0,3.0,1,Modern (2015-Present),Negative,-0.144,After Covid
4258,509,Unknown Lounge,Bucharest Otopeni Airport,Frequent Flyer,Unknown,0,2019-10-20,Israel,2.0,3.0,2.0,1.0,1.0,3.0,2.0,0,Modern (2015-Present),Negative,-0.9675,Pre Covid
4259,509,Unknown Lounge,Bucharest Otopeni Airport,Business Class,Business,1,2019-02-04,Romania,3.0,3.0,4.0,1.0,1.0,1.0,1.0,0,Modern (2015-Present),Negative,-0.5571,Pre Covid
4260,509,Tarom Lounge,Bucharest Otopeni Airport,Business Class,Business,1,2018-05-21,Germany,2.0,2.0,3.0,1.0,2.0,2.0,2.0,0,Modern (2015-Present),Positive,0.9801,Pre Covid
4261,509,Tarom,Bucharest Otopeni Airport,Frequent Flyer,Unknown,0,2017-10-20,Portugal,3.0,3.0,2.0,2.0,,1.0,2.0,0,Modern (2015-Present),Positive,0.9737,Pre Covid
4262,509,Unknown Lounge,Bucharest Otopeni Airport,Business Class,Business,0,2015-07-05,Norway,2.0,4.0,4.0,2.0,,4.0,3.0,0,Modern (2015-Present),Negative,-0.8402,Pre Covid
4263,559,Virgin Lounge,Sydney Airport,Frequent Flyer,Unknown,1,2024-02-15,Germany,2.0,2.0,2.0,2.0,1.0,4.0,5.0,1,Modern (2015-Present),Positive,0.464,After Covid
4264,559,Domestic Business,Melbourne Airport,Business Class,Business,1,2023-03-16,Switzerland,4.0,4.0,3.0,3.0,3.0,,4.0,1,Modern (2015-Present),Positive,0.7351,After Covid
4265,559,Business Lounge Domestic,Sydney Airport,Business Class,Business,1,2023-03-16,Switzerland,3.0,3.0,3.0,3.0,1.0,,3.0,0,Modern (2015-Present),Negative,-0.9081,After Covid
4266,559,Brisbane,Brisbane Airport,Frequent Flyer,Unknown,0,2021-01-07,Australia,2.0,3.0,1.0,1.0,3.0,3.0,1.0,0,Modern (2015-Present),Positive,0.7818,Covid
4267,559,Virgin Australia lounge,Brisbane Airport,Business Class,Business,1,2020-12-21,Australia,1.0,1.0,,,,,1.0,0,Modern (2015-Present),Negative,-0.6642,Covid
4268,559,Unknown Lounge,Melbourne Airport,Members,Unknown,0,2020-04-17,Australia,5.0,5.0,4.0,4.0,5.0,4.0,5.0,1,Modern (2015-Present),Positive,0.9557,Covid
4269,559,Strata Lounge,Auckland Airport,Frequent Flyer,Unknown,1,2019-08-19,Australia,4.0,5.0,3.0,4.0,2.0,,2.0,1,Modern (2015-Present),Positive,0.9306,Pre Covid
4270,559,The House,Sydney Airport,Business Class,Business,1,2019-08-18,Australia,3.0,4.0,3.0,3.0,4.0,5.0,4.0,1,Modern (2015-Present),Positive,0.991,Pre Covid
4271,559,Unknown Lounge,Perth Airport,Members,Unknown,1,2019-04-19,Australia,3.0,5.0,3.0,4.0,,5.0,4.0,1,Modern (2015-Present),Positive,0.7469,Pre Covid
4272,559,Unknown Lounge,Brisbane Airport,Frequent Flyer,Unknown,1,2019-03-17,Australia,4.0,4.0,3.0,3.0,4.0,4.0,4.0,1,Modern (2015-Present),Positive,0.9032,Pre Covid
4273,559,Virgin Australia Lounge,Sydney Airport,Frequent Flyer,Unknown,1,2019-03-10,Australia,4.0,4.0,3.0,3.0,3.0,4.0,4.0,1,Modern (2015-Present),Positive,0.8756,Pre Covid
4274,559,Melbourne,Melbourne Airport,Frequent Flyer,Unknown,1,2017-12-24,Australia,5.0,5.0,1.0,5.0,5.0,5.0,1.0,1,Modern (2015-Present),Positive,0.9577,Pre Covid
4275,559,Sydney Domestic Lounge,Sydney Airport,Frequent Flyer,Unknown,1,2017-11-21,United Kingdom,4.0,5.0,4.0,4.0,5.0,5.0,5.0,1,Modern (2015-Present),Positive,0.9604,Pre Covid
4276,559,Strata Lounge,Auckland Airport,Business Class,Business,0,2017-10-03,Switzerland,4.0,4.0,4.0,4.0,4.0,4.0,5.0,1,Modern (2015-Present),Positive,0.9653,Pre Covid
4277,559,Unknown Lounge,Brisbane Airport,Frequent Flyer,Unknown,0,2016-09-05,Australia,4.0,4.0,4.0,4.0,4.0,4.0,4.0,1,Modern (2015-Present),Positive,0.9058,Pre Covid
4278,559,Unknown Lounge,Perth Airport,Frequent Flyer,Unknown,0,2016-05-15,Australia,4.0,4.0,4.0,3.0,4.0,4.0,3.0,1,Modern (2015-Present),Positive,0.8719,Pre Covid
4279,559,Unknown Lounge,Melbourne Airport,Business Class,Business,0,2016-04-20,Australia,4.0,4.0,4.0,4.0,4.0,4.0,4.0,1,Modern (2015-Present),Positive,0.9549,Pre Covid
4280,559,Virgin Lounge,Brisbane Airport,Business Class,Business,0,2016-01-18,Australia,4.0,5.0,4.0,4.0,4.0,5.0,4.0,1,Modern (2015-Present),Positive,0.9793,Pre Covid
4281,559,Unknown Lounge,Brisbane Airport,Frequent Flyer,Unknown,0,2016-01-13,Australia,1.0,1.0,1.0,1.0,4.0,3.0,,0,Modern (2015-Present),Positive,0.9404,Pre Covid
4282,559,Unknown Lounge,Sydney Airport,Frequent Flyer,Unknown,0,2015-09-11,Australia,1.0,2.0,2.0,2.0,2.0,3.0,3.0,0,Modern (2015-Present),Negative,-0.5095,Pre Covid
4283,539,Business Lounge,Istanbul Airport,Business Class,Business,1,2026-06-09,United States,5.0,4.0,,5.0,,5.0,5.0,1,Modern (2015-Present),Positive,0.8893,After Covid
4284,539,Business Class / Miles & Smiles,Istanbul Airport,Business Class,Business,1,2026-03-20,Australia,4.0,5.0,4.0,5.0,5.0,4.0,4.0,1,Modern (2015-Present),Positive,0.9663,After Covid
4285,539,Turkish Airlines Lounge,Istanbul Airport,Business Class,Business,1,2025-12-08,United Kingdom,3.0,5.0,1.0,4.0,,5.0,3.0,1,Modern (2015-Present),Positive,0.6855,After Covid
4286,539,Business Lounge,Istanbul Airport,Business Class,Business,1,2025-11-22,United States,4.0,5.0,1.0,4.0,2.0,4.0,4.0,0,Modern (2015-Present),Positive,0.6391,After Covid
4287,539,Business Lounge,Istanbul Airport,Business Class,Business,1,2025-09-20,Germany,2.0,5.0,3.0,3.0,5.0,3.0,2.0,1,Modern (2015-Present),Positive,0.9687,After Covid
4288,539,Unknown Lounge,New York JFK Airport,Business Class,Business,1,2024-10-27,Serbia,5.0,5.0,5.0,2.0,,5.0,4.0,1,Modern (2015-Present),Positive,0.9935,After Covid
4289,539,Not sure,Istanbul Airport,Business Class,Business,1,2024-09-16,Malaysia,4.0,4.0,3.0,3.0,4.0,4.0,2.0,0,Modern (2015-Present),Positive,0.3545,After Covid
4290,539,Turkish Airlines Lounge,Washington Dulles Airport,Members,Unknown,1,2024-07-09,United States,3.0,4.0,5.0,5.0,3.0,5.0,5.0,1,Modern (2015-Present),Positive,0.8834,After Covid
4291,539,Business Class Lounge,Istanbul Airport,Business Class,Business,1,2024-02-18,United States,1.0,4.0,,3.0,,,1.0,0,Modern (2015-Present),Negative,-0.9314,After Covid
4292,539,Miles and Smiles lounge,Istanbul Airport,Frequent Flyer,Unknown,1,2023-12-03,United States,3.0,4.0,3.0,2.0,3.0,5.0,3.0,1,Modern (2015-Present),Positive,0.2325,After Covid
4293,539,The lounge,Istanbul Airport,Business Class,Business,0,2023-11-15,United Kingdom,5.0,5.0,5.0,5.0,5.0,5.0,5.0,1,Modern (2015-Present),Positive,0.9374,After Covid
4294,539,Unknown Lounge,Istanbul Airport,Business Class,Business,1,2023-09-11,Romania,5.0,5.0,5.0,5.0,5.0,5.0,5.0,1,Modern (2015-Present),Positive,0.9477,After Covid
4295,539,CIP Lounge,Istanbul Airport,Frequent Flyer,Unknown,1,2023-08-12,Germany,5.0,5.0,5.0,5.0,,5.0,5.0,1,Modern (2015-Present),Positive,0.9794,After Covid
4296,539,Business Lounge,Istanbul Airport,Business Class,Business,1,2023-05-23,Germany,2.0,2.0,4.0,3.0,5.0,4.0,3.0,0,Modern (2015-Present),Positive,0.9782,After Covid
4297,539,Unknown Lounge,Miami Airport,Business Class,Business,1,2023-02-04,Belgium,2.0,2.0,3.0,1.0,1.0,,,0,Modern (2015-Present),Negative,-0.769,After Covid
4298,539,Unknown Lounge,Istanbul Airport,Business Class,Business,1,2022-12-14,South Africa,2.0,4.0,1.0,3.0,4.0,1.0,2.0,0,Modern (2015-Present),Negative,-0.707,After Covid
4299,539,Business Class Lounge,Istanbul Airport,Business Class,Business,1,2022-09-25,United States,5.0,5.0,5.0,5.0,5.0,5.0,5.0,1,Modern (2015-Present),Positive,0.979,After Covid
4300,539,Unknown Lounge,Istanbul Airport,Frequent Flyer,Unknown,1,2022-06-15,Austria,4.0,3.0,,1.0,,4.0,4.0,0,Modern (2015-Present),Negative,-0.5106,After Covid
4301,539,Business Class Lounge,Istanbul Airport,Business Class,Business,1,2022-05-27,United States,5.0,5.0,,5.0,5.0,4.0,5.0,1,Modern (2015-Present),Positive,0.9806,After Covid
4302,539,Unknown Lounge,Istanbul Airport,Business Class,Business,1,2022-05-17,United Kingdom,4.0,5.0,5.0,5.0,4.0,4.0,5.0,1,Modern (2015-Present),Positive,0.9401,After Covid
4303,539,Business Class Lounge,Istanbul Airport,Business Class,Business,1,2022-05-17,United Kingdom,2.0,4.0,3.0,1.0,,1.0,2.0,0,Modern (2015-Present),Negative,-0.9022,After Covid
4304,539,Unknown Lounge,Istanbul Airport,Business Class,Business,1,2021-11-21,Mauritania,3.0,3.0,4.0,3.0,2.0,3.0,1.0,0,Modern (2015-Present),Negative,-0.4404,Covid
4305,539,Unknown Lounge,Istanbul Airport,Business Class,Business,1,2021-10-11,United States,1.0,1.0,3.0,3.0,4.0,3.0,1.0,0,Modern (2015-Present),Negative,-0.92,Covid
4307,539,Unknown Lounge,Istanbul Airport,Frequent Flyer,Unknown,1,2020-11-03,United States,2.0,4.0,1.0,1.0,,,2.0,0,Modern (2015-Present),Negative,-0.6808,Covid
4308,539,Unknown Lounge,Istanbul Airport,Business Class,Business,1,2020-11-03,Spain,2.0,2.0,1.0,1.0,2.0,2.0,1.0,0,Modern (2015-Present),Neutral,0.0499,Covid
4309,539,Unknown Lounge,Istanbul Airport,Business Class,Business,1,2020-03-19,Russian Federation,3.0,2.0,2.0,2.0,2.0,3.0,1.0,0,Modern (2015-Present),Negative,-0.2732,Covid
4310,539,Miles and Smiles,Istanbul Airport,Frequent Flyer,Unknown,1,2019-12-31,Canada,4.0,5.0,5.0,5.0,5.0,3.0,5.0,1,Modern (2015-Present),Positive,0.9062,Pre Covid
4311,539,Unknown Lounge,Bangkok Suvarnabhumi Airport,Business Class,Business,1,2019-08-19,Thailand,5.0,5.0,5.0,5.0,,5.0,5.0,1,Modern (2015-Present),Positive,0.9789,Pre Covid
4312,539,Unknown Lounge,Istanbul Airport,Business Class,Business,1,2019-05-31,Australia,5.0,5.0,5.0,5.0,5.0,5.0,5.0,0,Modern (2015-Present),Positive,0.93,Pre Covid
4313,539,Unknown Lounge,Istanbul Airport,Business Class,Business,1,2019-02-20,Canada,2.0,2.0,3.0,3.0,2.0,2.0,1.0,0,Modern (2015-Present),Positive,0.3098,Pre Covid
4314,539,Unknown Lounge,Istanbul Airport,Business Class,Business,1,2018-12-30,Thailand,3.0,4.0,5.0,2.0,3.0,4.0,4.0,0,Modern (2015-Present),Positive,0.9598,Pre Covid
4315,539,CIP domestic lounge,Istanbul Airport,Business Class,Business,0,2018-12-10,Unknown,3.0,3.0,2.0,2.0,3.0,4.0,2.0,1,Modern (2015-Present),Positive,0.6124,Pre Covid
4316,539,Istanbul,Istanbul Airport,Business Class,Business,0,2018-07-01,United Kingdom,1.0,1.0,1.0,1.0,1.0,1.0,1.0,0,Modern (2015-Present),Negative,-0.9455,Pre Covid
4317,539,CIP Lounge,Istanbul Airport,Frequent Flyer,Unknown,1,2018-06-04,Canada,4.0,5.0,5.0,5.0,5.0,4.0,3.0,1,Modern (2015-Present),Positive,0.9795,Pre Covid
4318,539,Unknown Lounge,Washington Dulles Airport,Pay to Use,Unknown,1,2018-05-01,France,5.0,5.0,5.0,5.0,4.0,5.0,5.0,1,Modern (2015-Present),Positive,0.9655,Pre Covid
4319,539,Unknown Lounge,Istanbul Airport,Business Class,Business,1,2018-03-07,Australia,5.0,5.0,3.0,3.0,4.0,5.0,4.0,1,Modern (2015-Present),Positive,0.8577,Pre Covid
4320,539,Unknown Lounge,Vnukovo Airport,Business Class,Business,1,2018-03-07,Australia,5.0,5.0,4.0,5.0,3.0,4.0,5.0,1,Modern (2015-Present),Positive,0.4404,Pre Covid
4321,539,Unknown Lounge,Washington Dulles Airport,Pay to Use,Unknown,1,2018-03-04,United States,5.0,5.0,5.0,5.0,4.0,5.0,5.0,1,Modern (2015-Present),Positive,0.9595,Pre Covid
4322,539,Unknown Lounge,Washington Dulles Airport,Business Class,Business,1,2018-03-02,Unknown,5.0,5.0,5.0,5.0,5.0,5.0,5.0,1,Modern (2015-Present),Positive,0.802,Pre Covid
4323,539,Unknown Lounge,Washington Dulles Airport,Business Class,Business,1,2018-02-25,France,5.0,5.0,5.0,5.0,,5.0,5.0,1,Modern (2015-Present),Positive,0.9758,Pre Covid
4324,539,Lufthansa Lounge,London Heathrow Airport,Business Class,Business,1,2017-12-17,United Kingdom,3.0,4.0,3.0,3.0,3.0,,2.0,1,Modern (2015-Present),Positive,0.992,Pre Covid
4325,539,Turkish Airlines Istanbul Lounge,Istanbul Airport,Business Class,Business,1,2017-12-17,United Kingdom,5.0,5.0,3.0,5.0,4.0,4.0,5.0,1,Modern (2015-Present),Positive,0.9909,Pre Covid
4326,539,NIA Lounge,Hanoi Airport,Business Class,Business,1,2017-12-16,United Kingdom,5.0,5.0,3.0,4.0,3.0,,5.0,1,Modern (2015-Present),Positive,0.9902,Pre Covid
4327,539,Unknown Lounge,Istanbul Airport,Business Class,Business,1,2017-12-14,Israel,5.0,5.0,5.0,5.0,5.0,5.0,5.0,1,Modern (2015-Present),Positive,0.9514,Pre Covid
4328,539,Unknown Lounge,Istanbul Airport,Business Class,Business,1,2017-11-28,Spain,4.0,5.0,4.0,4.0,4.0,5.0,3.0,1,Modern (2015-Present),Positive,0.9041,Pre Covid
4329,539,Unknown Lounge,Istanbul Airport,Business Class,Business,0,2017-11-05,United Kingdom,4.0,4.0,2.0,4.0,4.0,5.0,4.0,1,Modern (2015-Present),Positive,0.9808,Pre Covid
4330,539,Unknown Lounge,Istanbul Airport,Business Class,Business,0,2017-08-29,Netherlands,5.0,4.0,5.0,5.0,5.0,5.0,4.0,1,Modern (2015-Present),Positive,0.9098,Pre Covid
4331,539,Domestic Lounge,Istanbul Airport,Business Class,Business,0,2017-08-05,Norway,3.0,2.0,2.0,2.0,,1.0,2.0,1,Modern (2015-Present),Positive,0.7425,Pre Covid
4332,539,Unknown Lounge,Istanbul Airport,Business Class,Business,0,2017-07-18,Australia,5.0,5.0,5.0,5.0,5.0,5.0,5.0,1,Modern (2015-Present),Positive,0.9497,Pre Covid
4333,539,Unknown Lounge,Istanbul Airport,Business Class,Business,0,2017-06-30,United Kingdom,3.0,2.0,4.0,1.0,1.0,,2.0,1,Modern (2015-Present),Positive,0.9776,Pre Covid
4334,539,Unknown Lounge,Istanbul Airport,Business Class,Business,0,2017-06-21,Brazil,5.0,5.0,5.0,5.0,5.0,5.0,5.0,1,Modern (2015-Present),Positive,0.9036,Pre Covid
4335,539,Sala Cibeles,Madrid Barajas Airport,Business Class,Business,0,2017-06-18,United States,5.0,5.0,5.0,4.0,5.0,5.0,5.0,1,Modern (2015-Present),Positive,0.9821,Pre Covid
4336,539,CIP Lounge,Istanbul Airport,Pay to Use,Unknown,0,2017-05-17,United Kingdom,5.0,5.0,5.0,4.0,5.0,4.0,4.0,1,Modern (2015-Present),Positive,0.506,Pre Covid
4337,539,Turkish Airlines,Washington Dulles Airport,Unknown,Unknown,0,2017-02-22,United States,4.0,4.0,1.0,3.0,3.0,,1.0,0,Modern (2015-Present),Positive,0.3207,Pre Covid
4338,539,Unknown Lounge,Washington Dulles Airport,Business Class,Business,0,2017-01-28,United States,5.0,5.0,4.0,4.0,5.0,5.0,5.0,1,Modern (2015-Present),Positive,0.9738,Pre Covid
4339,539,Unknown Lounge,Istanbul Airport,Business Class,Business,0,2016-12-27,United Kingdom,4.0,5.0,4.0,4.0,2.0,4.0,3.0,1,Modern (2015-Present),Negative,-0.5824,Pre Covid
4340,539,Unknown Lounge,Istanbul Airport,Business Class,Business,0,2016-12-22,United States,3.0,1.0,2.0,2.0,4.0,1.0,1.0,0,Modern (2015-Present),Negative,-0.9776,Pre Covid
4341,539,Star Gold Lounge,Washington Dulles Airport,Business Class,Business,0,2016-12-17,United States,5.0,5.0,5.0,5.0,4.0,5.0,5.0,1,Modern (2015-Present),Positive,0.9939,Pre Covid
4342,539,Unknown Lounge,Nairobi Airport,Business Class,Business,0,2016-12-13,United Kingdom,4.0,4.0,4.0,3.0,4.0,4.0,3.0,1,Modern (2015-Present),Positive,0.714,Pre Covid
4343,539,Lounge Istanbul,Istanbul Airport,Business Class,Business,0,2016-11-04,Poland,5.0,5.0,5.0,4.0,,5.0,5.0,1,Modern (2015-Present),Positive,0.9504,Pre Covid
4344,539,TAV Primeclass Riga airport,Riga Airport,Business Class,Business,0,2016-08-08,Unknown,4.0,4.0,3.0,4.0,1.0,5.0,1.0,1,Modern (2015-Present),Negative,-0.9047,Pre Covid
4345,539,Unknown Lounge,Istanbul Airport,Business Class,Business,0,2016-07-27,Switzerland,2.0,1.0,2.0,4.0,2.0,4.0,2.0,0,Modern (2015-Present),Positive,0.8316,Pre Covid
4346,539,Unknown Lounge,Istanbul Airport,Business Class,Business,0,2016-06-29,Singapore,5.0,5.0,5.0,5.0,5.0,5.0,5.0,1,Modern (2015-Present),Positive,0.9508,Pre Covid
4347,539,Unknown Lounge,Manchester Airport,Business Class,Business,0,2016-06-06,United Kingdom,2.0,2.0,1.0,1.0,,3.0,2.0,1,Modern (2015-Present),Positive,0.2748,Pre Covid
4348,539,Business Class Lounge,Istanbul Airport,Business Class,Business,0,2016-06-06,United Kingdom,3.0,3.0,3.0,5.0,3.0,3.0,2.0,1,Modern (2015-Present),Positive,0.9222,Pre Covid
4349,539,Unknown Lounge,Istanbul Airport,Business Class,Business,0,2016-05-28,United Kingdom,4.0,4.0,4.0,4.0,4.0,5.0,4.0,1,Modern (2015-Present),Positive,0.7882,Pre Covid
4350,539,Unknown Lounge,Istanbul Airport,Business Class,Business,0,2016-03-30,India,5.0,5.0,5.0,5.0,5.0,5.0,5.0,1,Modern (2015-Present),Positive,0.9534,Pre Covid
4351,539,Unknown Lounge,Istanbul Airport,Business Class,Business,0,2016-03-27,Canada,5.0,5.0,5.0,4.0,4.0,5.0,5.0,1,Modern (2015-Present),Positive,0.8831,Pre Covid
4352,539,Unknown Lounge,Istanbul Airport,Business Class,Business,0,2016-03-14,Australia,4.0,4.0,5.0,5.0,4.0,3.0,5.0,1,Modern (2015-Present),Positive,0.9796,Pre Covid
4353,539,Aspire,Manchester Airport,Business Class,Business,0,2016-03-06,United Kingdom,2.0,1.0,2.0,1.0,,1.0,1.0,0,Modern (2015-Present),Positive,0.5196,Pre Covid
4354,539,Unknown Lounge,Istanbul Airport,Business Class,Business,0,2016-01-30,Belgium,4.0,3.0,5.0,5.0,3.0,4.0,4.0,1,Modern (2015-Present),Positive,0.8932,Pre Covid
4355,539,Unknown Lounge,Istanbul Airport,Business Class,Business,0,2016-01-27,United States,5.0,5.0,5.0,5.0,5.0,5.0,5.0,1,Modern (2015-Present),Positive,0.9708,Pre Covid
4356,539,Unknown Lounge,Istanbul Airport,Business Class,Business,0,2015-12-24,Sweden,5.0,5.0,5.0,5.0,,5.0,5.0,1,Modern (2015-Present),Positive,0.8648,Pre Covid
4357,539,Unknown Lounge,Istanbul Airport,Business Class,Business,0,2015-12-15,Malaysia,5.0,5.0,5.0,5.0,4.0,5.0,5.0,1,Modern (2015-Present),Positive,0.9186,Pre Covid
4358,539,Unknown Lounge,Istanbul Sabiha Gökçen Airport,Business Class,Business,0,2015-11-16,Greece,4.0,4.0,2.0,3.0,,5.0,3.0,1,Modern (2015-Present),Positive,0.8625,Pre Covid
4359,539,Unknown Lounge,Istanbul Airport,Business Class,Business,0,2015-11-15,United States,5.0,5.0,5.0,4.0,4.0,4.0,4.0,1,Modern (2015-Present),Positive,0.6116,Pre Covid
4360,539,Unknown Lounge,Istanbul Airport,Business Class,Business,0,2015-11-09,United States,3.0,3.0,4.0,4.0,3.0,4.0,1.0,0,Modern (2015-Present),Positive,0.5357,Pre Covid
4361,539,Unknown Lounge,Istanbul Airport,Business Class,Business,0,2015-10-12,Guatemala,5.0,4.0,5.0,5.0,5.0,5.0,4.0,1,Modern (2015-Present),Positive,0.9501,Pre Covid
4362,539,Unknown Lounge,Istanbul Airport,Business Class,Business,0,2015-09-30,Portugal,5.0,5.0,5.0,5.0,5.0,5.0,5.0,1,Modern (2015-Present),Positive,0.9286,Pre Covid
4363,539,Unknown Lounge,Istanbul Airport,Business Class,Business,0,2015-09-28,Unknown,5.0,4.0,5.0,4.0,4.0,5.0,3.0,1,Modern (2015-Present),Positive,0.4708,Pre Covid
4364,539,Unknown Lounge,Istanbul Airport,Business Class,Business,0,2015-09-27,Japan,3.0,2.0,4.0,5.0,3.0,3.0,2.0,1,Modern (2015-Present),Positive,0.6956,Pre Covid
4365,539,Unknown Lounge,Istanbul Airport,Business Class,Business,0,2015-09-18,United Kingdom,5.0,5.0,5.0,4.0,5.0,4.0,4.0,1,Modern (2015-Present),Positive,0.8622,Pre Covid
4366,539,Unknown Lounge,Istanbul Airport,Business Class,Business,0,2015-09-15,United States,3.0,2.0,5.0,5.0,,4.0,3.0,1,Modern (2015-Present),Positive,0.9429,Pre Covid
4367,539,Unknown Lounge,Istanbul Airport,Business Class,Business,0,2015-08-26,Sweden,5.0,5.0,5.0,5.0,5.0,5.0,5.0,1,Modern (2015-Present),Positive,0.4404,Pre Covid
4368,539,Unknown Lounge,Istanbul Airport,Business Class,Business,0,2015-08-11,Belgium,4.0,5.0,4.0,4.0,4.0,3.0,5.0,1,Modern (2015-Present),Positive,0.9493,Pre Covid
4369,539,Unknown Lounge,Istanbul Airport,Business Class,Business,0,2015-07-19,United Kingdom,5.0,5.0,5.0,5.0,5.0,5.0,5.0,1,Modern (2015-Present),Positive,0.6597,Pre Covid
4370,539,Aspire,Amsterdam Schiphol Airport,Business Class,Business,0,2015-07-05,Netherlands,1.0,4.0,1.0,1.0,,,1.0,1,Modern (2015-Present),Positive,0.8606,Pre Covid
4371,539,Unknown Lounge,Istanbul Airport,Business Class,Business,0,2015-03-22,United Kingdom,5.0,5.0,5.0,5.0,4.0,4.0,5.0,1,Modern (2015-Present),Positive,0.8625,Pre Covid
4372,539,Unknown Lounge,Istanbul Airport,Business Class,Business,0,2015-03-22,Spain,5.0,5.0,5.0,5.0,5.0,5.0,5.0,1,Modern (2015-Present),Positive,0.9158,Pre Covid
4373,539,Unknown Lounge,Istanbul Airport,Business Class,Business,0,2015-03-22,United Kingdom,5.0,4.0,5.0,5.0,5.0,4.0,3.0,1,Modern (2015-Present),Positive,0.9349,Pre Covid
4374,539,Unknown Lounge,Istanbul Airport,Business Class,Business,0,2015-02-25,Thailand,4.0,5.0,5.0,5.0,2.0,4.0,4.0,1,Modern (2015-Present),Positive,0.7836,Pre Covid
4375,539,Unknown Lounge,Istanbul Airport,Business Class,Business,0,2015-02-05,Denmark,1.0,1.0,3.0,3.0,1.0,1.0,1.0,0,Modern (2015-Present),Positive,0.8764,Pre Covid
4376,539,Unknown Lounge,Izmir Airport,Business Class,Business,0,2015-01-30,United States,5.0,5.0,3.0,3.0,5.0,5.0,5.0,1,Modern (2015-Present),Positive,0.8943,Pre Covid
4377,539,Unknown Lounge,Istanbul Airport,Business Class,Business,0,2015-01-05,United Kingdom,5.0,5.0,5.0,5.0,5.0,5.0,3.0,1,Modern (2015-Present),Neutral,-0.0329,Pre Covid
4378,539,Unknown Lounge,Istanbul Airport,Business Class,Business,0,2014-11-19,United States,5.0,5.0,5.0,5.0,5.0,5.0,3.0,1,Historical (Pre-2015),Positive,0.9762,Pre Covid
4379,539,Unknown Lounge,Istanbul Airport,Business Class,Business,0,2014-08-05,Canada,5.0,5.0,5.0,5.0,5.0,5.0,3.0,1,Historical (Pre-2015),Positive,0.9535,Pre Covid
4380,539,Unknown Lounge,Istanbul Airport,Business Class,Business,0,2014-08-05,United Kingdom,5.0,5.0,4.0,5.0,4.0,5.0,5.0,1,Historical (Pre-2015),Positive,0.872,Pre Covid
4381,539,Unknown Lounge,Istanbul Airport,Business Class,Business,0,2014-05-28,Australia,5.0,5.0,5.0,5.0,5.0,5.0,5.0,1,Historical (Pre-2015),Positive,0.9665,Pre Covid
4382,539,Unknown Lounge,Istanbul Airport,Business Class,Business,0,2014-05-01,United States,5.0,5.0,5.0,5.0,5.0,5.0,5.0,1,Historical (Pre-2015),Positive,0.8779,Pre Covid
4383,539,Unknown Lounge,Istanbul Airport,Business Class,Business,0,2014-04-22,South Africa,5.0,5.0,5.0,5.0,3.0,4.0,5.0,1,Historical (Pre-2015),Positive,0.9613,Pre Covid
4384,539,Unknown Lounge,Istanbul Airport,Business Class,Business,0,2014-03-11,Ireland,5.0,5.0,5.0,5.0,5.0,5.0,5.0,1,Historical (Pre-2015),Positive,0.8793,Pre Covid
4385,539,Unknown Lounge,Istanbul Airport,Business Class,Business,0,2014-03-11,South Africa,5.0,5.0,5.0,5.0,5.0,5.0,5.0,1,Historical (Pre-2015),Positive,0.9479,Pre Covid
4386,539,Unknown Lounge,Istanbul Airport,Business Class,Business,0,2014-03-11,Bulgaria,5.0,5.0,5.0,5.0,4.0,4.0,5.0,1,Historical (Pre-2015),Positive,0.8658,Pre Covid
4387,539,Unknown Lounge,Istanbul Airport,Business Class,Business,0,2014-01-13,Germany,3.0,3.0,3.0,3.0,1.0,4.0,3.0,0,Historical (Pre-2015),Negative,-0.7315,Pre Covid
4388,539,Unknown Lounge,Istanbul Airport,Business Class,Business,0,2013-12-23,Belgium,1.0,2.0,2.0,2.0,2.0,4.0,1.0,0,Historical (Pre-2015),Negative,-0.8735,Pre Covid
4389,539,Unknown Lounge,Istanbul Airport,Business Class,Business,0,2013-11-15,Germany,5.0,4.0,5.0,5.0,4.0,4.0,5.0,1,Historical (Pre-2015),Positive,0.0772,Pre Covid
4390,539,Unknown Lounge,Istanbul Airport,Business Class,Business,0,2013-10-06,United Kingdom,1.0,2.0,4.0,4.0,2.0,4.0,1.0,0,Historical (Pre-2015),Neutral,-0.0476,Pre Covid
4391,539,Unknown Lounge,Istanbul Airport,Business Class,Business,0,2013-10-06,Canada,5.0,5.0,5.0,5.0,5.0,5.0,5.0,1,Historical (Pre-2015),Positive,0.7778,Pre Covid
4392,539,Unknown Lounge,Istanbul Airport,Business Class,Business,0,2013-07-07,United Kingdom,2.0,4.0,3.0,1.0,3.0,2.0,2.0,0,Historical (Pre-2015),Negative,-0.8176,Pre Covid
4393,539,Unknown Lounge,Istanbul Airport,Business Class,Business,0,2013-07-07,United Kingdom,3.0,3.0,4.0,4.0,,4.0,3.0,0,Historical (Pre-2015),Negative,-0.5461,Pre Covid
4394,539,Unknown Lounge,Istanbul Airport,Business Class,Business,0,2013-07-07,Austria,5.0,5.0,5.0,5.0,5.0,5.0,1.0,1,Historical (Pre-2015),Positive,0.9517,Pre Covid
4395,539,Unknown Lounge,Istanbul Airport,Business Class,Business,0,2013-05-29,Unknown,2.0,5.0,3.0,4.0,3.0,,2.0,0,Historical (Pre-2015),Negative,-0.8937,Pre Covid
4396,539,Unknown Lounge,Istanbul Airport,Business Class,Business,0,2013-04-24,United States,1.0,4.0,4.0,4.0,1.0,4.0,4.0,0,Historical (Pre-2015),Negative,-0.9088,Pre Covid
4397,539,Unknown Lounge,Istanbul Airport,Business Class,Business,0,2013-04-16,United States,5.0,5.0,5.0,5.0,5.0,5.0,5.0,1,Historical (Pre-2015),Positive,0.96,Pre Covid
4398,539,Unknown Lounge,Istanbul Airport,Business Class,Business,0,2012-05-01,United Kingdom,4.0,4.0,5.0,3.0,5.0,5.0,4.0,1,Historical (Pre-2015),Positive,0.8955,Pre Covid
4399,539,Unknown Lounge,Istanbul Airport,Business Class,Business,0,2012-04-24,Unknown,5.0,3.0,5.0,5.0,4.0,4.0,4.0,1,Historical (Pre-2015),Positive,0.6743,Pre Covid
4400,539,Unknown Lounge,Istanbul Airport,Business Class,Business,0,2012-03-28,United States,5.0,5.0,5.0,5.0,5.0,5.0,5.0,1,Historical (Pre-2015),Positive,0.8591,Pre Covid
4401,539,Unknown Lounge,Istanbul Airport,Business Class,Business,0,2012-03-28,Spain,5.0,5.0,4.0,5.0,5.0,5.0,3.0,1,Historical (Pre-2015),Positive,0.9773,Pre Covid
4402,539,Unknown Lounge,Istanbul Airport,Business Class,Business,0,2012-01-23,United Kingdom,5.0,5.0,5.0,5.0,4.0,4.0,4.0,1,Historical (Pre-2015),Positive,0.945,Pre Covid
4403,539,Unknown Lounge,Istanbul Airport,Business Class,Business,0,2011-11-28,Germany,3.0,4.0,3.0,3.0,4.0,4.0,1.0,0,Historical (Pre-2015),Positive,0.5135,Pre Covid
4404,539,Unknown Lounge,Istanbul Airport,Business Class,Business,0,2011-10-22,Singapore,3.0,2.0,3.0,3.0,3.0,2.0,2.0,0,Historical (Pre-2015),Positive,0.5879,Pre Covid
4405,539,Unknown Lounge,Istanbul Airport,Business Class,Business,0,2011-10-21,United Kingdom,4.0,4.0,5.0,5.0,5.0,4.0,3.0,0,Historical (Pre-2015),Positive,0.9527,Pre Covid
4406,539,Unknown Lounge,Istanbul Airport,Business Class,Business,0,2011-09-13,Australia,5.0,5.0,5.0,4.0,4.0,4.0,3.0,0,Historical (Pre-2015),Negative,-0.4588,Pre Covid
4407,539,Unknown Lounge,Istanbul Airport,Business Class,Business,0,2011-07-31,Australia,5.0,5.0,5.0,4.0,5.0,,3.0,0,Historical (Pre-2015),Positive,0.7713,Pre Covid
4408,539,Unknown Lounge,Istanbul Airport,Business Class,Business,0,2011-05-03,United States,3.0,4.0,2.0,2.0,2.0,2.0,2.0,0,Historical (Pre-2015),Negative,-0.9041,Pre Covid
4409,539,Unknown Lounge,Istanbul Airport,Business Class,Business,0,2010-12-06,United Kingdom,2.0,2.0,2.0,2.0,1.0,2.0,3.0,0,Historical (Pre-2015),Negative,-0.9365,Pre Covid
4410,539,Unknown Lounge,Antalya Airport,Business Class,Business,0,2010-12-06,United Kingdom,4.0,5.0,3.0,3.0,2.0,4.0,4.0,0,Historical (Pre-2015),Positive,0.3612,Pre Covid
4411,539,Unknown Lounge,Istanbul Airport,Business Class,Business,0,2010-11-20,United Kingdom,4.0,4.0,4.0,3.0,4.0,5.0,4.0,0,Historical (Pre-2015),Positive,0.8641,Pre Covid
4412,539,Unknown Lounge,Istanbul Airport,Business Class,Business,0,2009-05-25,United Kingdom,4.0,4.0,3.0,3.0,4.0,4.0,4.0,0,Historical (Pre-2015),Positive,0.2263,Pre Covid
4417,557,The Loft,Los Angeles LAX Airport,First Class,Unknown,0,2015-11-02,United States,3.0,3.0,1.0,1.0,1.0,4.0,3.0,1,Modern (2015-Present),Positive,0.937,Pre Covid
4418,557,Unknown Lounge,Los Angeles LAX Airport,First Class,Unknown,0,2015-01-27,United States,3.0,4.0,5.0,2.0,3.0,4.0,5.0,1,Modern (2015-Present),Negative,-0.177,Pre Covid
4419,547,United Club,Dallas Fort-Worth Airport,Members,Unknown,1,2026-06-08,United States,4.0,4.0,,4.0,,5.0,4.0,1,Modern (2015-Present),Positive,0.9379,After Covid
4420,547,United Club,Houston IAH,Members,Unknown,1,2026-01-12,United States,4.0,4.0,4.0,2.0,4.0,5.0,5.0,1,Modern (2015-Present),Positive,0.8357,After Covid
4421,547,United Club,Dallas Fort-Worth Airport,Members,Unknown,1,2026-01-12,United States,4.0,5.0,4.0,4.0,5.0,4.0,4.0,1,Modern (2015-Present),Positive,0.8815,After Covid
4422,547,United Club,Las Vegas Airport,Business Class,Business,0,2025-10-30,Thailand,2.0,3.0,2.0,1.0,3.0,,2.0,0,Modern (2015-Present),Negative,-0.8316,After Covid
4423,547,Polaris,San Francisco Airport,Business Class,Business,0,2025-08-08,Netherlands,2.0,4.0,1.0,1.0,4.0,3.0,3.0,0,Modern (2015-Present),Positive,0.8131,After Covid
4424,547,Star Alliance Lounge,Newark Airport,Pay to Use,Unknown,0,2025-07-12,United States,5.0,5.0,5.0,5.0,,5.0,5.0,1,Modern (2015-Present),Positive,0.9544,After Covid
4425,547,Polaris Lounge,Houston IAH,Business Class,Business,1,2024-11-09,Germany,5.0,5.0,5.0,4.0,5.0,5.0,5.0,1,Modern (2015-Present),Positive,0.9719,After Covid
4426,547,Polaris Lounge,San Francisco Airport,Business Class,Business,1,2024-07-18,Australia,1.0,1.0,1.0,1.0,1.0,1.0,1.0,0,Modern (2015-Present),Negative,-0.5385,After Covid
4427,547,United Club,Dallas Fort-Worth Airport,Members,Unknown,1,2024-07-09,United States,4.0,4.0,4.0,4.0,3.0,5.0,5.0,1,Modern (2015-Present),Positive,0.4215,After Covid
4428,547,Polaris,Newark Airport,Business Class,Business,1,2024-03-04,United Kingdom,4.0,4.0,4.0,2.0,4.0,5.0,3.0,1,Modern (2015-Present),Positive,0.9348,After Covid
4429,547,United Club Terminal E,Dallas Fort-Worth Airport,Members,Unknown,1,2024-02-26,United States,4.0,4.0,4.0,3.0,4.0,5.0,,1,Modern (2015-Present),Positive,0.9183,After Covid
4430,547,Unknown Lounge,Los Angeles LAX Airport,Frequent Flyer,Unknown,1,2023-12-21,Australia,5.0,5.0,5.0,5.0,4.0,5.0,5.0,1,Modern (2015-Present),Positive,0.743,After Covid
4431,547,Polaris,San Francisco Airport,Business Class,Business,1,2023-08-11,Thailand,4.0,4.0,4.0,2.0,,4.0,3.0,1,Modern (2015-Present),Positive,0.9393,After Covid
4432,547,United Airlines Lounge,Mexico City Airport,Frequent Flyer,Unknown,0,2023-08-11,Germany,1.0,1.0,,,,,,0,Modern (2015-Present),Negative,-0.4019,After Covid
4433,547,United Club F Gates,San Francisco Airport,Members,Unknown,1,2023-07-16,United States,4.0,4.0,,5.0,4.0,5.0,5.0,1,Modern (2015-Present),Positive,0.8439,After Covid
4434,547,United Club,Dallas Fort-Worth Airport,Members,Unknown,1,2023-07-16,United States,4.0,4.0,,2.0,,5.0,5.0,1,Modern (2015-Present),Positive,0.8577,After Covid
4435,547,Club,Orlando Airport,Business Class,Business,1,2023-06-23,United States,2.0,,,,,,1.0,0,Modern (2015-Present),Positive,0.1531,After Covid
4436,547,United Lounge IAH Terminal C North,Houston IAH,Business Class,Business,1,2023-05-13,United States,4.0,4.0,4.0,3.0,3.0,4.0,5.0,1,Modern (2015-Present),Positive,0.9326,After Covid
4437,547,United Club E Gates,San Francisco Airport,Members,Unknown,1,2022-10-08,United States,4.0,5.0,,4.0,5.0,5.0,4.0,1,Modern (2015-Present),Positive,0.8687,After Covid
4438,547,United Club,Dallas Fort-Worth Airport,Members,Unknown,1,2022-10-08,United States,4.0,4.0,,4.0,4.0,5.0,4.0,1,Modern (2015-Present),Positive,0.9545,After Covid
4439,547,Unknown Lounge,Portland Airport,Business Class,Business,1,2022-06-23,United Kingdom,4.0,4.0,3.0,4.0,3.0,3.0,4.0,1,Modern (2015-Present),Positive,0.9423,After Covid
4440,547,United Club,Dallas Fort-Worth Airport,Members,Unknown,1,2022-05-25,United States,4.0,4.0,,2.0,,5.0,4.0,1,Modern (2015-Present),Positive,0.9831,After Covid
4441,547,Polaris Lounge,Chicago O'Hare Airport,Business Class,Business,1,2022-05-25,United States,4.0,4.0,,5.0,4.0,5.0,4.0,1,Modern (2015-Present),Positive,0.9381,After Covid
4442,547,United Club,Chicago O'Hare Airport,Business Class,Business,1,2022-05-19,Malaysia,2.0,1.0,1.0,1.0,1.0,4.0,4.0,0,Modern (2015-Present),Positive,0.4582,After Covid
4443,547,United Club SFO,San Francisco Airport,Business Class,Business,1,2022-02-19,United States,3.0,3.0,4.0,4.0,,3.0,4.0,1,Modern (2015-Present),Positive,0.9441,After Covid
4444,547,Denver B23,Denver Airport,Members,Unknown,1,2022-02-18,United States,3.0,1.0,1.0,1.0,2.0,3.0,1.0,0,Modern (2015-Present),Positive,0.6253,After Covid
4445,547,United Club,Los Angeles LAX Airport,Members,Unknown,0,2022-02-01,United States,5.0,5.0,3.0,3.0,2.0,5.0,5.0,1,Modern (2015-Present),Positive,0.9778,After Covid
4446,547,United Club,Orlando Airport,Pay to Use,Unknown,1,2021-12-08,United States,2.0,3.0,3.0,1.0,4.0,,4.0,0,Modern (2015-Present),Negative,-0.7339,Covid
4447,547,United Club,Chicago O'Hare Airport,First Class,Unknown,1,2021-08-29,United States,3.0,3.0,1.0,1.0,2.0,3.0,2.0,0,Modern (2015-Present),Negative,-0.9507,Covid
4448,547,United Club,London Heathrow Airport,Business Class,Business,0,2020-04-17,Thailand,3.0,4.0,3.0,3.0,5.0,4.0,5.0,1,Modern (2015-Present),Positive,0.96,Covid
4449,547,Unknown Lounge,San Francisco Airport,Members,Unknown,1,2019-12-29,United States,2.0,2.0,1.0,1.0,2.0,2.0,1.0,0,Modern (2015-Present),Positive,0.3819,Pre Covid
4450,547,Unknown Lounge,London Heathrow Airport,Business Class,Business,1,2019-12-12,United Kingdom,4.0,5.0,4.0,2.0,3.0,4.0,4.0,1,Modern (2015-Present),Positive,0.9911,Pre Covid
4451,547,Unknown Lounge,Houston IAH,First Class,Unknown,1,2019-12-05,United States,2.0,3.0,1.0,1.0,2.0,3.0,2.0,0,Modern (2015-Present),Negative,-0.1833,Pre Covid
4452,547,Unknown Lounge,San Jose Intl Airport,Frequent Flyer,Unknown,1,2019-11-21,United States,1.0,1.0,1.0,1.0,,1.0,1.0,0,Modern (2015-Present),Negative,-0.8753,Pre Covid
4453,547,United Club Terminal E,Houston IAH,Members,Unknown,1,2019-11-17,United States,3.0,3.0,4.0,1.0,1.0,2.0,2.0,0,Modern (2015-Present),Positive,0.128,Pre Covid
4454,547,United Club,Chicago O'Hare Airport,Members,Unknown,0,2019-09-30,United States,5.0,5.0,3.0,1.0,5.0,4.0,5.0,1,Modern (2015-Present),Positive,0.9754,Pre Covid
4455,547,Polaris Lounge,San Francisco Airport,Business Class,Business,0,2019-07-21,Thailand,5.0,5.0,5.0,5.0,5.0,5.0,5.0,1,Modern (2015-Present),Positive,0.9647,Pre Covid
4456,547,United Club Domestic,Newark Airport,Business Class,Business,1,2019-07-21,Thailand,2.0,4.0,2.0,2.0,,5.0,4.0,1,Modern (2015-Present),Positive,0.8873,Pre Covid
4457,547,Polaris Lounge,Chicago O'Hare Airport,Business Class,Business,1,2019-06-21,United States,5.0,5.0,5.0,5.0,5.0,5.0,5.0,1,Modern (2015-Present),Positive,0.9522,Pre Covid
4458,547,Unknown Lounge,London Heathrow Airport,Frequent Flyer,Unknown,1,2019-03-17,United States,4.0,4.0,5.0,4.0,4.0,5.0,5.0,1,Modern (2015-Present),Positive,0.9182,Pre Covid
4459,547,United Club,Tokyo Narita Airport,Business Class,Business,1,2019-03-03,United States,3.0,3.0,4.0,3.0,1.0,4.0,3.0,1,Modern (2015-Present),Positive,0.9699,Pre Covid
4460,547,United Airlines,Denver Airport,Frequent Flyer,Unknown,0,2019-02-25,United States,4.0,3.0,3.0,1.0,3.0,2.0,2.0,1,Modern (2015-Present),Negative,-0.1796,Pre Covid
4461,547,United Club,Dallas Fort-Worth Airport,Frequent Flyer,Unknown,1,2019-01-11,United Kingdom,4.0,5.0,4.0,3.0,5.0,4.0,5.0,1,Modern (2015-Present),Positive,0.9735,Pre Covid
4462,547,Polaris,San Francisco Airport,Business Class,Business,0,2018-12-10,United States,5.0,5.0,5.0,5.0,5.0,5.0,5.0,1,Modern (2015-Present),Positive,0.9643,Pre Covid
4463,547,Polaris Lounge,San Francisco Airport,Business Class,Business,1,2018-12-02,Germany,4.0,5.0,4.0,5.0,4.0,5.0,3.0,1,Modern (2015-Present),Positive,0.8777,Pre Covid
4464,547,United Club,Chicago O'Hare Airport,Members,Unknown,1,2018-11-27,United States,5.0,4.0,,4.0,4.0,5.0,5.0,1,Modern (2015-Present),Positive,0.9199,Pre Covid
4465,547,Unknown Lounge,London Heathrow Airport,Business Class,Business,1,2018-10-23,United Kingdom,5.0,5.0,4.0,2.0,2.0,5.0,4.0,1,Modern (2015-Present),Positive,0.9916,Pre Covid
4466,547,United Club,Chicago O'Hare Airport,Pay to Use,Unknown,0,2018-09-21,United States,5.0,5.0,3.0,4.0,5.0,5.0,4.0,1,Modern (2015-Present),Positive,0.9979,Pre Covid
4467,547,Polaris Lounge,San Francisco Airport,Business Class,Business,0,2018-08-11,Thailand,5.0,5.0,5.0,5.0,5.0,5.0,5.0,1,Modern (2015-Present),Positive,0.9752,Pre Covid
4468,547,United Club,London Heathrow Airport,Business Class,Business,1,2018-06-09,Germany,5.0,5.0,5.0,5.0,5.0,5.0,5.0,1,Modern (2015-Present),Positive,0.9804,Pre Covid
4469,547,United Club,Washington Dulles Airport,Frequent Flyer,Unknown,1,2018-06-03,United States,4.0,3.0,3.0,4.0,,,3.0,1,Modern (2015-Present),Positive,0.7263,Pre Covid
4470,547,United Club - Concourse F,Chicago O'Hare Airport,Pay to Use,Unknown,0,2018-04-03,United States,4.0,4.0,3.0,2.0,,5.0,4.0,1,Modern (2015-Present),Positive,0.9762,Pre Covid
4471,547,Unknown Lounge,Los Angeles LAX Airport,First Class,Unknown,1,2018-04-02,United States,2.0,2.0,2.0,1.0,1.0,2.0,2.0,0,Modern (2015-Present),Positive,0.9657,Pre Covid
4472,547,United Club,Denver Airport,Frequent Flyer,Unknown,1,2018-02-01,United States,3.0,4.0,3.0,3.0,4.0,4.0,5.0,1,Modern (2015-Present),Positive,0.9588,Pre Covid
4473,547,United Club,Dallas Fort-Worth Airport,Pay to Use,Unknown,1,2017-12-16,United States,1.0,3.0,1.0,1.0,2.0,1.0,1.0,0,Modern (2015-Present),Positive,0.9881,Pre Covid
4474,547,United First Class Lounge,San Francisco Airport,First Class,Unknown,0,2017-12-10,United States,3.0,2.0,2.0,1.0,1.0,3.0,2.0,0,Modern (2015-Present),Positive,0.942,Pre Covid
4475,547,United Club,Houston IAH,Members,Unknown,0,2017-11-07,United States,3.0,3.0,4.0,4.0,3.0,4.0,4.0,1,Modern (2015-Present),Positive,0.9674,Pre Covid
4476,547,United Club,San Francisco Airport,Frequent Flyer,Unknown,0,2017-10-13,Thailand,3.0,3.0,2.0,2.0,,3.0,3.0,1,Modern (2015-Present),Positive,0.4489,Pre Covid
4477,547,United Club,Denver Airport,Frequent Flyer,Unknown,0,2017-06-23,United States,4.0,5.0,5.0,3.0,4.0,5.0,5.0,1,Modern (2015-Present),Positive,0.9866,Pre Covid
4478,547,United lounge,Honolulu Airport,First Class,Unknown,0,2017-06-19,Switzerland,4.0,4.0,4.0,3.0,4.0,4.0,5.0,1,Modern (2015-Present),Positive,0.9867,Pre Covid
4479,547,United Club SFO Gate 69,San Francisco Airport,Members,Unknown,0,2017-06-13,United States,5.0,5.0,5.0,4.0,5.0,5.0,4.0,1,Modern (2015-Present),Positive,0.9696,Pre Covid
4480,547,United Club D Concourse,Washington Dulles Airport,Members,Unknown,0,2017-06-13,United States,4.0,4.0,3.0,4.0,2.0,4.0,3.0,1,Modern (2015-Present),Positive,0.9383,Pre Covid
4481,547,Unknown Lounge,Los Angeles LAX Airport,Business Class,Business,0,2017-06-10,Switzerland,4.0,4.0,4.0,3.0,4.0,5.0,4.0,1,Modern (2015-Present),Positive,0.2732,Pre Covid
4482,547,Business/First,Los Angeles LAX Airport,First Class,Unknown,0,2017-03-19,Australia,3.0,2.0,1.0,1.0,2.0,3.0,1.0,0,Modern (2015-Present),Negative,-0.5106,Pre Covid
4483,547,Polaris,Chicago O'Hare Airport,Business Class,Business,0,2017-02-21,United States,5.0,5.0,5.0,5.0,5.0,5.0,5.0,1,Modern (2015-Present),Positive,0.9621,Pre Covid
4484,547,Unknown Lounge,London Heathrow Airport,First Class,Unknown,0,2017-02-15,United Kingdom,5.0,5.0,4.0,3.0,,,3.0,1,Modern (2015-Present),Positive,0.9474,Pre Covid
4485,547,Unknown Lounge,Hong Kong Airport,Business Class,Business,0,2017-02-15,Namibia,1.0,2.0,1.0,1.0,,2.0,1.0,0,Modern (2015-Present),Negative,-0.4287,Pre Covid
4486,547,United Club,San Francisco Airport,Business Class,Business,0,2017-02-15,Thailand,3.0,4.0,4.0,3.0,3.0,3.0,4.0,1,Modern (2015-Present),Positive,0.7893,Pre Covid
4487,547,United Club,Boston Logan Airport,Business Class,Business,0,2017-02-06,United States,4.0,5.0,,5.0,5.0,5.0,5.0,1,Modern (2015-Present),Positive,0.9852,Pre Covid
4488,547,United Club,Seattle Airport,Frequent Flyer,Unknown,0,2017-01-15,United States,4.0,5.0,4.0,4.0,,5.0,5.0,1,Modern (2015-Present),Positive,0.9949,Pre Covid
4489,547,Club Lounge,London Heathrow Airport,Business Class,Business,0,2016-11-24,United States,5.0,5.0,5.0,5.0,5.0,5.0,5.0,1,Modern (2015-Present),Positive,0.9686,Pre Covid
4490,547,United Club,Houston IAH,Business Class,Business,0,2016-11-05,United Kingdom,3.0,3.0,2.0,1.0,2.0,4.0,2.0,0,Modern (2015-Present),Negative,-0.7863,Pre Covid
4491,547,Terminal 1 Gate B18,Chicago O'Hare Airport,Frequent Flyer,Unknown,0,2016-09-13,Austria,5.0,4.0,4.0,4.0,5.0,5.0,5.0,1,Modern (2015-Present),Positive,0.9719,Pre Covid
4492,547,United Club,San Francisco Airport,First Class,Unknown,0,2016-08-06,United States,1.0,1.0,,,,,,0,Modern (2015-Present),Positive,0.7453,Pre Covid
4493,547,United Club West,Denver Airport,Frequent Flyer,Unknown,0,2016-07-16,United States,2.0,2.0,2.0,1.0,3.0,2.0,1.0,0,Modern (2015-Present),Positive,0.5423,Pre Covid
4494,547,Unknown Lounge,Guam International Airport,First Class,Unknown,0,2016-06-04,Guam,2.0,2.0,2.0,1.0,,4.0,2.0,0,Modern (2015-Present),Negative,-0.8633,Pre Covid
4495,547,United Club,Los Angeles LAX Airport,Business Class,Business,0,2016-03-25,United States,4.0,4.0,3.0,3.0,3.0,3.0,3.0,1,Modern (2015-Present),Positive,0.9477,Pre Covid
4496,547,United Lounge,Hong Kong Airport,Frequent Flyer,Unknown,0,2016-02-24,Singapore,4.0,4.0,5.0,4.0,,4.0,4.0,1,Modern (2015-Present),Positive,0.9652,Pre Covid
4497,547,Unknown Lounge,Austin Airport,First Class,Unknown,0,2016-02-03,Australia,3.0,4.0,3.0,2.0,3.0,4.0,4.0,1,Modern (2015-Present),Positive,0.665,Pre Covid
4498,547,United,Houston IAH,First Class,Unknown,0,2016-01-31,United States,2.0,2.0,1.0,1.0,2.0,2.0,2.0,0,Modern (2015-Present),Positive,0.6908,Pre Covid
4499,547,United Club Terminal E,Houston IAH,First Class,Unknown,0,2016-01-08,United Kingdom,3.0,4.0,4.0,2.0,3.0,4.0,3.0,1,Modern (2015-Present),Negative,-0.2748,Pre Covid
4500,547,Copa,Panama Tocumen Airport,First Class,Unknown,0,2016-01-08,India,3.0,4.0,3.0,2.0,1.0,4.0,3.0,1,Modern (2015-Present),Positive,0.1531,Pre Covid
4501,547,United Club,Houston IAH,Business Class,Business,0,2016-01-02,India,4.0,4.0,4.0,3.0,2.0,4.0,3.0,1,Modern (2015-Present),Positive,0.4343,Pre Covid
4502,547,Unknown Lounge,London Heathrow Airport,First Class,Unknown,0,2015-12-05,United Kingdom,4.0,5.0,5.0,4.0,4.0,5.0,4.0,1,Modern (2015-Present),Positive,0.9436,Pre Covid
4503,547,United Club,Chicago O'Hare Airport,First Class,Unknown,0,2015-11-23,Canada,5.0,5.0,5.0,4.0,5.0,5.0,5.0,1,Modern (2015-Present),Positive,0.963,Pre Covid
4504,547,United Club - Terminal E,Houston IAH,Frequent Flyer,Unknown,0,2015-11-23,United States,4.0,5.0,4.0,3.0,4.0,5.0,5.0,1,Modern (2015-Present),Positive,0.9931,Pre Covid
4505,547,United Club,London Heathrow Airport,Business Class,Business,0,2015-11-23,Germany,5.0,4.0,4.0,5.0,5.0,4.0,5.0,1,Modern (2015-Present),Positive,0.9528,Pre Covid
4506,547,Unknown Lounge,Washington Dulles Airport,Business Class,Business,0,2015-11-06,Belgium,1.0,1.0,1.0,1.0,1.0,4.0,1.0,0,Modern (2015-Present),Negative,-0.8806,Pre Covid
4507,547,Unknown Lounge,San Francisco Airport,First Class,Unknown,0,2015-11-06,United States,2.0,2.0,2.0,1.0,3.0,4.0,3.0,0,Modern (2015-Present),Negative,-0.5413,Pre Covid
4508,547,United Club,Las Vegas Airport,Business Class,Business,0,2015-10-03,United Kingdom,3.0,3.0,3.0,1.0,,3.0,3.0,0,Modern (2015-Present),Positive,0.624,Pre Covid
4509,547,Terminal 3 Concourse F,San Francisco Airport,Business Class,Business,0,2015-09-20,United States,2.0,2.0,1.0,1.0,2.0,4.0,1.0,0,Modern (2015-Present),Positive,0.5147,Pre Covid
4510,547,United Club,London Heathrow Airport,Frequent Flyer,Unknown,0,2015-09-18,United States,5.0,5.0,5.0,5.0,5.0,5.0,5.0,1,Modern (2015-Present),Positive,0.9816,Pre Covid
4511,547,Global one,Washington Dulles Airport,First Class,Unknown,0,2015-09-14,United States,4.0,4.0,4.0,4.0,4.0,,3.0,1,Modern (2015-Present),Positive,0.9522,Pre Covid
4512,547,Unknown Lounge,San Francisco Airport,Frequent Flyer,Unknown,0,2015-09-10,New Zealand,1.0,2.0,1.0,1.0,,3.0,1.0,0,Modern (2015-Present),Negative,-0.2023,Pre Covid
4513,547,Unknown Lounge,Newark Airport,First Class,Unknown,0,2015-09-09,Italy,1.0,1.0,1.0,1.0,1.0,3.0,2.0,0,Modern (2015-Present),Negative,-0.5137,Pre Covid
4514,547,Presidential club,Honolulu Airport,First Class,Unknown,0,2015-09-03,United States,1.0,2.0,1.0,1.0,2.0,2.0,1.0,0,Modern (2015-Present),Negative,-0.9728,Pre Covid
4515,547,Presidential club,Houston IAH,First Class,Unknown,0,2015-09-03,United States,4.0,4.0,4.0,2.0,4.0,4.0,5.0,1,Modern (2015-Present),Positive,0.9714,Pre Covid
4516,547,International Terminal,San Francisco Airport,Business Class,Business,0,2015-08-14,United Kingdom,3.0,4.0,2.0,2.0,3.0,4.0,3.0,1,Modern (2015-Present),Positive,0.228,Pre Covid
4517,547,Unknown Lounge,Chicago O'Hare Airport,First Class,Unknown,0,2015-08-14,United Kingdom,3.0,3.0,3.0,3.0,3.0,4.0,4.0,1,Modern (2015-Present),Negative,-0.2942,Pre Covid
4518,547,Unknown Lounge,London Heathrow Airport,Business Class,Business,0,2015-08-14,United Kingdom,5.0,5.0,5.0,5.0,5.0,5.0,5.0,1,Modern (2015-Present),Positive,0.9559,Pre Covid
4519,547,Unknown Lounge,Newark Airport,Business Class,Business,0,2015-07-27,Belgium,2.0,3.0,3.0,2.0,2.0,3.0,2.0,0,Modern (2015-Present),Negative,-0.3595,Pre Covid
4520,547,Unknown Lounge,Chicago O'Hare Airport,Business Class,Business,0,2015-07-26,Italy,2.0,2.0,1.0,1.0,,3.0,1.0,0,Modern (2015-Present),Negative,-0.4404,Pre Covid
4521,547,United Club C16,Chicago O'Hare Airport,Frequent Flyer,Unknown,0,2015-07-03,United States,3.0,3.0,2.0,3.0,3.0,3.0,4.0,1,Modern (2015-Present),Negative,-0.8176,Pre Covid
4522,547,Club,San Francisco Airport,First Class,Unknown,0,2015-06-21,United States,1.0,1.0,1.0,1.0,1.0,2.0,1.0,0,Modern (2015-Present),Positive,0.787,Pre Covid
4523,547,United Club,Honolulu Airport,Frequent Flyer,Unknown,0,2015-06-19,United States,4.0,4.0,3.0,2.0,1.0,3.0,5.0,1,Modern (2015-Present),Positive,0.967,Pre Covid
4524,547,United Club,Washington Dulles Airport,Unknown,Unknown,0,2015-06-18,United States,4.0,4.0,,4.0,,4.0,,1,Modern (2015-Present),Positive,0.9867,Pre Covid
4525,547,United Club,Philadelphia Airport,Business Class,Business,0,2015-06-11,United Kingdom,1.0,1.0,1.0,1.0,1.0,1.0,1.0,0,Modern (2015-Present),Negative,-0.8011,Pre Covid
4526,547,Unknown Lounge,London Heathrow Airport,Business Class,Business,0,2015-06-04,United Kingdom,5.0,5.0,5.0,5.0,5.0,5.0,5.0,1,Modern (2015-Present),Positive,0.9637,Pre Covid
4527,547,Unknown Lounge,Austin Airport,First Class,Unknown,0,2015-05-29,United States,1.0,1.0,1.0,1.0,1.0,1.0,1.0,0,Modern (2015-Present),Positive,0.1749,Pre Covid
4528,547,United Club,Newark Airport,Unknown,Unknown,0,2015-05-10,United States,1.0,3.0,1.0,1.0,3.0,4.0,1.0,0,Modern (2015-Present),Negative,-0.9521,Pre Covid
4529,547,Red Carpet,Newark Airport,Unknown,Unknown,0,2015-05-10,United States,2.0,3.0,1.0,2.0,1.0,4.0,1.0,0,Modern (2015-Present),Positive,0.3126,Pre Covid
4530,547,United Club,Newark Airport,Unknown,Unknown,0,2015-05-10,United States,1.0,1.0,1.0,1.0,1.0,1.0,1.0,0,Modern (2015-Present),Positive,0.7579,Pre Covid
4531,547,Unknown Lounge,San Francisco Airport,First Class,Unknown,0,2015-04-02,United States,1.0,1.0,1.0,1.0,1.0,1.0,1.0,0,Modern (2015-Present),Negative,-0.5927,Pre Covid
4532,547,Unknown Lounge,Los Angeles LAX Airport,First Class,Unknown,0,2015-04-02,Australia,2.0,1.0,2.0,1.0,1.0,4.0,1.0,0,Modern (2015-Present),Negative,-0.9191,Pre Covid
4533,547,Unknown Lounge,San Francisco Airport,Business Class,Business,0,2015-03-29,United States,1.0,1.0,1.0,1.0,1.0,3.0,1.0,0,Modern (2015-Present),Negative,-0.8126,Pre Covid
4534,547,Unknown Lounge,London Heathrow Airport,First Class,Unknown,0,2015-03-22,United Kingdom,4.0,4.0,4.0,1.0,2.0,4.0,1.0,0,Modern (2015-Present),Positive,0.965,Pre Covid
4535,547,United Club,San Francisco Airport,Unknown,Unknown,0,2015-03-22,Finland,2.0,3.0,2.0,1.0,3.0,4.0,2.0,0,Modern (2015-Present),Positive,0.6174,Pre Covid
4536,547,Star Alliance,Newark Airport,Unknown,Unknown,0,2015-03-22,United Kingdom,4.0,4.0,2.0,1.0,4.0,4.0,1.0,0,Modern (2015-Present),Positive,0.3382,Pre Covid
4537,547,United Club,San Francisco Airport,Unknown,Unknown,0,2015-03-22,Switzerland,1.0,2.0,1.0,1.0,3.0,2.0,3.0,0,Modern (2015-Present),Positive,0.9402,Pre Covid
4538,547,United Club,Newark Airport,Unknown,Unknown,0,2015-03-22,Brazil,3.0,3.0,3.0,3.0,4.0,3.0,3.0,1,Modern (2015-Present),Positive,0.7179,Pre Covid
4539,547,Star Alliance,Sao Paulo Guarulhos Airport,Unknown,Unknown,0,2015-03-22,United States,2.0,1.0,2.0,2.0,1.0,2.0,1.0,0,Modern (2015-Present),Negative,-0.4588,Pre Covid
4540,547,Unknown Lounge,Las Vegas Airport,Business Class,Business,0,2015-03-22,New Zealand,1.0,1.0,1.0,1.0,1.0,1.0,1.0,0,Modern (2015-Present),Negative,-0.6249,Pre Covid
4541,547,Unknown Lounge,London Heathrow Airport,Business Class,Business,0,2015-03-22,United States,5.0,5.0,5.0,5.0,5.0,5.0,5.0,1,Modern (2015-Present),Positive,0.4404,Pre Covid
4542,547,United Club,Newark Airport,Unknown,Unknown,0,2015-02-07,United States,1.0,3.0,1.0,1.0,3.0,1.0,1.0,0,Modern (2015-Present),Negative,-0.5688,Pre Covid
4543,547,Unknown Lounge,Mumbai Airport,Business Class,Business,0,2015-01-27,United States,3.0,1.0,3.0,3.0,1.0,2.0,3.0,0,Modern (2015-Present),Positive,0.2462,Pre Covid
4544,547,United Club,San Francisco Airport,Unknown,Unknown,0,2015-01-27,Germany,1.0,4.0,2.0,1.0,1.0,4.0,2.0,0,Modern (2015-Present),Negative,-0.4596,Pre Covid
4545,547,Unknown Lounge,Hong Kong Airport,Business Class,Business,0,2015-01-27,United States,1.0,1.0,2.0,1.0,1.0,1.0,1.0,1,Modern (2015-Present),Positive,0.9702,Pre Covid
4546,547,Unknown Lounge,Honolulu Airport,Business Class,Business,0,2015-01-04,Japan,2.0,4.0,2.0,1.0,2.0,3.0,3.0,0,Modern (2015-Present),Positive,0.747,Pre Covid
4547,547,United Club,Los Angeles LAX Airport,Unknown,Unknown,0,2014-11-19,United States,1.0,1.0,1.0,1.0,1.0,1.0,1.0,0,Historical (Pre-2015),Positive,0.865,Pre Covid
4548,547,United Club,London Heathrow Airport,Business Class,Business,0,2014-11-19,United Kingdom,4.0,4.0,5.0,5.0,4.0,4.0,4.0,1,Historical (Pre-2015),Positive,0.9705,Pre Covid
4549,547,Unknown Lounge,Melbourne Airport,Business Class,Business,0,2014-11-19,United States,1.0,2.0,3.0,1.0,1.0,1.0,2.0,0,Historical (Pre-2015),Negative,-0.8614,Pre Covid
4550,547,United Club,Las Vegas Airport,First Class,Unknown,0,2014-11-19,United Kingdom,1.0,2.0,1.0,2.0,1.0,1.0,1.0,0,Historical (Pre-2015),Negative,-0.765,Pre Covid
4551,547,United Club,Newark Airport,Business Class,Business,0,2014-11-06,India,1.0,1.0,1.0,1.0,1.0,3.0,2.0,0,Historical (Pre-2015),Positive,0.9395,Pre Covid
4552,547,United Club,Chicago O'Hare Airport,Unknown,Unknown,0,2014-10-05,Canada,3.0,3.0,1.0,1.0,3.0,2.0,2.0,0,Historical (Pre-2015),Negative,-0.1184,Pre Covid
4553,547,Global First,London Heathrow Airport,First Class,Unknown,0,2014-10-04,United Kingdom,3.0,4.0,4.0,2.0,3.0,3.0,2.0,0,Historical (Pre-2015),Negative,-0.8996,Pre Covid
4554,547,Unknown Lounge,London Heathrow Airport,Business Class,Business,0,2014-10-04,Australia,2.0,3.0,4.0,1.0,4.0,3.0,2.0,0,Historical (Pre-2015),Negative,-0.7468,Pre Covid
4555,547,United Club,Chicago O'Hare Airport,Unknown,Unknown,0,2014-10-03,Canada,2.0,3.0,2.0,1.0,3.0,3.0,2.0,0,Historical (Pre-2015),Positive,0.8732,Pre Covid
4556,547,Unknown Lounge,Tel Aviv Airport,Business Class,Business,0,2014-10-03,United States,2.0,4.0,1.0,1.0,1.0,3.0,2.0,0,Historical (Pre-2015),Negative,-0.3746,Pre Covid
4557,547,United Club,Unknown,Unknown,Unknown,0,2014-10-03,United States,3.0,3.0,2.0,1.0,3.0,3.0,2.0,0,Historical (Pre-2015),Positive,0.2723,Pre Covid
4558,547,Unknown Lounge,Washington Dulles Airport,First Class,Unknown,0,2014-10-03,United States,1.0,1.0,1.0,1.0,2.0,2.0,1.0,0,Historical (Pre-2015),Negative,-0.7625,Pre Covid
4559,547,Unknown Lounge,Chicago O'Hare Airport,First Class,Unknown,0,2014-10-03,Thailand,4.0,5.0,4.0,5.0,4.0,4.0,4.0,1,Historical (Pre-2015),Positive,0.9376,Pre Covid
4560,547,Unknown Lounge,Los Angeles LAX Airport,Business Class,Business,0,2014-08-30,Japan,2.0,3.0,1.0,1.0,1.0,2.0,2.0,0,Historical (Pre-2015),Negative,-0.862,Pre Covid
4561,547,United Club,San Francisco Airport,Unknown,Unknown,0,2014-08-30,United States,2.0,1.0,2.0,1.0,1.0,3.0,1.0,0,Historical (Pre-2015),Negative,-0.6542,Pre Covid
4562,547,Star Alliance,London Heathrow Airport,Business Class,Business,0,2014-08-30,United States,5.0,5.0,5.0,5.0,5.0,1.0,5.0,1,Historical (Pre-2015),Positive,0.8402,Pre Covid
4563,547,Unknown Lounge,Chicago O'Hare Airport,Business Class,Business,0,2014-08-30,Brazil,2.0,3.0,1.0,1.0,2.0,1.0,1.0,0,Historical (Pre-2015),Negative,-0.9039,Pre Covid
4564,547,Unknown Lounge,Tokyo Narita Airport,Business Class,Business,0,2014-08-30,United States,2.0,2.0,1.0,1.0,1.0,1.0,2.0,0,Historical (Pre-2015),Positive,0.8074,Pre Covid
4565,547,Unknown Lounge,Sao Paulo Guarulhos Airport,Business Class,Business,0,2014-08-12,Brazil,1.0,2.0,1.0,1.0,2.0,1.0,1.0,0,Historical (Pre-2015),Negative,-0.8176,Pre Covid
4566,547,Unknown Lounge,San Francisco Airport,Business Class,Business,0,2014-06-04,Ireland,3.0,3.0,1.0,1.0,1.0,4.0,1.0,0,Historical (Pre-2015),Negative,-0.9136,Pre Covid
4567,547,Unknown Lounge,Washington Dulles Airport,Business Class,Business,0,2014-05-12,United States,3.0,1.0,1.0,1.0,2.0,4.0,2.0,0,Historical (Pre-2015),Negative,-0.7106,Pre Covid
4568,547,United Club,Los Angeles LAX Airport,Business Class,Business,0,2014-04-14,Brazil,4.0,4.0,3.0,2.0,3.0,4.0,4.0,1,Historical (Pre-2015),Positive,0.8979,Pre Covid
4569,547,United Club,Chicago O'Hare Airport,Business Class,Business,0,2014-04-14,Germany,2.0,3.0,1.0,1.0,2.0,5.0,2.0,0,Historical (Pre-2015),Positive,0.5106,Pre Covid
4570,547,Unknown Lounge,Tokyo Narita Airport,First Class,Unknown,0,2014-03-30,Thailand,5.0,5.0,5.0,4.0,5.0,5.0,5.0,1,Historical (Pre-2015),Positive,0.875,Pre Covid
4571,547,United Club,Unknown,Business Class,Business,0,2014-03-30,United States,3.0,3.0,1.0,1.0,4.0,2.0,2.0,0,Historical (Pre-2015),Positive,0.8847,Pre Covid
4572,547,Unknown Lounge,Chicago O'Hare Airport,Business Class,Business,0,2014-02-20,United States,2.0,4.0,2.0,1.0,3.0,3.0,3.0,0,Historical (Pre-2015),Negative,-0.6677,Pre Covid
4573,547,United Club,Newark Airport,Business Class,Business,0,2014-02-20,United States,3.0,2.0,1.0,1.0,2.0,3.0,1.0,0,Historical (Pre-2015),Negative,-0.4047,Pre Covid
4574,547,United Club,Unknown,Business Class,Business,0,2014-02-20,United States,5.0,5.0,4.0,4.0,5.0,5.0,5.0,1,Historical (Pre-2015),Positive,0.9738,Pre Covid
4575,547,Star Alliance,Los Angeles LAX Airport,Business Class,Business,0,2014-02-20,United Kingdom,3.0,2.0,1.0,1.0,3.0,3.0,1.0,0,Historical (Pre-2015),Positive,0.4215,Pre Covid
4576,547,United Club,Atlanta Hartsfield Airport,Unknown,Unknown,0,2014-02-07,United States,2.0,4.0,3.0,1.0,1.0,2.0,4.0,0,Historical (Pre-2015),Positive,0.9316,Pre Covid
4577,547,Unknown Lounge,Washington Dulles Airport,Business Class,Business,0,2014-01-29,United Kingdom,2.0,2.0,1.0,1.0,2.0,2.0,1.0,0,Historical (Pre-2015),Negative,-0.7502,Pre Covid
4578,547,Unknown Lounge,Chicago O'Hare Airport,Unknown,Unknown,0,2014-01-06,Australia,,,,,,,1.0,0,Historical (Pre-2015),Positive,0.9388,Pre Covid
4579,547,Unknown Lounge,Jakarta Airport,Business Class,Business,0,2013-12-23,United States,5.0,5.0,4.0,4.0,4.0,5.0,5.0,1,Historical (Pre-2015),Positive,0.9635,Pre Covid
4580,547,Unknown Lounge,Tokyo Narita Airport,Business Class,Business,0,2013-12-23,United States,5.0,5.0,5.0,3.0,4.0,2.0,4.0,1,Historical (Pre-2015),Negative,-0.8965,Pre Covid
4581,547,Unknown Lounge,Unknown,Unknown,Unknown,0,2013-12-23,United States,3.0,2.0,1.0,1.0,2.0,4.0,1.0,0,Historical (Pre-2015),Positive,0.8605,Pre Covid
4582,547,Unknown Lounge,Tokyo Narita Airport,Business Class,Business,0,2013-12-23,United States,4.0,4.0,4.0,2.0,4.0,1.0,4.0,0,Historical (Pre-2015),Negative,-0.0745,Pre Covid
4583,547,Unknown Lounge,Seattle Airport,Business Class,Business,0,2013-11-22,Brazil,4.0,3.0,3.0,,3.0,,4.0,1,Historical (Pre-2015),Positive,0.8539,Pre Covid
4584,547,Unknown Lounge,Houston Hobby Airport,Business Class,Business,0,2013-10-06,Canada,3.0,3.0,,2.0,3.0,4.0,3.0,1,Historical (Pre-2015),Neutral,-0.0089,Pre Covid
4585,547,Unknown Lounge,San Francisco Airport,Business Class,Business,0,2013-09-15,Denmark,2.0,3.0,1.0,1.0,3.0,4.0,2.0,0,Historical (Pre-2015),Positive,0.8281,Pre Covid
4586,547,Unknown Lounge,Denver Airport,Business Class,Business,0,2013-09-15,United States,4.0,4.0,3.0,1.0,1.0,2.0,2.0,0,Historical (Pre-2015),Positive,0.435,Pre Covid
4587,547,Unknown Lounge,Hong Kong Airport,Business Class,Business,0,2013-09-15,New Zealand,4.0,4.0,4.0,4.0,3.0,4.0,4.0,1,Historical (Pre-2015),Positive,0.9618,Pre Covid
4588,547,Unknown Lounge,Houston Hobby Airport,Business Class,Business,0,2013-07-31,United States,4.0,3.0,5.0,2.0,4.0,5.0,4.0,1,Historical (Pre-2015),Positive,0.5544,Pre Covid
4589,547,Unknown Lounge,San Diego Airport,Business Class,Business,0,2013-07-07,United States,5.0,5.0,4.0,3.0,,,5.0,1,Historical (Pre-2015),Positive,0.9516,Pre Covid
4590,547,Unknown Lounge,San Francisco Airport,Business Class,Business,0,2013-07-07,Canada,4.0,4.0,5.0,2.0,3.0,4.0,4.0,1,Historical (Pre-2015),Positive,0.908,Pre Covid
4591,547,Unknown Lounge,Chicago O'Hare Airport,Business Class,Business,0,2013-07-07,Canada,4.0,4.0,4.0,3.0,3.0,4.0,5.0,1,Historical (Pre-2015),Positive,0.4927,Pre Covid
4592,547,Unknown Lounge,Tokyo Narita Airport,Business Class,Business,0,2013-07-07,Thailand,2.0,3.0,2.0,1.0,1.0,1.0,3.0,0,Historical (Pre-2015),Negative,-0.6597,Pre Covid
4593,547,Unknown Lounge,Rome Fiumicino Airport,Business Class,Business,0,2013-05-29,United States,1.0,1.0,3.0,1.0,,,1.0,0,Historical (Pre-2015),Negative,-0.5267,Pre Covid
4594,547,Unknown Lounge,Chicago O'Hare Airport,Business Class,Business,0,2013-04-28,United States,1.0,3.0,1.0,1.0,3.0,,3.0,0,Historical (Pre-2015),Positive,0.1531,Pre Covid
4595,547,Unknown Lounge,San Francisco Airport,Business Class,Business,0,2013-04-24,United States,5.0,4.0,3.0,2.0,3.0,5.0,4.0,1,Historical (Pre-2015),Positive,0.9766,Pre Covid
4596,547,Unknown Lounge,Melbourne Airport,Business Class,Business,0,2013-02-14,United States,4.0,5.0,5.0,5.0,3.0,4.0,5.0,1,Historical (Pre-2015),Positive,0.961,Pre Covid
4597,547,Unknown Lounge,San Francisco Airport,Business Class,Business,0,2013-01-10,Canada,1.0,3.0,1.0,1.0,2.0,4.0,3.0,0,Historical (Pre-2015),Negative,-0.8803,Pre Covid
4598,547,Unknown Lounge,Tokyo Narita Airport,Business Class,Business,0,2012-12-23,Australia,3.0,3.0,1.0,1.0,1.0,2.0,2.0,0,Historical (Pre-2015),Negative,-0.9816,Pre Covid
4599,547,Unknown Lounge,Washington Dulles Airport,Business Class,Business,0,2012-10-29,United States,1.0,1.0,2.0,1.0,,1.0,1.0,0,Historical (Pre-2015),Negative,-0.7213,Pre Covid
4600,547,Unknown Lounge,Unknown,Business Class,Business,0,2012-10-29,United States,3.0,4.0,3.0,1.0,3.0,1.0,3.0,0,Historical (Pre-2015),Positive,0.4445,Pre Covid
4601,547,Unknown Lounge,Sao Paulo Guarulhos Airport,Business Class,Business,0,2012-10-29,United States,2.0,1.0,3.0,3.0,1.0,1.0,2.0,0,Historical (Pre-2015),Positive,0.8017,Pre Covid
4602,547,Unknown Lounge,Chicago O'Hare Airport,Business Class,Business,0,2012-10-04,United States,1.0,3.0,1.0,1.0,3.0,1.0,,0,Historical (Pre-2015),Negative,-0.1326,Pre Covid
4603,547,Unknown Lounge,Los Angeles LAX Airport,Business Class,Business,0,2012-10-04,New Zealand,3.0,3.0,2.0,1.0,1.0,3.0,3.0,0,Historical (Pre-2015),Positive,0.5093,Pre Covid
4604,547,Unknown Lounge,San Francisco Airport,Business Class,Business,0,2012-09-17,United States,3.0,3.0,1.0,1.0,2.0,3.0,2.0,0,Historical (Pre-2015),Negative,-0.6688,Pre Covid
4605,547,Unknown Lounge,Sao Paulo Guarulhos Airport,Business Class,Business,0,2012-09-17,United Kingdom,2.0,1.0,,3.0,2.0,2.0,2.0,0,Historical (Pre-2015),Negative,-0.9552,Pre Covid
4606,547,Unknown Lounge,Washington Dulles Airport,Business Class,Business,0,2012-09-10,United States,4.0,3.0,3.0,1.0,1.0,4.0,1.0,0,Historical (Pre-2015),Negative,-0.3278,Pre Covid
4607,547,Unknown Lounge,Unknown,Business Class,Business,0,2012-09-03,United Kingdom,5.0,5.0,3.0,2.0,5.0,5.0,5.0,1,Historical (Pre-2015),Positive,0.8805,Pre Covid
4608,547,Unknown Lounge,Newark Airport,First Class,Unknown,0,2012-07-25,United States,2.0,2.0,2.0,1.0,3.0,3.0,2.0,0,Historical (Pre-2015),Negative,-0.685,Pre Covid
4609,547,Unknown Lounge,New York JFK Airport,Unknown,Unknown,0,2012-06-05,United States,3.0,2.0,2.0,1.0,2.0,4.0,2.0,0,Historical (Pre-2015),Negative,-0.1431,Pre Covid
4610,547,Unknown Lounge,Chicago O'Hare Airport,Business Class,Business,0,2012-05-21,United Kingdom,3.0,3.0,2.0,1.0,,4.0,3.0,0,Historical (Pre-2015),Negative,-0.1511,Pre Covid
4611,547,Presidents Club,Unknown,Business Class,Business,0,2012-05-08,United Kingdom,3.0,4.0,2.0,2.0,2.0,4.0,1.0,0,Historical (Pre-2015),Positive,0.9562,Pre Covid
4612,547,Unknown Lounge,Chicago O'Hare Airport,Business Class,Business,0,2012-05-02,United States,2.0,2.0,3.0,2.0,1.0,2.0,1.0,0,Historical (Pre-2015),Positive,0.7492,Pre Covid
4613,547,Unknown Lounge,San Francisco Airport,Business Class,Business,0,2012-05-01,United States,3.0,3.0,1.0,1.0,3.0,1.0,2.0,0,Historical (Pre-2015),Negative,-0.4215,Pre Covid
4614,547,Unknown Lounge,Chicago O'Hare Airport,Business Class,Business,0,2012-05-01,United Kingdom,2.0,3.0,1.0,1.0,2.0,4.0,1.0,0,Historical (Pre-2015),Negative,-0.9585,Pre Covid
4615,547,Unknown Lounge,San Francisco Airport,Business Class,Business,0,2012-03-28,United States,2.0,1.0,3.0,1.0,3.0,2.0,2.0,0,Historical (Pre-2015),Negative,-0.7184,Pre Covid
4616,547,Red Carpet,San Francisco Airport,Business Class,Business,0,2012-03-28,United Kingdom,2.0,1.0,2.0,2.0,2.0,4.0,2.0,0,Historical (Pre-2015),Negative,-0.7088,Pre Covid
4617,547,Unknown Lounge,Chicago O'Hare Airport,Business Class,Business,0,2012-02-07,Canada,3.0,4.0,3.0,1.0,,3.0,4.0,0,Historical (Pre-2015),Negative,-0.8647,Pre Covid
4618,547,Unknown Lounge,Los Angeles LAX Airport,Business Class,Business,0,2012-01-25,United States,1.0,1.0,1.0,1.0,1.0,4.0,1.0,0,Historical (Pre-2015),Negative,-0.6866,Pre Covid
4619,547,Unknown Lounge,Chicago O'Hare Airport,Business Class,Business,0,2012-01-25,United States,3.0,2.0,1.0,1.0,,5.0,2.0,0,Historical (Pre-2015),Negative,-0.7616,Pre Covid
4620,547,Unknown Lounge,Sao Paulo Guarulhos Airport,Unknown,Unknown,0,2011-11-28,Brazil,3.0,4.0,4.0,3.0,3.0,3.0,4.0,1,Historical (Pre-2015),Positive,0.8171,Pre Covid
4621,547,Red Carpet,Chicago O'Hare Airport,Unknown,Unknown,0,2011-10-26,United States,2.0,3.0,2.0,1.0,2.0,3.0,2.0,0,Historical (Pre-2015),Positive,0.6124,Pre Covid
4622,547,Red Carpet,Chicago O'Hare Airport,Unknown,Unknown,0,2011-10-22,United Kingdom,3.0,3.0,2.0,2.0,2.0,2.0,2.0,0,Historical (Pre-2015),Negative,-0.9401,Pre Covid
4623,547,Red Carpet,San Francisco Airport,Business Class,Business,0,2011-10-21,Kuwait,2.0,1.0,1.0,3.0,3.0,2.0,2.0,0,Historical (Pre-2015),Positive,0.7264,Pre Covid
4624,547,Unknown Lounge,Chicago O'Hare Airport,Business Class,Business,0,2011-10-21,Canada,2.0,3.0,4.0,2.0,2.0,2.0,2.0,0,Historical (Pre-2015),Neutral,-0.0147,Pre Covid
4625,547,Unknown Lounge,Hong Kong Airport,Business Class,Business,0,2011-10-21,Australia,4.0,5.0,4.0,4.0,5.0,4.0,4.0,0,Historical (Pre-2015),Positive,0.8885,Pre Covid
4626,547,Unknown Lounge,Denver Airport,Business Class,Business,0,2011-09-17,Canada,2.0,3.0,1.0,1.0,2.0,3.0,2.0,0,Historical (Pre-2015),Negative,-0.2099,Pre Covid
4627,547,Unknown Lounge,Chicago O'Hare Airport,Business Class,Business,0,2011-09-17,United States,3.0,1.0,3.0,1.0,3.0,4.0,2.0,0,Historical (Pre-2015),Positive,0.802,Pre Covid
4628,547,Unknown Lounge,Denver Airport,Business Class,Business,0,2011-07-31,Germany,1.0,1.0,2.0,1.0,1.0,2.0,2.0,0,Historical (Pre-2015),Negative,-0.8398,Pre Covid
4629,547,Unknown Lounge,San Francisco Airport,Business Class,Business,0,2011-07-31,United States,4.0,4.0,2.0,1.0,3.0,4.0,3.0,0,Historical (Pre-2015),Negative,-0.3612,Pre Covid
4630,547,Unknown Lounge,Seattle Airport,Business Class,Business,0,2011-05-09,Australia,3.0,4.0,2.0,1.0,3.0,4.0,4.0,0,Historical (Pre-2015),Negative,-0.5707,Pre Covid
4631,547,Unknown Lounge,New York JFK Airport,Business Class,Business,0,2011-05-03,Canada,1.0,1.0,1.0,1.0,1.0,3.0,1.0,0,Historical (Pre-2015),Negative,-0.8169,Pre Covid
4632,547,Unknown Lounge,San Francisco Airport,Unknown,Unknown,0,2011-05-03,Canada,2.0,1.0,1.0,1.0,1.0,1.0,1.0,0,Historical (Pre-2015),Negative,-0.9186,Pre Covid
4633,547,Unknown Lounge,Denver Airport,Unknown,Unknown,0,2011-05-01,United States,3.0,2.0,3.0,3.0,4.0,3.0,2.0,0,Historical (Pre-2015),Positive,0.9747,Pre Covid
4634,547,Unknown Lounge,Washington National Airport,Business Class,Business,0,2011-02-14,Germany,1.0,1.0,2.0,1.0,1.0,3.0,1.0,0,Historical (Pre-2015),Negative,-0.719,Pre Covid
4635,547,Unknown Lounge,Washington National Airport,First Class,Unknown,0,2011-01-26,United States,3.0,3.0,2.0,2.0,3.0,3.0,2.0,0,Historical (Pre-2015),Negative,-0.7362,Pre Covid
4636,547,Unknown Lounge,Hong Kong Airport,Business Class,Business,0,2011-01-10,New Zealand,3.0,4.0,3.0,3.0,3.0,4.0,3.0,0,Historical (Pre-2015),Positive,0.9664,Pre Covid
4637,547,Red Carpet,San Francisco Airport,Business Class,Business,0,2011-01-03,Sweden,1.0,2.0,1.0,1.0,1.0,1.0,1.0,0,Historical (Pre-2015),Positive,0.7816,Pre Covid
4638,547,Unknown Lounge,Chicago O'Hare Airport,Business Class,Business,0,2010-09-08,United Kingdom,3.0,2.0,1.0,1.0,2.0,4.0,1.0,0,Historical (Pre-2015),Positive,0.1531,Pre Covid
4639,547,Unknown Lounge,Newark Airport,First Class,Unknown,0,2010-09-06,United Kingdom,2.0,3.0,1.0,,,1.0,2.0,0,Historical (Pre-2015),Negative,-0.5413,Pre Covid
4640,547,Unknown Lounge,Chicago O'Hare Airport,Business Class,Business,0,2010-08-28,United Kingdom,3.0,3.0,2.0,1.0,3.0,1.0,1.0,0,Historical (Pre-2015),Positive,0.6916,Pre Covid
4641,547,Unknown Lounge,Washington Dulles Airport,Business Class,Business,0,2010-07-14,United Kingdom,3.0,3.0,1.0,1.0,1.0,1.0,1.0,0,Historical (Pre-2015),Positive,0.7815,Pre Covid
4642,547,Unknown Lounge,Chicago O'Hare Airport,Unknown,Unknown,0,2010-07-14,United Kingdom,2.0,,,,1.0,1.0,,0,Historical (Pre-2015),Negative,-0.6557,Pre Covid
4644,547,Unknown Lounge,San Francisco Airport,Business Class,Business,0,2009-11-10,United Kingdom,2.0,3.0,1.0,,1.0,,1.0,0,Historical (Pre-2015),Negative,-0.1406,Pre Covid
4645,547,Unknown Lounge,Unknown,Business Class,Business,0,2009-10-10,United Kingdom,1.0,1.0,1.0,1.0,1.0,1.0,1.0,0,Historical (Pre-2015),Positive,0.3182,Pre Covid
4646,547,Unknown Lounge,Tokyo Narita Airport,Unknown,Unknown,0,2009-08-30,United Kingdom,3.0,3.0,2.0,2.0,2.0,4.0,3.0,0,Historical (Pre-2015),Positive,0.9746,Pre Covid
4647,547,Unknown Lounge,Philadelphia Airport,Unknown,Unknown,0,2009-08-30,United Kingdom,3.0,3.0,1.0,1.0,1.0,1.0,1.0,0,Historical (Pre-2015),Positive,0.7808,Pre Covid
4648,547,Unknown Lounge,Chicago O'Hare Airport,Unknown,Unknown,0,2009-08-12,United Kingdom,1.0,2.0,2.0,2.0,2.0,,1.0,0,Historical (Pre-2015),Negative,-0.068,Pre Covid
4649,547,Unknown Lounge,Paris CDG Airport,Unknown,Unknown,0,2009-08-12,United Kingdom,2.0,3.0,2.0,1.0,1.0,1.0,2.0,0,Historical (Pre-2015),Positive,0.5191,Pre Covid
4650,519,Coral Executive Lounge,Phuket Airport,Pay to Use,Unknown,0,2023-08-17,United Arab Emirates,3.0,2.0,3.0,2.0,3.0,2.0,1.0,0,Modern (2015-Present),Positive,0.34,After Covid
4651,519,Unknown Lounge,Bangkok Suvarnabhumi Airport,Business Class,Business,1,2023-05-16,Australia,3.0,4.0,1.0,1.0,2.0,2.0,4.0,0,Modern (2015-Present),Negative,-0.1169,After Covid
4652,519,Thai Domestic Lounge,Bangkok Suvarnabhumi Airport,Frequent Flyer,Unknown,1,2023-04-03,Thailand,4.0,5.0,,5.0,5.0,4.0,5.0,1,Modern (2015-Present),Positive,0.9586,After Covid
4653,519,Royal Orchid Prestige Lounge,Bangkok Suvarnabhumi Airport,Business Class,Business,1,2023-01-29,Thailand,4.0,5.0,5.0,5.0,5.0,5.0,5.0,1,Modern (2015-Present),Positive,0.9839,After Covid
4654,519,Royal Orchid,Chiang Mai Airport,Frequent Flyer,Unknown,1,2022-11-16,Singapore,,,,,,,1.0,0,Modern (2015-Present),Negative,-0.8922,After Covid
4655,519,Royal Orchid / Royal Silk lounges,Bangkok Suvarnabhumi Airport,Business Class,Business,1,2022-09-28,United Kingdom,4.0,5.0,3.0,4.0,3.0,,4.0,1,Modern (2015-Present),Positive,0.9909,After Covid
4656,519,Thai Airways,Bangkok Suvarnabhumi Airport,Business Class,Business,1,2022-09-05,Thailand,5.0,5.0,5.0,5.0,4.0,5.0,5.0,1,Modern (2015-Present),Positive,0.9248,After Covid
4657,519,Domestic,Chiang Mai Airport,Members,Unknown,1,2022-07-27,Thailand,5.0,5.0,4.0,4.0,5.0,5.0,5.0,1,Modern (2015-Present),Positive,0.9747,After Covid
4658,519,Royal Silk Concourse C,Bangkok Suvarnabhumi Airport,Business Class,Business,0,2019-05-18,Thailand,4.0,4.0,4.0,3.0,4.0,4.0,4.0,1,Modern (2015-Present),Positive,0.9555,Pre Covid
4659,519,Royal Silk Lounge D and C,Bangkok Suvarnabhumi Airport,Business Class,Business,1,2019-04-02,Hong Kong,2.0,3.0,3.0,2.0,1.0,3.0,2.0,0,Modern (2015-Present),Negative,-0.9603,Pre Covid
4660,519,Royal Silk Domestic,Chiang Mai Airport,Business Class,Business,0,2019-02-24,Thailand,5.0,3.0,4.0,4.0,1.0,4.0,5.0,1,Modern (2015-Present),Positive,0.9441,Pre Covid
4661,519,Rose Lounge,Ho Chi Minh City Airport,Business Class,Business,1,2018-11-08,Spain,4.0,4.0,2.0,1.0,3.0,4.0,1.0,0,Modern (2015-Present),Negative,-0.7172,Pre Covid
4662,519,Royal Orchid Lounge,Bangkok Suvarnabhumi Airport,Business Class,Business,1,2018-10-29,Australia,4.0,5.0,4.0,3.0,,4.0,4.0,0,Modern (2015-Present),Negative,-0.0516,Pre Covid
4663,519,Asiana Airlines lounge,Seoul Incheon Airport,Business Class,Business,1,2018-10-11,Thailand,4.0,5.0,4.0,4.0,4.0,,5.0,1,Modern (2015-Present),Negative,-0.7181,Pre Covid
4664,519,Royal Orchid Lounge,Bangkok Suvarnabhumi Airport,Business Class,Business,0,2018-08-12,United Kingdom,4.0,4.0,4.0,3.0,3.0,4.0,4.0,1,Modern (2015-Present),Positive,0.764,Pre Covid
4665,519,United Airlines Lounge,London Heathrow Airport,Business Class,Business,1,2018-07-27,United Kingdom,5.0,5.0,4.0,4.0,5.0,5.0,5.0,1,Modern (2015-Present),Positive,0.9118,Pre Covid
4666,519,Unknown Lounge,Bangkok Suvarnabhumi Airport,Business Class,Business,1,2018-05-05,United Kingdom,2.0,2.0,2.0,1.0,1.0,3.0,2.0,0,Modern (2015-Present),Negative,-0.1171,Pre Covid
4667,519,Unknown Lounge,Bangkok Suvarnabhumi Airport,Business Class,Business,1,2018-04-14,Thailand,1.0,4.0,3.0,5.0,4.0,4.0,5.0,0,Modern (2015-Present),Positive,0.431,Pre Covid
4668,519,Royal Silk Lounge,Bangkok Suvarnabhumi Airport,Business Class,Business,1,2018-03-26,Hong Kong,3.0,4.0,4.0,4.0,4.0,4.0,4.0,1,Modern (2015-Present),Positive,0.636,Pre Covid
4669,519,Unknown Lounge,Hong Kong Airport,Business Class,Business,1,2018-02-23,Hong Kong,3.0,4.0,3.0,4.0,3.0,3.0,3.0,1,Modern (2015-Present),Positive,0.9618,Pre Covid
4670,519,Unknown Lounge,Bangkok Suvarnabhumi Airport,Business Class,Business,1,2018-02-22,Hong Kong,1.0,1.0,2.0,2.0,1.0,3.0,1.0,0,Modern (2015-Present),Negative,-0.7184,Pre Covid
4671,519,Royal Silk Lounge,Bangkok Suvarnabhumi Airport,Frequent Flyer,Unknown,0,2017-11-13,Australia,4.0,5.0,2.0,3.0,3.0,5.0,3.0,1,Modern (2015-Present),Positive,0.9631,Pre Covid
4672,519,Royal Orchid lounge,Singapore Changi Airport,Business Class,Business,0,2017-11-11,Hong Kong,3.0,3.0,1.0,1.0,2.0,3.0,2.0,0,Modern (2015-Present),Positive,0.5994,Pre Covid
4673,519,Unknown Lounge,Bangkok Suvarnabhumi Airport,Business Class,Business,0,2017-11-04,France,1.0,1.0,4.0,4.0,2.0,1.0,1.0,0,Modern (2015-Present),Negative,-0.9325,Pre Covid
4674,519,Royal Silk,Bangkok Suvarnabhumi Airport,Business Class,Business,0,2017-11-03,New Zealand,2.0,1.0,1.0,1.0,2.0,2.0,4.0,0,Modern (2015-Present),Positive,0.3424,Pre Covid
4675,519,Royal Silk Class,Kansai International Airport,Business Class,Business,0,2017-10-15,Thailand,1.0,2.0,1.0,1.0,1.0,1.0,1.0,0,Modern (2015-Present),Positive,0.4534,Pre Covid
4676,519,Royal Silk Domestic,Chiang Mai Airport,Business Class,Business,0,2017-08-27,Thailand,3.0,3.0,2.0,2.0,,3.0,3.0,1,Modern (2015-Present),Positive,0.6339,Pre Covid
4677,519,Royal Orchid,Bangkok Suvarnabhumi Airport,Business Class,Business,0,2017-08-06,Thailand,3.0,1.0,1.0,2.0,1.0,3.0,3.0,1,Modern (2015-Present),Positive,0.2211,Pre Covid
4678,519,Unknown Lounge,Bangkok Suvarnabhumi Airport,Business Class,Business,0,2017-06-05,Thailand,3.0,3.0,4.0,4.0,5.0,5.0,5.0,1,Modern (2015-Present),Positive,0.6808,Pre Covid
4679,519,Royal Silk Lounge,Bangkok Suvarnabhumi Airport,Business Class,Business,0,2017-04-23,Sri Lanka,1.0,1.0,,1.0,1.0,1.0,1.0,0,Modern (2015-Present),Negative,-0.878,Pre Covid
4680,519,Unknown Lounge,Bangkok Suvarnabhumi Airport,Business Class,Business,0,2016-12-27,United Kingdom,3.0,3.0,3.0,1.0,3.0,4.0,3.0,0,Modern (2015-Present),Negative,-0.553,Pre Covid
4681,519,Unknown Lounge,Bangkok Suvarnabhumi Airport,First Class,Unknown,0,2016-10-19,Australia,5.0,5.0,5.0,5.0,5.0,4.0,5.0,0,Modern (2015-Present),Positive,0.9595,Pre Covid
4682,519,Royal Silk Lounge,Chiang Mai Airport,Business Class,Business,0,2016-09-12,Thailand,3.0,5.0,3.0,3.0,,3.0,5.0,0,Modern (2015-Present),Positive,0.3555,Pre Covid
4683,519,Royal First Class,Bangkok Suvarnabhumi Airport,First Class,Unknown,0,2016-08-05,United Arab Emirates,5.0,5.0,4.0,4.0,4.0,4.0,5.0,1,Modern (2015-Present),Positive,0.9738,Pre Covid
4684,519,Royal Orchid,Kansai International Airport,First Class,Unknown,0,2016-08-05,United Arab Emirates,1.0,1.0,1.0,1.0,1.0,3.0,2.0,0,Modern (2015-Present),Negative,-0.9201,Pre Covid
4685,519,Zone C,Bangkok Suvarnabhumi Airport,Business Class,Business,0,2016-07-27,Hong Kong,2.0,2.0,1.0,1.0,1.0,2.0,1.0,0,Modern (2015-Present),Negative,-0.4947,Pre Covid
4686,519,International departures,Chiang Mai Airport,Business Class,Business,0,2016-05-28,France,4.0,4.0,4.0,3.0,3.0,3.0,4.0,1,Modern (2015-Present),Positive,0.4767,Pre Covid
4687,519,Royal Silk Lounge,Bangkok Suvarnabhumi Airport,Business Class,Business,0,2016-05-25,Hong Kong,3.0,4.0,4.0,1.0,3.0,3.0,2.0,0,Modern (2015-Present),Negative,-0.9812,Pre Covid
4688,519,Royal Silk Lounge,Hong Kong Airport,Business Class,Business,0,2016-05-15,Hong Kong,3.0,4.0,4.0,2.0,4.0,4.0,3.0,1,Modern (2015-Present),Negative,-0.7802,Pre Covid
4689,519,Unknown Lounge,Bangkok Suvarnabhumi Airport,First Class,Unknown,0,2016-03-27,Canada,5.0,5.0,5.0,5.0,5.0,5.0,5.0,1,Modern (2015-Present),Positive,0.799,Pre Covid
4690,519,Royal Thai business,Bangkok Suvarnabhumi Airport,Business Class,Business,0,2016-03-14,South Africa,1.0,2.0,1.0,1.0,1.0,1.0,1.0,0,Modern (2015-Present),Negative,-0.7778,Pre Covid
4691,519,Unknown Lounge,Chiang Mai Airport,Business Class,Business,0,2016-02-26,France,2.0,2.0,3.0,3.0,2.0,3.0,3.0,0,Modern (2015-Present),Negative,-0.7964,Pre Covid
4692,519,Royal Silk Domestic Lounge,Bangkok Suvarnabhumi Airport,Business Class,Business,0,2016-02-24,Thailand,5.0,4.0,4.0,5.0,,5.0,5.0,1,Modern (2015-Present),Positive,0.9098,Pre Covid
4693,519,Domestic Lounge,Phuket Airport,Business Class,Business,0,2016-02-24,United Kingdom,2.0,2.0,1.0,2.0,1.0,,2.0,0,Modern (2015-Present),Negative,-0.7675,Pre Covid
4694,519,Unknown Lounge,Bangkok Suvarnabhumi Airport,Business Class,Business,0,2015-12-24,Sweden,1.0,3.0,2.0,2.0,,4.0,2.0,0,Modern (2015-Present),Negative,-0.742,Pre Covid
4695,519,Royal Silk Domestic,Bangkok Suvarnabhumi Airport,Business Class,Business,0,2015-12-19,United States,2.0,3.0,2.0,3.0,,3.0,2.0,0,Modern (2015-Present),Negative,-0.3384,Pre Covid
4696,519,Royal Silk,Bangkok Suvarnabhumi Airport,Business Class,Business,0,2015-11-28,United Kingdom,4.0,4.0,3.0,3.0,3.0,5.0,4.0,1,Modern (2015-Present),Positive,0.7736,Pre Covid
4697,519,Royal First Lounge,Bangkok Suvarnabhumi Airport,First Class,Unknown,0,2015-11-24,Hong Kong,5.0,5.0,4.0,4.0,5.0,4.0,5.0,1,Modern (2015-Present),Positive,0.9848,Pre Covid
4698,519,United Airlines,London Heathrow Airport,Business Class,Business,0,2015-11-21,United Kingdom,4.0,5.0,5.0,5.0,4.0,5.0,5.0,1,Modern (2015-Present),Positive,0.9904,Pre Covid
4699,519,Royal Silk,Bangkok Suvarnabhumi Airport,Business Class,Business,0,2015-11-12,Thailand,3.0,2.0,2.0,3.0,,,1.0,0,Modern (2015-Present),Positive,0.5768,Pre Covid
4700,519,Unknown Lounge,Kathmandu Airport,Business Class,Business,0,2015-11-05,Australia,4.0,4.0,2.0,2.0,,4.0,3.0,1,Modern (2015-Present),Positive,0.3182,Pre Covid
4701,519,Royal First Lounge,Bangkok Suvarnabhumi Airport,First Class,Unknown,0,2015-11-02,Hong Kong,5.0,5.0,4.0,4.0,5.0,5.0,5.0,1,Modern (2015-Present),Positive,0.9852,Pre Covid
4702,519,Royal Silk,KLIA Kuala Lumpur Airport,Business Class,Business,0,2015-11-01,United Kingdom,4.0,4.0,3.0,3.0,4.0,4.0,4.0,1,Modern (2015-Present),Positive,0.8957,Pre Covid
4703,519,Premier Lounge,Denpasar Bali Airport,Business Class,Business,0,2015-08-02,Norway,3.0,3.0,2.0,3.0,2.0,1.0,1.0,0,Modern (2015-Present),Negative,-0.9118,Pre Covid
4704,519,Royal Silk,Bangkok Suvarnabhumi Airport,Business Class,Business,0,2015-07-20,France,2.0,2.0,1.0,2.0,2.0,3.0,1.0,0,Modern (2015-Present),Positive,0.5944,Pre Covid
4705,519,Domestic Lounge,Bangkok Suvarnabhumi Airport,Business Class,Business,0,2015-07-08,Canada,2.0,2.0,2.0,1.0,2.0,3.0,3.0,0,Modern (2015-Present),Negative,-0.9154,Pre Covid
4706,519,Royal Silk,Hong Kong Airport,Business Class,Business,0,2015-05-10,Taiwan,3.0,4.0,3.0,2.0,3.0,4.0,5.0,0,Modern (2015-Present),Positive,0.3182,Pre Covid
4707,519,Royal Silk,Bangkok Suvarnabhumi Airport,Business Class,Business,0,2015-03-22,Norway,2.0,3.0,1.0,1.0,4.0,4.0,4.0,1,Modern (2015-Present),Positive,0.9794,Pre Covid
4708,519,Royal Silk,Bangkok Suvarnabhumi Airport,Business Class,Business,0,2015-02-25,United States,2.0,2.0,3.0,2.0,1.0,4.0,2.0,0,Modern (2015-Present),Negative,-0.3438,Pre Covid
4709,519,Star Alliance,Paris CDG Airport,Business Class,Business,0,2015-01-27,Denmark,4.0,4.0,4.0,4.0,3.0,5.0,4.0,1,Modern (2015-Present),Positive,0.8689,Pre Covid
4710,519,Royal Silk,Bangkok Suvarnabhumi Airport,Unknown,Unknown,0,2015-01-04,Australia,4.0,5.0,5.0,4.0,5.0,4.0,5.0,1,Modern (2015-Present),Positive,0.9485,Pre Covid
4711,519,Royal Silk,Bangkok Suvarnabhumi Airport,Unknown,Unknown,0,2015-01-04,New Zealand,2.0,3.0,2.0,1.0,3.0,3.0,3.0,0,Modern (2015-Present),Positive,0.4411,Pre Covid
4712,519,Royal Silk,Bangkok Suvarnabhumi Airport,Unknown,Unknown,0,2015-01-04,Australia,3.0,3.0,3.0,4.0,3.0,4.0,3.0,0,Modern (2015-Present),Negative,-0.8012,Pre Covid
4713,519,Royal Silk,Bangkok Suvarnabhumi Airport,Unknown,Unknown,0,2014-11-19,United Kingdom,1.0,3.0,1.0,1.0,1.0,3.0,4.0,0,Historical (Pre-2015),Negative,-0.796,Pre Covid
4714,519,Royal Silk,Bangkok Suvarnabhumi Airport,Unknown,Unknown,0,2014-05-28,Indonesia,4.0,5.0,3.0,4.0,5.0,4.0,5.0,1,Historical (Pre-2015),Positive,0.9701,Pre Covid
4715,519,Unknown Lounge,Paris CDG Airport,First Class,Unknown,0,2014-05-12,Thailand,3.0,3.0,2.0,2.0,2.0,4.0,2.0,0,Historical (Pre-2015),Negative,-0.34,Pre Covid
4716,519,Star Alliance,Bangkok Suvarnabhumi Airport,Unknown,Unknown,0,2014-05-12,Norway,3.0,5.0,1.0,2.0,5.0,5.0,3.0,0,Historical (Pre-2015),Positive,0.795,Pre Covid
4717,519,Royal Silk,Bangkok Suvarnabhumi Airport,Unknown,Unknown,0,2014-05-01,Singapore,3.0,3.0,1.0,1.0,1.0,4.0,4.0,0,Historical (Pre-2015),Negative,-0.5716,Pre Covid
4718,519,Unknown Lounge,Bangkok Suvarnabhumi Airport,Business Class,Business,0,2014-04-22,Thailand,3.0,4.0,1.0,2.0,3.0,5.0,5.0,0,Historical (Pre-2015),Negative,-0.8074,Pre Covid
4719,519,Unknown Lounge,Bangkok Suvarnabhumi Airport,First Class,Unknown,0,2014-03-11,Australia,5.0,5.0,4.0,5.0,5.0,5.0,5.0,1,Historical (Pre-2015),Positive,0.8555,Pre Covid
4720,519,Unknown Lounge,Bangkok Suvarnabhumi Airport,Business Class,Business,0,2014-03-11,France,2.0,3.0,2.0,2.0,3.0,4.0,2.0,0,Historical (Pre-2015),Negative,-0.9552,Pre Covid
4721,519,Unknown Lounge,Bangkok Suvarnabhumi Airport,First Class,Unknown,0,2014-01-22,United Kingdom,5.0,4.0,5.0,5.0,5.0,5.0,5.0,1,Historical (Pre-2015),Positive,0.7007,Pre Covid
4722,519,Royal Orchid Lounge,Bangkok Suvarnabhumi Airport,Unknown,Unknown,0,2013-12-23,Australia,2.0,3.0,1.0,3.0,4.0,4.0,4.0,0,Historical (Pre-2015),Negative,-0.5255,Pre Covid
4723,519,Unknown Lounge,Bangkok Suvarnabhumi Airport,Business Class,Business,0,2013-11-15,United Kingdom,4.0,4.0,5.0,4.0,4.0,,4.0,0,Historical (Pre-2015),Negative,-0.592,Pre Covid
4724,519,Unknown Lounge,Bangkok Suvarnabhumi Airport,Business Class,Business,0,2013-11-15,United Kingdom,4.0,4.0,3.0,2.0,3.0,4.0,4.0,1,Historical (Pre-2015),Negative,-0.8261,Pre Covid
4725,519,Royal Silk,Singapore Changi Airport,Business Class,Business,0,2013-09-15,Singapore,3.0,4.0,3.0,2.0,1.0,4.0,3.0,0,Historical (Pre-2015),Positive,0.891,Pre Covid
4726,519,Unknown Lounge,Bangkok Suvarnabhumi Airport,Business Class,Business,0,2013-08-14,Norway,3.0,3.0,4.0,4.0,4.0,2.0,4.0,1,Historical (Pre-2015),Positive,0.238,Pre Covid
4727,519,Unknown Lounge,Bangkok Suvarnabhumi Airport,Business Class,Business,0,2013-08-05,United States,3.0,2.0,2.0,3.0,2.0,3.0,4.0,0,Historical (Pre-2015),Positive,0.1486,Pre Covid
4728,519,Royal Orchid Lounge,Hong Kong Airport,Business Class,Business,0,2013-07-07,South Korea,4.0,5.0,4.0,4.0,,4.0,3.0,1,Historical (Pre-2015),Positive,0.9314,Pre Covid
4729,519,Unknown Lounge,Bangkok Suvarnabhumi Airport,First Class,Unknown,0,2013-07-07,United States,5.0,5.0,5.0,5.0,5.0,5.0,5.0,1,Historical (Pre-2015),Positive,0.8074,Pre Covid
4730,519,Unknown Lounge,Mumbai Airport,Business Class,Business,0,2013-05-29,India,4.0,5.0,3.0,1.0,1.0,1.0,4.0,0,Historical (Pre-2015),Positive,0.7674,Pre Covid
4731,519,Unknown Lounge,Manila Airport,Business Class,Business,0,2013-05-29,Australia,1.0,3.0,2.0,2.0,2.0,4.0,3.0,0,Historical (Pre-2015),Negative,-0.8444,Pre Covid
4732,519,Unknown Lounge,Hong Kong Airport,Business Class,Business,0,2013-04-28,South Korea,5.0,5.0,5.0,5.0,2.0,5.0,4.0,1,Historical (Pre-2015),Positive,0.7677,Pre Covid
4733,519,Unknown Lounge,Bangkok Suvarnabhumi Airport,Business Class,Business,0,2012-12-23,Thailand,3.0,4.0,1.0,2.0,4.0,1.0,4.0,0,Historical (Pre-2015),Negative,-0.847,Pre Covid
4734,519,Unknown Lounge,Bangkok Suvarnabhumi Airport,Business Class,Business,0,2012-12-13,Thailand,1.0,2.0,3.0,1.0,3.0,4.0,2.0,0,Historical (Pre-2015),Negative,-0.9335,Pre Covid
4735,519,Unknown Lounge,Bangkok Suvarnabhumi Airport,First Class,Unknown,0,2012-11-08,Germany,3.0,5.0,5.0,4.0,4.0,5.0,5.0,0,Historical (Pre-2015),Negative,-0.8381,Pre Covid
4736,519,Royal Silk,Manila Airport,Business Class,Business,0,2012-10-04,Thailand,1.0,2.0,3.0,2.0,1.0,3.0,3.0,0,Historical (Pre-2015),Negative,-0.8074,Pre Covid
4737,519,Unknown Lounge,Bangkok Suvarnabhumi Airport,Business Class,Business,0,2012-09-17,Malaysia,3.0,2.0,3.0,2.0,2.0,4.0,4.0,0,Historical (Pre-2015),Negative,-0.4003,Pre Covid
4738,519,Unknown Lounge,Rome Fiumicino Airport,First Class,Unknown,0,2012-09-10,Canada,1.0,3.0,2.0,1.0,1.0,1.0,1.0,0,Historical (Pre-2015),Negative,-0.5625,Pre Covid
4739,519,Royal Silk,Bangkok Suvarnabhumi Airport,Business Class,Business,0,2012-09-03,Thailand,3.0,3.0,1.0,1.0,1.0,2.0,2.0,0,Historical (Pre-2015),Negative,-0.5719,Pre Covid
4740,519,Unknown Lounge,London Heathrow Airport,Business Class,Business,0,2012-07-25,Australia,4.0,4.0,4.0,4.0,4.0,4.0,3.0,1,Historical (Pre-2015),Positive,0.7325,Pre Covid
4741,519,Unknown Lounge,Rome Ciampino Airport,Business Class,Business,0,2012-07-25,Australia,1.0,1.0,1.0,1.0,2.0,2.0,1.0,0,Historical (Pre-2015),Positive,0.7836,Pre Covid
4742,519,Unknown Lounge,Perth Airport,Business Class,Business,0,2012-05-08,Australia,3.0,4.0,4.0,3.0,4.0,3.0,3.0,1,Historical (Pre-2015),Neutral,0.0499,Pre Covid
4743,519,Royal Silk,Bangkok Suvarnabhumi Airport,Business Class,Business,0,2012-05-08,Australia,5.0,5.0,4.0,4.0,4.0,4.0,5.0,1,Historical (Pre-2015),Positive,0.9661,Pre Covid
4744,519,Royal Orchid Lounge,Hong Kong Airport,Business Class,Business,0,2012-05-01,United Kingdom,4.0,4.0,5.0,4.0,,5.0,4.0,1,Historical (Pre-2015),Positive,0.4205,Pre Covid
4745,519,Royal Silk,Bangkok Suvarnabhumi Airport,Business Class,Business,0,2012-02-27,Switzerland,4.0,4.0,4.0,3.0,4.0,4.0,4.0,1,Historical (Pre-2015),Positive,0.9096,Pre Covid
4746,519,Royal Orchid Lounge,Bangkok Suvarnabhumi Airport,Business Class,Business,0,2012-01-25,Australia,4.0,5.0,5.0,4.0,4.0,4.0,5.0,1,Historical (Pre-2015),Positive,0.9509,Pre Covid
4747,519,Unknown Lounge,Hong Kong Airport,Business Class,Business,0,2012-01-25,Canada,3.0,4.0,5.0,4.0,4.0,5.0,3.0,1,Historical (Pre-2015),Positive,0.6876,Pre Covid
4748,519,Unknown Lounge,Yangon Airport,Business Class,Business,0,2012-01-23,United Kingdom,4.0,4.0,3.0,3.0,4.0,3.0,3.0,1,Historical (Pre-2015),Neutral,0.0,Pre Covid
4749,519,Unknown Lounge,Bangkok Suvarnabhumi Airport,First Class,Unknown,0,2011-11-28,Australia,5.0,5.0,5.0,5.0,5.0,5.0,5.0,1,Historical (Pre-2015),Positive,0.8437,Pre Covid
4750,519,Royal Silk,Bangkok Suvarnabhumi Airport,Business Class,Business,0,2011-10-21,Philippines,4.0,5.0,5.0,4.0,4.0,5.0,4.0,1,Historical (Pre-2015),Positive,0.4304,Pre Covid
4751,519,Royal Silk,Bangkok Suvarnabhumi Airport,Business Class,Business,0,2011-10-21,Australia,4.0,4.0,4.0,3.0,4.0,4.0,4.0,0,Historical (Pre-2015),Positive,0.8918,Pre Covid
4752,519,Royal Silk,Bangkok Suvarnabhumi Airport,Business Class,Business,0,2011-10-21,Australia,4.0,4.0,4.0,4.0,5.0,4.0,4.0,0,Historical (Pre-2015),Positive,0.6003,Pre Covid
4753,519,Royal Silk,Bangkok Suvarnabhumi Airport,Business Class,Business,0,2011-09-13,Thailand,3.0,4.0,2.0,2.0,3.0,4.0,2.0,0,Historical (Pre-2015),Negative,-0.8176,Pre Covid
4754,519,Royal Silk,Bangkok Suvarnabhumi Airport,Business Class,Business,0,2011-09-13,New Zealand,5.0,5.0,2.0,5.0,5.0,5.0,5.0,0,Historical (Pre-2015),Positive,0.937,Pre Covid
4755,519,Unknown Lounge,Brisbane Airport,Business Class,Business,0,2011-09-13,Australia,4.0,4.0,2.0,4.0,3.0,5.0,5.0,0,Historical (Pre-2015),Positive,0.9551,Pre Covid
4756,519,Royal Silk,Bangkok Suvarnabhumi Airport,Business Class,Business,0,2011-05-03,United Arab Emirates,2.0,2.0,3.0,1.0,3.0,3.0,3.0,0,Historical (Pre-2015),Negative,-0.877,Pre Covid
4757,519,Unknown Lounge,Bangkok Suvarnabhumi Airport,First Class,Unknown,0,2010-12-16,Australia,5.0,5.0,5.0,5.0,5.0,5.0,5.0,0,Historical (Pre-2015),Positive,0.9231,Pre Covid
4758,519,Royal Silk,Bangkok Suvarnabhumi Airport,Business Class,Business,0,2010-11-17,United Kingdom,4.0,4.0,3.0,3.0,5.0,4.0,4.0,0,Historical (Pre-2015),Positive,0.9152,Pre Covid
4759,519,Unknown Lounge,London Heathrow Airport,Business Class,Business,0,2010-08-13,United Kingdom,4.0,3.0,3.0,3.0,4.0,5.0,4.0,0,Historical (Pre-2015),Positive,0.6701,Pre Covid
4760,519,Royal Silk,Singapore Changi Airport,Business Class,Business,0,2010-07-14,United Kingdom,4.0,3.0,3.0,3.0,1.0,,1.0,0,Historical (Pre-2015),Negative,-0.8355,Pre Covid
4761,519,Unknown Lounge,Chiang Mai Airport,Business Class,Business,0,2010-07-14,United Kingdom,3.0,2.0,3.0,,,3.0,1.0,0,Historical (Pre-2015),Negative,-0.6488,Pre Covid
4762,519,Unknown Lounge,Bangkok Suvarnabhumi Airport,First Class,Unknown,0,2010-07-05,United Kingdom,5.0,5.0,5.0,5.0,5.0,5.0,5.0,0,Historical (Pre-2015),Positive,0.9441,Pre Covid
4763,519,Unknown Lounge,Bangkok Suvarnabhumi Airport,First Class,Unknown,0,2010-06-30,United Kingdom,5.0,5.0,4.0,4.0,4.0,4.0,5.0,0,Historical (Pre-2015),Positive,0.9796,Pre Covid
4764,519,Unknown Lounge,Bangkok Suvarnabhumi Airport,Business Class,Business,0,2010-06-22,United Kingdom,3.0,4.0,3.0,1.0,3.0,4.0,3.0,0,Historical (Pre-2015),Negative,-0.6035,Pre Covid
4765,519,Unknown Lounge,Bangkok Suvarnabhumi Airport,Business Class,Business,0,2010-01-12,United Kingdom,3.0,3.0,3.0,2.0,2.0,3.0,3.0,0,Historical (Pre-2015),Positive,0.9134,Pre Covid
4766,519,Unknown Lounge,Bangkok Suvarnabhumi Airport,Business Class,Business,0,2009-11-10,United Kingdom,3.0,4.0,4.0,1.0,3.0,3.0,4.0,0,Historical (Pre-2015),Positive,0.296,Pre Covid
4767,519,Unknown Lounge,Bangkok Suvarnabhumi Airport,First Class,Unknown,0,2009-08-12,United Kingdom,5.0,5.0,5.0,5.0,5.0,5.0,5.0,0,Historical (Pre-2015),Positive,0.8807,Pre Covid
4768,519,Unknown Lounge,Bangkok Suvarnabhumi Airport,First Class,Unknown,0,2009-05-25,United Kingdom,4.0,5.0,4.0,4.0,5.0,3.0,5.0,0,Historical (Pre-2015),Positive,0.8715,Pre Covid
4769,519,Unknown Lounge,Bangkok Suvarnabhumi Airport,First Class,Unknown,0,2009-03-18,United Kingdom,4.0,5.0,5.0,5.0,5.0,5.0,5.0,0,Historical (Pre-2015),Positive,0.8228,Pre Covid
4770,519,Royal Silk,Bangkok Suvarnabhumi Airport,Business Class,Business,0,2009-03-18,United Kingdom,4.0,5.0,4.0,2.0,4.0,3.0,5.0,0,Historical (Pre-2015),Positive,0.9875,Pre Covid
4771,519,Unknown Lounge,Bangkok Suvarnabhumi Airport,Business Class,Business,0,2009-01-20,United Kingdom,4.0,4.0,3.0,1.0,4.0,3.0,5.0,0,Historical (Pre-2015),Positive,0.9468,Pre Covid
4781,525,Premium Lounge,Paphos Airport,Pay to Use,Unknown,0,2017-10-07,United Kingdom,1.0,1.0,1.0,1.0,,5.0,1.0,0,Modern (2015-Present),Positive,0.2244,Pre Covid
4782,543,Unknown Lounge,Saidpur Airport,Pay to Use,Unknown,0,2025-02-03,Bangladesh,4.0,2.0,2.0,2.0,3.0,4.0,3.0,1,Modern (2015-Present),Negative,-0.5418,After Covid
4784,419,Unknown Lounge,Shanghai Pudong Airport,Business Class,Business,1,2026-06-14,United Kingdom,1.0,1.0,1.0,1.0,1.0,1.0,3.0,0,Modern (2015-Present),Negative,-0.9468,After Covid
4785,419,Unknown Lounge,Beijing Capital Airport,Business Class,Business,1,2019-05-19,United States,5.0,5.0,3.0,3.0,3.0,4.0,3.0,1,Modern (2015-Present),Positive,0.9611,Pre Covid
4786,419,Unknown Lounge,Shanghai Pudong Airport,Business Class,Business,0,2018-08-12,United States,3.0,5.0,3.0,3.0,5.0,5.0,5.0,1,Modern (2015-Present),Positive,0.5574,Pre Covid
4787,419,Air France-KLM Lounge,Chicago O'Hare Airport,Business Class,Business,1,2018-03-30,United States,3.0,4.0,3.0,2.0,1.0,3.0,3.0,0,Modern (2015-Present),Positive,0.25,Pre Covid
4788,419,Unknown Lounge,Shanghai Pudong Airport,Business Class,Business,0,2017-04-25,United States,5.0,5.0,4.0,3.0,5.0,2.0,4.0,1,Modern (2015-Present),Positive,0.9934,Pre Covid
4789,419,Business Class Lounge,Shanghai Pudong Airport,Business Class,Business,0,2017-04-05,China,2.0,2.0,2.0,1.0,1.0,3.0,2.0,0,Modern (2015-Present),Negative,-0.891,Pre Covid
4790,419,Unknown Lounge,Shanghai Pudong Airport,Business Class,Business,0,2017-04-03,United Kingdom,5.0,5.0,5.0,4.0,4.0,4.0,5.0,1,Modern (2015-Present),Positive,0.9545,Pre Covid
4791,419,Unknown Lounge,Shanghai Pudong Airport,First Class,Unknown,0,2017-01-07,United States,5.0,5.0,5.0,5.0,5.0,5.0,5.0,1,Modern (2015-Present),Positive,0.8381,Pre Covid
4792,419,Unknown Lounge,Shanghai Pudong Airport,Business Class,Business,0,2016-11-05,Netherlands,3.0,3.0,3.0,2.0,2.0,1.0,3.0,1,Modern (2015-Present),Negative,-0.3555,Pre Covid
4793,419,Unknown Lounge,Shanghai Pudong Airport,First Class,Unknown,0,2016-10-22,Hong Kong,1.0,1.0,1.0,1.0,1.0,1.0,1.0,0,Modern (2015-Present),Negative,-0.6705,Pre Covid
4794,419,Unknown Lounge,Manila Airport,First Class,Unknown,0,2016-06-02,Canada,1.0,2.0,2.0,1.0,1.0,1.0,,0,Modern (2015-Present),Negative,-0.9062,Pre Covid
4795,419,Unknown Lounge,Shanghai Pudong Airport,First Class,Unknown,0,2016-05-26,Canada,1.0,1.0,1.0,1.0,1.0,1.0,1.0,0,Modern (2015-Present),Negative,-0.9623,Pre Covid
4796,419,Unknown Lounge,Shanghai Pudong Airport,First Class,Unknown,0,2016-05-10,Australia,1.0,1.0,1.0,1.0,1.0,1.0,1.0,1,Modern (2015-Present),Negative,-0.8938,Pre Covid
4797,419,Lounge Gate 21,Shanghai Pudong Airport,First Class,Unknown,0,2015-12-29,United Kingdom,1.0,2.0,2.0,2.0,1.0,1.0,1.0,0,Modern (2015-Present),Negative,-0.9283,Pre Covid
4798,419,Unknown Lounge,Shanghai Pudong Airport,Business Class,Business,0,2015-11-02,United Kingdom,1.0,1.0,2.0,1.0,2.0,1.0,1.0,0,Modern (2015-Present),Negative,-0.6249,Pre Covid
4799,419,Unknown Lounge,Shanghai Pudong Airport,Business Class,Business,0,2015-10-20,United States,1.0,2.0,4.0,1.0,1.0,4.0,4.0,1,Modern (2015-Present),Negative,-0.4342,Pre Covid
4800,419,Unknown Lounge,Shanghai Pudong Airport,Business Class,Business,0,2015-09-26,United States,1.0,1.0,1.0,2.0,1.0,1.0,1.0,0,Modern (2015-Present),Negative,-0.8812,Pre Covid
4801,419,Unknown Lounge,Dhaka Airport,Frequent Flyer,Unknown,0,2015-07-14,China,4.0,4.0,3.0,4.0,5.0,5.0,5.0,1,Modern (2015-Present),Positive,0.862,Pre Covid
4802,419,Unknown Lounge,Shanghai Pudong Airport,Business Class,Business,0,2015-06-11,Australia,2.0,4.0,2.0,2.0,1.0,1.0,3.0,0,Modern (2015-Present),Positive,0.9081,Pre Covid
4803,419,Unknown Lounge,Beijing Capital Airport,Business Class,Business,0,2015-01-27,Australia,1.0,2.0,1.0,2.0,2.0,2.0,1.0,0,Modern (2015-Present),Negative,-0.8785,Pre Covid
4804,419,Unknown Lounge,Shanghai Pudong Airport,Business Class,Business,0,2015-01-02,Australia,1.0,1.0,1.0,1.0,1.0,1.0,1.0,0,Modern (2015-Present),Negative,-0.8849,Pre Covid
4805,419,Unknown Lounge,Shanghai Pudong Airport,First Class,Unknown,0,2014-08-12,China,2.0,3.0,4.0,2.0,5.0,1.0,3.0,1,Historical (Pre-2015),Positive,0.8123,Pre Covid
4806,419,Unknown Lounge,Shanghai Pudong Airport,First Class,Unknown,0,2014-01-13,United States,1.0,2.0,3.0,1.0,3.0,4.0,2.0,0,Historical (Pre-2015),Negative,-0.8908,Pre Covid
4807,419,Unknown Lounge,Shanghai Pudong Airport,First Class,Unknown,0,2013-03-20,China,2.0,3.0,3.0,1.0,3.0,3.0,1.0,0,Historical (Pre-2015),Positive,0.6231,Pre Covid
4808,419,Unknown Lounge,Shanghai Pudong Airport,Business Class,Business,0,2013-03-20,United States,2.0,3.0,2.0,4.0,2.0,2.0,1.0,0,Historical (Pre-2015),Negative,-0.624,Pre Covid
4809,419,Unknown Lounge,Shanghai Pudong Airport,First Class,Unknown,0,2012-09-10,China,1.0,2.0,2.0,2.0,3.0,2.0,1.0,0,Historical (Pre-2015),Positive,0.1986,Pre Covid
4810,419,Unknown Lounge,Shanghai Pudong Airport,Business Class,Business,0,2012-04-24,United States,4.0,5.0,5.0,5.0,4.0,4.0,5.0,1,Historical (Pre-2015),Positive,0.9432,Pre Covid
4811,419,Unknown Lounge,Beijing Capital Airport,Business Class,Business,0,2012-01-25,Australia,4.0,4.0,4.0,5.0,4.0,4.0,4.0,1,Historical (Pre-2015),Positive,0.8932,Pre Covid
4812,419,Unknown Lounge,Shanghai Pudong Airport,First Class,Unknown,0,2011-10-21,China,1.0,3.0,3.0,3.0,4.0,3.0,4.0,0,Historical (Pre-2015),Positive,0.4678,Pre Covid
4813,419,Unknown Lounge,Beijing Capital Airport,Business Class,Business,0,2011-09-14,Australia,3.0,3.0,3.0,2.0,2.0,3.0,2.0,0,Historical (Pre-2015),Positive,0.2161,Pre Covid
4814,419,Unknown Lounge,Shanghai Pudong Airport,Business Class,Business,0,2011-09-14,Australia,4.0,4.0,4.0,4.0,3.0,4.0,3.0,0,Historical (Pre-2015),Positive,0.8141,Pre Covid
4817,560,Primus lounge,Jaipur Airport,Pay to Use,Unknown,1,2023-06-04,United Kingdom,2.0,4.0,1.0,2.0,,,3.0,0,Modern (2015-Present),Negative,-0.296,After Covid
4818,560,Adani terminal 2,Mumbai Airport,First Class,Unknown,1,2023-04-24,United Kingdom,4.0,5.0,4.0,4.0,,4.0,4.0,1,Modern (2015-Present),Positive,0.4404,After Covid
4819,560,Good times,Goa Airport,Pay to Use,Unknown,1,2023-04-24,United Kingdom,3.0,4.0,1.0,4.0,,,2.0,1,Modern (2015-Present),Negative,-0.0772,After Covid
4820,558,International Club Lounge,Tampa Airport,Business Class,Business,1,2025-10-12,United Kingdom,5.0,5.0,3.0,3.0,1.0,5.0,5.0,1,Modern (2015-Present),Positive,0.9587,After Covid
4821,558,Clubhouse,Washington Dulles Airport,Business Class,Business,1,2024-04-04,United Kingdom,5.0,5.0,4.0,3.0,3.0,4.0,5.0,1,Modern (2015-Present),Positive,0.9597,After Covid
4822,558,Latam Concourse J,Miami Airport,Business Class,Business,1,2022-06-27,United Kingdom,1.0,1.0,2.0,1.0,2.0,2.0,1.0,0,Modern (2015-Present),Negative,-0.9555,After Covid
4823,558,Upper Class Lounge,Boston Logan Airport,Business Class,Business,1,2019-08-13,United Kingdom,5.0,5.0,5.0,5.0,1.0,5.0,5.0,1,Modern (2015-Present),Positive,0.9519,Pre Covid
4824,558,Virgin Atlantic Heathrow T3,London Heathrow Airport,Business Class,Business,1,2019-01-08,United Kingdom,4.0,5.0,5.0,5.0,5.0,5.0,5.0,1,Modern (2015-Present),Positive,0.9838,Pre Covid
4825,558,Delta Skylounge,Miami Airport,Business Class,Business,0,2018-12-27,Aruba,1.0,1.0,1.0,1.0,,,1.0,1,Modern (2015-Present),Negative,-0.8268,Pre Covid
4826,558,Club lounge,Boston Logan Airport,Business Class,Business,1,2018-05-06,Singapore,5.0,5.0,5.0,5.0,,5.0,5.0,1,Modern (2015-Present),Positive,0.8934,Pre Covid
4827,558,Unknown Lounge,Barbados Grantley Adams Airport,Business Class,Business,1,2018-03-18,United Kingdom,3.0,4.0,3.0,3.0,3.0,,3.0,0,Modern (2015-Present),Negative,-0.5865,Pre Covid
4828,558,Club America,Miami Airport,Business Class,Business,0,2017-10-25,United Kingdom,4.0,4.0,2.0,2.0,3.0,1.0,3.0,1,Modern (2015-Present),Positive,0.4447,Pre Covid
4829,558,Clubhouse,London Heathrow Airport,Business Class,Business,0,2017-04-17,United Kingdom,5.0,5.0,5.0,5.0,4.0,5.0,5.0,1,Modern (2015-Present),Positive,0.975,Pre Covid
4830,558,Unknown Lounge,London Gatwick Airport,Business Class,Business,0,2017-02-06,United Kingdom,5.0,5.0,5.0,5.0,,4.0,5.0,1,Modern (2015-Present),Positive,0.9565,Pre Covid
4831,558,Unknown Lounge,Barbados Grantley Adams Airport,Business Class,Business,0,2017-02-05,United Kingdom,3.0,3.0,3.0,4.0,,4.0,4.0,1,Modern (2015-Present),Positive,0.8316,Pre Covid
4832,558,Virgin Clubhouse,London Heathrow Airport,Business Class,Business,0,2016-10-20,United Arab Emirates,5.0,5.0,5.0,5.0,5.0,5.0,5.0,1,Modern (2015-Present),Positive,0.9262,Pre Covid
4833,558,Clubhouse,Los Angeles LAX Airport,Business Class,Business,0,2016-08-29,United States,1.0,5.0,3.0,2.0,,,3.0,0,Modern (2015-Present),Positive,0.451,Pre Covid
4834,558,Virgin Clubhouse,Hong Kong Airport,Business Class,Business,0,2016-05-18,United States,5.0,5.0,5.0,5.0,3.0,5.0,5.0,1,Modern (2015-Present),Positive,0.9905,Pre Covid
4835,558,Clubhouse,Los Angeles LAX Airport,Business Class,Business,0,2015-10-25,United Kingdom,2.0,5.0,4.0,3.0,3.0,3.0,4.0,1,Modern (2015-Present),Positive,0.887,Pre Covid
4836,558,No. 1 Traveller,London Gatwick Airport,Unknown,Unknown,0,2015-10-16,United Kingdom,2.0,1.0,2.0,2.0,1.0,1.0,2.0,0,Modern (2015-Present),Positive,0.8096,Pre Covid
4837,558,Boston Clubhouse,Boston Logan Airport,Business Class,Business,0,2015-09-19,United Kingdom,4.0,5.0,5.0,5.0,5.0,3.0,5.0,1,Modern (2015-Present),Positive,0.893,Pre Covid
4838,558,Clubhouse,London Heathrow Airport,Business Class,Business,0,2015-09-08,United States,5.0,5.0,5.0,5.0,5.0,5.0,5.0,1,Modern (2015-Present),Positive,0.7964,Pre Covid
4839,558,Upper Class,London Heathrow Airport,Business Class,Business,0,2015-08-12,Canada,5.0,5.0,5.0,5.0,5.0,5.0,5.0,1,Modern (2015-Present),Positive,0.9081,Pre Covid
4840,558,Clubhouse,New York JFK Airport,Business Class,Business,0,2015-05-10,United Kingdom,4.0,3.0,4.0,2.0,1.0,3.0,4.0,1,Modern (2015-Present),Positive,0.6199,Pre Covid
4841,558,Unknown Lounge,Cape Town Airport,Business Class,Business,0,2015-03-29,South Africa,3.0,3.0,3.0,2.0,3.0,1.0,3.0,0,Modern (2015-Present),Negative,-0.8834,Pre Covid
4842,558,Club America,Miami Airport,Business Class,Business,0,2015-02-21,United Kingdom,3.0,2.0,3.0,1.0,1.0,1.0,2.0,0,Modern (2015-Present),Positive,0.4519,Pre Covid
4843,558,Club America,Miami Airport,Business Class,Business,0,2015-02-21,United Kingdom,1.0,4.0,2.0,1.0,3.0,4.0,1.0,0,Modern (2015-Present),Positive,0.501,Pre Covid
4844,558,Unknown Lounge,Miami Airport,Business Class,Business,0,2014-11-06,United Kingdom,1.0,1.0,1.0,1.0,1.0,1.0,1.0,0,Historical (Pre-2015),Negative,-0.8885,Pre Covid
4845,558,Unknown Lounge,Washington Dulles Airport,Business Class,Business,0,2014-11-06,Australia,5.0,5.0,5.0,5.0,5.0,5.0,5.0,1,Historical (Pre-2015),Positive,0.836,Pre Covid
4846,558,Unknown Lounge,New York JFK Airport,Business Class,Business,0,2014-11-06,United Kingdom,5.0,5.0,5.0,5.0,5.0,5.0,5.0,1,Historical (Pre-2015),Positive,0.9698,Pre Covid
4847,558,The Loft,Los Angeles LAX Airport,Business Class,Business,0,2014-10-04,United Kingdom,1.0,2.0,1.0,1.0,1.0,1.0,1.0,0,Historical (Pre-2015),Negative,-0.2427,Pre Covid
4848,558,Virgin America Loft,Los Angeles LAX Airport,Business Class,Business,0,2014-04-22,United Kingdom,2.0,3.0,3.0,1.0,1.0,4.0,4.0,0,Historical (Pre-2015),Negative,-0.9492,Pre Covid
4849,558,Unknown Lounge,London Heathrow Airport,Unknown,Unknown,0,2014-02-07,United Kingdom,5.0,5.0,5.0,5.0,5.0,3.0,5.0,1,Historical (Pre-2015),Positive,0.9509,Pre Covid
4850,558,Club America,Miami Airport,Business Class,Business,0,2014-02-07,United Kingdom,3.0,3.0,3.0,2.0,3.0,3.0,1.0,0,Historical (Pre-2015),Negative,-0.2861,Pre Covid
4851,558,Club America,Miami Airport,Business Class,Business,0,2014-01-13,United Kingdom,3.0,3.0,1.0,1.0,1.0,1.0,1.0,0,Historical (Pre-2015),Negative,-0.8847,Pre Covid
4852,558,Clubhouse,London Heathrow Airport,Unknown,Unknown,0,2014-01-10,South Africa,5.0,5.0,5.0,5.0,5.0,5.0,5.0,1,Historical (Pre-2015),Positive,0.9913,Pre Covid
4853,558,Little Red,London Heathrow Airport,Business Class,Business,0,2013-11-15,United Kingdom,3.0,2.0,3.0,2.0,,3.0,2.0,0,Historical (Pre-2015),Positive,0.6858,Pre Covid
4854,558,Unknown Lounge,Miami Airport,Business Class,Business,0,2013-10-06,United Kingdom,4.0,3.0,3.0,1.0,3.0,1.0,,0,Historical (Pre-2015),Negative,-0.296,Pre Covid
4855,558,Clubhouse,New York JFK Airport,Unknown,Unknown,0,2013-09-15,United States,4.0,5.0,4.0,,,5.0,3.0,1,Historical (Pre-2015),Positive,0.4927,Pre Covid
4856,558,Clubhouse,London Heathrow Airport,Unknown,Unknown,0,2013-09-15,United States,5.0,5.0,4.0,4.0,5.0,4.0,5.0,1,Historical (Pre-2015),Positive,0.9231,Pre Covid
4857,558,Unknown Lounge,London Heathrow Airport,Unknown,Unknown,0,2013-09-15,United States,4.0,5.0,4.0,5.0,,5.0,5.0,1,Historical (Pre-2015),Positive,0.4215,Pre Covid
4858,558,Clubhouse,Chicago O'Hare Airport,Unknown,Unknown,0,2013-09-15,United Kingdom,1.0,2.0,1.0,1.0,2.0,3.0,1.0,0,Historical (Pre-2015),Negative,-0.5678,Pre Covid
4859,558,Clubhouse,London Gatwick Airport,Unknown,Unknown,0,2013-07-31,United Kingdom,4.0,3.0,2.0,1.0,1.0,,3.0,0,Historical (Pre-2015),Negative,-0.522,Pre Covid
4860,558,Clubhouse,London Heathrow Airport,Unknown,Unknown,0,2013-07-07,United Kingdom,5.0,5.0,5.0,5.0,4.0,5.0,5.0,1,Historical (Pre-2015),Positive,0.975,Pre Covid
4861,558,Clubhouse,London Heathrow Airport,Unknown,Unknown,0,2013-04-16,United Kingdom,5.0,5.0,5.0,4.0,4.0,5.0,4.0,1,Historical (Pre-2015),Positive,0.9761,Pre Covid
4862,558,Clubhouse,Boston Logan Airport,Unknown,Unknown,0,2013-01-03,United Kingdom,4.0,5.0,5.0,4.0,3.0,5.0,5.0,1,Historical (Pre-2015),Positive,0.9211,Pre Covid
4863,558,Clubhouse,London Heathrow Airport,Unknown,Unknown,0,2012-05-01,United Kingdom,5.0,5.0,5.0,4.0,4.0,5.0,5.0,1,Historical (Pre-2015),Positive,0.8442,Pre Covid
4864,558,Clubhouse,London Heathrow Airport,Unknown,Unknown,0,2012-02-07,United Kingdom,1.0,1.0,1.0,1.0,1.0,1.0,1.0,0,Historical (Pre-2015),Negative,-0.7934,Pre Covid
4865,558,Air America,Miami Airport,Business Class,Business,0,2012-01-25,United Kingdom,3.0,4.0,2.0,1.0,3.0,4.0,1.0,0,Historical (Pre-2015),Negative,-0.886,Pre Covid
4866,558,Iyanola,Unknown,Unknown,Unknown,0,2011-05-01,United Kingdom,5.0,4.0,5.0,4.0,3.0,4.0,5.0,0,Historical (Pre-2015),Positive,0.921,Pre Covid
4867,558,Club America,Miami Airport,Unknown,Unknown,0,2010-08-09,United Kingdom,4.0,4.0,2.0,1.0,2.0,1.0,1.0,0,Historical (Pre-2015),Positive,0.9293,Pre Covid
4868,558,Clubhouse,San Francisco Airport,Unknown,Unknown,0,2010-07-03,United Kingdom,5.0,5.0,5.0,5.0,5.0,5.0,5.0,0,Historical (Pre-2015),Positive,0.4588,Pre Covid
4869,558,Clubhouse,Hong Kong Airport,Unknown,Unknown,0,2010-01-21,United Kingdom,4.0,5.0,5.0,4.0,4.0,4.0,5.0,0,Historical (Pre-2015),Positive,0.7783,Pre Covid
4870,558,Clubhouse,London Gatwick Airport,Unknown,Unknown,0,2009-12-20,United Kingdom,4.0,5.0,5.0,4.0,4.0,4.0,5.0,0,Historical (Pre-2015),Positive,0.944,Pre Covid
4871,558,Unknown Lounge,Nairobi Airport,Unknown,Unknown,0,2009-12-09,United Kingdom,2.0,3.0,1.0,1.0,3.0,1.0,2.0,0,Historical (Pre-2015),Negative,-0.8381,Pre Covid
4872,558,Clubhouse,London Heathrow Airport,Unknown,Unknown,0,2009-12-04,United Kingdom,5.0,5.0,5.0,5.0,4.0,4.0,4.0,0,Historical (Pre-2015),Positive,0.9551,Pre Covid
4873,558,The Lodge,Johannesburg Airport,Unknown,Unknown,0,2009-12-04,United Kingdom,4.0,4.0,4.0,4.0,4.0,4.0,4.0,0,Historical (Pre-2015),Positive,0.9495,Pre Covid
4874,558,Unknown Lounge,London Gatwick Airport,Business Class,Business,0,2009-03-18,United Kingdom,4.0,4.0,4.0,4.0,4.0,4.0,5.0,0,Historical (Pre-2015),Positive,0.2256,Pre Covid
4875,558,Unknown Lounge,Orlando Airport,Business Class,Business,0,2009-02-07,United Kingdom,2.0,1.0,3.0,1.0,3.0,3.0,1.0,0,Historical (Pre-2015),Negative,-0.6718,Pre Covid
4884,578,Unknown Lounge,Xiamen Airport,Business Class,Business,1,2019-11-07,Ireland,2.0,3.0,1.0,1.0,,2.0,2.0,0,Modern (2015-Present),Negative,-0.8176,Pre Covid
4885,578,Unknown Lounge,Xiamen Airport,Frequent Flyer,Unknown,0,2017-06-24,United Kingdom,3.0,3.0,2.0,,3.0,5.0,3.0,1,Modern (2015-Present),Positive,0.9324,Pre Covid
4886,419,IGA Lounge Domestic,Istanbul Airport,Pay to Use,Unknown,1,2026-06-08,United States,3.0,4.0,4.0,4.0,,,4.0,0,Modern (2015-Present),Negative,-0.4525,After Covid
4887,419,Prime Class Lounge,Muscat Seeb Airport,Business Class,Business,1,2025-11-19,United States,5.0,5.0,,5.0,5.0,,5.0,1,Modern (2015-Present),Positive,0.9387,After Covid
4888,419,The Lounge,Cancun Airport,Members,Unknown,1,2025-02-14,United States,4.0,4.0,4.0,4.0,,5.0,4.0,1,Modern (2015-Present),Positive,0.861,After Covid
4889,419,Dan Lounge,Tel Aviv Airport,Members,Unknown,1,2022-09-25,United States,3.0,3.0,,,,,3.0,0,Modern (2015-Present),Negative,-0.7405,After Covid
4890,419,The Club at CLT,Charlotte Airport,Members,Unknown,1,2022-06-30,United States,4.0,4.0,,,4.0,4.0,,1,Modern (2015-Present),Positive,0.9352,After Covid
4891,419,Swissport Lounge,Chicago O'Hare Airport,Members,Unknown,1,2022-05-25,United States,3.0,3.0,,2.0,,3.0,4.0,1,Modern (2015-Present),Positive,0.1022,After Covid
4892,419,Unknown Lounge,Toronto Pearson Airport,Members,Unknown,0,2020-04-17,Canada,1.0,1.0,1.0,1.0,1.0,1.0,1.0,0,Modern (2015-Present),Negative,-0.8012,Covid
4893,419,Unknown Lounge,Sydney Airport,Pay to Use,Unknown,0,2020-03-19,Australia,1.0,1.0,1.0,1.0,1.0,1.0,1.0,0,Modern (2015-Present),Positive,0.5809,Covid
4894,419,Executive,Pisa Airport,Pay to Use,Unknown,0,2019-09-17,United Kingdom,4.0,4.0,3.0,4.0,3.0,4.0,4.0,1,Modern (2015-Present),Positive,0.4951,Pre Covid
4895,419,Goldair CIP Lounge,Athens Airport,Members,Unknown,1,2019-01-11,United States,4.0,4.0,,4.0,4.0,4.0,5.0,1,Modern (2015-Present),Positive,0.9423,Pre Covid
4896,419,Business Lounge,Tirana Airport,Members,Unknown,1,2019-01-11,United States,4.0,5.0,,4.0,4.0,5.0,4.0,1,Modern (2015-Present),Positive,0.973,Pre Covid
4897,419,Unknown Lounge,Amsterdam Schiphol Airport,Members,Unknown,0,2018-12-03,United States,1.0,1.0,,,,,1.0,0,Modern (2015-Present),Negative,-0.7405,Pre Covid
4898,419,Unknown Lounge,Bari Palese Airport,Members,Unknown,1,2018-11-01,Ireland,1.0,1.0,1.0,1.0,1.0,1.0,1.0,0,Modern (2015-Present),Negative,-0.8871,Pre Covid
4899,419,PrimeClass,Frankfurt Main Airport,Members,Unknown,1,2018-09-24,United States,4.0,5.0,4.0,4.0,4.0,4.0,3.0,1,Modern (2015-Present),Positive,0.8779,Pre Covid
4900,419,Priority Pass,Cabo San Lucas,Members,Unknown,0,2018-08-21,United States,1.0,1.0,1.0,1.0,2.0,1.0,1.0,0,Modern (2015-Present),Positive,0.8057,Pre Covid
4901,419,Unknown Lounge,Istanbul Sabiha Gökçen Airport,Members,Unknown,0,2018-06-16,United Kingdom,1.0,1.0,2.0,1.0,,2.0,1.0,0,Modern (2015-Present),Negative,-0.8999,Pre Covid
4902,419,YoTelair Lounge,Paris CDG Airport,Members,Unknown,1,2018-03-19,Ireland,1.0,1.0,1.0,1.0,1.0,1.0,1.0,0,Modern (2015-Present),Negative,-0.9323,Pre Covid
4903,419,Dublin,Dublin Airport,Members,Unknown,1,2018-03-19,Ireland,3.0,4.0,4.0,4.0,4.0,4.0,5.0,1,Modern (2015-Present),Positive,0.9894,Pre Covid
4904,419,Terminal B,Punta Cana Airport,Members,Unknown,1,2018-03-09,United Kingdom,3.0,4.0,4.0,3.0,3.0,2.0,3.0,1,Modern (2015-Present),Positive,0.9331,Pre Covid
4905,419,DNATA T1,Singapore Changi Airport,Members,Unknown,1,2017-12-19,Singapore,5.0,4.0,5.0,4.0,4.0,4.0,5.0,1,Modern (2015-Present),Positive,0.8519,Pre Covid
4906,419,Priority Pass,Edmonton Airport,Pay to Use,Unknown,0,2017-10-13,Canada,3.0,1.0,1.0,4.0,4.0,4.0,1.0,1,Modern (2015-Present),Negative,-0.7609,Pre Covid
4907,419,Miracle First Class Lounge,Bangkok Suvarnabhumi Airport,Members,Unknown,0,2017-10-08,Thailand,4.0,5.0,4.0,4.0,4.0,4.0,5.0,1,Modern (2015-Present),Positive,0.9682,Pre Covid
4908,419,SATS Premier Lounge,Singapore Changi Airport,Members,Unknown,0,2017-10-08,Thailand,5.0,4.0,5.0,5.0,5.0,5.0,5.0,1,Modern (2015-Present),Positive,0.7684,Pre Covid
4909,419,Wellcome Lounge,Riyadh Airport,Frequent Flyer,Unknown,0,2017-09-20,Saudi Arabia,4.0,5.0,1.0,1.0,4.0,5.0,5.0,1,Modern (2015-Present),Positive,0.8885,Pre Covid
4910,419,SJO American Express,San Jose Intl Airport,Members,Unknown,0,2017-07-21,United States,1.0,1.0,1.0,1.0,1.0,5.0,3.0,0,Modern (2015-Present),Negative,-0.5676,Pre Covid
4911,419,Ambassdor Transit Lounge,Singapore Changi Airport,Business Class,Business,0,2017-07-01,Thailand,4.0,5.0,3.0,3.0,5.0,4.0,4.0,1,Modern (2015-Present),Positive,0.3612,Pre Covid
4912,419,Vitosha,Sofia Airport,Members,Unknown,0,2017-06-19,Bulgaria,4.0,4.0,2.0,3.0,,5.0,4.0,1,Modern (2015-Present),Positive,0.8555,Pre Covid
4913,419,Priority Pass,Hamad  Doha Airport,Business Class,Business,0,2017-04-08,New Zealand,2.0,3.0,2.0,2.0,4.0,2.0,2.0,0,Modern (2015-Present),Negative,-0.659,Pre Covid
4914,419,Unknown Lounge,Hong Kong Airport,Pay to Use,Unknown,0,2017-04-08,Australia,2.0,3.0,3.0,3.0,,3.0,3.0,0,Modern (2015-Present),Positive,0.6127,Pre Covid
4915,419,Unknown Lounge,Shenzhen Baoan Airport,Unknown,Unknown,0,2017-03-27,Australia,1.0,2.0,1.0,1.0,,,1.0,0,Modern (2015-Present),Positive,0.381,Pre Covid
4916,419,Wingtips,New York JFK Airport,Unknown,Unknown,0,2017-03-19,United States,1.0,3.0,2.0,1.0,3.0,3.0,2.0,0,Modern (2015-Present),Negative,-0.607,Pre Covid
4917,419,Las Vegas Club Terminal 3,Las Vegas Airport,Unknown,Unknown,0,2017-03-11,United Kingdom,4.0,4.0,4.0,3.0,3.0,4.0,4.0,1,Modern (2015-Present),Positive,0.9255,Pre Covid
4918,419,Wingtips,New York JFK Airport,Frequent Flyer,Unknown,0,2017-03-02,Thailand,3.0,5.0,4.0,4.0,3.0,4.0,5.0,1,Modern (2015-Present),Positive,0.4215,Pre Covid
4919,419,Unknown Lounge,San Juan Airport,Frequent Flyer,Unknown,0,2017-03-01,Puerto Rico,4.0,4.0,5.0,3.0,2.0,3.0,1.0,0,Modern (2015-Present),Negative,-0.4653,Pre Covid
4920,419,Louis Tavern,Bangkok Suvarnabhumi Airport,Frequent Flyer,Unknown,0,2017-02-15,France,3.0,5.0,3.0,3.0,,4.0,,0,Modern (2015-Present),Negative,-0.8225,Pre Covid
4921,419,SATS Premier Lounge,Singapore Changi Airport,Frequent Flyer,Unknown,0,2017-02-08,Thailand,4.0,5.0,4.0,4.0,4.0,4.0,4.0,1,Modern (2015-Present),Positive,0.9707,Pre Covid
4922,419,Escape T2,Manchester Airport,Frequent Flyer,Unknown,0,2017-01-31,United Kingdom,1.0,2.0,1.0,1.0,,1.0,1.0,0,Modern (2015-Present),Negative,-0.8442,Pre Covid
4923,419,Sala VIP Pau Casals,Barcelona Airport,Frequent Flyer,Unknown,0,2017-01-08,Australia,4.0,4.0,4.0,3.0,,4.0,4.0,1,Modern (2015-Present),Positive,0.9108,Pre Covid
4924,419,Europe,Berlin Tegel Airport,Frequent Flyer,Unknown,0,2016-01-31,Czech Republic,1.0,1.0,1.0,1.0,,1.0,1.0,0,Modern (2015-Present),Negative,-0.795,Pre Covid
4925,419,CIP Lounge - Gate G,Bangkok Suvarnabhumi Airport,Frequent Flyer,Unknown,0,2015-11-25,United Kingdom,4.0,4.0,4.0,4.0,3.0,4.0,4.0,1,Modern (2015-Present),Positive,0.4678,Pre Covid
4926,419,Unknown Lounge,Istanbul Airport,Frequent Flyer,Unknown,0,2015-11-24,United States,3.0,3.0,4.0,2.0,4.0,4.0,4.0,1,Modern (2015-Present),Positive,0.9371,Pre Covid
4927,419,Salon Icare,Paris CDG Airport,Business Class,Business,0,2015-10-05,Singapore,2.0,3.0,2.0,2.0,1.0,2.0,2.0,0,Modern (2015-Present),Positive,0.4767,Pre Covid
4928,419,Priority Pass,Calgary Airport,Frequent Flyer,Unknown,0,2015-07-11,Canada,4.0,4.0,4.0,1.0,,2.0,2.0,0,Modern (2015-Present),Positive,0.296,Pre Covid
4929,419,Casitas,Barcelona Airport,Business Class,Business,0,2015-04-02,United Kingdom,4.0,4.0,3.0,1.0,3.0,1.0,1.0,0,Modern (2015-Present),Positive,0.6183,Pre Covid
4930,419,Karubuni,Entebbe Airport,Business Class,Business,0,2015-02-21,United States,5.0,5.0,4.0,4.0,4.0,4.0,4.0,0,Modern (2015-Present),Positive,0.9606,Pre Covid
4931,419,Escape,Manchester Airport,Business Class,Business,0,2015-02-21,United Kingdom,2.0,2.0,2.0,2.0,3.0,3.0,2.0,0,Modern (2015-Present),Negative,-0.6686,Pre Covid
4932,419,Zanzibar Dhow,Zanzibar Airport,Business Class,Business,0,2015-02-05,United States,4.0,4.0,3.0,4.0,3.0,3.0,4.0,1,Modern (2015-Present),Positive,0.962,Pre Covid
4933,419,Unknown Lounge,Calgary Airport,Business Class,Business,0,2013-07-07,Canada,4.0,4.0,3.0,3.0,5.0,4.0,2.0,0,Historical (Pre-2015),Positive,0.4404,Pre Covid
4934,419,Ambassador,Singapore Changi Airport,Business Class,Business,0,2013-05-29,Singapore,3.0,4.0,2.0,1.0,4.0,4.0,4.0,0,Historical (Pre-2015),Positive,0.8893,Pre Covid
4935,419,Ambassador,Singapore Changi Airport,Business Class,Business,0,2013-04-04,Singapore,2.0,3.0,2.0,2.0,3.0,3.0,4.0,0,Historical (Pre-2015),Negative,-0.6705,Pre Covid
4936,419,Unknown Lounge,Johannesburg Airport,Business Class,Business,0,2013-03-20,United States,1.0,1.0,2.0,2.0,2.0,1.0,3.0,0,Historical (Pre-2015),Negative,-0.6679,Pre Covid
4937,419,Servisair,London Heathrow Airport,Business Class,Business,0,2013-02-19,United Kingdom,1.0,1.0,1.0,1.0,1.0,1.0,1.0,0,Historical (Pre-2015),Negative,-0.476,Pre Covid
4938,419,IASS Executive,Tokyo Narita Airport,Business Class,Business,0,2013-01-01,Australia,2.0,2.0,1.0,1.0,1.0,2.0,2.0,0,Historical (Pre-2015),Negative,-0.9729,Pre Covid
4939,419,Ambassador,Singapore Changi Airport,Business Class,Business,0,2012-11-08,Hong Kong,5.0,5.0,1.0,2.0,4.0,5.0,5.0,0,Historical (Pre-2015),Positive,0.466,Pre Covid
4940,419,Servisair,Amsterdam Schiphol Airport,Business Class,Business,0,2012-09-04,United Kingdom,5.0,5.0,5.0,2.0,3.0,1.0,3.0,1,Historical (Pre-2015),Positive,0.9423,Pre Covid
4941,419,Unknown Lounge,Beijing Capital Airport,Business Class,Business,0,2012-07-25,India,2.0,3.0,1.0,1.0,3.0,4.0,1.0,0,Historical (Pre-2015),Negative,-0.846,Pre Covid
4942,419,Unknown Lounge,Genova Airport,Business Class,Business,0,2012-02-28,Canada,1.0,2.0,1.0,1.0,3.0,1.0,2.0,0,Historical (Pre-2015),Positive,0.1759,Pre Covid
4943,419,Lotus,Colombo Airport,Business Class,Business,0,2011-11-28,United Arab Emirates,4.0,4.0,3.0,1.0,3.0,4.0,3.0,1,Historical (Pre-2015),Negative,-0.58,Pre Covid
4944,419,Oasis,New York JFK Airport,Business Class,Business,0,2011-05-22,United States,4.0,3.0,5.0,3.0,3.0,5.0,5.0,0,Historical (Pre-2015),Positive,0.9595,Pre Covid
4945,419,Unknown Lounge,London Heathrow Airport,Business Class,Business,0,2011-05-03,United Kingdom,1.0,2.0,2.0,1.0,3.0,2.0,1.0,0,Historical (Pre-2015),Negative,-0.6486,Pre Covid
4946,419,Airport Club,Berlin Tegel Airport,Frequent Flyer,Unknown,0,2011-05-01,Australia,3.0,1.0,3.0,1.0,1.0,1.0,3.0,0,Historical (Pre-2015),Negative,-0.2594,Pre Covid
4947,419,Elli-beinhorn,Stuttgart Airport,Business Class,Business,0,2011-05-01,Australia,2.0,3.0,1.0,1.0,1.0,1.0,1.0,0,Historical (Pre-2015),Negative,-0.243,Pre Covid
4948,419,Diners Club,Bangkok Suvarnabhumi Airport,Business Class,Business,0,2011-01-27,United Kingdom,2.0,3.0,2.0,2.0,1.0,3.0,3.0,0,Historical (Pre-2015),Negative,-0.8932,Pre Covid
4949,419,Diners Club,Bangkok Suvarnabhumi Airport,Frequent Flyer,Unknown,0,2011-01-10,Denmark,3.0,4.0,3.0,2.0,1.0,4.0,5.0,0,Historical (Pre-2015),Positive,0.4977,Pre Covid
4950,419,Cedar Lounge,Beirut Airport,Frequent Flyer,Unknown,0,2010-08-28,United Kingdom,4.0,4.0,5.0,3.0,4.0,5.0,4.0,0,Historical (Pre-2015),Positive,0.7845,Pre Covid
4951,419,Oryx,Doha Airport,Frequent Flyer,Unknown,0,2010-08-14,United Kingdom,4.0,5.0,3.0,3.0,4.0,5.0,4.0,0,Historical (Pre-2015),Positive,0.4588,Pre Covid
4952,419,BGS Lounge,Beijing Capital Airport,Business Class,Business,0,2010-08-14,United Kingdom,4.0,3.0,1.0,1.0,4.0,3.0,2.0,0,Historical (Pre-2015),Positive,0.9249,Pre Covid
4953,419,Unknown Lounge,Tokyo Narita Airport,Frequent Flyer,Unknown,0,2010-01-19,United Kingdom,4.0,3.0,3.0,3.0,1.0,3.0,4.0,0,Historical (Pre-2015),Positive,0.8016,Pre Covid
4954,419,Business Lounge,Istanbul Airport,Business Class,Business,1,2026-06-09,United States,5.0,4.0,,5.0,,5.0,5.0,1,Modern (2015-Present),Positive,0.8893,After Covid
4955,419,Business Class / Miles & Smiles,Istanbul Airport,Business Class,Business,1,2026-03-20,Australia,4.0,5.0,4.0,5.0,5.0,4.0,4.0,1,Modern (2015-Present),Positive,0.9663,After Covid
4956,419,Turkish Airlines Lounge,Istanbul Airport,Business Class,Business,1,2025-12-08,United Kingdom,3.0,5.0,1.0,4.0,,5.0,3.0,1,Modern (2015-Present),Positive,0.6855,After Covid
4957,419,Business Lounge,Istanbul Airport,Business Class,Business,1,2025-11-22,United States,4.0,5.0,1.0,4.0,2.0,4.0,4.0,0,Modern (2015-Present),Positive,0.6391,After Covid
4958,419,Business Lounge,Istanbul Airport,Business Class,Business,1,2025-09-20,Germany,2.0,5.0,3.0,3.0,5.0,3.0,2.0,1,Modern (2015-Present),Positive,0.9687,After Covid
4959,419,Unknown Lounge,New York JFK Airport,Business Class,Business,1,2024-10-27,Serbia,5.0,5.0,5.0,2.0,,5.0,4.0,1,Modern (2015-Present),Positive,0.9935,After Covid
4960,419,Not sure,Istanbul Airport,Business Class,Business,1,2024-09-16,Malaysia,4.0,4.0,3.0,3.0,4.0,4.0,2.0,0,Modern (2015-Present),Positive,0.3545,After Covid
4961,419,Turkish Airlines Lounge,Washington Dulles Airport,Members,Unknown,1,2024-07-09,United States,3.0,4.0,5.0,5.0,3.0,5.0,5.0,1,Modern (2015-Present),Positive,0.8834,After Covid
4962,419,Business Class Lounge,Istanbul Airport,Business Class,Business,1,2024-02-18,United States,1.0,4.0,,3.0,,,1.0,0,Modern (2015-Present),Negative,-0.9314,After Covid
4963,419,Miles and Smiles lounge,Istanbul Airport,Frequent Flyer,Unknown,1,2023-12-03,United States,3.0,4.0,3.0,2.0,3.0,5.0,3.0,1,Modern (2015-Present),Positive,0.2325,After Covid
4964,419,The lounge,Istanbul Airport,Business Class,Business,0,2023-11-15,United Kingdom,5.0,5.0,5.0,5.0,5.0,5.0,5.0,1,Modern (2015-Present),Positive,0.9374,After Covid
4965,419,Unknown Lounge,Istanbul Airport,Business Class,Business,1,2023-09-11,Romania,5.0,5.0,5.0,5.0,5.0,5.0,5.0,1,Modern (2015-Present),Positive,0.9477,After Covid
4966,419,CIP Lounge,Istanbul Airport,Frequent Flyer,Unknown,1,2023-08-12,Germany,5.0,5.0,5.0,5.0,,5.0,5.0,1,Modern (2015-Present),Positive,0.9794,After Covid
4967,419,Business Lounge,Istanbul Airport,Business Class,Business,1,2023-05-23,Germany,2.0,2.0,4.0,3.0,5.0,4.0,3.0,0,Modern (2015-Present),Positive,0.9782,After Covid
4968,419,Unknown Lounge,Miami Airport,Business Class,Business,1,2023-02-04,Belgium,2.0,2.0,3.0,1.0,1.0,,,0,Modern (2015-Present),Negative,-0.769,After Covid
4969,419,Unknown Lounge,Istanbul Airport,Business Class,Business,1,2022-12-14,South Africa,2.0,4.0,1.0,3.0,4.0,1.0,2.0,0,Modern (2015-Present),Negative,-0.707,After Covid
4970,419,Business Class Lounge,Istanbul Airport,Business Class,Business,1,2022-09-25,United States,5.0,5.0,5.0,5.0,5.0,5.0,5.0,1,Modern (2015-Present),Positive,0.979,After Covid
4971,419,Unknown Lounge,Istanbul Airport,Frequent Flyer,Unknown,1,2022-06-15,Austria,4.0,3.0,,1.0,,4.0,4.0,0,Modern (2015-Present),Negative,-0.5106,After Covid
4972,419,Business Class Lounge,Istanbul Airport,Business Class,Business,1,2022-05-27,United States,5.0,5.0,,5.0,5.0,4.0,5.0,1,Modern (2015-Present),Positive,0.9806,After Covid
4973,419,Unknown Lounge,Istanbul Airport,Business Class,Business,1,2022-05-17,United Kingdom,4.0,5.0,5.0,5.0,4.0,4.0,5.0,1,Modern (2015-Present),Positive,0.9401,After Covid
4974,419,Business Class Lounge,Istanbul Airport,Business Class,Business,1,2022-05-17,United Kingdom,2.0,4.0,3.0,1.0,,1.0,2.0,0,Modern (2015-Present),Negative,-0.9022,After Covid
4975,419,Unknown Lounge,Istanbul Airport,Business Class,Business,1,2021-11-21,Mauritania,3.0,3.0,4.0,3.0,2.0,3.0,1.0,0,Modern (2015-Present),Negative,-0.4404,Covid
4976,419,Unknown Lounge,Istanbul Airport,Business Class,Business,1,2021-10-11,United States,1.0,1.0,3.0,3.0,4.0,3.0,1.0,0,Modern (2015-Present),Negative,-0.92,Covid
4978,419,Unknown Lounge,Istanbul Airport,Frequent Flyer,Unknown,1,2020-11-03,United States,2.0,4.0,1.0,1.0,,,2.0,0,Modern (2015-Present),Negative,-0.6808,Covid
4979,419,Unknown Lounge,Istanbul Airport,Business Class,Business,1,2020-11-03,Spain,2.0,2.0,1.0,1.0,2.0,2.0,1.0,0,Modern (2015-Present),Neutral,0.0499,Covid
4980,419,Unknown Lounge,Istanbul Airport,Business Class,Business,1,2020-03-19,Russian Federation,3.0,2.0,2.0,2.0,2.0,3.0,1.0,0,Modern (2015-Present),Negative,-0.2732,Covid
4981,419,Miles and Smiles,Istanbul Airport,Frequent Flyer,Unknown,1,2019-12-31,Canada,4.0,5.0,5.0,5.0,5.0,3.0,5.0,1,Modern (2015-Present),Positive,0.9062,Pre Covid
4982,419,Unknown Lounge,Bangkok Suvarnabhumi Airport,Business Class,Business,1,2019-08-19,Thailand,5.0,5.0,5.0,5.0,,5.0,5.0,1,Modern (2015-Present),Positive,0.9789,Pre Covid
4983,419,Unknown Lounge,Istanbul Airport,Business Class,Business,1,2019-05-31,Australia,5.0,5.0,5.0,5.0,5.0,5.0,5.0,0,Modern (2015-Present),Positive,0.93,Pre Covid
4984,419,Unknown Lounge,Istanbul Airport,Business Class,Business,1,2019-02-20,Canada,2.0,2.0,3.0,3.0,2.0,2.0,1.0,0,Modern (2015-Present),Positive,0.3098,Pre Covid
4985,419,Unknown Lounge,Istanbul Airport,Business Class,Business,1,2018-12-30,Thailand,3.0,4.0,5.0,2.0,3.0,4.0,4.0,0,Modern (2015-Present),Positive,0.9598,Pre Covid
4986,419,CIP domestic lounge,Istanbul Airport,Business Class,Business,0,2018-12-10,Unknown,3.0,3.0,2.0,2.0,3.0,4.0,2.0,1,Modern (2015-Present),Positive,0.6124,Pre Covid
4987,419,Istanbul,Istanbul Airport,Business Class,Business,0,2018-07-01,United Kingdom,1.0,1.0,1.0,1.0,1.0,1.0,1.0,0,Modern (2015-Present),Negative,-0.9455,Pre Covid
4988,419,CIP Lounge,Istanbul Airport,Frequent Flyer,Unknown,1,2018-06-04,Canada,4.0,5.0,5.0,5.0,5.0,4.0,3.0,1,Modern (2015-Present),Positive,0.9795,Pre Covid
4989,419,Unknown Lounge,Washington Dulles Airport,Pay to Use,Unknown,1,2018-05-01,France,5.0,5.0,5.0,5.0,4.0,5.0,5.0,1,Modern (2015-Present),Positive,0.9655,Pre Covid
4990,419,Unknown Lounge,Istanbul Airport,Business Class,Business,1,2018-03-07,Australia,5.0,5.0,3.0,3.0,4.0,5.0,4.0,1,Modern (2015-Present),Positive,0.8577,Pre Covid
4991,419,Unknown Lounge,Vnukovo Airport,Business Class,Business,1,2018-03-07,Australia,5.0,5.0,4.0,5.0,3.0,4.0,5.0,1,Modern (2015-Present),Positive,0.4404,Pre Covid
4992,419,Unknown Lounge,Washington Dulles Airport,Pay to Use,Unknown,1,2018-03-04,United States,5.0,5.0,5.0,5.0,4.0,5.0,5.0,1,Modern (2015-Present),Positive,0.9595,Pre Covid
4993,419,Unknown Lounge,Washington Dulles Airport,Business Class,Business,1,2018-03-02,Unknown,5.0,5.0,5.0,5.0,5.0,5.0,5.0,1,Modern (2015-Present),Positive,0.802,Pre Covid
4994,419,Unknown Lounge,Washington Dulles Airport,Business Class,Business,1,2018-02-25,France,5.0,5.0,5.0,5.0,,5.0,5.0,1,Modern (2015-Present),Positive,0.9758,Pre Covid
4995,419,Lufthansa Lounge,London Heathrow Airport,Business Class,Business,1,2017-12-17,United Kingdom,3.0,4.0,3.0,3.0,3.0,,2.0,1,Modern (2015-Present),Positive,0.992,Pre Covid
4996,419,Turkish Airlines Istanbul Lounge,Istanbul Airport,Business Class,Business,1,2017-12-17,United Kingdom,5.0,5.0,3.0,5.0,4.0,4.0,5.0,1,Modern (2015-Present),Positive,0.9909,Pre Covid
4997,419,NIA Lounge,Hanoi Airport,Business Class,Business,1,2017-12-16,United Kingdom,5.0,5.0,3.0,4.0,3.0,,5.0,1,Modern (2015-Present),Positive,0.9902,Pre Covid
4998,419,Unknown Lounge,Istanbul Airport,Business Class,Business,1,2017-12-14,Israel,5.0,5.0,5.0,5.0,5.0,5.0,5.0,1,Modern (2015-Present),Positive,0.9514,Pre Covid
4999,419,Unknown Lounge,Istanbul Airport,Business Class,Business,1,2017-11-28,Spain,4.0,5.0,4.0,4.0,4.0,5.0,3.0,1,Modern (2015-Present),Positive,0.9041,Pre Covid
5000,419,Unknown Lounge,Istanbul Airport,Business Class,Business,0,2017-11-05,United Kingdom,4.0,4.0,2.0,4.0,4.0,5.0,4.0,1,Modern (2015-Present),Positive,0.9808,Pre Covid
5001,419,Unknown Lounge,Istanbul Airport,Business Class,Business,0,2017-08-29,Netherlands,5.0,4.0,5.0,5.0,5.0,5.0,4.0,1,Modern (2015-Present),Positive,0.9098,Pre Covid
5002,419,Domestic Lounge,Istanbul Airport,Business Class,Business,0,2017-08-05,Norway,3.0,2.0,2.0,2.0,,1.0,2.0,1,Modern (2015-Present),Positive,0.7425,Pre Covid
5003,419,Unknown Lounge,Istanbul Airport,Business Class,Business,0,2017-07-18,Australia,5.0,5.0,5.0,5.0,5.0,5.0,5.0,1,Modern (2015-Present),Positive,0.9497,Pre Covid
5004,419,Unknown Lounge,Istanbul Airport,Business Class,Business,0,2017-06-30,United Kingdom,3.0,2.0,4.0,1.0,1.0,,2.0,1,Modern (2015-Present),Positive,0.9776,Pre Covid
5005,419,Unknown Lounge,Istanbul Airport,Business Class,Business,0,2017-06-21,Brazil,5.0,5.0,5.0,5.0,5.0,5.0,5.0,1,Modern (2015-Present),Positive,0.9036,Pre Covid
5006,419,Sala Cibeles,Madrid Barajas Airport,Business Class,Business,0,2017-06-18,United States,5.0,5.0,5.0,4.0,5.0,5.0,5.0,1,Modern (2015-Present),Positive,0.9821,Pre Covid
5007,419,CIP Lounge,Istanbul Airport,Pay to Use,Unknown,0,2017-05-17,United Kingdom,5.0,5.0,5.0,4.0,5.0,4.0,4.0,1,Modern (2015-Present),Positive,0.506,Pre Covid
5008,419,Turkish Airlines,Washington Dulles Airport,Unknown,Unknown,0,2017-02-22,United States,4.0,4.0,1.0,3.0,3.0,,1.0,0,Modern (2015-Present),Positive,0.3207,Pre Covid
5009,419,Unknown Lounge,Washington Dulles Airport,Business Class,Business,0,2017-01-28,United States,5.0,5.0,4.0,4.0,5.0,5.0,5.0,1,Modern (2015-Present),Positive,0.9738,Pre Covid
5010,419,Unknown Lounge,Istanbul Airport,Business Class,Business,0,2016-12-27,United Kingdom,4.0,5.0,4.0,4.0,2.0,4.0,3.0,1,Modern (2015-Present),Negative,-0.5824,Pre Covid
5011,419,Unknown Lounge,Istanbul Airport,Business Class,Business,0,2016-12-22,United States,3.0,1.0,2.0,2.0,4.0,1.0,1.0,0,Modern (2015-Present),Negative,-0.9776,Pre Covid
5012,419,Star Gold Lounge,Washington Dulles Airport,Business Class,Business,0,2016-12-17,United States,5.0,5.0,5.0,5.0,4.0,5.0,5.0,1,Modern (2015-Present),Positive,0.9939,Pre Covid
5013,419,Unknown Lounge,Nairobi Airport,Business Class,Business,0,2016-12-13,United Kingdom,4.0,4.0,4.0,3.0,4.0,4.0,3.0,1,Modern (2015-Present),Positive,0.714,Pre Covid
5014,419,Lounge Istanbul,Istanbul Airport,Business Class,Business,0,2016-11-04,Poland,5.0,5.0,5.0,4.0,,5.0,5.0,1,Modern (2015-Present),Positive,0.9504,Pre Covid
5015,419,TAV Primeclass Riga airport,Riga Airport,Business Class,Business,0,2016-08-08,Unknown,4.0,4.0,3.0,4.0,1.0,5.0,1.0,1,Modern (2015-Present),Negative,-0.9047,Pre Covid
5016,419,Unknown Lounge,Istanbul Airport,Business Class,Business,0,2016-07-27,Switzerland,2.0,1.0,2.0,4.0,2.0,4.0,2.0,0,Modern (2015-Present),Positive,0.8316,Pre Covid
5017,419,Unknown Lounge,Istanbul Airport,Business Class,Business,0,2016-06-29,Singapore,5.0,5.0,5.0,5.0,5.0,5.0,5.0,1,Modern (2015-Present),Positive,0.9508,Pre Covid
5018,419,Unknown Lounge,Manchester Airport,Business Class,Business,0,2016-06-06,United Kingdom,2.0,2.0,1.0,1.0,,3.0,2.0,1,Modern (2015-Present),Positive,0.2748,Pre Covid
5019,419,Business Class Lounge,Istanbul Airport,Business Class,Business,0,2016-06-06,United Kingdom,3.0,3.0,3.0,5.0,3.0,3.0,2.0,1,Modern (2015-Present),Positive,0.9222,Pre Covid
5020,419,Unknown Lounge,Istanbul Airport,Business Class,Business,0,2016-05-28,United Kingdom,4.0,4.0,4.0,4.0,4.0,5.0,4.0,1,Modern (2015-Present),Positive,0.7882,Pre Covid
5021,419,Unknown Lounge,Istanbul Airport,Business Class,Business,0,2016-03-30,India,5.0,5.0,5.0,5.0,5.0,5.0,5.0,1,Modern (2015-Present),Positive,0.9534,Pre Covid
5022,419,Unknown Lounge,Istanbul Airport,Business Class,Business,0,2016-03-27,Canada,5.0,5.0,5.0,4.0,4.0,5.0,5.0,1,Modern (2015-Present),Positive,0.8831,Pre Covid
5023,419,Unknown Lounge,Istanbul Airport,Business Class,Business,0,2016-03-14,Australia,4.0,4.0,5.0,5.0,4.0,3.0,5.0,1,Modern (2015-Present),Positive,0.9796,Pre Covid
5024,419,Aspire,Manchester Airport,Business Class,Business,0,2016-03-06,United Kingdom,2.0,1.0,2.0,1.0,,1.0,1.0,0,Modern (2015-Present),Positive,0.5196,Pre Covid
5025,419,Unknown Lounge,Istanbul Airport,Business Class,Business,0,2016-01-30,Belgium,4.0,3.0,5.0,5.0,3.0,4.0,4.0,1,Modern (2015-Present),Positive,0.8932,Pre Covid
5026,419,Unknown Lounge,Istanbul Airport,Business Class,Business,0,2016-01-27,United States,5.0,5.0,5.0,5.0,5.0,5.0,5.0,1,Modern (2015-Present),Positive,0.9708,Pre Covid
5027,419,Unknown Lounge,Istanbul Airport,Business Class,Business,0,2015-12-24,Sweden,5.0,5.0,5.0,5.0,,5.0,5.0,1,Modern (2015-Present),Positive,0.8648,Pre Covid
5028,419,Unknown Lounge,Istanbul Airport,Business Class,Business,0,2015-12-15,Malaysia,5.0,5.0,5.0,5.0,4.0,5.0,5.0,1,Modern (2015-Present),Positive,0.9186,Pre Covid
5029,419,Unknown Lounge,Istanbul Sabiha Gökçen Airport,Business Class,Business,0,2015-11-16,Greece,4.0,4.0,2.0,3.0,,5.0,3.0,1,Modern (2015-Present),Positive,0.8625,Pre Covid
5030,419,Unknown Lounge,Istanbul Airport,Business Class,Business,0,2015-11-15,United States,5.0,5.0,5.0,4.0,4.0,4.0,4.0,1,Modern (2015-Present),Positive,0.6116,Pre Covid
5031,419,Unknown Lounge,Istanbul Airport,Business Class,Business,0,2015-11-09,United States,3.0,3.0,4.0,4.0,3.0,4.0,1.0,0,Modern (2015-Present),Positive,0.5357,Pre Covid
5032,419,Unknown Lounge,Istanbul Airport,Business Class,Business,0,2015-10-12,Guatemala,5.0,4.0,5.0,5.0,5.0,5.0,4.0,1,Modern (2015-Present),Positive,0.9501,Pre Covid
5033,419,Unknown Lounge,Istanbul Airport,Business Class,Business,0,2015-09-30,Portugal,5.0,5.0,5.0,5.0,5.0,5.0,5.0,1,Modern (2015-Present),Positive,0.9286,Pre Covid
5034,419,Unknown Lounge,Istanbul Airport,Business Class,Business,0,2015-09-28,Unknown,5.0,4.0,5.0,4.0,4.0,5.0,3.0,1,Modern (2015-Present),Positive,0.4708,Pre Covid
5035,419,Unknown Lounge,Istanbul Airport,Business Class,Business,0,2015-09-27,Japan,3.0,2.0,4.0,5.0,3.0,3.0,2.0,1,Modern (2015-Present),Positive,0.6956,Pre Covid
5036,419,Unknown Lounge,Istanbul Airport,Business Class,Business,0,2015-09-18,United Kingdom,5.0,5.0,5.0,4.0,5.0,4.0,4.0,1,Modern (2015-Present),Positive,0.8622,Pre Covid
5037,419,Unknown Lounge,Istanbul Airport,Business Class,Business,0,2015-09-15,United States,3.0,2.0,5.0,5.0,,4.0,3.0,1,Modern (2015-Present),Positive,0.9429,Pre Covid
5038,419,Unknown Lounge,Istanbul Airport,Business Class,Business,0,2015-08-26,Sweden,5.0,5.0,5.0,5.0,5.0,5.0,5.0,1,Modern (2015-Present),Positive,0.4404,Pre Covid
5039,419,Unknown Lounge,Istanbul Airport,Business Class,Business,0,2015-08-11,Belgium,4.0,5.0,4.0,4.0,4.0,3.0,5.0,1,Modern (2015-Present),Positive,0.9493,Pre Covid
5040,419,Unknown Lounge,Istanbul Airport,Business Class,Business,0,2015-07-19,United Kingdom,5.0,5.0,5.0,5.0,5.0,5.0,5.0,1,Modern (2015-Present),Positive,0.6597,Pre Covid
5041,419,Aspire,Amsterdam Schiphol Airport,Business Class,Business,0,2015-07-05,Netherlands,1.0,4.0,1.0,1.0,,,1.0,1,Modern (2015-Present),Positive,0.8606,Pre Covid
5042,419,Unknown Lounge,Istanbul Airport,Business Class,Business,0,2015-03-22,United Kingdom,5.0,5.0,5.0,5.0,4.0,4.0,5.0,1,Modern (2015-Present),Positive,0.8625,Pre Covid
5043,419,Unknown Lounge,Istanbul Airport,Business Class,Business,0,2015-03-22,Spain,5.0,5.0,5.0,5.0,5.0,5.0,5.0,1,Modern (2015-Present),Positive,0.9158,Pre Covid
5044,419,Unknown Lounge,Istanbul Airport,Business Class,Business,0,2015-03-22,United Kingdom,5.0,4.0,5.0,5.0,5.0,4.0,3.0,1,Modern (2015-Present),Positive,0.9349,Pre Covid
5045,419,Unknown Lounge,Istanbul Airport,Business Class,Business,0,2015-02-25,Thailand,4.0,5.0,5.0,5.0,2.0,4.0,4.0,1,Modern (2015-Present),Positive,0.7836,Pre Covid
5046,419,Unknown Lounge,Istanbul Airport,Business Class,Business,0,2015-02-05,Denmark,1.0,1.0,3.0,3.0,1.0,1.0,1.0,0,Modern (2015-Present),Positive,0.8764,Pre Covid
5047,419,Unknown Lounge,Izmir Airport,Business Class,Business,0,2015-01-30,United States,5.0,5.0,3.0,3.0,5.0,5.0,5.0,1,Modern (2015-Present),Positive,0.8943,Pre Covid
5048,419,Unknown Lounge,Istanbul Airport,Business Class,Business,0,2015-01-05,United Kingdom,5.0,5.0,5.0,5.0,5.0,5.0,3.0,1,Modern (2015-Present),Neutral,-0.0329,Pre Covid
5049,419,Unknown Lounge,Istanbul Airport,Business Class,Business,0,2014-11-19,United States,5.0,5.0,5.0,5.0,5.0,5.0,3.0,1,Historical (Pre-2015),Positive,0.9762,Pre Covid
5050,419,Unknown Lounge,Istanbul Airport,Business Class,Business,0,2014-08-05,Canada,5.0,5.0,5.0,5.0,5.0,5.0,3.0,1,Historical (Pre-2015),Positive,0.9535,Pre Covid
5051,419,Unknown Lounge,Istanbul Airport,Business Class,Business,0,2014-08-05,United Kingdom,5.0,5.0,4.0,5.0,4.0,5.0,5.0,1,Historical (Pre-2015),Positive,0.872,Pre Covid
5052,419,Unknown Lounge,Istanbul Airport,Business Class,Business,0,2014-05-28,Australia,5.0,5.0,5.0,5.0,5.0,5.0,5.0,1,Historical (Pre-2015),Positive,0.9665,Pre Covid
5053,419,Unknown Lounge,Istanbul Airport,Business Class,Business,0,2014-05-01,United States,5.0,5.0,5.0,5.0,5.0,5.0,5.0,1,Historical (Pre-2015),Positive,0.8779,Pre Covid
5054,419,Unknown Lounge,Istanbul Airport,Business Class,Business,0,2014-04-22,South Africa,5.0,5.0,5.0,5.0,3.0,4.0,5.0,1,Historical (Pre-2015),Positive,0.9613,Pre Covid
5055,419,Unknown Lounge,Istanbul Airport,Business Class,Business,0,2014-03-11,Ireland,5.0,5.0,5.0,5.0,5.0,5.0,5.0,1,Historical (Pre-2015),Positive,0.8793,Pre Covid
5056,419,Unknown Lounge,Istanbul Airport,Business Class,Business,0,2014-03-11,South Africa,5.0,5.0,5.0,5.0,5.0,5.0,5.0,1,Historical (Pre-2015),Positive,0.9479,Pre Covid
5057,419,Unknown Lounge,Istanbul Airport,Business Class,Business,0,2014-03-11,Bulgaria,5.0,5.0,5.0,5.0,4.0,4.0,5.0,1,Historical (Pre-2015),Positive,0.8658,Pre Covid
5058,419,Unknown Lounge,Istanbul Airport,Business Class,Business,0,2014-01-13,Germany,3.0,3.0,3.0,3.0,1.0,4.0,3.0,0,Historical (Pre-2015),Negative,-0.7315,Pre Covid
5059,419,Unknown Lounge,Istanbul Airport,Business Class,Business,0,2013-12-23,Belgium,1.0,2.0,2.0,2.0,2.0,4.0,1.0,0,Historical (Pre-2015),Negative,-0.8735,Pre Covid
5060,419,Unknown Lounge,Istanbul Airport,Business Class,Business,0,2013-11-15,Germany,5.0,4.0,5.0,5.0,4.0,4.0,5.0,1,Historical (Pre-2015),Positive,0.0772,Pre Covid
5061,419,Unknown Lounge,Istanbul Airport,Business Class,Business,0,2013-10-06,Canada,5.0,5.0,5.0,5.0,5.0,5.0,5.0,1,Historical (Pre-2015),Positive,0.7778,Pre Covid
5062,419,Unknown Lounge,Istanbul Airport,Business Class,Business,0,2013-10-06,United Kingdom,1.0,2.0,4.0,4.0,2.0,4.0,1.0,0,Historical (Pre-2015),Neutral,-0.0476,Pre Covid
5063,419,Unknown Lounge,Istanbul Airport,Business Class,Business,0,2013-07-07,United Kingdom,2.0,4.0,3.0,1.0,3.0,2.0,2.0,0,Historical (Pre-2015),Negative,-0.8176,Pre Covid
5064,419,Unknown Lounge,Istanbul Airport,Business Class,Business,0,2013-07-07,United Kingdom,3.0,3.0,4.0,4.0,,4.0,3.0,0,Historical (Pre-2015),Negative,-0.5461,Pre Covid
5065,419,Unknown Lounge,Istanbul Airport,Business Class,Business,0,2013-07-07,Austria,5.0,5.0,5.0,5.0,5.0,5.0,1.0,1,Historical (Pre-2015),Positive,0.9517,Pre Covid
5066,419,Unknown Lounge,Istanbul Airport,Business Class,Business,0,2013-05-29,Unknown,2.0,5.0,3.0,4.0,3.0,,2.0,0,Historical (Pre-2015),Negative,-0.8937,Pre Covid
5067,419,Unknown Lounge,Istanbul Airport,Business Class,Business,0,2013-04-24,United States,1.0,4.0,4.0,4.0,1.0,4.0,4.0,0,Historical (Pre-2015),Negative,-0.9088,Pre Covid
5068,419,Unknown Lounge,Istanbul Airport,Business Class,Business,0,2013-04-16,United States,5.0,5.0,5.0,5.0,5.0,5.0,5.0,1,Historical (Pre-2015),Positive,0.96,Pre Covid
5069,419,Unknown Lounge,Istanbul Airport,Business Class,Business,0,2012-05-01,United Kingdom,4.0,4.0,5.0,3.0,5.0,5.0,4.0,1,Historical (Pre-2015),Positive,0.8955,Pre Covid
5070,419,Unknown Lounge,Istanbul Airport,Business Class,Business,0,2012-04-24,Unknown,5.0,3.0,5.0,5.0,4.0,4.0,4.0,1,Historical (Pre-2015),Positive,0.6743,Pre Covid
5071,419,Unknown Lounge,Istanbul Airport,Business Class,Business,0,2012-03-28,United States,5.0,5.0,5.0,5.0,5.0,5.0,5.0,1,Historical (Pre-2015),Positive,0.8591,Pre Covid
5072,419,Unknown Lounge,Istanbul Airport,Business Class,Business,0,2012-03-28,Spain,5.0,5.0,4.0,5.0,5.0,5.0,3.0,1,Historical (Pre-2015),Positive,0.9773,Pre Covid
5073,419,Unknown Lounge,Istanbul Airport,Business Class,Business,0,2012-01-23,United Kingdom,5.0,5.0,5.0,5.0,4.0,4.0,4.0,1,Historical (Pre-2015),Positive,0.945,Pre Covid
5074,419,Unknown Lounge,Istanbul Airport,Business Class,Business,0,2011-11-28,Germany,3.0,4.0,3.0,3.0,4.0,4.0,1.0,0,Historical (Pre-2015),Positive,0.5135,Pre Covid
5075,419,Unknown Lounge,Istanbul Airport,Business Class,Business,0,2011-10-22,Singapore,3.0,2.0,3.0,3.0,3.0,2.0,2.0,0,Historical (Pre-2015),Positive,0.5879,Pre Covid
5076,419,Unknown Lounge,Istanbul Airport,Business Class,Business,0,2011-10-21,United Kingdom,4.0,4.0,5.0,5.0,5.0,4.0,3.0,0,Historical (Pre-2015),Positive,0.9527,Pre Covid
5077,419,Unknown Lounge,Istanbul Airport,Business Class,Business,0,2011-09-13,Australia,5.0,5.0,5.0,4.0,4.0,4.0,3.0,0,Historical (Pre-2015),Negative,-0.4588,Pre Covid
5078,419,Unknown Lounge,Istanbul Airport,Business Class,Business,0,2011-07-31,Australia,5.0,5.0,5.0,4.0,5.0,,3.0,0,Historical (Pre-2015),Positive,0.7713,Pre Covid
5079,419,Unknown Lounge,Istanbul Airport,Business Class,Business,0,2011-05-03,United States,3.0,4.0,2.0,2.0,2.0,2.0,2.0,0,Historical (Pre-2015),Negative,-0.9041,Pre Covid
5080,419,Unknown Lounge,Istanbul Airport,Business Class,Business,0,2010-12-06,United Kingdom,2.0,2.0,2.0,2.0,1.0,2.0,3.0,0,Historical (Pre-2015),Negative,-0.9365,Pre Covid
5081,419,Unknown Lounge,Antalya Airport,Business Class,Business,0,2010-12-06,United Kingdom,4.0,5.0,3.0,3.0,2.0,4.0,4.0,0,Historical (Pre-2015),Positive,0.3612,Pre Covid
5082,419,Unknown Lounge,Istanbul Airport,Business Class,Business,0,2010-11-20,United Kingdom,4.0,4.0,4.0,3.0,4.0,5.0,4.0,0,Historical (Pre-2015),Positive,0.8641,Pre Covid
5083,419,Unknown Lounge,Istanbul Airport,Business Class,Business,0,2009-05-25,United Kingdom,4.0,4.0,3.0,3.0,4.0,4.0,4.0,0,Historical (Pre-2015),Positive,0.2263,Pre Covid
