review_id,airline_id,type_of_traveller,seat_type,aircraft_type,seat_layout,verify,date_submitted,nationality,seat_legroom,seat_recline,seat_width,aisle_space,seat_storage,power_supply,viewing_tv_screen,sleep_comfort,sitting_comfort,seat_bed_width,seat_bed_length,seat_privacy,recommended,data_era,sentiment_label,sentiment_score,data_era_covid
1,17,Couple Leisure,Economy Class,Boeing 737,3x3,1,2023-08-26,Canada,1.0,1.0,1.0,1.0,1.0,2.0,2.0,,,,,,0,Modern (2015-Present),Positive,0.7559,After Covid
2,17,Solo Leisure,Economy Class,Boeing 737,3x3,1,2022-03-15,United States,3.0,3.0,3.0,3.0,2.0,,2.0,,,,,,0,Modern (2015-Present),Negative,-0.5635,After Covid
3,17,Business,Economy Class,Boeing 787,3x3x3,1,2019-06-26,Spain,5.0,5.0,2.0,3.0,5.0,4.0,5.0,,,,,,1,Modern (2015-Present),Positive,0.5719,Pre Covid
4,17,Family Leisure,Premium Economy,Boeing 737,3x3,1,2018-09-29,Mexico,5.0,5.0,5.0,5.0,5.0,5.0,5.0,,,,,,1,Modern (2015-Present),Positive,0.861,Pre Covid
5,17,Couple Leisure,Economy Class,Boeing 737,3x3,1,2018-09-10,Mexico,5.0,5.0,5.0,5.0,5.0,5.0,5.0,,,,,,1,Modern (2015-Present),Positive,0.9475,Pre Covid
6,17,Couple Leisure,Economy Class,Boeing 737,3x3,1,2018-09-09,Mexico,5.0,5.0,5.0,5.0,5.0,5.0,5.0,,,,,,1,Modern (2015-Present),Positive,0.9668,Pre Covid
7,17,Solo Leisure,Economy Class,Boeing 787,3x3x3,0,2017-08-10,Guatemala,2.0,1.0,2.0,1.0,1.0,2.0,1.0,,,,,,0,Modern (2015-Present),Negative,-0.5083,Pre Covid
8,17,Solo Leisure,Economy Class,Boeing 787,3x3x3,0,2016-09-08,Mexico,3.0,1.0,2.0,3.0,2.0,2.0,3.0,,,,,,1,Modern (2015-Present),Positive,0.965,Pre Covid
9,17,Couple Leisure,Economy Class,Boeing 737,3x3,0,2016-01-18,Canada,2.0,1.0,3.0,3.0,1.0,,1.0,,,,,,1,Modern (2015-Present),Negative,-0.9311,Pre Covid
10,13,Business,Economy Class,Unknown,2x3,1,2019-08-04,Belgium,5.0,4.0,5.0,4.0,3.0,,,,,,,,1,Modern (2015-Present),Positive,0.7845,Pre Covid
11,13,Family Leisure,Economy Class,Airbus A321,3x3,0,2019-08-02,Czech Republic,4.0,4.0,5.0,4.0,4.0,4.0,,,,,,,1,Modern (2015-Present),Positive,0.9051,Pre Covid
12,13,Solo Leisure,Economy Class,Unknown,2x3,1,2019-06-26,United States,1.0,2.0,1.0,2.0,1.0,1.0,3.0,,,,,,0,Modern (2015-Present),Positive,0.4979,Pre Covid
13,13,Business,Economy Class,Airbus A320,3x3,1,2019-02-07,Russian Federation,4.0,5.0,4.0,4.0,5.0,,,,,,,,1,Modern (2015-Present),Positive,0.9888,Pre Covid
14,13,Family Leisure,Economy Class,Unknown,2x3,1,2018-11-16,Russian Federation,4.0,5.0,5.0,5.0,5.0,,,,,,,,1,Modern (2015-Present),Positive,0.9592,Pre Covid
15,13,Family Leisure,Economy Class,Airbus A330,2x4x2,1,2018-11-16,Russian Federation,5.0,5.0,5.0,5.0,5.0,3.0,3.0,,,,,,1,Modern (2015-Present),Positive,0.9666,Pre Covid
16,13,Business,Economy Class,Boeing 737,3x3,1,2018-02-25,Russian Federation,2.0,3.0,3.0,4.0,3.0,,,,,,,,1,Modern (2015-Present),Positive,0.9314,Pre Covid
17,13,Business,Economy Class,Boeing 737,3x3,0,2017-04-18,Russian Federation,1.0,3.0,3.0,4.0,3.0,4.0,,,,,,,0,Modern (2015-Present),Negative,-0.1408,Pre Covid
18,13,Solo Leisure,Economy Class,Boeing 737,3x3,0,2017-02-19,Belgium,1.0,3.0,1.0,4.0,4.0,,,,,,,,0,Modern (2015-Present),Positive,0.4374,Pre Covid
19,13,Business,Economy Class,Boeing 737,3x3,0,2016-12-01,Russian Federation,1.0,1.0,1.0,1.0,1.0,,,,,,,,0,Modern (2015-Present),Negative,-0.2748,Pre Covid
20,13,Family Leisure,Economy Class,Airbus A320,3x3,0,2016-10-06,France,4.0,3.0,3.0,4.0,4.0,,,,,,,,1,Modern (2015-Present),Positive,0.8955,Pre Covid
21,13,Couple Leisure,Economy Class,Boeing 737,3x3,0,2016-08-14,United Arab Emirates,1.0,1.0,2.0,4.0,3.0,5.0,,,,,,,0,Modern (2015-Present),Negative,-0.9106,Pre Covid
22,13,Solo Leisure,Premium Economy,Boeing 777,2x4x2,0,2016-06-01,United States,5.0,5.0,5.0,5.0,5.0,5.0,5.0,,,,,,1,Modern (2015-Present),Positive,0.9451,Pre Covid
23,13,Business,Economy Class,Boeing 737,3x3,0,2015-08-02,Greece,1.0,1.0,1.0,2.0,1.0,5.0,1.0,,,,,,1,Modern (2015-Present),Negative,-0.7345,Pre Covid
24,13,Solo Leisure,Premium Economy,Boeing 777,2x4x2,0,2015-06-17,United States,5.0,3.0,5.0,5.0,5.0,5.0,5.0,,,,,,1,Modern (2015-Present),Positive,0.9205,Pre Covid
25,13,Unknown,Economy Class,Airbus A330,3x3x3,0,2014-07-25,Israel,4.0,4.0,4.0,3.0,,,3.0,,,,,,1,Historical (Pre-2015),Positive,0.7,Pre Covid
26,13,Unknown,Economy Class,Boeing 767,2x3x2,0,2011-04-05,Thailand,2.0,1.0,3.0,2.0,,,,,,,,,0,Historical (Pre-2015),Positive,0.7138,Pre Covid
27,13,Unknown,Economy Class,Airbus A330,3x3x3,0,2009-10-06,Slovakia,3.0,3.0,3.0,4.0,,,4.0,,,,,,1,Historical (Pre-2015),Positive,0.8519,Pre Covid
28,13,Unknown,Economy Class,Unknown,3x3x3,0,2009-10-06,Slovakia,3.0,3.0,3.0,3.0,,,,,,,,,0,Historical (Pre-2015),Positive,0.2425,Pre Covid
29,13,Unknown,Economy Class,Airbus A319,3x3,0,2009-01-13,Germany,5.0,5.0,4.0,3.0,,,,,,,,,1,Historical (Pre-2015),Positive,0.9264,Pre Covid
30,9,Couple Leisure,Economy Class,Airbus A330,2x5x2,1,2022-10-03,United States,1.0,1.0,2.0,2.0,2.0,2.0,1.0,,,,,,0,Modern (2015-Present),Positive,0.1657,After Covid
31,9,Couple Leisure,Economy Class,Boeing 757,3x3,0,2019-04-14,United States,1.0,1.0,1.0,3.0,3.0,,4.0,,,,,,0,Modern (2015-Present),Positive,0.9544,Pre Covid
32,9,Solo Leisure,Economy Class,Airbus A320,3x3,0,2017-11-05,Germany,5.0,4.0,4.0,4.0,3.0,,,,,,,,1,Modern (2015-Present),Positive,0.9274,Pre Covid
33,9,Couple Leisure,Economy Class,Boeing 757,3x3,0,2017-05-17,United States,1.0,2.0,1.0,1.0,1.0,,5.0,,,,,,0,Modern (2015-Present),Neutral,-0.0258,Pre Covid
34,9,Solo Leisure,Economy Class,Airbus A330,2x3x2,0,2016-06-01,Ireland,1.0,1.0,1.0,1.0,1.0,,,,,,,,0,Modern (2015-Present),Negative,-0.8625,Pre Covid
35,9,Couple Leisure,Economy Class,Airbus A330,2x4x2,0,2015-11-23,United States,3.0,3.0,2.0,4.0,3.0,,3.0,,,,,,1,Modern (2015-Present),Negative,-0.8028,Pre Covid
36,9,Solo Leisure,Economy Class,Airbus A330,2x4x2,0,2015-11-02,Ireland,4.0,4.0,5.0,5.0,4.0,5.0,5.0,,,,,,1,Modern (2015-Present),Positive,0.9037,Pre Covid
37,9,Couple Leisure,Economy Class,Airbus A330,2x4x2,0,2015-07-07,United States,3.0,3.0,3.0,3.0,3.0,3.0,3.0,,,,,,1,Modern (2015-Present),Positive,0.933,Pre Covid
38,9,Unknown,Economy Class,Airbus A330,2x4x2,0,2010-10-22,United States,2.0,3.0,3.0,3.0,,,4.0,,,,,,0,Historical (Pre-2015),Positive,0.128,Pre Covid
39,14,Unknown,Economy Class,Other Aircraft,2x2,0,2013-01-19,United Kingdom,5.0,4.0,4.0,5.0,,,5.0,,,,,,1,Historical (Pre-2015),Positive,0.8588,Pre Covid
40,43,Couple Leisure,Economy Class,Unknown,2x2,0,2017-05-16,Netherlands,4.0,2.0,4.0,4.0,3.0,,,,,,,,1,Modern (2015-Present),Neutral,0.0498,Pre Covid
41,29,Business,Economy Class,Airbus A320,3x3,0,2017-09-12,Singapore,2.0,3.0,2.0,3.0,2.0,,,,,,,,0,Modern (2015-Present),Positive,0.3315,Pre Covid
42,29,Business,Economy Class,Unknown,2x2,0,2017-05-26,Germany,1.0,1.0,1.0,1.0,1.0,,,,,,,,0,Modern (2015-Present),Neutral,0.0019,Pre Covid
43,29,Solo Leisure,Economy Class,Airbus A330,2x4x2,0,2016-12-10,China,1.0,1.0,2.0,2.0,1.0,1.0,2.0,,,,,,0,Modern (2015-Present),Negative,-0.9082,Pre Covid
44,29,Solo Leisure,Economy Class,Airbus A319,3x3,0,2016-12-07,United States,4.0,3.0,3.0,3.0,4.0,,,,,,,,1,Modern (2015-Present),Positive,0.5106,Pre Covid
45,29,Business,Economy Class,Airbus A330,2x4x2,0,2016-09-24,United States,1.0,1.0,1.0,1.0,1.0,3.0,1.0,,,,,,0,Modern (2015-Present),Negative,-0.6726,Pre Covid
46,29,Business,Economy Class,Airbus A330,2x4x2,0,2016-08-13,United States,1.0,1.0,1.0,1.0,1.0,3.0,3.0,,,,,,0,Modern (2015-Present),Negative,-0.7717,Pre Covid
47,29,Business,Economy Class,Airbus A330,2x4x2,0,2016-08-08,Spain,1.0,2.0,1.0,2.0,3.0,5.0,4.0,,,,,,0,Modern (2015-Present),Positive,0.7551,Pre Covid
48,29,Solo Leisure,Economy Class,Airbus A330,2x4x2,0,2016-08-02,Australia,1.0,2.0,1.0,1.0,2.0,5.0,2.0,,,,,,0,Modern (2015-Present),Positive,0.2822,Pre Covid
49,29,Solo Leisure,Economy Class,Airbus A330,2x4x2,0,2016-06-01,United States,1.0,1.0,1.0,1.0,1.0,,5.0,,,,,,0,Modern (2015-Present),Positive,0.5898,Pre Covid
50,29,Solo Leisure,Economy Class,Airbus A320,unknown,0,2016-04-19,Romania,3.0,4.0,4.0,3.0,3.0,,,,,,,,1,Modern (2015-Present),Positive,0.6753,Pre Covid
51,29,Family Leisure,Economy Class,Airbus A320,3x3,0,2016-02-28,Spain,1.0,2.0,1.0,3.0,2.0,4.0,,,,,,,1,Modern (2015-Present),Negative,-0.842,Pre Covid
52,29,Couple Leisure,Economy Class,Airbus A330,2x4x2,0,2016-02-21,Germany,4.0,3.0,2.0,3.0,3.0,3.0,3.0,,,,,,1,Modern (2015-Present),Positive,0.9311,Pre Covid
53,29,Solo Leisure,Economy Class,Airbus A330,2x4x2,0,2016-01-20,United States,2.0,2.0,1.0,2.0,1.0,3.0,3.0,,,,,,1,Modern (2015-Present),Positive,0.8271,Pre Covid
54,29,Couple Leisure,Economy Class,Airbus A330,2x4x2,0,2016-01-11,Germany,1.0,1.0,1.0,1.0,1.0,3.0,4.0,,,,,,0,Modern (2015-Present),Neutral,0.0226,Pre Covid
55,29,Solo Leisure,Economy Class,Boeing 737,3x3,0,2015-11-02,Germany,4.0,4.0,3.0,3.0,3.0,,,,,,,,1,Modern (2015-Present),Positive,0.8331,Pre Covid
56,29,Family Leisure,Economy Class,Airbus A330,2x4x2,0,2015-08-09,United States,1.0,2.0,1.0,1.0,3.0,2.0,2.0,,,,,,0,Modern (2015-Present),Negative,-0.7964,Pre Covid
57,29,Family Leisure,Economy Class,Airbus A330,2x4x2,0,2015-08-06,United States,1.0,1.0,3.0,3.0,3.0,,5.0,,,,,,0,Modern (2015-Present),Negative,-0.5663,Pre Covid
58,29,Unknown,Economy Class,Airbus A320,3x3,0,2015-05-29,Germany,1.0,3.0,3.0,1.0,,,2.0,,,,,,0,Modern (2015-Present),Negative,-0.5093,Pre Covid
59,29,Unknown,Economy Class,Boeing 737,3x3,0,2014-11-19,Germany,3.0,3.0,3.0,3.0,,,3.0,,,,,,1,Historical (Pre-2015),Positive,0.4215,Pre Covid
60,29,Unknown,Economy Class,Airbus A330,2x4x2,0,2014-01-03,Netherlands,1.0,1.0,3.0,1.0,,,2.0,,,,,,0,Historical (Pre-2015),Negative,-0.4753,Pre Covid
61,29,Unknown,Economy Class,Airbus A330,2x4x2,0,2013-02-15,United Kingdom,1.0,2.0,2.0,1.0,,,2.0,,,,,,0,Historical (Pre-2015),Negative,-0.3818,Pre Covid
62,29,Unknown,Economy Class,Airbus A330,2x4x2,0,2011-09-04,Germany,4.0,4.0,3.0,4.0,,,4.0,,,,,,1,Historical (Pre-2015),Positive,0.4404,Pre Covid
63,29,Unknown,Economy Class,Airbus A330,2x4x2,0,2010-01-17,Norway,1.0,2.0,2.0,2.0,,,2.0,,,,,,0,Historical (Pre-2015),Negative,-0.079,Pre Covid
64,39,Family Leisure,Economy Class,Other Aircraft,2x2,1,2019-04-04,United States,1.0,1.0,3.0,2.0,1.0,1.0,1.0,,,,,,0,Modern (2015-Present),Positive,0.3691,Pre Covid
65,39,Business,Economy Class,Airbus A320,3x3,0,2017-02-25,United Kingdom,1.0,1.0,3.0,3.0,2.0,,,,,,,,1,Modern (2015-Present),Negative,-0.91,Pre Covid
66,36,Solo Leisure,Economy Class,Airbus A319,3x3,0,2019-10-08,Canada,1.0,2.0,1.0,2.0,1.0,1.0,,,,,,,0,Modern (2015-Present),Negative,-0.913,Pre Covid
67,36,Business,Economy Class,Airbus A321,3x3,1,2019-07-27,Canada,1.0,1.0,1.0,1.0,3.0,,,,,,,,0,Modern (2015-Present),Negative,-0.4767,Pre Covid
68,36,Couple Leisure,Economy Class,Boeing 767,2x3x2,1,2019-01-26,Canada,2.0,2.0,2.0,4.0,3.0,,,,,,,,0,Modern (2015-Present),Negative,-0.5709,Pre Covid
69,36,Couple Leisure,Economy Class,Boeing 767,2x3x2,1,2018-09-28,Canada,1.0,1.0,1.0,1.0,1.0,,,,,,,,0,Modern (2015-Present),Negative,-0.9057,Pre Covid
70,36,Couple Leisure,Economy Class,Boeing 767,2x3x2,0,2018-05-01,Canada,1.0,2.0,1.0,2.0,1.0,,,,,,,,0,Modern (2015-Present),Negative,-0.7351,Pre Covid
71,36,Business,Economy Class,Airbus A319,3x3,1,2018-03-15,Canada,1.0,1.0,1.0,2.0,1.0,,,,,,,,0,Modern (2015-Present),Negative,-0.3658,Pre Covid
72,36,Couple Leisure,Economy Class,Boeing 767,2x4x2,1,2018-01-02,Canada,1.0,2.0,1.0,3.0,3.0,1.0,1.0,,,,,,0,Modern (2015-Present),Negative,-0.0941,Pre Covid
73,36,Business,Premium Economy,Unknown,2x4x2,0,2017-01-10,Canada,1.0,1.0,1.0,1.0,1.0,3.0,,,,,,,0,Modern (2015-Present),Negative,-0.8591,Pre Covid
74,36,Couple Leisure,Economy Class,Airbus A319,3x3,0,2017-01-07,Canada,1.0,1.0,1.0,1.0,2.0,,,,,,,,0,Modern (2015-Present),Positive,0.5574,Pre Covid
75,36,Family Leisure,Economy Class,Airbus A319,3x3,0,2016-10-31,Canada,1.0,1.0,1.0,1.0,2.0,,,,,,,,0,Modern (2015-Present),Positive,0.4497,Pre Covid
76,36,Family Leisure,Economy Class,Airbus A319,3x3,0,2016-10-17,Canada,2.0,1.0,1.0,1.0,1.0,,,,,,,,0,Modern (2015-Present),Negative,-0.9058,Pre Covid
77,36,Solo Leisure,Economy Class,Airbus A319,3x3,0,2016-09-11,Canada,1.0,1.0,3.0,1.0,1.0,,,,,,,,0,Modern (2015-Present),Positive,0.611,Pre Covid
78,36,Couple Leisure,Economy Class,Airbus A319,3x3,0,2016-08-14,Canada,1.0,2.0,1.0,3.0,2.0,,,,,,,,0,Modern (2015-Present),Positive,0.5084,Pre Covid
79,36,Family Leisure,Economy Class,Boeing 767,2x3x2,0,2016-07-20,Canada,1.0,1.0,1.0,1.0,1.0,,,,,,,,0,Modern (2015-Present),Positive,0.4673,Pre Covid
80,36,Family Leisure,Economy Class,Airbus A319,3x3,0,2016-03-18,Canada,1.0,3.0,2.0,3.0,3.0,,,,,,,,0,Modern (2015-Present),Negative,-0.6328,Pre Covid
81,36,Couple Leisure,Economy Class,Airbus A320,3x3,0,2015-11-21,Canada,1.0,1.0,1.0,1.0,2.0,,,,,,,,0,Modern (2015-Present),Negative,-0.3182,Pre Covid
82,36,Family Leisure,Economy Class,Airbus A319,3x3,0,2015-11-18,Canada,1.0,1.0,1.0,2.0,2.0,,,,,,,,0,Modern (2015-Present),Negative,-0.8598,Pre Covid
83,36,Couple Leisure,Premium Economy,Boeing 767,2x2x2,0,2015-09-22,Ireland,5.0,4.0,5.0,4.0,5.0,5.0,5.0,,,,,,1,Modern (2015-Present),Positive,0.9252,Pre Covid
84,36,Business,Economy Class,Airbus A319,3x3,0,2015-09-17,Canada,1.0,1.0,1.0,1.0,1.0,,,,,,,,0,Modern (2015-Present),Negative,-0.8261,Pre Covid
85,36,Business,Economy Class,Airbus A320,3x3,0,2015-08-25,Canada,1.0,2.0,2.0,3.0,2.0,,,,,,,,0,Modern (2015-Present),Positive,0.2306,Pre Covid
86,36,Family Leisure,Economy Class,Boeing 767,2x3x2,0,2015-07-08,Canada,4.0,4.0,3.0,3.0,4.0,2.0,,,,,,,1,Modern (2015-Present),Positive,0.5023,Pre Covid
87,36,Unknown,Premium Economy,Airbus A319,2x2,0,2014-11-19,Canada,1.0,1.0,1.0,1.0,,,1.0,,,,,,0,Historical (Pre-2015),Negative,-0.4476,Pre Covid
88,48,Solo Leisure,Economy Class,Boeing 777,3x3x3,1,2025-10-26,Nepal,5.0,4.0,4.0,4.0,5.0,4.0,1.0,,,,,,1,Modern (2015-Present),Negative,-0.128,After Covid
89,48,Leisure,Business Class,Airbus A350,1x2x1,1,2024-05-19,United Arab Emirates,,,,,1.0,1.0,,1.0,1.0,1.0,1.0,1.0,0,Modern (2015-Present),Positive,0.5719,After Covid
90,48,Business,Economy Class,Airbus A320,3x3,1,2024-04-24,Nepal,3.0,3.0,4.0,4.0,5.0,,,,,,,,1,Modern (2015-Present),Positive,0.9715,After Covid
91,48,Solo Leisure,Economy Class,Airbus A320,3x3,1,2024-01-30,Thailand,1.0,1.0,1.0,1.0,1.0,,,,,,,,0,Modern (2015-Present),Negative,-0.8807,After Covid
92,48,Family Leisure,Economy Class,Boeing 777,3x3x3,1,2023-10-13,United States,2.0,2.0,2.0,3.0,1.0,,,,,,,,0,Modern (2015-Present),Negative,-0.9234,After Covid
93,48,Solo Leisure,Economy Class,Boeing 777,3x4x3,1,2023-04-23,United States,3.0,1.0,2.0,3.0,3.0,1.0,1.0,,,,,,0,Modern (2015-Present),Negative,-0.7499,After Covid
94,48,Family Leisure,Economy Class,Boeing 787,3x3x3,1,2023-04-07,United Kingdom,3.0,1.0,3.0,3.0,2.0,1.0,1.0,,,,,,0,Modern (2015-Present),Negative,-0.8834,After Covid
95,48,Leisure,Business Class,Boeing 777,2x2x2,1,2023-02-18,Canada,,,,,3.0,2.0,,2.0,1.0,2.0,3.0,3.0,0,Modern (2015-Present),Negative,-0.9168,After Covid
96,48,Family Leisure,Economy Class,Boeing 787,3x3x3,0,2023-02-13,United Kingdom,2.0,1.0,2.0,1.0,1.0,1.0,1.0,,,,,,0,Modern (2015-Present),Negative,-0.8656,After Covid
97,48,Solo Leisure,Economy Class,Boeing 777,3x3x3,0,2022-03-12,India,4.0,1.0,1.0,2.0,1.0,1.0,1.0,,,,,,0,Modern (2015-Present),Negative,-0.8437,After Covid
98,48,Leisure,Business Class,Boeing 777,2x3x2,1,2021-01-19,India,,,,,1.0,2.0,,2.0,3.0,2.0,2.0,2.0,0,Modern (2015-Present),Positive,0.6908,Covid
99,48,Leisure,Business Class,Boeing 787,2x2x2,1,2021-01-19,India,,,,,3.0,,,4.0,4.0,5.0,5.0,3.0,1,Modern (2015-Present),Positive,0.8689,Covid
100,48,Couple Leisure,Economy Class,Airbus A320,3x3,0,2019-05-18,Poland,3.0,3.0,3.0,4.0,3.0,,,,,,,,1,Modern (2015-Present),Positive,0.8462,Pre Covid
101,48,Solo Leisure,Economy Class,Boeing 787,3x3x3,0,2017-10-20,United States,5.0,5.0,5.0,5.0,5.0,5.0,5.0,,,,,,1,Modern (2015-Present),Positive,0.9772,Pre Covid
102,48,Solo Leisure,Economy Class,Boeing 787,3x3x3,0,2017-10-16,United Arab Emirates,5.0,5.0,5.0,5.0,5.0,5.0,5.0,,,,,,1,Modern (2015-Present),Positive,0.9821,Pre Covid
103,48,Solo Leisure,Economy Class,Boeing 787,3x3x3,0,2016-09-25,India,5.0,5.0,4.0,4.0,4.0,4.0,4.0,,,,,,0,Modern (2015-Present),Positive,0.9081,Pre Covid
104,48,Solo Leisure,Economy Class,Boeing 777,3x3x3,0,2015-12-05,India,4.0,4.0,5.0,4.0,1.0,1.0,1.0,,,,,,1,Modern (2015-Present),Negative,-0.4416,Pre Covid
105,48,Unknown,Economy Class,Airbus A319,3x3,0,2015-03-22,Australia,2.0,3.0,2.0,2.0,,,1.0,,,,,,0,Modern (2015-Present),Negative,-0.8247,Pre Covid
106,48,Unknown,Economy Class,Boeing 777,3x3x3,0,2013-04-25,Germany,4.0,2.0,1.0,2.0,,,1.0,,,,,,0,Historical (Pre-2015),Positive,0.8287,Pre Covid
107,48,Unknown,Economy Class,Unknown,3x4x3,0,2011-04-05,United States,3.0,3.0,3.0,4.0,,,1.0,,,,,,0,Historical (Pre-2015),Neutral,0.0,Pre Covid
108,48,Unknown,Economy Class,Unknown,3x3x3,0,2009-01-13,United States,4.0,3.0,4.0,4.0,,,4.0,,,,,,1,Historical (Pre-2015),Positive,0.9813,Pre Covid
109,25,Solo Leisure,Economy Class,Boeing 757,3x3,1,2019-11-05,United Kingdom,2.0,2.0,2.0,3.0,2.0,1.0,1.0,,,,,,0,Modern (2015-Present),Negative,-0.7251,Pre Covid
110,25,Business,Economy Class,Other Aircraft,2x2,0,2016-08-22,Thailand,3.0,1.0,2.0,3.0,2.0,,1.0,,,,,,0,Modern (2015-Present),Negative,-0.8176,Pre Covid
111,38,Leisure,Business Class,Airbus A350,1x2x1,1,2024-06-14,United Kingdom,,,,,5.0,5.0,,5.0,5.0,5.0,5.0,5.0,1,Modern (2015-Present),Positive,0.9335,After Covid
112,38,Family Leisure,Economy Class,Boeing 747,3x4x3,1,2020-04-18,Canada,5.0,2.0,4.0,3.0,4.0,,,,,,,,1,Modern (2015-Present),Positive,0.9575,Covid
113,38,Solo Leisure,Premium Economy,Airbus A350,2x4x2,1,2020-01-14,United Kingdom,3.0,3.0,3.0,3.0,2.0,3.0,3.0,,,,,,0,Modern (2015-Present),Positive,0.5378,Covid
114,38,Solo Leisure,Economy Class,Boeing 737,3x3,1,2019-02-24,China,1.0,2.0,1.0,2.0,1.0,,1.0,,,,,,0,Modern (2015-Present),Neutral,0.0129,Pre Covid
115,38,Solo Leisure,Economy Class,Boeing 747,3x4x3,1,2019-01-19,United States,1.0,1.0,2.0,1.0,1.0,,1.0,,,,,,0,Modern (2015-Present),Negative,-0.752,Pre Covid
116,38,Solo Leisure,Economy Class,Boeing 787,3x3x3,0,2018-09-19,United States,1.0,1.0,1.0,1.0,2.0,3.0,2.0,,,,,,0,Modern (2015-Present),Negative,-0.6128,Pre Covid
117,38,Solo Leisure,Economy Class,Airbus A330,2x4x2,1,2018-05-28,Germany,5.0,3.0,4.0,4.0,3.0,,2.0,,,,,,1,Modern (2015-Present),Positive,0.8988,Pre Covid
118,38,Couple Leisure,Economy Class,Airbus A330,2x4x2,0,2016-11-19,United Kingdom,1.0,2.0,2.0,3.0,1.0,,1.0,,,,,,0,Modern (2015-Present),Negative,-0.743,Pre Covid
119,38,Couple Leisure,Premium Economy,Boeing 777,2x2x2,0,2016-05-09,United States,3.0,3.0,2.0,1.0,1.0,,1.0,,,,,,0,Modern (2015-Present),Negative,-0.4567,Pre Covid
120,38,Family Leisure,Economy Class,Airbus A330,2x4x2,0,2016-02-03,Hungary,2.0,2.0,2.0,4.0,3.0,5.0,5.0,,,,,,0,Modern (2015-Present),Negative,-0.9724,Pre Covid
121,38,Couple Leisure,Economy Class,Airbus A330,2x4x2,0,2016-01-25,United Kingdom,1.0,1.0,1.0,1.0,1.0,1.0,1.0,,,,,,0,Modern (2015-Present),Negative,-0.9502,Pre Covid
122,38,Business,Economy Class,Boeing 737,3x3,0,2015-10-05,United Kingdom,4.0,4.0,3.0,3.0,3.0,,,,,,,,1,Modern (2015-Present),Negative,-0.1554,Pre Covid
123,38,Unknown,Economy Class,Unknown,3x3,0,2011-05-14,United Kingdom,5.0,3.0,3.0,5.0,,,,,,,,,1,Historical (Pre-2015),Positive,0.7397,Pre Covid
124,38,Unknown,Economy Class,Airbus A330,2x4x2,0,2011-05-14,United Kingdom,3.0,4.0,3.0,4.0,,,3.0,,,,,,1,Historical (Pre-2015),Positive,0.7845,Pre Covid
127,35,Family Leisure,Economy Class,Boeing 777,3x4x3,1,2026-01-27,United States,2.0,5.0,3.0,3.0,5.0,4.0,4.0,,,,,,0,Modern (2015-Present),Negative,-0.8883,After Covid
128,35,Solo Leisure,Economy Class,Boeing 787,3x3x3,1,2024-07-26,Canada,1.0,1.0,1.0,2.0,3.0,5.0,4.0,,,,,,0,Modern (2015-Present),Positive,0.9398,After Covid
129,35,Solo Leisure,Economy Class,Boeing 787,3x3x3,1,2023-08-16,Canada,2.0,3.0,3.0,1.0,2.0,2.0,3.0,,,,,,0,Modern (2015-Present),Negative,-0.9459,After Covid
130,35,Couple Leisure,Economy Class,Boeing 787,3x3x3,1,2023-06-12,Canada,1.0,1.0,3.0,3.0,3.0,3.0,3.0,,,,,,0,Modern (2015-Present),Negative,-0.926,After Covid
131,35,Family Leisure,Economy Class,Airbus A320,3x3,1,2023-04-16,United States,1.0,2.0,2.0,2.0,1.0,,,,,,,,0,Modern (2015-Present),Negative,-0.2568,After Covid
132,35,Family Leisure,Economy Class,Boeing 777,3x4x3,1,2022-11-10,Kuwait,1.0,1.0,1.0,1.0,1.0,1.0,1.0,,,,,,0,Modern (2015-Present),Negative,-0.7874,After Covid
133,35,Leisure,Business Class,Boeing 787,1x2x1,1,2020-04-19,Canada,,,,,5.0,5.0,,4.0,4.0,4.0,5.0,4.0,1,Modern (2015-Present),Positive,0.9946,Covid
134,35,Solo Leisure,Premium Economy,Boeing 787,2x3x2,1,2020-03-30,Canada,5.0,4.0,4.0,3.0,4.0,5.0,5.0,,,,,,1,Modern (2015-Present),Positive,0.9109,Covid
135,35,Solo Leisure,Economy Class,Airbus A330,2x4x2,0,2019-09-18,Denmark,5.0,2.0,3.0,5.0,1.0,1.0,2.0,,,,,,0,Modern (2015-Present),Neutral,0.0106,Pre Covid
136,35,Solo Leisure,Economy Class,Boeing 777,3x4x3,1,2019-09-15,United Kingdom,3.0,3.0,2.0,3.0,4.0,,,,,,,,0,Modern (2015-Present),Negative,-0.5719,Pre Covid
137,35,Business,Economy Class,Other Aircraft,2x2,1,2019-08-31,Canada,2.0,3.0,2.0,1.0,2.0,1.0,4.0,,,,,,0,Modern (2015-Present),Positive,0.5096,Pre Covid
138,35,Couple Leisure,Economy Class,Boeing 777,3x4x3,1,2019-05-27,Canada,2.0,2.0,1.0,1.0,2.0,4.0,4.0,,,,,,0,Modern (2015-Present),Negative,-0.1154,Pre Covid
139,35,Couple Leisure,Economy Class,Airbus A320,3x3,1,2019-04-23,Canada,4.0,3.0,4.0,1.0,5.0,5.0,5.0,,,,,,1,Modern (2015-Present),Negative,-0.3612,Pre Covid
140,35,Leisure,Business Class,Other Aircraft,1x2,1,2019-03-16,Canada,,,,,5.0,4.0,,3.0,4.0,5.0,5.0,4.0,1,Modern (2015-Present),Positive,0.7579,Pre Covid
141,35,Couple Leisure,Economy Class,Boeing 777,3x4x3,0,2019-03-11,Canada,1.0,1.0,1.0,2.0,1.0,1.0,3.0,,,,,,0,Modern (2015-Present),Positive,0.3612,Pre Covid
142,35,Solo Leisure,Economy Class,Boeing 787,3x3x3,1,2019-01-20,Canada,1.0,2.0,1.0,1.0,2.0,3.0,2.0,,,,,,0,Modern (2015-Present),Positive,0.1002,Pre Covid
143,35,Solo Leisure,Economy Class,Boeing 787,3x3x3,1,2019-01-03,Canada,1.0,1.0,1.0,1.0,1.0,,,,,,,,0,Modern (2015-Present),Negative,-0.762,Pre Covid
144,35,Family Leisure,Economy Class,Boeing 777,3x4x3,1,2018-12-13,Canada,3.0,3.0,1.0,1.0,3.0,4.0,3.0,,,,,,0,Modern (2015-Present),Negative,-0.8181,Pre Covid
145,35,Business,Premium Economy,Boeing 737,2x2,1,2018-11-24,Canada,2.0,2.0,2.0,2.0,1.0,2.0,5.0,,,,,,0,Modern (2015-Present),Negative,-0.4045,Pre Covid
146,35,Solo Leisure,Economy Class,Unknown,3x3x3,1,2018-11-16,Canada,1.0,2.0,1.0,1.0,2.0,2.0,2.0,,,,,,0,Modern (2015-Present),Negative,-0.8689,Pre Covid
147,35,Family Leisure,Economy Class,Boeing 787,3x3x3,1,2018-10-27,Canada,1.0,2.0,1.0,1.0,3.0,5.0,5.0,,,,,,0,Modern (2015-Present),Positive,0.9825,Pre Covid
148,35,Family Leisure,Economy Class,Boeing 787,3x3x3,1,2018-10-08,Canada,2.0,3.0,2.0,1.0,3.0,4.0,3.0,,,,,,0,Modern (2015-Present),Negative,-0.2952,Pre Covid
149,35,Couple Leisure,Economy Class,Boeing 787,3x3x3,1,2017-12-10,Australia,5.0,4.0,2.0,5.0,1.0,2.0,2.0,,,,,,1,Modern (2015-Present),Positive,0.9739,Pre Covid
150,35,Solo Leisure,Economy Class,Boeing 777,3x4x3,1,2017-12-06,Canada,4.0,4.0,3.0,4.0,3.0,4.0,5.0,,,,,,1,Modern (2015-Present),Positive,0.981,Pre Covid
151,35,Couple Leisure,Economy Class,Airbus A330,2x4x2,0,2017-10-23,Canada,2.0,2.0,1.0,2.0,4.0,4.0,2.0,,,,,,0,Modern (2015-Present),Positive,0.4877,Pre Covid
152,35,Family Leisure,Economy Class,Other Aircraft,2x2,0,2017-10-14,United States,1.0,1.0,3.0,2.0,4.0,,2.0,,,,,,0,Modern (2015-Present),Negative,-0.0998,Pre Covid
153,35,Couple Leisure,Economy Class,Boeing 767,2x3x2,0,2017-09-10,France,1.0,1.0,1.0,1.0,1.0,1.0,1.0,,,,,,0,Modern (2015-Present),Negative,-0.9011,Pre Covid
154,35,Solo Leisure,Economy Class,Boeing 787,3x3x3,0,2017-09-10,Canada,1.0,2.0,1.0,1.0,3.0,4.0,3.0,,,,,,0,Modern (2015-Present),Negative,-0.4767,Pre Covid
155,35,Business,Premium Economy,Boeing 787,2x3x2,0,2017-06-24,United Kingdom,4.0,3.0,3.0,3.0,2.0,5.0,4.0,,,,,,0,Modern (2015-Present),Negative,-0.6716,Pre Covid
156,35,Couple Leisure,Economy Class,Boeing 777,3x4x3,0,2017-06-04,Canada,1.0,2.0,1.0,2.0,2.0,2.0,2.0,,,,,,0,Modern (2015-Present),Negative,-0.8576,Pre Covid
157,35,Family Leisure,Economy Class,Boeing 787,3x3x3,0,2017-05-01,Canada,1.0,1.0,1.0,3.0,2.0,4.0,4.0,,,,,,0,Modern (2015-Present),Positive,0.8376,Pre Covid
158,35,Family Leisure,Economy Class,Boeing 787,3x3x3,0,2017-04-26,United States,1.0,2.0,1.0,1.0,1.0,3.0,2.0,,,,,,0,Modern (2015-Present),Negative,-0.8831,Pre Covid
159,35,Solo Leisure,Economy Class,Boeing 777,3x4x3,0,2017-02-15,United States,2.0,3.0,1.0,1.0,1.0,4.0,2.0,,,,,,0,Modern (2015-Present),Negative,-0.8966,Pre Covid
160,35,Solo Leisure,Economy Class,Boeing 777,3x4x3,0,2017-02-11,Australia,4.0,3.0,1.0,2.0,1.0,1.0,3.0,,,,,,0,Modern (2015-Present),Positive,0.9204,Pre Covid
161,35,Business,Economy Class,Boeing 787,3x3x3,0,2017-02-05,Canada,1.0,1.0,1.0,1.0,1.0,2.0,5.0,,,,,,0,Modern (2015-Present),Negative,-0.2942,Pre Covid
162,35,Business,Economy Class,Boeing 777,3x4x3,0,2017-01-22,Singapore,5.0,3.0,1.0,3.0,2.0,2.0,4.0,,,,,,0,Modern (2015-Present),Positive,0.3359,Pre Covid
163,35,Solo Leisure,Economy Class,Unknown,2x2,0,2016-10-09,United States,1.0,2.0,2.0,3.0,1.0,,,,,,,,1,Modern (2015-Present),Negative,-0.7964,Pre Covid
164,35,Solo Leisure,Premium Economy,Boeing 777,2x4x2,0,2016-10-09,United States,5.0,4.0,5.0,5.0,5.0,5.0,4.0,,,,,,1,Modern (2015-Present),Positive,0.9824,Pre Covid
165,35,Couple Leisure,Economy Class,Boeing 767,2x3x2,0,2016-08-31,Canada,5.0,3.0,3.0,3.0,3.0,,1.0,,,,,,1,Modern (2015-Present),Positive,0.669,Pre Covid
166,35,Family Leisure,Economy Class,Boeing 777,3x4x3,0,2016-08-02,United Kingdom,3.0,4.0,2.0,2.0,1.0,4.0,4.0,,,,,,1,Modern (2015-Present),Positive,0.7796,Pre Covid
167,35,Family Leisure,Economy Class,Airbus A321,3x3,0,2016-07-29,Canada,4.0,3.0,4.0,3.0,4.0,4.0,5.0,,,,,,1,Modern (2015-Present),Positive,0.9836,Pre Covid
168,35,Business,Economy Class,Boeing 787,3x3x3,0,2016-07-17,United States,1.0,1.0,1.0,1.0,1.0,5.0,5.0,,,,,,0,Modern (2015-Present),Negative,-0.8813,Pre Covid
169,35,Couple Leisure,Economy Class,Boeing 777,3x4x3,0,2016-05-12,Canada,1.0,1.0,1.0,1.0,1.0,,4.0,,,,,,0,Modern (2015-Present),Positive,0.872,Pre Covid
170,35,Family Leisure,Economy Class,Airbus A321,3x3,0,2016-04-25,Canada,4.0,3.0,4.0,4.0,5.0,5.0,3.0,,,,,,1,Modern (2015-Present),Positive,0.9669,Pre Covid
171,35,Couple Leisure,Economy Class,Boeing 777,3x4x3,0,2016-03-18,Australia,1.0,1.0,1.0,1.0,1.0,,,,,,,,0,Modern (2015-Present),Negative,-0.4588,Pre Covid
172,35,Couple Leisure,Economy Class,Boeing 777,3x4x3,0,2016-03-05,Australia,2.0,2.0,1.0,2.0,2.0,3.0,3.0,,,,,,0,Modern (2015-Present),Positive,0.8495,Pre Covid
173,35,Business,Economy Class,Boeing 777,3x4x3,0,2016-02-24,Canada,2.0,1.0,1.0,1.0,2.0,3.0,2.0,,,,,,0,Modern (2015-Present),Negative,-0.5046,Pre Covid
174,35,Solo Leisure,Premium Economy,Boeing 787,2x3x2,0,2016-02-10,Canada,5.0,4.0,4.0,5.0,5.0,5.0,5.0,,,,,,1,Modern (2015-Present),Positive,0.9394,Pre Covid
175,35,Solo Leisure,Economy Class,Boeing 777,3x4x3,0,2016-02-04,Canada,1.0,1.0,1.0,1.0,2.0,2.0,2.0,,,,,,0,Modern (2015-Present),Negative,-0.7455,Pre Covid
176,35,Business,Economy Class,Boeing 777,3x4x3,0,2016-01-27,Canada,1.0,1.0,3.0,3.0,1.0,3.0,2.0,,,,,,0,Modern (2015-Present),Positive,0.7241,Pre Covid
177,35,Solo Leisure,Economy Class,Boeing 777,3x4x3,0,2016-01-07,Australia,1.0,1.0,1.0,1.0,2.0,5.0,5.0,,,,,,0,Modern (2015-Present),Negative,-0.4357,Pre Covid
178,35,Family Leisure,Economy Class,Boeing 777,3x3x3,0,2015-10-29,United Kingdom,5.0,4.0,4.0,4.0,2.0,3.0,3.0,,,,,,1,Modern (2015-Present),Negative,-0.7094,Pre Covid
179,35,Solo Leisure,Economy Class,Boeing 777,3x4x3,0,2015-10-25,United Kingdom,5.0,3.0,5.0,4.0,5.0,5.0,5.0,,,,,,1,Modern (2015-Present),Positive,0.9577,Pre Covid
180,35,Business,Premium Economy,Boeing 787,1x2x1,0,2015-10-17,Canada,5.0,5.0,5.0,5.0,5.0,5.0,5.0,,,,,,1,Modern (2015-Present),Positive,0.9819,Pre Covid
181,35,Couple Leisure,Premium Economy,Boeing 787,2x3x2,0,2015-10-10,United States,1.0,1.0,5.0,4.0,2.0,5.0,4.0,,,,,,0,Modern (2015-Present),Positive,0.9843,Pre Covid
182,35,Unknown,Economy Class,Boeing 767,2x4x2,0,2015-05-29,Canada,2.0,2.0,2.0,3.0,,,1.0,,,,,,0,Modern (2015-Present),Negative,-0.4055,Pre Covid
183,35,Unknown,Economy Class,Airbus A319,3x3,0,2015-03-29,Canada,1.0,1.0,1.0,1.0,,,1.0,,,,,,0,Modern (2015-Present),Negative,-0.7218,Pre Covid
184,35,Unknown,Economy Class,Boeing 777,3x4x3,0,2015-03-22,United Kingdom,2.0,3.0,1.0,1.0,,,1.0,,,,,,0,Modern (2015-Present),Negative,-0.631,Pre Covid
185,35,Unknown,Economy Class,Boeing 777,3x3x3,0,2015-01-30,Australia,3.0,3.0,3.0,3.0,,,4.0,,,,,,1,Modern (2015-Present),Neutral,0.0137,Pre Covid
186,35,Unknown,Economy Class,Unknown,2x2,0,2014-11-19,Canada,3.0,3.0,2.0,2.0,,,1.0,,,,,,0,Historical (Pre-2015),Negative,-0.1154,Pre Covid
187,35,Unknown,Economy Class,Boeing 777,2x4x2,0,2014-11-19,Canada,5.0,4.0,4.0,5.0,,,2.0,,,,,,1,Historical (Pre-2015),Positive,0.6187,Pre Covid
188,35,Unknown,Economy Class,Airbus A319,3x3,0,2014-11-19,Canada,3.0,3.0,3.0,3.0,,,2.0,,,,,,1,Historical (Pre-2015),Negative,-0.3631,Pre Covid
189,35,Unknown,Economy Class,Unknown,2x2,0,2014-11-19,Canada,4.0,3.0,3.0,3.0,,,1.0,,,,,,1,Historical (Pre-2015),Positive,0.7876,Pre Covid
190,35,Unknown,Economy Class,Boeing 777,3x4x3,0,2014-07-30,Canada,1.0,1.0,1.0,1.0,,,3.0,,,,,,0,Historical (Pre-2015),Positive,0.0534,Pre Covid
191,35,Unknown,Economy Class,Boeing 777,3x4x3,0,2014-07-30,Canada,1.0,3.0,1.0,1.0,,,4.0,,,,,,0,Historical (Pre-2015),Negative,-0.4588,Pre Covid
192,35,Unknown,Economy Class,Boeing 777,3x4x3,0,2014-07-30,Canada,4.0,3.0,4.0,5.0,,,5.0,,,,,,1,Historical (Pre-2015),Positive,0.967,Pre Covid
193,35,Unknown,Economy Class,Airbus A320,3x3,0,2014-01-03,Canada,5.0,4.0,5.0,4.0,,,5.0,,,,,,1,Historical (Pre-2015),Positive,0.9601,Pre Covid
194,35,Unknown,Economy Class,Boeing 777,3x4x3,0,2014-01-03,Canada,2.0,2.0,1.0,1.0,,,5.0,,,,,,0,Historical (Pre-2015),Negative,-0.296,Pre Covid
195,35,Unknown,Economy Class,Other Aircraft,2x2,0,2014-01-03,United States,3.0,3.0,2.0,2.0,,,2.0,,,,,,0,Historical (Pre-2015),Positive,0.0874,Pre Covid
196,35,Unknown,Economy Class,Boeing 777,3x4x3,0,2013-04-20,Canada,3.0,3.0,3.0,3.0,,,3.0,,,,,,0,Historical (Pre-2015),Negative,-0.5402,Pre Covid
197,35,Unknown,Economy Class,Unknown,3x3x3,0,2011-09-19,New Zealand,4.0,4.0,5.0,5.0,,,5.0,,,,,,1,Historical (Pre-2015),Positive,0.836,Pre Covid
198,35,Unknown,Economy Class,Boeing 777,3x4x3,0,2011-08-10,United Kingdom,4.0,3.0,4.0,5.0,,,5.0,,,,,,1,Historical (Pre-2015),Positive,0.8834,Pre Covid
199,35,Unknown,Economy Class,Boeing 767,2x3x2,0,2011-06-09,Canada,2.0,2.0,2.0,2.0,,,,,,,,,0,Historical (Pre-2015),Positive,0.4215,Pre Covid
200,35,Unknown,Economy Class,Unknown,3x3x3,0,2009-12-15,Canada,2.0,2.0,3.0,4.0,,,2.0,,,,,,0,Historical (Pre-2015),Positive,0.3281,Pre Covid
201,35,Unknown,Economy Class,Unknown,3x3x3,0,2009-11-10,Australia,4.0,4.0,3.0,3.0,,,5.0,,,,,,1,Historical (Pre-2015),Positive,0.9136,Pre Covid
202,35,Unknown,Economy Class,Unknown,2x2,0,2009-10-06,Germany,2.0,1.0,2.0,1.0,,,,,,,,,0,Historical (Pre-2015),Negative,-0.5095,Pre Covid
203,35,Unknown,Economy Class,Boeing 777,3x4x3,0,2009-10-06,Germany,4.0,3.0,4.0,4.0,,,4.0,,,,,,1,Historical (Pre-2015),Positive,0.9117,Pre Covid
206,49,Solo Leisure,Economy Class,Boeing 737,3x3,0,2015-12-14,United Arab Emirates,2.0,1.0,2.0,2.0,1.0,,,,,,,,0,Modern (2015-Present),Negative,-0.891,Pre Covid
207,8,Solo Leisure,Economy Class,Airbus A321,3x3,1,2024-08-04,Cyprus,1.0,2.0,3.0,3.0,3.0,3.0,,,,,,,0,Modern (2015-Present),Negative,-0.584,After Covid
208,8,Couple Leisure,Economy Class,Airbus A320,3x3,1,2024-04-13,Belgium,1.0,3.0,3.0,3.0,4.0,5.0,,,,,,,0,Modern (2015-Present),Negative,-0.7011,After Covid
209,8,Couple Leisure,Economy Class,Airbus A320,3x3,1,2023-11-07,Germany,1.0,5.0,1.0,1.0,1.0,2.0,,,,,,,0,Modern (2015-Present),Positive,0.296,After Covid
210,8,Leisure,Business Class,Airbus A320,2x2,1,2021-10-23,United Kingdom,,,,,3.0,,,3.0,3.0,2.0,3.0,2.0,1,Modern (2015-Present),Negative,-0.1759,Covid
211,8,Business,Economy Class,Airbus A320,3x3,1,2020-02-25,Greece,1.0,1.0,3.0,3.0,3.0,3.0,3.0,,,,,,1,Modern (2015-Present),Negative,-0.497,Covid
212,8,Business,Economy Class,Airbus A320,3x3,1,2020-02-21,Switzerland,1.0,1.0,1.0,3.0,1.0,5.0,,,,,,,0,Modern (2015-Present),Negative,-0.216,Covid
213,8,Business,Economy Class,Airbus A320,3x3,1,2019-10-05,Greece,1.0,1.0,1.0,1.0,1.0,,,,,,,,0,Modern (2015-Present),Negative,-0.5709,Pre Covid
214,8,Business,Economy Class,Airbus A321,3x3,1,2019-08-26,Spain,1.0,4.0,4.0,4.0,4.0,,,,,,,,0,Modern (2015-Present),Neutral,0.0,Pre Covid
215,8,Business,Economy Class,Airbus A320,3x3,1,2019-07-22,Cyprus,1.0,4.0,3.0,4.0,3.0,,4.0,,,,,,1,Modern (2015-Present),Positive,0.4404,Pre Covid
216,8,Solo Leisure,Economy Class,Airbus A320,3x3,1,2018-04-11,Greece,3.0,3.0,5.0,4.0,5.0,,,,,,,,1,Modern (2015-Present),Positive,0.8689,Pre Covid
217,8,Business,Premium Economy,Airbus A320,2x2,0,2017-01-29,Switzerland,4.0,3.0,3.0,4.0,1.0,1.0,,,,,,,1,Modern (2015-Present),Positive,0.7778,Pre Covid
218,8,Family Leisure,Economy Class,Airbus A320,3x3,0,2016-08-26,United Kingdom,5.0,5.0,5.0,5.0,5.0,,5.0,,,,,,1,Modern (2015-Present),Positive,0.886,Pre Covid
219,8,Couple Leisure,Economy Class,Airbus A320,3x3,0,2016-08-12,Denmark,5.0,5.0,5.0,5.0,5.0,,,,,,,,1,Modern (2015-Present),Positive,0.4391,Pre Covid
220,8,Solo Leisure,Economy Class,Airbus A320,3x3,0,2016-01-04,United States,5.0,5.0,5.0,5.0,5.0,,,,,,,,1,Modern (2015-Present),Positive,0.5423,Pre Covid
221,8,Business,Economy Class,Airbus A320,3x3,0,2015-08-26,Italy,5.0,4.0,4.0,4.0,3.0,,4.0,,,,,,1,Modern (2015-Present),Negative,-0.3818,Pre Covid
222,8,Solo Leisure,Economy Class,Airbus A320,3x3,0,2015-07-20,United Kingdom,4.0,4.0,4.0,5.0,4.0,,4.0,,,,,,1,Modern (2015-Present),Positive,0.9004,Pre Covid
223,8,Unknown,Economy Class,Airbus A320,3x3,0,2013-01-21,United Kingdom,4.0,4.0,4.0,4.0,,,4.0,,,,,,1,Historical (Pre-2015),Positive,0.7773,Pre Covid
224,65,Leisure,Business Class,Boeing 777,2x2x2,1,2025-01-04,United States,,,,,3.0,1.0,,1.0,1.0,1.0,3.0,3.0,0,Modern (2015-Present),Negative,-0.5499,After Covid
225,65,Leisure,Business Class,Boeing 787,1x2x1,1,2019-12-10,United Kingdom,,,,,1.0,,,3.0,1.0,1.0,2.0,1.0,0,Modern (2015-Present),Negative,-0.776,Pre Covid
226,65,Business,Economy Class,Airbus A321,3x3,1,2019-10-27,New Zealand,4.0,4.0,4.0,3.0,3.0,3.0,1.0,,,,,,1,Modern (2015-Present),Positive,0.899,Pre Covid
227,65,Couple Leisure,Economy Class,Boeing 777,3x4x3,1,2019-10-20,Canada,3.0,3.0,2.0,2.0,3.0,5.0,4.0,,,,,,1,Modern (2015-Present),Positive,0.85,Pre Covid
228,65,Solo Leisure,Economy Class,Boeing 787,3x3x3,0,2019-06-27,New Zealand,1.0,1.0,1.0,1.0,3.0,3.0,3.0,,,,,,0,Modern (2015-Present),Negative,-0.3237,Pre Covid
229,65,Business,Business Class,Boeing 787,1x2x1,0,2019-04-05,New Zealand,,,,,4.0,4.0,,2.0,5.0,3.0,1.0,1.0,0,Modern (2015-Present),Negative,-0.7615,Pre Covid
230,65,Solo Leisure,Economy Class,Airbus A320,3x3,0,2018-09-17,Australia,2.0,1.0,2.0,2.0,1.0,1.0,3.0,,,,,,0,Modern (2015-Present),Negative,-0.9119,Pre Covid
231,65,Solo Leisure,Economy Class,Boeing 787,3x3x3,1,2018-04-25,New Zealand,3.0,3.0,3.0,3.0,3.0,,3.0,,,,,,1,Modern (2015-Present),Positive,0.9893,Pre Covid
232,65,Couple Leisure,Premium Economy,Unknown,2x4x2,1,2018-03-16,Spain,5.0,5.0,5.0,4.0,4.0,5.0,4.0,,,,,,1,Modern (2015-Present),Positive,0.9749,Pre Covid
233,65,Couple Leisure,Economy Class,Boeing 777,3x4x3,1,2017-12-18,United States,4.0,5.0,4.0,3.0,5.0,5.0,5.0,,,,,,1,Modern (2015-Present),Positive,0.7233,Pre Covid
234,65,Couple Leisure,Economy Class,Boeing 777,3x4x3,0,2017-09-04,New Zealand,2.0,2.0,2.0,3.0,4.0,5.0,,,,,,,0,Modern (2015-Present),Negative,-0.7275,Pre Covid
235,65,Solo Leisure,Economy Class,Boeing 777,unknown,0,2017-08-25,Australia,1.0,1.0,1.0,1.0,1.0,1.0,1.0,,,,,,0,Modern (2015-Present),Negative,-0.797,Pre Covid
236,65,Couple Leisure,Economy Class,Boeing 777,3x4x3,0,2017-04-30,Canada,1.0,2.0,1.0,1.0,4.0,4.0,4.0,,,,,,1,Modern (2015-Present),Negative,-0.5256,Pre Covid
237,65,Business,Economy Class,Boeing 777,3x4x3,0,2017-02-15,New Zealand,5.0,5.0,3.0,3.0,4.0,3.0,5.0,,,,,,1,Modern (2015-Present),Positive,0.9617,Pre Covid
238,65,Family Leisure,Economy Class,Boeing 777,3x4x3,0,2017-01-31,Australia,1.0,1.0,1.0,1.0,2.0,2.0,2.0,,,,,,0,Modern (2015-Present),Negative,-0.9905,Pre Covid
239,65,Couple Leisure,Economy Class,Airbus A320,3x3,0,2017-01-25,New Zealand,4.0,5.0,5.0,4.0,5.0,5.0,5.0,,,,,,1,Modern (2015-Present),Positive,0.836,Pre Covid
240,65,Couple Leisure,Economy Class,Boeing 767,2x3x2,0,2017-01-25,New Zealand,4.0,4.0,4.0,5.0,5.0,5.0,5.0,,,,,,1,Modern (2015-Present),Positive,0.7391,Pre Covid
241,65,Solo Leisure,Economy Class,Boeing 777,3x4x3,0,2016-11-08,New Zealand,4.0,1.0,3.0,2.0,4.0,5.0,5.0,,,,,,0,Modern (2015-Present),Negative,-0.9118,Pre Covid
242,65,Family Leisure,Economy Class,Boeing 777,3x4x3,0,2016-10-24,New Zealand,1.0,1.0,1.0,1.0,3.0,5.0,4.0,,,,,,0,Modern (2015-Present),Negative,-0.2263,Pre Covid
243,65,Couple Leisure,Economy Class,Boeing 787,3x3x3,0,2016-06-15,New Zealand,3.0,3.0,2.0,2.0,3.0,4.0,5.0,,,,,,1,Modern (2015-Present),Negative,-0.4445,Pre Covid
244,65,Couple Leisure,Economy Class,Boeing 777,3x4x3,0,2016-04-03,United States,1.0,2.0,1.0,1.0,1.0,4.0,4.0,,,,,,0,Modern (2015-Present),Negative,-0.8588,Pre Covid
245,65,Couple Leisure,Economy Class,Boeing 777,3x4x3,0,2016-02-20,Australia,1.0,1.0,1.0,1.0,4.0,5.0,4.0,,,,,,1,Modern (2015-Present),Negative,-0.836,Pre Covid
246,65,Solo Leisure,Premium Economy,Boeing 787,2x3x2,0,2016-02-19,Japan,5.0,3.0,4.0,5.0,3.0,5.0,5.0,,,,,,1,Modern (2015-Present),Positive,0.6239,Pre Covid
247,65,Solo Leisure,Premium Economy,Boeing 767,2x2x2,0,2016-02-16,New Zealand,5.0,5.0,4.0,5.0,5.0,5.0,5.0,,,,,,1,Modern (2015-Present),Positive,0.6953,Pre Covid
248,65,Solo Leisure,Economy Class,Boeing 777,3x4x3,0,2016-02-07,United States,2.0,3.0,1.0,1.0,2.0,,4.0,,,,,,0,Modern (2015-Present),Positive,0.4666,Pre Covid
249,65,Solo Leisure,Economy Class,Boeing 777,3x4x3,0,2015-12-19,Canada,2.0,2.0,1.0,1.0,2.0,,,,,,,,0,Modern (2015-Present),Negative,-0.9413,Pre Covid
250,65,Couple Leisure,Economy Class,Boeing 777,3x4x3,0,2015-12-01,United States,3.0,3.0,3.0,2.0,2.0,3.0,4.0,,,,,,0,Modern (2015-Present),Positive,0.9213,Pre Covid
251,65,Couple Leisure,Economy Class,Boeing 777,3x4x3,0,2015-11-21,United Kingdom,4.0,2.0,1.0,1.0,3.0,,2.0,,,,,,1,Modern (2015-Present),Negative,-0.5943,Pre Covid
252,65,Solo Leisure,Economy Class,Boeing 777,3x4x3,0,2015-11-13,New Zealand,1.0,2.0,1.0,1.0,3.0,5.0,5.0,,,,,,0,Modern (2015-Present),Negative,-0.4695,Pre Covid
253,65,Couple Leisure,Economy Class,Boeing 777,3x4x3,0,2015-10-22,United Kingdom,3.0,2.0,1.0,1.0,2.0,2.0,3.0,,,,,,0,Modern (2015-Present),Negative,-0.5574,Pre Covid
254,65,Couple Leisure,Premium Economy,Boeing 777,2x2x2,0,2015-10-13,New Zealand,5.0,4.0,5.0,4.0,4.0,5.0,5.0,,,,,,1,Modern (2015-Present),Positive,0.8268,Pre Covid
255,65,Couple Leisure,Premium Economy,Boeing 777,2x4x2,0,2015-09-29,New Zealand,5.0,5.0,5.0,5.0,4.0,,5.0,,,,,,1,Modern (2015-Present),Positive,0.9625,Pre Covid
256,65,Couple Leisure,Premium Economy,Boeing 777,2x2x2,0,2015-09-27,United States,4.0,3.0,5.0,3.0,4.0,5.0,5.0,,,,,,1,Modern (2015-Present),Positive,0.9885,Pre Covid
257,65,Family Leisure,Premium Economy,Boeing 777,2x2x2,0,2015-09-22,New Zealand,5.0,4.0,5.0,5.0,5.0,5.0,5.0,,,,,,1,Modern (2015-Present),Positive,0.9132,Pre Covid
258,65,Couple Leisure,Economy Class,Boeing 777,3x4x3,0,2015-09-03,New Zealand,1.0,1.0,1.0,1.0,1.0,,3.0,,,,,,0,Modern (2015-Present),Negative,-0.9842,Pre Covid
259,65,Family Leisure,Premium Economy,Boeing 777,2x4x2,0,2015-08-26,Canada,4.0,4.0,4.0,4.0,4.0,4.0,4.0,,,,,,1,Modern (2015-Present),Positive,0.8384,Pre Covid
260,65,Solo Leisure,Economy Class,Airbus A320,3x3,0,2015-08-02,Australia,5.0,5.0,4.0,5.0,5.0,,,,,,,,1,Modern (2015-Present),Positive,0.7579,Pre Covid
261,65,Solo Leisure,Economy Class,Boeing 777,3x4x3,0,2015-06-29,New Zealand,4.0,3.0,4.0,1.0,2.0,1.0,1.0,,,,,,0,Modern (2015-Present),Positive,0.8665,Pre Covid
262,65,Solo Leisure,Premium Economy,Boeing 777,2x4x2,0,2015-06-11,New Zealand,1.0,1.0,1.0,1.0,,,1.0,,,,,,0,Modern (2015-Present),Negative,-0.5574,Pre Covid
263,65,Unknown,Premium Economy,Boeing 777,3x3x3,0,2015-05-29,Australia,1.0,1.0,2.0,1.0,,,3.0,,,,,,0,Modern (2015-Present),Negative,-0.7399,Pre Covid
264,65,Unknown,Economy Class,Boeing 777,3x4x3,0,2015-05-29,New Zealand,1.0,1.0,1.0,1.0,,,2.0,,,,,,0,Modern (2015-Present),Positive,0.165,Pre Covid
265,65,Unknown,Premium Economy,Boeing 777,3x3x3,0,2015-03-01,Canada,3.0,1.0,1.0,3.0,,,3.0,,,,,,0,Modern (2015-Present),Positive,0.228,Pre Covid
266,65,Unknown,Premium Economy,Boeing 777,3x4x3,0,2015-02-22,New Zealand,1.0,1.0,2.0,1.0,,,4.0,,,,,,0,Modern (2015-Present),Negative,-0.9032,Pre Covid
267,65,Unknown,Premium Economy,Boeing 777,2x2x2,0,2015-01-27,Australia,5.0,4.0,5.0,4.0,,,4.0,,,,,,1,Modern (2015-Present),Positive,0.9931,Pre Covid
268,65,Unknown,Economy Class,Boeing 777,3x4x3,0,2014-11-19,Australia,1.0,1.0,1.0,3.0,,,3.0,,,,,,0,Historical (Pre-2015),Negative,-0.7541,Pre Covid
269,65,Unknown,Economy Class,Boeing 777,3x3x3,0,2014-11-19,Australia,2.0,2.0,3.0,2.0,,,4.0,,,,,,0,Historical (Pre-2015),Negative,-0.3818,Pre Covid
270,65,Unknown,Economy Class,Boeing 777,3x4x3,0,2014-11-19,New Zealand,1.0,1.0,1.0,1.0,,,2.0,,,,,,0,Historical (Pre-2015),Negative,-0.8074,Pre Covid
271,65,Unknown,Economy Class,Airbus A320,3x3,0,2014-11-19,Australia,2.0,2.0,2.0,2.0,,,2.0,,,,,,0,Historical (Pre-2015),Negative,-0.7805,Pre Covid
272,65,Unknown,Premium Economy,Boeing 777,2x2x2,0,2014-11-19,Australia,5.0,4.0,5.0,5.0,,,4.0,,,,,,1,Historical (Pre-2015),Positive,0.2695,Pre Covid
273,65,Unknown,Premium Economy,Boeing 777,2x2x2,0,2014-11-19,Australia,2.0,1.0,4.0,1.0,,,1.0,,,,,,0,Historical (Pre-2015),Negative,-0.8596,Pre Covid
274,65,Unknown,Economy Class,Airbus A320,3x3,0,2014-08-02,Australia,2.0,2.0,2.0,2.0,,,2.0,,,,,,0,Historical (Pre-2015),Negative,-0.3597,Pre Covid
275,65,Unknown,Economy Class,Boeing 777,3x4x3,0,2014-07-21,New Zealand,3.0,1.0,1.0,4.0,,,1.0,,,,,,0,Historical (Pre-2015),Negative,-0.6361,Pre Covid
276,65,Unknown,Economy Class,Boeing 777,3x4x3,0,2014-07-20,United States,2.0,4.0,3.0,2.0,,,2.0,,,,,,0,Historical (Pre-2015),Negative,-0.886,Pre Covid
277,65,Unknown,Economy Class,Airbus A320,3x3,0,2014-03-03,Canada,2.0,1.0,2.0,1.0,,,3.0,,,,,,0,Historical (Pre-2015),Negative,-0.2944,Pre Covid
278,65,Unknown,Economy Class,Boeing 777,3x4x3,0,2014-01-03,New Zealand,2.0,2.0,2.0,4.0,,,5.0,,,,,,0,Historical (Pre-2015),Negative,-0.8074,Pre Covid
279,65,Unknown,Economy Class,Boeing 767,2x3x2,0,2014-01-03,New Zealand,1.0,2.0,2.0,3.0,,,2.0,,,,,,0,Historical (Pre-2015),Negative,-0.891,Pre Covid
280,65,Unknown,Economy Class,Boeing 777,3x5x3,0,2014-01-03,United Kingdom,3.0,3.0,4.0,3.0,,,5.0,,,,,,1,Historical (Pre-2015),Positive,0.9773,Pre Covid
281,65,Unknown,Economy Class,Boeing 777,2x2x2,0,2014-01-03,United Kingdom,5.0,4.0,4.0,5.0,,,5.0,,,,,,1,Historical (Pre-2015),Positive,0.9731,Pre Covid
282,65,Unknown,Premium Economy,Boeing 777,2x2x2,0,2013-01-01,Australia,3.0,1.0,3.0,2.0,,,3.0,,,,,,0,Historical (Pre-2015),Negative,-0.6533,Pre Covid
283,65,Unknown,Economy Class,Boeing 777,3x3x3,0,2013-01-01,New Zealand,4.0,3.0,3.0,2.0,,,3.0,,,,,,1,Historical (Pre-2015),Positive,0.6918,Pre Covid
284,65,Unknown,Premium Economy,Boeing 777,2x2x2,0,2011-10-26,United Kingdom,5.0,4.0,4.0,5.0,,,4.0,,,,,,1,Historical (Pre-2015),Positive,0.1504,Pre Covid
285,65,Unknown,Economy Class,Boeing 777,3x3x3,0,2011-10-22,Australia,1.0,1.0,1.0,1.0,,,2.0,,,,,,0,Historical (Pre-2015),Negative,-0.9558,Pre Covid
286,65,Unknown,Premium Economy,Boeing 777,2x2x2,0,2011-10-22,United States,5.0,4.0,4.0,2.0,,,4.0,,,,,,1,Historical (Pre-2015),Positive,0.968,Pre Covid
287,65,Unknown,Premium Economy,Boeing 777,2x2x2,0,2011-09-19,Australia,5.0,4.0,4.0,4.0,,,5.0,,,,,,1,Historical (Pre-2015),Positive,0.9366,Pre Covid
288,65,Unknown,Economy Class,Boeing 777,3x3x3,0,2011-08-10,New Zealand,4.0,4.0,4.0,1.0,,,4.0,,,,,,0,Historical (Pre-2015),Negative,-0.4433,Pre Covid
289,65,Unknown,Economy Class,Boeing 777,2x2x2,0,2011-04-05,New Zealand,2.0,2.0,3.0,2.0,,,1.0,,,,,,0,Historical (Pre-2015),Negative,-0.9445,Pre Covid
290,65,Unknown,Economy Class,Boeing 777,2x2x2,0,2011-04-05,United Kingdom,5.0,4.0,5.0,5.0,,,4.0,,,,,,1,Historical (Pre-2015),Positive,0.7003,Pre Covid
291,65,Unknown,Economy Class,Unknown,3x3x3,0,2009-08-12,New Zealand,1.0,3.0,1.0,1.0,,,1.0,,,,,,0,Historical (Pre-2015),Negative,-0.8214,Pre Covid
292,65,Unknown,Economy Class,Unknown,3x4x3,0,2009-01-15,United Kingdom,4.0,4.0,3.0,4.0,,,4.0,,,,,,1,Historical (Pre-2015),Positive,0.8937,Pre Covid
293,65,Unknown,Premium Economy,Unknown,3x3x3,0,2009-01-15,United Kingdom,4.0,4.0,3.0,4.0,,,5.0,,,,,,1,Historical (Pre-2015),Positive,0.938,Pre Covid
294,65,Unknown,Economy Class,Boeing 777,3x3x3,0,2009-01-06,New Zealand,1.0,2.0,2.0,1.0,,,3.0,,,,,,0,Historical (Pre-2015),Negative,-0.5029,Pre Covid
299,74,Solo Leisure,Economy Class,Airbus A330,2x4x2,1,2023-08-02,United States,1.0,1.0,1.0,1.0,1.0,,,,,,,,0,Modern (2015-Present),Positive,0.3802,After Covid
300,74,Couple Leisure,Economy Class,Boeing 737,3x3,1,2019-12-29,Cyprus,1.0,1.0,1.0,1.0,1.0,,,,,,,,0,Modern (2015-Present),Negative,-0.6418,Pre Covid
301,74,Business,Economy Class,Airbus A319,3x3,0,2017-09-28,Jordan,5.0,5.0,5.0,5.0,5.0,,,,,,,,1,Modern (2015-Present),Positive,0.872,Pre Covid
302,74,Couple Leisure,Economy Class,Airbus A319,3x3,0,2016-08-02,United Kingdom,3.0,3.0,2.0,3.0,1.0,,,,,,,,0,Modern (2015-Present),Negative,-0.2707,Pre Covid
303,67,Solo Leisure,Economy Class,Unknown,2x2,0,2015-06-20,Australia,1.0,1.0,1.0,2.0,1.0,,,,,,,,1,Modern (2015-Present),Positive,0.1027,Pre Covid
304,44,Solo Leisure,Economy Class,Boeing 787,3x3x3,1,2023-02-12,Belgium,1.0,1.0,1.0,1.0,1.0,1.0,1.0,,,,,,0,Modern (2015-Present),Negative,-0.5499,After Covid
305,44,Solo Leisure,Economy Class,Boeing 787,3x3x3,0,2017-09-19,Indonesia,4.0,4.0,4.0,4.0,4.0,4.0,3.0,,,,,,1,Modern (2015-Present),Positive,0.9382,Pre Covid
306,59,Couple Leisure,Economy Class,Airbus A330,2x4x2,1,2023-10-11,United Kingdom,5.0,5.0,5.0,4.0,4.0,4.0,4.0,,,,,,1,Modern (2015-Present),Positive,0.8313,After Covid
307,59,Business,Business Class,Airbus A340,1x2x1,1,2019-10-21,United Kingdom,,,,,4.0,5.0,,5.0,5.0,5.0,5.0,5.0,1,Modern (2015-Present),Positive,0.8879,Pre Covid
308,59,Business,Business Class,Airbus A350,1x2x1,1,2019-10-20,United Kingdom,,,,,5.0,5.0,,5.0,4.0,4.0,4.0,2.0,1,Modern (2015-Present),Positive,0.9861,Pre Covid
309,59,Couple Leisure,Economy Class,Airbus A340,2x4x2,1,2019-05-27,Netherlands,4.0,4.0,4.0,4.0,3.0,,1.0,,,,,,1,Modern (2015-Present),Positive,0.7684,Pre Covid
310,59,Couple Leisure,Economy Class,Airbus A340,2x4x2,1,2018-05-10,United Kingdom,2.0,2.0,3.0,3.0,1.0,1.0,1.0,,,,,,1,Modern (2015-Present),Positive,0.9058,Pre Covid
311,59,Solo Leisure,Economy Class,Airbus A340,2x4x2,0,2017-09-28,Belgium,1.0,3.0,3.0,1.0,5.0,,1.0,,,,,,0,Modern (2015-Present),Negative,-0.634,Pre Covid
312,59,Unknown,Economy Class,Airbus A340,2x4x2,0,2011-04-05,United Kingdom,1.0,1.0,1.0,1.0,,,3.0,,,,,,0,Historical (Pre-2015),Negative,-0.916,Pre Covid
313,45,Couple Leisure,Premium Economy,Unknown,2x4x2,1,2025-09-21,Canada,4.0,4.0,4.0,4.0,2.0,4.0,4.0,,,,,,0,Modern (2015-Present),Negative,-0.4767,After Covid
314,45,Solo Leisure,Economy Class,Airbus A350,3x3x3,1,2024-03-23,United Kingdom,1.0,3.0,2.0,4.0,3.0,3.0,2.0,,,,,,0,Modern (2015-Present),Negative,-0.4588,After Covid
315,45,Leisure,Business Class,Airbus A350,1x2x1,0,2023-11-11,United Kingdom,,,,,1.0,2.0,,1.0,2.0,1.0,2.0,2.0,0,Modern (2015-Present),Negative,-0.8221,After Covid
316,45,Solo Leisure,Premium Economy,Boeing 777,2x4x2,1,2023-02-14,South Africa,4.0,3.0,5.0,5.0,4.0,5.0,5.0,,,,,,1,Modern (2015-Present),Positive,0.7829,After Covid
317,45,Family Leisure,Economy Class,Airbus A320,3x3,1,2023-01-10,United Kingdom,5.0,3.0,4.0,4.0,4.0,,,,,,,,1,Modern (2015-Present),Positive,0.9098,After Covid
318,45,Business,Business Class,Airbus A350,1x2x1,1,2022-11-10,Netherlands,,,,,4.0,4.0,,5.0,5.0,4.0,4.0,4.0,1,Modern (2015-Present),Positive,0.9603,After Covid
319,45,Solo Leisure,Economy Class,Boeing 777,3x4x3,1,2022-08-26,United States,3.0,4.0,3.0,3.0,4.0,2.0,4.0,,,,,,1,Modern (2015-Present),Negative,-0.6136,After Covid
320,45,Business,Business Class,Airbus A330,2x2x2,1,2022-01-06,United Kingdom,,,,,5.0,5.0,,1.0,1.0,3.0,3.0,4.0,0,Modern (2015-Present),Negative,-0.8625,After Covid
321,45,Business,Business Class,Boeing 777,1x2x1,1,2020-02-09,United States,,,,,4.0,4.0,,1.0,4.0,4.0,4.0,4.0,0,Modern (2015-Present),Positive,0.8197,Covid
322,45,Solo Leisure,Economy Class,Airbus A330,2x4x2,1,2020-01-26,India,1.0,1.0,1.0,1.0,1.0,1.0,1.0,,,,,,0,Modern (2015-Present),Negative,-0.7556,Covid
323,45,Couple Leisure,Economy Class,Boeing 777,3x4x3,1,2019-11-06,Switzerland,1.0,1.0,1.0,2.0,1.0,1.0,1.0,,,,,,0,Modern (2015-Present),Negative,-0.938,Pre Covid
324,45,Leisure,Business Class,Airbus A320,3x3,1,2019-06-27,United States,,,,,1.0,,,1.0,1.0,1.0,1.0,1.0,0,Modern (2015-Present),Negative,-0.7964,Pre Covid
325,45,Business,Business Class,Airbus A380,2x2x2,0,2019-05-27,United States,,,,,1.0,2.0,,1.0,3.0,1.0,3.0,3.0,0,Modern (2015-Present),Negative,-0.7389,Pre Covid
326,45,Leisure,Business Class,Boeing 777,2x3x2,1,2019-05-16,United Kingdom,,,,,2.0,4.0,,2.0,4.0,2.0,1.0,1.0,0,Modern (2015-Present),Negative,-0.9116,Pre Covid
327,45,Solo Leisure,Premium Economy,Boeing 777,2x4x2,1,2019-02-07,United States,5.0,5.0,5.0,5.0,5.0,4.0,5.0,,,,,,1,Modern (2015-Present),Positive,0.9646,Pre Covid
328,45,Business,Premium Economy,Airbus A380,2x4x2,1,2018-10-21,United States,3.0,1.0,3.0,4.0,3.0,4.0,4.0,,,,,,0,Modern (2015-Present),Negative,-0.7011,Pre Covid
329,45,Family Leisure,Economy Class,Boeing 777,3x4x3,1,2018-08-17,Netherlands,2.0,2.0,1.0,1.0,2.0,,4.0,,,,,,0,Modern (2015-Present),Positive,0.722,Pre Covid
330,45,Solo Leisure,Premium Economy,Boeing 777,2x4x2,1,2018-07-27,Hong Kong,5.0,1.0,4.0,4.0,5.0,5.0,5.0,,,,,,1,Modern (2015-Present),Negative,-0.2465,Pre Covid
331,45,Business,Premium Economy,Boeing 777,unknown,1,2018-03-21,Ireland,3.0,1.0,3.0,1.0,1.0,1.0,3.0,,,,,,0,Modern (2015-Present),Negative,-0.948,Pre Covid
332,45,Couple Leisure,Premium Economy,Airbus A380,2x3x2,0,2017-11-02,United States,5.0,3.0,5.0,5.0,5.0,5.0,5.0,,,,,,1,Modern (2015-Present),Positive,0.9853,Pre Covid
333,45,Business,Premium Economy,Boeing 777,2x4x2,0,2017-11-02,France,4.0,2.0,4.0,4.0,3.0,4.0,5.0,,,,,,1,Modern (2015-Present),Positive,0.9265,Pre Covid
334,45,Couple Leisure,Premium Economy,Boeing 777,3x4x3,0,2017-10-12,United States,3.0,3.0,3.0,1.0,3.0,3.0,3.0,,,,,,0,Modern (2015-Present),Negative,-0.8516,Pre Covid
335,45,Couple Leisure,Economy Class,Airbus A380,2x4x2,0,2017-05-26,United Kingdom,4.0,4.0,4.0,4.0,5.0,4.0,3.0,,,,,,1,Modern (2015-Present),Positive,0.8047,Pre Covid
336,45,Couple Leisure,Premium Economy,Airbus A380,2x4x2,0,2017-04-25,Australia,4.0,1.0,5.0,5.0,4.0,,4.0,,,,,,1,Modern (2015-Present),Negative,-0.2271,Pre Covid
337,45,Couple Leisure,Economy Class,Boeing 777,3x4x3,0,2017-04-07,France,2.0,2.0,1.0,1.0,2.0,1.0,1.0,,,,,,0,Modern (2015-Present),Negative,-0.8439,Pre Covid
338,45,Solo Leisure,Economy Class,Airbus A380,3x4x3,0,2017-02-02,France,2.0,3.0,3.0,2.0,4.0,,4.0,,,,,,0,Modern (2015-Present),Negative,-0.6675,Pre Covid
339,45,Solo Leisure,Economy Class,Airbus A340,2x4x2,0,2017-01-20,Colombia,2.0,2.0,3.0,3.0,2.0,3.0,2.0,,,,,,0,Modern (2015-Present),Negative,-0.1027,Pre Covid
340,45,Solo Leisure,Premium Economy,Boeing 777,2x4x2,0,2016-12-02,Germany,3.0,1.0,3.0,3.0,3.0,3.0,3.0,,,,,,0,Modern (2015-Present),Positive,0.9727,Pre Covid
341,45,Couple Leisure,Premium Economy,Airbus A340,2x3x2,0,2016-10-24,United States,4.0,1.0,3.0,4.0,1.0,1.0,3.0,,,,,,0,Modern (2015-Present),Negative,-0.9294,Pre Covid
342,45,Family Leisure,Economy Class,Boeing 777,3x4x3,0,2016-10-18,United States,3.0,2.0,3.0,3.0,2.0,2.0,4.0,,,,,,1,Modern (2015-Present),Positive,0.9842,Pre Covid
343,45,Couple Leisure,Premium Economy,Airbus A318,2x2,0,2016-09-14,Italy,3.0,2.0,2.0,3.0,2.0,,,,,,,,1,Modern (2015-Present),Positive,0.1295,Pre Covid
344,45,Business,Economy Class,Airbus A380,3x4x3,0,2016-09-12,United Kingdom,3.0,1.0,2.0,3.0,1.0,,1.0,,,,,,0,Modern (2015-Present),Negative,-0.7975,Pre Covid
345,45,Family Leisure,Economy Class,Airbus A380,3x4x3,0,2016-09-12,France,4.0,4.0,5.0,4.0,5.0,,4.0,,,,,,1,Modern (2015-Present),Positive,0.9216,Pre Covid
346,45,Solo Leisure,Economy Class,Unknown,3x4x3,0,2016-07-20,Singapore,4.0,4.0,4.0,4.0,5.0,5.0,5.0,,,,,,1,Modern (2015-Present),Positive,0.9913,Pre Covid
347,45,Solo Leisure,Economy Class,Boeing 777,3x4x3,0,2016-07-18,France,5.0,5.0,3.0,3.0,5.0,5.0,5.0,,,,,,1,Modern (2015-Present),Positive,0.9887,Pre Covid
348,45,Business,Economy Class,Boeing 777,3x4x3,0,2016-06-01,France,4.0,3.0,3.0,4.0,3.0,,1.0,,,,,,1,Modern (2015-Present),Positive,0.6601,Pre Covid
349,45,Couple Leisure,Premium Economy,Airbus A380,2x3x2,0,2016-05-01,Ireland,3.0,1.0,3.0,3.0,3.0,,2.0,,,,,,0,Modern (2015-Present),Negative,-0.8024,Pre Covid
350,45,Couple Leisure,Premium Economy,Boeing 777,2x3x2,0,2016-05-01,Ireland,2.0,1.0,2.0,2.0,2.0,2.0,2.0,,,,,,0,Modern (2015-Present),Neutral,0.0088,Pre Covid
351,45,Couple Leisure,Economy Class,Airbus A380,2x4x2,0,2016-04-19,Austria,2.0,3.0,3.0,1.0,3.0,2.0,2.0,,,,,,0,Modern (2015-Present),Negative,-0.6335,Pre Covid
352,45,Couple Leisure,Economy Class,Boeing 777,3x4x3,0,2016-02-13,Canada,4.0,5.0,4.0,5.0,5.0,5.0,5.0,,,,,,1,Modern (2015-Present),Negative,-0.1977,Pre Covid
353,45,Solo Leisure,Economy Class,Boeing 777,3x4x3,0,2016-01-27,United Kingdom,2.0,2.0,1.0,1.0,1.0,,3.0,,,,,,0,Modern (2015-Present),Positive,0.9533,Pre Covid
354,45,Solo Leisure,Premium Economy,Boeing 777,3x4x3,0,2016-01-25,United States,4.0,5.0,5.0,4.0,5.0,5.0,5.0,,,,,,1,Modern (2015-Present),Positive,0.0516,Pre Covid
355,45,Solo Leisure,Economy Class,Airbus A320,3x3,0,2016-01-24,United States,4.0,5.0,5.0,5.0,5.0,,,,,,,,1,Modern (2015-Present),Positive,0.5719,Pre Covid
356,45,Business,Economy Class,Boeing 777,3x4x3,0,2016-01-20,France,1.0,1.0,1.0,1.0,1.0,,1.0,,,,,,0,Modern (2015-Present),Negative,-0.7083,Pre Covid
357,45,Solo Leisure,Economy Class,Airbus A380,3x4x3,0,2016-01-12,Spain,2.0,2.0,2.0,3.0,2.0,4.0,2.0,,,,,,1,Modern (2015-Present),Neutral,-0.0147,Pre Covid
358,45,Family Leisure,Premium Economy,Boeing 777,2x4x2,0,2015-11-23,Italy,4.0,4.0,4.0,2.0,5.0,5.0,5.0,,,,,,1,Modern (2015-Present),Positive,0.8794,Pre Covid
359,45,Solo Leisure,Premium Economy,Boeing 777,2x3x2,0,2015-11-03,Canada,4.0,1.0,3.0,3.0,1.0,,3.0,,,,,,0,Modern (2015-Present),Negative,-0.8897,Pre Covid
360,45,Solo Leisure,Economy Class,Boeing 777,3x4x3,0,2015-09-21,Argentina,1.0,1.0,1.0,1.0,1.0,1.0,1.0,,,,,,0,Modern (2015-Present),Neutral,0.0,Pre Covid
361,45,Couple Leisure,Premium Economy,Airbus A380,2x4x2,0,2015-09-02,Ireland,2.0,1.0,2.0,4.0,3.0,3.0,3.0,,,,,,0,Modern (2015-Present),Negative,-0.6815,Pre Covid
362,45,Solo Leisure,Economy Class,Boeing 777,3x4x3,0,2015-08-28,France,2.0,1.0,2.0,2.0,3.0,1.0,1.0,,,,,,0,Modern (2015-Present),Positive,0.6834,Pre Covid
363,45,Solo Leisure,Premium Economy,Boeing 777,unknown,0,2015-08-06,Australia,1.0,1.0,1.0,1.0,1.0,2.0,3.0,,,,,,0,Modern (2015-Present),Negative,-0.8807,Pre Covid
364,45,Couple Leisure,Economy Class,Boeing 777,3x4x3,0,2015-06-30,Singapore,2.0,3.0,2.0,5.0,4.0,5.0,5.0,,,,,,0,Modern (2015-Present),Positive,0.1531,Pre Covid
365,45,Solo Leisure,Economy Class,Boeing 777,3x4x3,0,2015-06-11,United States,5.0,4.0,5.0,5.0,,,5.0,,,,,,1,Modern (2015-Present),Positive,0.9884,Pre Covid
366,45,Unknown,Premium Economy,Airbus A380,2x3x2,0,2015-05-10,United States,5.0,4.0,5.0,4.0,,,3.0,,,,,,1,Modern (2015-Present),Positive,0.8385,Pre Covid
367,45,Unknown,Premium Economy,Airbus A380,2x4x2,0,2015-05-10,United States,2.0,1.0,3.0,3.0,,,2.0,,,,,,0,Modern (2015-Present),Negative,-0.8718,Pre Covid
368,45,Unknown,Premium Economy,Boeing 777,2x4x2,0,2015-05-10,United Kingdom,4.0,1.0,4.0,3.0,,,4.0,,,,,,1,Modern (2015-Present),Positive,0.4228,Pre Covid
369,45,Unknown,Economy Class,Boeing 777,3x4x3,0,2015-03-29,United Kingdom,4.0,3.0,4.0,4.0,,,5.0,,,,,,1,Modern (2015-Present),Positive,0.7522,Pre Covid
370,45,Unknown,Premium Economy,Boeing 777,2x4x2,0,2015-02-21,France,3.0,1.0,1.0,1.0,,,1.0,,,,,,0,Modern (2015-Present),Negative,-0.9327,Pre Covid
371,45,Unknown,Economy Class,Airbus A380,3x4x3,0,2015-02-07,United Kingdom,3.0,2.0,3.0,3.0,,,1.0,,,,,,0,Modern (2015-Present),Negative,-0.7668,Pre Covid
372,45,Unknown,Premium Economy,Airbus A340,2x3x2,0,2015-02-02,Germany,3.0,1.0,1.0,2.0,,,4.0,,,,,,0,Modern (2015-Present),Positive,0.6866,Pre Covid
373,45,Unknown,Economy Class,Boeing 777,3x4x3,0,2015-02-02,South Korea,1.0,1.0,1.0,1.0,,,2.0,,,,,,0,Modern (2015-Present),Negative,-0.5423,Pre Covid
374,45,Unknown,Premium Economy,Airbus A380,2x4x2,0,2015-01-27,United States,5.0,3.0,5.0,5.0,,,5.0,,,,,,1,Modern (2015-Present),Positive,0.9736,Pre Covid
375,45,Unknown,Economy Class,Boeing 777,3x4x3,0,2014-11-19,Malaysia,1.0,1.0,1.0,1.0,,,1.0,,,,,,0,Historical (Pre-2015),Negative,-0.7311,Pre Covid
376,45,Unknown,Economy Class,Boeing 777,3x4x3,0,2014-11-19,United States,1.0,2.0,2.0,1.0,,,2.0,,,,,,0,Historical (Pre-2015),Negative,-0.8225,Pre Covid
377,45,Unknown,Economy Class,Airbus A318,3x3,0,2014-11-19,Germany,5.0,1.0,3.0,3.0,,,1.0,,,,,,0,Historical (Pre-2015),Positive,0.0772,Pre Covid
378,45,Unknown,Premium Economy,Boeing 777,2x4x2,0,2014-08-06,United States,4.0,1.0,3.0,3.0,,,3.0,,,,,,0,Historical (Pre-2015),Negative,-0.8442,Pre Covid
379,45,Unknown,Premium Economy,Airbus A380,3x4x3,0,2014-08-02,United States,5.0,1.0,1.0,3.0,,,1.0,,,,,,0,Historical (Pre-2015),Negative,-0.9167,Pre Covid
380,45,Unknown,Premium Economy,Airbus A380,2x4x2,0,2014-07-30,United States,5.0,5.0,5.0,5.0,,,5.0,,,,,,1,Historical (Pre-2015),Positive,0.7019,Pre Covid
381,45,Unknown,Premium Economy,Boeing 777,2x3x2,0,2014-07-25,United States,3.0,1.0,1.0,2.0,,,1.0,,,,,,0,Historical (Pre-2015),Negative,-0.8351,Pre Covid
382,45,Unknown,Premium Economy,Airbus A380,2x3x2,0,2014-07-24,United States,2.0,1.0,2.0,1.0,,,3.0,,,,,,0,Historical (Pre-2015),Positive,0.5774,Pre Covid
383,45,Unknown,Premium Economy,Boeing 777,2x3x2,0,2014-07-24,France,2.0,2.0,2.0,1.0,,,1.0,,,,,,0,Historical (Pre-2015),Negative,-0.8484,Pre Covid
384,45,Unknown,Premium Economy,Airbus A380,2x3x2,0,2014-07-24,United States,4.0,1.0,3.0,3.0,,,3.0,,,,,,0,Historical (Pre-2015),Negative,-0.7895,Pre Covid
385,45,Unknown,Premium Economy,Boeing 777,2x4x2,0,2014-03-11,Germany,2.0,2.0,4.0,2.0,,,3.0,,,,,,0,Historical (Pre-2015),Negative,-0.7228,Pre Covid
386,45,Unknown,Premium Economy,Boeing 777,2x3x2,0,2014-03-03,Hong Kong,2.0,1.0,3.0,2.0,,,3.0,,,,,,0,Historical (Pre-2015),Neutral,-0.0335,Pre Covid
387,45,Unknown,Economy Class,Airbus A380,2x4x2,0,2014-01-10,Israel,5.0,2.0,1.0,5.0,,,4.0,,,,,,1,Historical (Pre-2015),Negative,-0.1027,Pre Covid
388,45,Unknown,Economy Class,Boeing 777,3x4x3,0,2014-01-06,United Kingdom,2.0,1.0,2.0,1.0,,,1.0,,,,,,0,Historical (Pre-2015),Negative,-0.7397,Pre Covid
389,45,Unknown,Economy Class,Boeing 777,3x4x3,0,2014-01-03,Australia,1.0,1.0,1.0,1.0,,,1.0,,,,,,0,Historical (Pre-2015),Negative,-0.8871,Pre Covid
390,45,Unknown,Economy Class,Boeing 777,3x4x3,0,2014-01-03,Australia,3.0,3.0,2.0,3.0,,,2.0,,,,,,0,Historical (Pre-2015),Positive,0.0781,Pre Covid
391,45,Unknown,Premium Economy,Airbus A330,2x3x2,0,2014-01-03,United States,5.0,4.0,5.0,5.0,,,5.0,,,,,,1,Historical (Pre-2015),Positive,0.9576,Pre Covid
392,45,Unknown,Premium Economy,Airbus A340,2x4x2,0,2014-01-03,United Kingdom,3.0,2.0,3.0,2.0,,,2.0,,,,,,0,Historical (Pre-2015),Negative,-0.9284,Pre Covid
393,45,Unknown,Economy Class,Airbus A380,3x4x3,0,2014-01-03,South Africa,1.0,2.0,1.0,1.0,,,3.0,,,,,,0,Historical (Pre-2015),Negative,-0.6755,Pre Covid
394,45,Unknown,Premium Economy,Boeing 747,2x4x2,0,2014-01-03,United States,5.0,1.0,3.0,5.0,,,5.0,,,,,,1,Historical (Pre-2015),Positive,0.4143,Pre Covid
395,45,Unknown,Economy Class,Boeing 777,3x4x3,0,2013-04-20,France,2.0,2.0,1.0,1.0,,,3.0,,,,,,0,Historical (Pre-2015),Negative,-0.4976,Pre Covid
396,45,Unknown,Premium Economy,Airbus A380,2x4x2,0,2013-02-24,United States,5.0,3.0,4.0,4.0,,,5.0,,,,,,1,Historical (Pre-2015),Positive,0.9841,Pre Covid
397,45,Unknown,Economy Class,Boeing 777,3x4x3,0,2013-02-15,United Kingdom,1.0,2.0,1.0,2.0,,,3.0,,,,,,0,Historical (Pre-2015),Negative,-0.8306,Pre Covid
398,45,Unknown,Economy Class,Boeing 747,3x4x3,0,2013-02-15,France,2.0,4.0,3.0,4.0,,,3.0,,,,,,1,Historical (Pre-2015),Positive,0.9285,Pre Covid
399,45,Unknown,Premium Economy,Boeing 777,2x4x2,0,2013-01-22,United States,4.0,4.0,4.0,4.0,,,4.0,,,,,,1,Historical (Pre-2015),Negative,-0.8641,Pre Covid
400,45,Unknown,Economy Class,Airbus A380,3x4x3,0,2013-01-10,France,3.0,1.0,3.0,3.0,,,2.0,,,,,,0,Historical (Pre-2015),Negative,-0.6801,Pre Covid
401,45,Unknown,Economy Class,Boeing 777,3x4x3,0,2012-12-24,New Zealand,2.0,1.0,1.0,2.0,,,2.0,,,,,,0,Historical (Pre-2015),Negative,-0.9298,Pre Covid
402,45,Unknown,Economy Class,Boeing 747,2x4x2,0,2012-12-24,Australia,2.0,1.0,2.0,2.0,,,2.0,,,,,,0,Historical (Pre-2015),Negative,-0.67,Pre Covid
403,45,Unknown,Economy Class,Boeing 777,3x4x3,0,2012-09-17,United States,3.0,2.0,1.0,2.0,,,1.0,,,,,,0,Historical (Pre-2015),Neutral,0.0011,Pre Covid
404,45,Unknown,Premium Economy,Boeing 777,2x4x2,0,2012-09-17,United Kingdom,2.0,1.0,1.0,3.0,,,2.0,,,,,,0,Historical (Pre-2015),Negative,-0.2716,Pre Covid
405,45,Unknown,Economy Class,Boeing 777,3x3x3,0,2011-10-22,Australia,3.0,3.0,2.0,3.0,,,,,,,,,0,Historical (Pre-2015),Positive,0.8522,Pre Covid
406,45,Unknown,Economy Class,Airbus A330,2x4x2,0,2011-10-22,United Kingdom,2.0,2.0,3.0,2.0,,,2.0,,,,,,0,Historical (Pre-2015),Negative,-0.6304,Pre Covid
407,45,Unknown,Economy Class,Boeing 777,3x4x3,0,2011-10-22,United Kingdom,1.0,3.0,1.0,2.0,,,2.0,,,,,,0,Historical (Pre-2015),Positive,0.1511,Pre Covid
408,45,Unknown,Economy Class,Boeing 777,3x4x3,0,2011-09-19,Australia,1.0,1.0,1.0,1.0,,,1.0,,,,,,0,Historical (Pre-2015),Negative,-0.6249,Pre Covid
409,45,Unknown,Economy Class,Airbus A340,2x4x2,0,2011-09-04,Canada,3.0,4.0,3.0,2.0,,,3.0,,,,,,0,Historical (Pre-2015),Negative,-0.4391,Pre Covid
410,45,Unknown,Economy Class,Boeing 777,3x4x3,0,2011-07-28,United States,1.0,1.0,1.0,2.0,,,4.0,,,,,,0,Historical (Pre-2015),Negative,-0.5719,Pre Covid
411,45,Unknown,Economy Class,Unknown,3x4x3,0,2011-07-28,Ireland,5.0,3.0,1.0,5.0,,,4.0,,,,,,0,Historical (Pre-2015),Negative,-0.1477,Pre Covid
412,45,Unknown,Economy Class,Unknown,3x4x3,0,2011-04-05,United Kingdom,3.0,2.0,2.0,3.0,,,2.0,,,,,,0,Historical (Pre-2015),Positive,0.93,Pre Covid
413,45,Unknown,Economy Class,Airbus A320,3x3,0,2010-11-22,Finland,2.0,2.0,2.0,2.0,,,,,,,,,0,Historical (Pre-2015),Negative,-0.6249,Pre Covid
414,45,Unknown,Economy Class,Boeing 777,2x4x2,0,2010-10-26,United States,1.0,2.0,1.0,1.0,,,5.0,,,,,,0,Historical (Pre-2015),Negative,-0.7238,Pre Covid
415,45,Unknown,Premium Economy,Boeing 777,2x4x2,0,2010-10-22,United Kingdom,5.0,4.0,4.0,5.0,,,4.0,,,,,,1,Historical (Pre-2015),Positive,0.9934,Pre Covid
416,45,Unknown,Premium Economy,Boeing 777,2x4x2,0,2010-09-21,United Kingdom,4.0,3.0,4.0,4.0,,,4.0,,,,,,1,Historical (Pre-2015),Positive,0.6181,Pre Covid
417,45,Unknown,Economy Class,Boeing 777,3x4x3,0,2010-01-20,France,1.0,1.0,1.0,4.0,,,4.0,,,,,,0,Historical (Pre-2015),Positive,0.8573,Pre Covid
418,45,Unknown,Economy Class,Boeing 777,3x4x3,0,2009-12-04,Hong Kong,1.0,1.0,1.0,1.0,,,2.0,,,,,,0,Historical (Pre-2015),Negative,-0.7964,Pre Covid
419,45,Unknown,Economy Class,Boeing 747,3x4x3,0,2009-10-14,United States,1.0,2.0,1.0,1.0,,,1.0,,,,,,0,Historical (Pre-2015),Negative,-0.3804,Pre Covid
420,45,Unknown,Economy Class,Boeing 747,3x4x3,0,2009-08-31,United Kingdom,1.0,3.0,1.0,1.0,,,1.0,,,,,,0,Historical (Pre-2015),Negative,-0.9337,Pre Covid
421,45,Unknown,Economy Class,Unknown,3x4x3,0,2009-03-02,United Kingdom,1.0,1.0,1.0,2.0,,,1.0,,,,,,0,Historical (Pre-2015),Negative,-0.7346,Pre Covid
422,45,Unknown,Economy Class,Unknown,3x4x3,0,2009-03-01,Germany,1.0,3.0,1.0,2.0,,,3.0,,,,,,0,Historical (Pre-2015),Neutral,0.0418,Pre Covid
423,45,Unknown,Economy Class,Airbus A330,2x4x2,0,2009-03-01,Germany,3.0,3.0,4.0,4.0,,,4.0,,,,,,1,Historical (Pre-2015),Positive,0.6597,Pre Covid
424,45,Unknown,Economy Class,Unknown,3x4x3,0,2009-02-07,Austria,1.0,2.0,2.0,1.0,,,1.0,,,,,,0,Historical (Pre-2015),Negative,-0.7288,Pre Covid
428,50,Leisure,Business Class,Airbus A330,2x2x2,0,2019-09-18,Italy,,,,,5.0,5.0,,5.0,5.0,5.0,5.0,5.0,1,Modern (2015-Present),Positive,0.9516,Pre Covid
429,83,Business,Economy Class,Airbus A320,3x3,1,2018-03-21,Austria,1.0,2.0,2.0,3.0,1.0,,,,,,,,0,Modern (2015-Present),Negative,-0.3392,Pre Covid
430,83,Couple Leisure,Economy Class,Airbus A320,3x3,0,2017-09-18,Philippines,3.0,3.0,3.0,3.0,3.0,,,,,,,,1,Modern (2015-Present),Positive,0.3612,Pre Covid
431,93,Business,Business Class,Boeing 777,2x2x2,0,2020-01-31,United Kingdom,,,,,3.0,5.0,,5.0,5.0,5.0,5.0,3.0,1,Modern (2015-Present),Positive,0.8395,Covid
432,93,Business,Economy Class,Airbus A319,3x3,1,2019-10-09,Netherlands,1.0,1.0,3.0,2.0,2.0,,,,,,,,0,Modern (2015-Present),Negative,-0.8129,Pre Covid
433,93,Couple Leisure,Economy Class,Airbus A319,3x3,0,2019-06-17,United Kingdom,1.0,1.0,2.0,1.0,1.0,,,,,,,,0,Modern (2015-Present),Negative,-0.8258,Pre Covid
434,93,Solo Leisure,Economy Class,Boeing 777,3x4x3,1,2019-01-11,Italy,2.0,1.0,2.0,1.0,1.0,,1.0,,,,,,0,Modern (2015-Present),Negative,-0.8935,Pre Covid
435,93,Business,Economy Class,Airbus A330,2x4x2,1,2018-11-18,Brazil,2.0,3.0,3.0,3.0,3.0,5.0,4.0,,,,,,0,Modern (2015-Present),Positive,0.8793,Pre Covid
436,93,Business,Economy Class,Boeing 777,3x4x3,1,2018-11-05,Brazil,4.0,3.0,3.0,3.0,3.0,,1.0,,,,,,0,Modern (2015-Present),Negative,-0.1875,Pre Covid
437,93,Business,Economy Class,Airbus A320,3x3,1,2018-04-30,Netherlands,1.0,1.0,3.0,3.0,1.0,,,,,,,,0,Modern (2015-Present),Positive,0.7184,Pre Covid
438,93,Solo Leisure,Economy Class,Airbus A320,3x3,1,2018-04-13,Switzerland,1.0,3.0,3.0,1.0,3.0,,,,,,,,0,Modern (2015-Present),Positive,0.1813,Pre Covid
439,93,Couple Leisure,Economy Class,Airbus A330,2x4x2,1,2018-01-28,Italy,4.0,5.0,5.0,5.0,5.0,,5.0,,,,,,1,Modern (2015-Present),Positive,0.93,Pre Covid
440,93,Couple Leisure,Economy Class,Boeing 777,3x4x3,0,2017-12-24,Denmark,1.0,1.0,1.0,1.0,1.0,,1.0,,,,,,0,Modern (2015-Present),Negative,-0.0754,Pre Covid
441,93,Solo Leisure,Economy Class,Airbus A320,3x3,1,2017-12-16,Belgium,1.0,3.0,3.0,4.0,4.0,,,,,,,,0,Modern (2015-Present),Negative,-0.5719,Pre Covid
442,93,Solo Leisure,Premium Economy,Airbus A321,2x2,0,2017-09-16,Indonesia,3.0,3.0,3.0,3.0,3.0,,,,,,,,1,Modern (2015-Present),Negative,-0.7841,Pre Covid
443,93,Business,Economy Class,Airbus A319,3x3,0,2017-07-20,United States,1.0,1.0,1.0,1.0,2.0,1.0,1.0,,,,,,0,Modern (2015-Present),Positive,0.7224,Pre Covid
444,93,Couple Leisure,Economy Class,Airbus A321,3x3,0,2017-07-04,Italy,1.0,1.0,1.0,1.0,1.0,,,,,,,,0,Modern (2015-Present),Negative,-0.4753,Pre Covid
445,93,Family Leisure,Economy Class,Airbus A330,2x4x2,0,2016-11-14,United States,4.0,3.0,3.0,3.0,3.0,3.0,3.0,,,,,,1,Modern (2015-Present),Positive,0.9791,Pre Covid
446,93,Business,Economy Class,Boeing 777,3x4x3,0,2016-09-12,Italy,1.0,1.0,1.0,1.0,4.0,,1.0,,,,,,0,Modern (2015-Present),Negative,-0.2072,Pre Covid
447,93,Family Leisure,Economy Class,Boeing 777,3x4x3,0,2016-08-22,United States,2.0,2.0,2.0,1.0,3.0,,,,,,,,0,Modern (2015-Present),Negative,-0.1254,Pre Covid
448,93,Business,Premium Economy,Boeing 777,2x4x2,0,2016-07-17,Argentina,1.0,1.0,1.0,1.0,1.0,1.0,3.0,,,,,,0,Modern (2015-Present),Negative,-0.8628,Pre Covid
449,93,Couple Leisure,Economy Class,Boeing 777,3x4x3,0,2016-05-01,United Kingdom,2.0,3.0,3.0,3.0,2.0,3.0,3.0,,,,,,1,Modern (2015-Present),Positive,0.7015,Pre Covid
450,93,Solo Leisure,Premium Economy,Boeing 777,2x4x2,0,2015-09-22,Argentina,1.0,1.0,1.0,1.0,1.0,1.0,1.0,,,,,,0,Modern (2015-Present),Negative,-0.7873,Pre Covid
451,93,Unknown,Economy Class,Airbus A330,2x4x2,0,2014-11-19,Canada,2.0,1.0,3.0,1.0,,,1.0,,,,,,0,Historical (Pre-2015),Positive,0.3739,Pre Covid
452,93,Unknown,Economy Class,Boeing 777,3x4x3,0,2014-11-19,United States,2.0,3.0,1.0,1.0,,,2.0,,,,,,0,Historical (Pre-2015),Negative,-0.6353,Pre Covid
453,93,Unknown,Economy Class,Airbus A330,2x4x2,0,2014-08-02,Brazil,4.0,2.0,2.0,1.0,,,1.0,,,,,,1,Historical (Pre-2015),Negative,-0.8158,Pre Covid
454,93,Unknown,Economy Class,Boeing 777,3x4x3,0,2014-01-06,Brazil,2.0,3.0,2.0,3.0,,,4.0,,,,,,0,Historical (Pre-2015),Positive,0.101,Pre Covid
455,93,Unknown,Economy Class,Boeing 777,3x4x3,0,2009-03-03,Netherlands,1.0,1.0,2.0,2.0,,,1.0,,,,,,0,Historical (Pre-2015),Positive,0.4215,Pre Covid
456,84,Business,Business Class,Airbus A330,2x2x2,1,2023-10-22,Singapore,,,,,4.0,5.0,,5.0,5.0,5.0,5.0,3.0,1,Modern (2015-Present),Positive,0.8797,After Covid
457,84,Solo Leisure,Economy Class,Airbus A330,3x3x3,1,2018-02-02,Australia,4.0,5.0,4.0,3.0,4.0,,,,,,,,1,Modern (2015-Present),Negative,-0.7904,Pre Covid
458,84,Family Leisure,Premium Economy,Airbus A330,2x2x2,0,2015-06-18,Australia,5.0,5.0,5.0,5.0,4.0,5.0,,,,,,,1,Modern (2015-Present),Positive,0.9016,Pre Covid
459,84,Unknown,Economy Class,Airbus A330,3x3x3,0,2014-01-06,Australia,5.0,3.0,1.0,5.0,,,1.0,,,,,,0,Historical (Pre-2015),Positive,0.7906,Pre Covid
460,76,Business,Business Class,Boeing 787,2x2x2,1,2024-08-07,French Polynesia,,,,,2.0,2.0,,2.0,2.0,1.0,1.0,1.0,0,Modern (2015-Present),Negative,-0.9379,After Covid
461,76,Family Leisure,Economy Class,Boeing 787,3x3x3,1,2024-02-26,France,2.0,1.0,4.0,4.0,2.0,2.0,2.0,,,,,,0,Modern (2015-Present),Positive,0.9397,After Covid
462,76,Business,Business Class,Boeing 787,2x2x2,1,2019-08-08,French Polynesia,,,,,1.0,2.0,,1.0,1.0,1.0,2.0,1.0,0,Modern (2015-Present),Negative,-0.9364,Pre Covid
463,76,Couple Leisure,Economy Class,Airbus A340,2x4x2,0,2016-07-25,United States,5.0,5.0,5.0,5.0,5.0,,5.0,,,,,,1,Modern (2015-Present),Positive,0.9483,Pre Covid
464,76,Family Leisure,Economy Class,Airbus A340,2x4x2,0,2016-06-26,New Zealand,1.0,1.0,1.0,1.0,1.0,1.0,1.0,,,,,,0,Modern (2015-Present),Negative,-0.8952,Pre Covid
465,76,Family Leisure,Economy Class,Airbus A340,2x4x2,0,2016-05-01,New Zealand,1.0,1.0,1.0,1.0,1.0,,,,,,,,0,Modern (2015-Present),Negative,-0.8133,Pre Covid
466,76,Business,Economy Class,Airbus A340,2x4x2,0,2016-04-23,France,1.0,1.0,1.0,3.0,1.0,,1.0,,,,,,0,Modern (2015-Present),Negative,-0.9273,Pre Covid
467,76,Unknown,Economy Class,Airbus A340,2x4x2,0,2015-03-29,United States,3.0,3.0,2.0,3.0,,,5.0,,,,,,1,Modern (2015-Present),Positive,0.9593,Pre Covid
468,76,Unknown,Economy Class,Boeing 777,2x4x2,0,2013-04-20,Canada,3.0,3.0,3.0,3.0,,,1.0,,,,,,0,Historical (Pre-2015),Positive,0.5046,Pre Covid
469,94,Couple Leisure,Economy Class,Airbus A320,3x3,1,2022-11-14,United States,1.0,1.0,1.0,3.0,1.0,,,,,,,,0,Modern (2015-Present),Negative,-0.9185,After Covid
470,94,Solo Leisure,Economy Class,Airbus A320,3x3,1,2020-01-20,United States,5.0,1.0,3.0,4.0,3.0,,,,,,,,0,Modern (2015-Present),Positive,0.4939,Covid
471,94,Couple Leisure,Economy Class,Airbus A320,3x3,1,2019-12-25,United States,3.0,1.0,2.0,4.0,2.0,,,,,,,,1,Modern (2015-Present),Positive,0.7579,Pre Covid
472,94,Couple Leisure,Economy Class,Airbus A320,3x3,0,2019-05-31,United States,1.0,1.0,1.0,2.0,3.0,,,,,,,,0,Modern (2015-Present),Negative,-0.9434,Pre Covid
473,94,Solo Leisure,Economy Class,Airbus A320,3x3,0,2017-04-07,United States,4.0,1.0,1.0,3.0,2.0,,,,,,,,1,Modern (2015-Present),Positive,0.7142,Pre Covid
474,94,Couple Leisure,Economy Class,Airbus A319,3x3,0,2017-01-03,United States,5.0,4.0,4.0,5.0,4.0,,,,,,,,1,Modern (2015-Present),Positive,0.9244,Pre Covid
475,94,Couple Leisure,Economy Class,Airbus A319,3x3,0,2016-10-02,United States,2.0,2.0,2.0,2.0,2.0,,,,,,,,0,Modern (2015-Present),Positive,0.6173,Pre Covid
476,94,Couple Leisure,Premium Economy,Airbus A320,3x3,0,2015-07-22,United States,3.0,1.0,1.0,2.0,1.0,,,,,,,,0,Modern (2015-Present),Negative,-0.9088,Pre Covid
477,94,Family Leisure,Economy Class,Boeing 757,3x3,0,2015-06-17,United States,2.0,1.0,2.0,2.0,2.0,,,,,,,,0,Modern (2015-Present),Positive,0.4601,Pre Covid
478,78,Couple Leisure,Economy Class,Airbus A330,3x3x3,1,2025-12-28,United Kingdom,3.0,2.0,1.0,1.0,,1.0,1.0,,,,,,0,Modern (2015-Present),Negative,-0.5267,After Covid
479,78,Couple Leisure,Economy Class,Airbus A321,3x3,1,2025-10-18,Canada,4.0,3.0,1.0,2.0,3.0,,,,,,,,0,Modern (2015-Present),Negative,-0.4439,After Covid
480,78,Couple Leisure,Economy Class,Airbus A330,3x3x3,0,2025-10-17,United States,1.0,2.0,1.0,2.0,1.0,,1.0,,,,,,1,Modern (2015-Present),Positive,0.624,After Covid
481,78,Family Leisure,Economy Class,Airbus A330,3x3x3,1,2024-11-04,Dominican Republic,5.0,4.0,5.0,4.0,5.0,5.0,5.0,,,,,,1,Modern (2015-Present),Positive,0.5848,After Covid
482,78,Family Leisure,Economy Class,Airbus A330,3x3x3,0,2024-10-25,United Kingdom,2.0,3.0,2.0,2.0,3.0,4.0,4.0,,,,,,1,Modern (2015-Present),Negative,-0.7642,After Covid
483,78,Couple Leisure,Economy Class,Airbus A330,3x3x3,1,2024-02-21,Canada,3.0,1.0,1.0,2.0,3.0,4.0,3.0,,,,,,0,Modern (2015-Present),Positive,0.6133,After Covid
484,78,Couple Leisure,Premium Economy,Airbus A330,3x3x3,1,2023-09-29,Canada,4.0,3.0,1.0,4.0,3.0,,3.0,,,,,,0,Modern (2015-Present),Negative,-0.5466,After Covid
485,78,Couple Leisure,Economy Class,Airbus A321,3x3,0,2022-04-01,Canada,2.0,1.0,3.0,2.0,4.0,5.0,3.0,,,,,,0,Modern (2015-Present),Negative,-0.9179,After Covid
486,78,Leisure,Business Class,Airbus A330,2x2x2,1,2020-03-26,Canada,,,,,5.0,5.0,,4.0,5.0,5.0,5.0,4.0,1,Modern (2015-Present),Positive,0.9541,Covid
487,78,Family Leisure,Economy Class,Airbus A330,3x3x3,0,2019-08-06,United Kingdom,2.0,1.0,1.0,1.0,1.0,1.0,2.0,,,,,,0,Modern (2015-Present),Negative,-0.9777,Pre Covid
488,78,Couple Leisure,Economy Class,Airbus A330,2x3x2,1,2019-06-17,Canada,2.0,2.0,2.0,2.0,2.0,2.0,2.0,,,,,,1,Modern (2015-Present),Negative,-0.6681,Pre Covid
489,78,Couple Leisure,Premium Economy,Airbus A330,unknown,0,2019-03-11,Canada,5.0,5.0,4.0,4.0,4.0,,4.0,,,,,,1,Modern (2015-Present),Neutral,0.0,Pre Covid
490,78,Couple Leisure,Premium Economy,Airbus A330,2x2x2,1,2018-09-25,Canada,5.0,4.0,5.0,4.0,5.0,5.0,5.0,,,,,,1,Modern (2015-Present),Positive,0.9811,Pre Covid
491,78,Couple Leisure,Premium Economy,Boeing 737,3x3,1,2018-08-18,Canada,2.0,1.0,1.0,1.0,1.0,1.0,1.0,,,,,,0,Modern (2015-Present),Neutral,0.0,Pre Covid
492,78,Solo Leisure,Economy Class,Unknown,2x4x2,0,2016-08-09,United Kingdom,3.0,3.0,3.0,3.0,3.0,3.0,3.0,,,,,,1,Modern (2015-Present),Positive,0.9721,Pre Covid
493,78,Couple Leisure,Economy Class,Airbus A330,2x3x2,0,2016-04-18,Canada,2.0,1.0,1.0,1.0,1.0,,3.0,,,,,,0,Modern (2015-Present),Positive,0.802,Pre Covid
494,78,Couple Leisure,Economy Class,Boeing 737,3x3,0,2016-02-02,Canada,1.0,1.0,1.0,1.0,2.0,,,,,,,,0,Modern (2015-Present),Negative,-0.8609,Pre Covid
495,78,Couple Leisure,Economy Class,Airbus A330,3x3x3,0,2015-07-04,Canada,2.0,1.0,1.0,1.0,2.0,3.0,3.0,,,,,,0,Modern (2015-Present),Positive,0.9817,Pre Covid
496,78,Couple Leisure,Premium Economy,Airbus A330,3x3x3,0,2015-07-03,United Kingdom,2.0,1.0,1.0,1.0,2.0,1.0,1.0,,,,,,0,Modern (2015-Present),Positive,0.2263,Pre Covid
497,78,Unknown,Economy Class,Airbus A330,3x3x3,0,2014-01-10,United Kingdom,2.0,2.0,2.0,2.0,,,2.0,,,,,,0,Historical (Pre-2015),Negative,-0.7828,Pre Covid
501,92,Business,Business Class,Boeing 737,2x2,0,2025-09-14,United States,,,,,1.0,1.0,,1.0,1.0,1.0,1.0,1.0,0,Modern (2015-Present),Negative,-0.7655,After Covid
502,92,Leisure,First Class,Boeing 737,2x2,0,2025-04-23,United States,,,,,2.0,5.0,,,5.0,5.0,5.0,2.0,1,Modern (2015-Present),Positive,0.946,After Covid
503,92,Family Leisure,Premium Economy,Unknown,3x3,0,2024-02-13,United States,5.0,5.0,5.0,5.0,4.0,5.0,3.0,,,,,,1,Modern (2015-Present),Positive,0.9889,After Covid
504,92,Leisure,Business Class,Airbus A320,2x2,1,2019-09-26,United States,,,,,4.0,1.0,,3.0,5.0,4.0,5.0,4.0,0,Modern (2015-Present),Negative,-0.6486,Pre Covid
505,92,Couple Leisure,Premium Economy,Boeing 737,3x3,1,2018-08-09,United States,4.0,1.0,1.0,1.0,2.0,4.0,,,,,,,0,Modern (2015-Present),Positive,0.3226,Pre Covid
506,92,Couple Leisure,Economy Class,Boeing 737,3x3,0,2017-07-11,United States,3.0,3.0,3.0,3.0,2.0,,,,,,,,1,Modern (2015-Present),Positive,0.7665,Pre Covid
507,92,Business,Premium Economy,Boeing 737,3x3,0,2017-03-02,United States,1.0,1.0,1.0,1.0,1.0,2.0,,,,,,,0,Modern (2015-Present),Negative,-0.6478,Pre Covid
508,92,Business,Economy Class,Boeing 737,3x3,0,2017-02-15,United States,4.0,3.0,2.0,2.0,2.0,4.0,,,,,,,0,Modern (2015-Present),Positive,0.8714,Pre Covid
509,92,Solo Leisure,Economy Class,Boeing 737,3x3,0,2015-10-06,United States,3.0,1.0,4.0,2.0,3.0,5.0,,,,,,,0,Modern (2015-Present),Positive,0.4376,Pre Covid
510,92,Unknown,Economy Class,Boeing 737,2x4x2,0,2014-11-19,United States,4.0,1.0,4.0,3.0,,,1.0,,,,,,0,Historical (Pre-2015),Negative,-0.2507,Pre Covid
511,109,Solo Leisure,Economy Class,Airbus A350,3x3x3,1,2023-01-25,Singapore,2.0,4.0,4.0,5.0,5.0,,4.0,,,,,,1,Modern (2015-Present),Positive,0.9294,After Covid
512,109,Business,Business Class,Unknown,1x2x1,0,2022-12-14,United Kingdom,,,,,1.0,5.0,,2.0,3.0,3.0,5.0,1.0,0,Modern (2015-Present),Positive,0.9514,After Covid
513,109,Business,Economy Class,Airbus A321,3x3,1,2019-12-14,China,3.0,3.0,4.0,4.0,4.0,,3.0,,,,,,1,Modern (2015-Present),Positive,0.7783,Pre Covid
514,109,Leisure,Business Class,Airbus A380,1x2x1,1,2019-12-08,Australia,,,,,3.0,4.0,,1.0,3.0,1.0,4.0,4.0,0,Modern (2015-Present),Negative,-0.296,Pre Covid
515,109,Solo Leisure,Premium Economy,Airbus A350,3x3x3,0,2019-09-06,Japan,1.0,1.0,1.0,1.0,1.0,,,,,,,,0,Modern (2015-Present),Negative,-0.8728,Pre Covid
516,109,Family Leisure,Economy Class,Airbus A330,2x4x2,1,2019-07-12,Vietnam,5.0,5.0,5.0,5.0,5.0,5.0,5.0,,,,,,1,Modern (2015-Present),Positive,0.934,Pre Covid
517,109,Business,Business Class,Airbus A350,1x2x1,1,2019-03-03,Australia,,,,,4.0,5.0,,3.0,4.0,3.0,4.0,4.0,1,Modern (2015-Present),Positive,0.657,Pre Covid
518,109,Couple Leisure,Economy Class,Airbus A330,2x4x2,1,2018-11-16,Singapore,5.0,4.0,4.0,4.0,4.0,4.0,4.0,,,,,,1,Modern (2015-Present),Positive,0.9201,Pre Covid
519,109,Couple Leisure,Economy Class,Airbus A330,2x4x2,0,2017-10-10,Singapore,4.0,4.0,4.0,4.0,1.0,,1.0,,,,,,0,Modern (2015-Present),Positive,0.9397,Pre Covid
520,109,Business,Economy Class,Airbus A321,3x3,0,2017-06-12,Japan,3.0,3.0,4.0,4.0,4.0,4.0,3.0,,,,,,1,Modern (2015-Present),Positive,0.7906,Pre Covid
521,109,Business,Economy Class,Airbus A330,2x4x2,0,2017-06-12,Japan,3.0,3.0,3.0,4.0,3.0,3.0,3.0,,,,,,1,Modern (2015-Present),Negative,-0.5875,Pre Covid
522,109,Family Leisure,Economy Class,Airbus A330,2x4x2,0,2016-12-15,Singapore,5.0,3.0,4.0,4.0,4.0,,4.0,,,,,,1,Modern (2015-Present),Positive,0.7506,Pre Covid
523,109,Solo Leisure,Economy Class,Airbus A330,2x4x2,0,2016-07-17,United Kingdom,5.0,5.0,5.0,5.0,3.0,,5.0,,,,,,1,Modern (2015-Present),Positive,0.8201,Pre Covid
524,109,Family Leisure,Economy Class,Boeing 777,3x3x3,0,2016-04-14,United Kingdom,5.0,4.0,5.0,4.0,3.0,5.0,5.0,,,,,,1,Modern (2015-Present),Positive,0.9269,Pre Covid
525,109,Couple Leisure,Economy Class,Airbus A330,2x4x2,0,2015-10-08,Germany,5.0,5.0,5.0,5.0,5.0,,3.0,,,,,,1,Modern (2015-Present),Positive,0.8967,Pre Covid
526,109,Business,Economy Class,Airbus A380,2x4x2,0,2015-07-26,Austria,4.0,3.0,4.0,3.0,1.0,5.0,3.0,,,,,,1,Modern (2015-Present),Neutral,0.0,Pre Covid
527,109,Solo Leisure,Economy Class,Airbus A330,2x4x2,0,2015-07-10,South Korea,3.0,2.0,3.0,4.0,4.0,4.0,4.0,,,,,,1,Modern (2015-Present),Positive,0.9184,Pre Covid
528,109,Unknown,Economy Class,Boeing 747,2x4x2,0,2015-01-31,France,5.0,4.0,4.0,5.0,,,4.0,,,,,,1,Modern (2015-Present),Positive,0.8618,Pre Covid
529,109,Unknown,Economy Class,Airbus A380,2x4x2,0,2015-01-28,South Korea,5.0,4.0,5.0,4.0,,,5.0,,,,,,1,Modern (2015-Present),Negative,-0.2992,Pre Covid
530,109,Unknown,Economy Class,Airbus A380,3x4x3,0,2014-08-06,Hong Kong,3.0,4.0,3.0,4.0,,,4.0,,,,,,1,Historical (Pre-2015),Positive,0.1027,Pre Covid
531,109,Unknown,Economy Class,Boeing 747,3x4x3,0,2014-07-29,Germany,4.0,5.0,4.0,4.0,,,4.0,,,,,,1,Historical (Pre-2015),Positive,0.5563,Pre Covid
532,109,Unknown,Economy Class,Boeing 777,3x3x3,0,2014-01-21,Vietnam,5.0,5.0,4.0,5.0,,,4.0,,,,,,1,Historical (Pre-2015),Neutral,0.0,Pre Covid
533,109,Unknown,Economy Class,Boeing 747,3x4x3,0,2011-07-28,United States,4.0,4.0,4.0,4.0,,,5.0,,,,,,1,Historical (Pre-2015),Positive,0.886,Pre Covid
534,109,Unknown,Economy Class,Airbus A330,2x4x2,0,2011-05-22,United States,5.0,4.0,4.0,5.0,,,5.0,,,,,,1,Historical (Pre-2015),Positive,0.9349,Pre Covid
535,109,Unknown,Economy Class,Airbus A330,2x4x2,0,2010-12-28,South Korea,5.0,5.0,4.0,4.0,,,5.0,,,,,,1,Historical (Pre-2015),Positive,0.6902,Pre Covid
536,109,Unknown,Economy Class,Unknown,3x4x3,0,2010-12-20,United States,5.0,5.0,5.0,4.0,,,4.0,,,,,,1,Historical (Pre-2015),Positive,0.9771,Pre Covid
537,109,Unknown,Economy Class,Unknown,3x3x3,0,2010-09-01,Australia,5.0,4.0,4.0,4.0,,,4.0,,,,,,1,Historical (Pre-2015),Positive,0.5719,Pre Covid
542,99,Business,Premium Economy,Unknown,2x2,1,2025-03-21,United States,5.0,5.0,5.0,5.0,5.0,5.0,,,,,,,1,Modern (2015-Present),Positive,0.8803,After Covid
543,99,Business,Premium Economy,Other Aircraft,2x2,1,2025-03-09,United States,5.0,5.0,5.0,5.0,5.0,5.0,,,,,,,1,Modern (2015-Present),Positive,0.975,After Covid
544,99,Business,First Class,Other Aircraft,1x2,1,2025-02-26,United States,,,,,5.0,5.0,,5.0,5.0,5.0,5.0,5.0,1,Modern (2015-Present),Positive,0.9249,After Covid
545,99,Business,Economy Class,Other Aircraft,2x2,1,2025-02-18,United States,5.0,5.0,5.0,5.0,5.0,,,,,,,,1,Modern (2015-Present),Positive,0.9516,After Covid
546,99,Business,First Class,Unknown,1x2,1,2022-11-02,United States,,,,,1.0,,,1.0,2.0,2.0,1.0,1.0,0,Modern (2015-Present),Negative,-0.2885,After Covid
547,99,Business,Economy Class,Unknown,1x2,0,2021-01-21,United States,1.0,4.0,2.0,1.0,2.0,,,,,,,,1,Modern (2015-Present),Negative,-0.9291,Covid
548,99,Business,Economy Class,Unknown,1x2,1,2018-03-31,Canada,5.0,3.0,4.0,4.0,4.0,,,,,,,,1,Modern (2015-Present),Negative,-0.25,Pre Covid
549,99,Solo Leisure,Economy Class,Other Aircraft,2x2,0,2016-12-02,Qatar,4.0,4.0,4.0,4.0,4.0,,,,,,,,1,Modern (2015-Present),Positive,0.5496,Pre Covid
550,115,Leisure,Business Class,Airbus A320,2x2,1,2022-12-12,United Kingdom,,,,,5.0,5.0,,2.0,2.0,3.0,3.0,2.0,1,Modern (2015-Present),Positive,0.9291,After Covid
551,115,Leisure,Business Class,Airbus A319,3x3,1,2019-06-13,Brazil,,,,,1.0,,,1.0,1.0,1.0,1.0,2.0,0,Modern (2015-Present),Negative,-0.6757,Pre Covid
552,115,Business,Economy Class,Airbus A320,3x3,1,2019-01-27,United Kingdom,3.0,2.0,3.0,4.0,3.0,,,,,,,,1,Modern (2015-Present),Positive,0.9358,Pre Covid
553,115,Solo Leisure,Economy Class,Unknown,2x2,1,2018-08-13,Italy,4.0,3.0,3.0,2.0,1.0,,,,,,,,0,Modern (2015-Present),Negative,-0.2,Pre Covid
554,115,Solo Leisure,Economy Class,Airbus A320,3x3,0,2016-05-24,United Kingdom,4.0,4.0,5.0,5.0,4.0,,4.0,,,,,,1,Modern (2015-Present),Positive,0.9455,Pre Covid
555,115,Solo Leisure,Economy Class,Airbus A320,3x3,0,2015-12-31,Germany,5.0,4.0,5.0,4.0,5.0,,,,,,,,1,Modern (2015-Present),Negative,-0.1249,Pre Covid
556,115,Solo Leisure,Economy Class,Airbus A320,3x3,0,2015-12-19,United States,2.0,3.0,2.0,2.0,2.0,,2.0,,,,,,1,Modern (2015-Present),Positive,0.8945,Pre Covid
557,115,Solo Leisure,Economy Class,Boeing 767,2x3x2,0,2015-12-19,United States,3.0,3.0,3.0,3.0,3.0,,3.0,,,,,,1,Modern (2015-Present),Positive,0.9685,Pre Covid
558,115,Unknown,Economy Class,Boeing 777,3x4x3,0,2014-11-19,New Zealand,1.0,1.0,2.0,1.0,,,4.0,,,,,,0,Historical (Pre-2015),Negative,-0.6997,Pre Covid
559,115,Unknown,Economy Class,Airbus A320,3x3,0,2014-03-03,Austria,5.0,4.0,4.0,5.0,,,4.0,,,,,,1,Historical (Pre-2015),Positive,0.1655,Pre Covid
560,115,Unknown,Economy Class,Boeing 777,3x4x3,0,2014-01-29,Austria,4.0,2.0,1.0,5.0,,,4.0,,,,,,0,Historical (Pre-2015),Positive,0.2093,Pre Covid
561,115,Unknown,Economy Class,Boeing 777,3x4x3,0,2014-01-21,Austria,4.0,4.0,5.0,5.0,,,5.0,,,,,,1,Historical (Pre-2015),Positive,0.7783,Pre Covid
562,115,Unknown,Economy Class,Boeing 767,2x4x2,0,2014-01-17,Czech Republic,1.0,2.0,1.0,1.0,,,3.0,,,,,,0,Historical (Pre-2015),Positive,0.7584,Pre Covid
563,115,Unknown,Economy Class,Boeing 777,3x4x3,0,2014-01-06,Australia,1.0,3.0,2.0,1.0,,,3.0,,,,,,0,Historical (Pre-2015),Negative,-0.7579,Pre Covid
564,115,Unknown,Economy Class,Boeing 767,2x3x2,0,2013-01-21,United States,1.0,1.0,2.0,2.0,,,3.0,,,,,,0,Historical (Pre-2015),Negative,-0.6701,Pre Covid
565,115,Unknown,Economy Class,Unknown,2x3,0,2009-09-02,Austria,3.0,2.0,3.0,3.0,,,2.0,,,,,,0,Historical (Pre-2015),Positive,0.1851,Pre Covid
566,115,Unknown,Economy Class,Unknown,3x4x3,0,2009-08-14,United States,1.0,1.0,2.0,3.0,,,2.0,,,,,,0,Historical (Pre-2015),Negative,-0.5574,Pre Covid
573,4,Couple Leisure,Economy Class,Boeing 787,3x3x3,1,2025-04-21,Denmark,4.0,3.0,3.0,3.0,4.0,5.0,4.0,,,,,,1,Modern (2015-Present),Negative,-0.1707,After Covid
574,4,Solo Leisure,Economy Class,Boeing 777,3x4x3,0,2019-01-31,Canada,3.0,3.0,3.0,4.0,3.0,5.0,4.0,,,,,,1,Modern (2015-Present),Negative,-0.1275,Pre Covid
575,4,Family Leisure,Economy Class,Boeing 787,3x3x3,0,2017-02-15,Malaysia,4.0,2.0,4.0,4.0,3.0,5.0,5.0,,,,,,1,Modern (2015-Present),Negative,-0.202,Pre Covid
576,4,Solo Leisure,Economy Class,Boeing 787,3x3x3,0,2016-12-18,Australia,5.0,4.0,2.0,4.0,4.0,4.0,4.0,,,,,,1,Modern (2015-Present),Positive,0.7579,Pre Covid
577,4,Solo Leisure,Economy Class,Boeing 737,3x3,0,2016-09-24,Singapore,4.0,4.0,4.0,4.0,3.0,,4.0,,,,,,1,Modern (2015-Present),Positive,0.973,Pre Covid
578,4,Solo Leisure,Economy Class,Boeing 787,3x3x3,0,2016-05-25,Canada,4.0,4.0,4.0,4.0,4.0,4.0,4.0,,,,,,1,Modern (2015-Present),Positive,0.9008,Pre Covid
579,4,Solo Leisure,Economy Class,Boeing 767,2x3x2,0,2016-04-19,India,1.0,1.0,3.0,4.0,4.0,4.0,3.0,,,,,,1,Modern (2015-Present),Positive,0.9561,Pre Covid
580,4,Solo Leisure,Economy Class,Boeing 787,3x3x3,0,2016-04-19,India,3.0,1.0,3.0,4.0,4.0,4.0,4.0,,,,,,1,Modern (2015-Present),Positive,0.9406,Pre Covid
581,4,Solo Leisure,Economy Class,Boeing 767,2x3x2,0,2016-02-29,Indonesia,4.0,4.0,4.0,4.0,4.0,,,,,,,,1,Modern (2015-Present),Positive,0.5922,Pre Covid
582,4,Solo Leisure,Economy Class,Boeing 787,3x3x3,0,2016-02-28,Indonesia,1.0,1.0,1.0,1.0,1.0,1.0,1.0,,,,,,0,Modern (2015-Present),Positive,0.4606,Pre Covid
583,4,Business,Economy Class,Boeing 777,3x4x3,0,2016-02-26,Germany,4.0,1.0,3.0,3.0,3.0,4.0,4.0,,,,,,0,Modern (2015-Present),Negative,-0.2181,Pre Covid
584,4,Family Leisure,Economy Class,Boeing 787,3x3x3,0,2015-11-23,Unknown,1.0,3.0,1.0,2.0,3.0,,3.0,,,,,,1,Modern (2015-Present),Negative,-0.7314,Pre Covid
585,4,Solo Leisure,Premium Economy,Boeing 777,2x4x2,0,2015-09-14,Norway,5.0,4.0,4.0,5.0,4.0,5.0,5.0,,,,,,1,Modern (2015-Present),Positive,0.7269,Pre Covid
586,4,Solo Leisure,Economy Class,Boeing 777,3x4x3,0,2015-07-28,United States,5.0,5.0,5.0,4.0,5.0,5.0,5.0,,,,,,1,Modern (2015-Present),Positive,0.8591,Pre Covid
587,4,Family Leisure,Economy Class,Boeing 787,3x3x3,0,2015-07-16,New Zealand,2.0,2.0,1.0,3.0,4.0,5.0,5.0,,,,,,1,Modern (2015-Present),Positive,0.1901,Pre Covid
588,4,Unknown,Economy Class,Boeing 787,3x3x3,0,2015-01-28,Taiwan,5.0,5.0,4.0,4.0,,,5.0,,,,,,1,Modern (2015-Present),Positive,0.9201,Pre Covid
589,4,Unknown,Economy Class,Boeing 777,3x3x3,0,2015-01-28,United States,1.0,3.0,1.0,4.0,,,2.0,,,,,,0,Modern (2015-Present),Positive,0.9455,Pre Covid
590,4,Unknown,Economy Class,Boeing 787,3x3x3,0,2015-01-28,Switzerland,2.0,2.0,1.0,1.0,,,1.0,,,,,,0,Modern (2015-Present),Negative,-0.719,Pre Covid
591,4,Unknown,Economy Class,Boeing 777,3x4x3,0,2014-07-25,United States,5.0,2.0,1.0,4.0,,,3.0,,,,,,0,Historical (Pre-2015),Positive,0.2854,Pre Covid
592,4,Unknown,Economy Class,Boeing 777,3x4x3,0,2014-07-25,United States,5.0,4.0,3.0,5.0,,,5.0,,,,,,1,Historical (Pre-2015),Positive,0.6908,Pre Covid
593,4,Unknown,Economy Class,Boeing 787,3x3x3,0,2014-07-25,United States,1.0,2.0,2.0,2.0,,,5.0,,,,,,0,Historical (Pre-2015),Negative,-0.8248,Pre Covid
594,4,Unknown,Economy Class,Boeing 767,2x3x2,0,2014-03-03,United States,2.0,1.0,2.0,3.0,,,4.0,,,,,,0,Historical (Pre-2015),Negative,-0.6488,Pre Covid
595,4,Unknown,Economy Class,Boeing 787,2x4x2,0,2014-01-13,Singapore,3.0,1.0,3.0,3.0,,,4.0,,,,,,0,Historical (Pre-2015),Negative,-0.4023,Pre Covid
596,4,Unknown,Economy Class,Boeing 787,2x4x2,0,2014-01-13,Singapore,1.0,1.0,1.0,1.0,,,4.0,,,,,,0,Historical (Pre-2015),Negative,-0.079,Pre Covid
597,4,Unknown,Economy Class,Boeing 787,3x3x3,0,2014-01-10,United States,4.0,4.0,4.0,3.0,,,4.0,,,,,,1,Historical (Pre-2015),Positive,0.8722,Pre Covid
598,4,Unknown,Economy Class,Boeing 777,3x3x3,0,2013-02-15,United States,3.0,3.0,3.0,3.0,,,3.0,,,,,,0,Historical (Pre-2015),Negative,-0.7089,Pre Covid
599,117,Business,Economy Class,Airbus A320,3x3,1,2024-11-24,Estonia,1.0,1.0,1.0,1.0,1.0,,,,,,,,0,Modern (2015-Present),Positive,0.6597,After Covid
600,117,Family Leisure,Economy Class,Airbus A320,3x3,1,2023-08-30,Canada,1.0,1.0,1.0,1.0,1.0,1.0,1.0,,,,,,0,Modern (2015-Present),Negative,-0.4955,After Covid
601,117,Family Leisure,Economy Class,Airbus A320,3x3,0,2023-07-19,Colombia,1.0,2.0,3.0,3.0,2.0,3.0,,,,,,,0,Modern (2015-Present),Negative,-0.4391,After Covid
602,117,Family Leisure,Economy Class,Airbus A320,3x3,0,2023-01-15,Colombia,1.0,1.0,2.0,3.0,4.0,,,,,,,,0,Modern (2015-Present),Positive,0.2065,After Covid
603,117,Solo Leisure,Premium Economy,Airbus A320,3x3,1,2022-12-23,Canada,3.0,3.0,4.0,3.0,1.0,5.0,,,,,,,0,Modern (2015-Present),Negative,-0.7152,After Covid
604,117,Couple Leisure,Economy Class,Boeing 787,3x3x3,1,2020-01-18,Germany,3.0,4.0,2.0,3.0,2.0,5.0,2.0,,,,,,1,Modern (2015-Present),Positive,0.7388,Covid
605,117,Family Leisure,Economy Class,Airbus A330,2x4x2,1,2019-04-02,Thailand,5.0,4.0,4.0,4.0,5.0,5.0,5.0,,,,,,1,Modern (2015-Present),Positive,0.9811,Pre Covid
606,123,Solo Leisure,Economy Class,Other Aircraft,2x2,0,2016-03-10,Brazil,3.0,2.0,2.0,2.0,3.0,2.0,3.0,,,,,,1,Modern (2015-Present),Positive,0.981,Pre Covid
607,123,Solo Leisure,Economy Class,Unknown,2x2,0,2015-06-17,Brazil,4.0,4.0,4.0,4.0,4.0,,4.0,,,,,,1,Modern (2015-Present),Positive,0.7906,Pre Covid
608,32,Family Leisure,Economy Class,Airbus A321,3x3,0,2015-11-26,Singapore,5.0,3.0,5.0,3.0,5.0,,,,,,,,1,Modern (2015-Present),Positive,0.3597,Pre Covid
609,130,Business,Economy Class,Airbus A320,3x3,0,2017-06-12,Thailand,5.0,1.0,3.0,5.0,1.0,,1.0,,,,,,0,Modern (2015-Present),Negative,-0.8126,Pre Covid
610,130,Unknown,Economy Class,Airbus A321,3x3,0,2015-03-22,New Zealand,5.0,4.0,4.0,5.0,,,5.0,,,,,,1,Modern (2015-Present),Positive,0.6369,Pre Covid
612,129,Solo Leisure,Economy Class,Boeing 787,3x3x3,1,2020-02-12,Vietnam,5.0,4.0,5.0,4.0,4.0,5.0,5.0,,,,,,1,Modern (2015-Present),Positive,0.9493,Covid
613,129,Solo Leisure,Economy Class,Airbus A320,3x3,1,2020-01-04,Vietnam,3.0,4.0,4.0,5.0,4.0,,,,,,,,1,Modern (2015-Present),Positive,0.7564,Covid
614,132,Solo Leisure,Economy Class,Boeing 737,3x3,1,2018-01-03,Australia,5.0,4.0,4.0,4.0,4.0,4.0,3.0,,,,,,1,Modern (2015-Present),Positive,0.9559,Pre Covid
615,112,Couple Leisure,Economy Class,Airbus A320,3x3,1,2020-01-18,Iran,2.0,2.0,2.0,3.0,1.0,,,,,,,,0,Modern (2015-Present),Negative,-0.4391,Covid
616,112,Solo Leisure,Economy Class,Airbus A320,3x3,0,2017-03-16,Unknown,2.0,3.0,3.0,3.0,2.0,,2.0,,,,,,1,Modern (2015-Present),Negative,-0.2871,Pre Covid
617,146,Solo Leisure,Economy Class,Boeing 737,3x3,0,2016-06-09,United States,5.0,5.0,5.0,5.0,5.0,,,,,,,,1,Modern (2015-Present),Positive,0.6403,Pre Covid
618,141,Solo Leisure,Premium Economy,Boeing 737,3x3,1,2018-08-11,Germany,4.0,2.0,4.0,3.0,4.0,,,,,,,,1,Modern (2015-Present),Positive,0.9796,Pre Covid
619,141,Business,Economy Class,Boeing 737,3x3,0,2017-10-24,Cyprus,1.0,2.0,1.0,1.0,1.0,,,,,,,,0,Modern (2015-Present),Negative,-0.7964,Pre Covid
620,152,Couple Leisure,Economy Class,Airbus A320,3x3,1,2021-08-11,Belgium,2.0,4.0,3.0,3.0,4.0,,,,,,,,1,Modern (2015-Present),Positive,0.8126,Covid
621,152,Business,Business Class,Airbus A340,1x2x1,1,2019-03-22,United Kingdom,,,,,5.0,5.0,,5.0,5.0,5.0,5.0,4.0,1,Modern (2015-Present),Positive,0.9627,Pre Covid
622,152,Family Leisure,Premium Economy,Airbus A330,2x4x2,1,2019-01-08,United Kingdom,4.0,3.0,2.0,1.0,3.0,,1.0,,,,,,0,Modern (2015-Present),Negative,-0.4984,Pre Covid
623,152,Solo Leisure,Premium Economy,Airbus A330,2x4x2,0,2017-05-18,United Kingdom,5.0,5.0,5.0,5.0,3.0,,4.0,,,,,,1,Modern (2015-Present),Positive,0.9201,Pre Covid
624,152,Couple Leisure,Economy Class,Airbus A319,3x3,0,2016-11-29,Belgium,3.0,4.0,3.0,3.0,3.0,,,,,,,,1,Modern (2015-Present),Negative,-0.5938,Pre Covid
625,152,Couple Leisure,Economy Class,Airbus A320,3x3,0,2015-09-22,Belgium,5.0,4.0,4.0,4.0,4.0,,,,,,,,1,Modern (2015-Present),Positive,0.359,Pre Covid
626,152,Business,Economy Class,Airbus A320,3x3,0,2015-09-08,United Kingdom,3.0,2.0,3.0,2.0,2.0,,,,,,,,0,Modern (2015-Present),Negative,-0.7412,Pre Covid
627,152,Business,Economy Class,Airbus A330,2x4x2,0,2015-09-07,United Kingdom,5.0,4.0,3.0,3.0,3.0,,2.0,,,,,,0,Modern (2015-Present),Positive,0.7778,Pre Covid
628,152,Business,Economy Class,Unknown,2x4x2,0,2015-06-23,Norway,1.0,2.0,1.0,2.0,1.0,2.0,2.0,,,,,,0,Modern (2015-Present),Negative,-0.7097,Pre Covid
629,152,Unknown,Economy Class,Airbus A330,2x4x2,0,2010-12-20,United Kingdom,1.0,1.0,2.0,3.0,,,1.0,,,,,,0,Historical (Pre-2015),Negative,-0.4391,Pre Covid
630,153,Business,Economy Class,Unknown,2x2,1,2024-05-12,Nepal,5.0,4.0,4.0,4.0,4.0,,,,,,,,1,Modern (2015-Present),Positive,0.9359,After Covid
631,82,Family Leisure,Economy Class,Airbus A320,3x3,0,2017-10-19,India,4.0,3.0,2.0,4.0,2.0,,,,,,,,0,Modern (2015-Present),Positive,0.8022,Pre Covid
632,82,Solo Leisure,Economy Class,Airbus A320,3x3,0,2016-03-07,India,3.0,3.0,4.0,2.0,4.0,,,,,,,,1,Modern (2015-Present),Positive,0.9377,Pre Covid
633,167,Couple Leisure,Economy Class,Airbus A330,2x4x2,1,2019-04-23,Hong Kong,3.0,4.0,4.0,3.0,3.0,2.0,3.0,,,,,,0,Modern (2015-Present),Positive,0.3513,Pre Covid
634,167,Solo Leisure,Economy Class,Airbus A330,2x4x2,1,2019-01-28,China,5.0,5.0,5.0,5.0,5.0,5.0,5.0,,,,,,1,Modern (2015-Present),Positive,0.7712,Pre Covid
635,167,Solo Leisure,Economy Class,Airbus A320,3x3,1,2018-06-10,Hong Kong,2.0,2.0,2.0,3.0,2.0,,,,,,,,0,Modern (2015-Present),Negative,-0.6253,Pre Covid
636,167,Solo Leisure,Economy Class,Airbus A330,2x4x2,1,2018-05-10,Australia,4.0,4.0,4.0,4.0,4.0,5.0,5.0,,,,,,1,Modern (2015-Present),Positive,0.4939,Pre Covid
637,167,Solo Leisure,Premium Economy,Airbus A320,unknown,0,2017-03-25,United States,3.0,3.0,4.0,4.0,5.0,,,,,,,,1,Modern (2015-Present),Negative,-0.3768,Pre Covid
638,156,Business,Economy Class,Other Aircraft,2x2,1,2020-01-18,Iran,4.0,3.0,2.0,3.0,3.0,,,,,,,,1,Modern (2015-Present),Positive,0.9501,Covid
639,154,Business,Economy Class,Other Aircraft,2x2,0,2015-06-14,Switzerland,3.0,3.0,3.0,3.0,3.0,,,,,,,,1,Modern (2015-Present),Positive,0.9001,Pre Covid
640,151,Solo Leisure,Economy Class,Boeing 777,3x4x3,0,2026-06-11,United Kingdom,1.0,2.0,1.0,1.0,1.0,1.0,,,,,,,0,Modern (2015-Present),Negative,-0.7717,After Covid
641,151,Leisure,Business Class,Boeing 787,2x3x2,1,2025-12-14,Israel,,,,,1.0,2.0,,1.0,2.0,1.0,3.0,2.0,0,Modern (2015-Present),Negative,-0.296,After Covid
642,151,Business,Business Class,Airbus A380,2x2x2,0,2025-11-02,United States,,,,,1.0,3.0,,2.0,2.0,2.0,2.0,1.0,0,Modern (2015-Present),Negative,-0.6661,After Covid
643,151,Solo Leisure,Economy Class,Airbus A350,3x3x3,1,2024-12-19,United Kingdom,1.0,1.0,1.0,1.0,1.0,3.0,3.0,,,,,,0,Modern (2015-Present),Negative,-0.9061,After Covid
644,151,Business,Business Class,Airbus A380,2x4x2,0,2024-10-24,United States,,,,,5.0,,,1.0,4.0,3.0,5.0,1.0,0,Modern (2015-Present),Negative,-0.7756,After Covid
645,151,Couple Leisure,Economy Class,Airbus A320,3x3,0,2024-09-02,United Kingdom,1.0,1.0,2.0,3.0,1.0,1.0,,,,,,,0,Modern (2015-Present),Negative,-0.4077,After Covid
646,151,Leisure,Business Class,Boeing 787,2x3x2,1,2024-05-16,Mexico,,,,,5.0,1.0,,1.0,2.0,1.0,3.0,4.0,0,Modern (2015-Present),Negative,-0.9235,After Covid
647,151,Couple Leisure,Economy Class,Airbus A320,3x3,1,2024-05-07,United Kingdom,1.0,1.0,1.0,3.0,1.0,1.0,,,,,,,0,Modern (2015-Present),Negative,-0.9292,After Covid
648,151,Leisure,Business Class,Boeing 787,2x3x2,1,2023-05-08,Australia,,,,,1.0,1.0,,1.0,1.0,1.0,1.0,1.0,0,Modern (2015-Present),Negative,-0.7511,After Covid
649,151,Couple Leisure,Economy Class,Airbus A350,3x3x3,1,2023-04-12,United Kingdom,1.0,1.0,1.0,1.0,1.0,1.0,3.0,,,,,,0,Modern (2015-Present),Negative,-0.8131,After Covid
650,151,Couple Leisure,Premium Economy,Boeing 777,3x4x3,1,2022-12-20,United Kingdom,4.0,4.0,5.0,1.0,4.0,4.0,1.0,,,,,,0,Modern (2015-Present),Negative,-0.6633,After Covid
651,151,Couple Leisure,Economy Class,Airbus A380,2x3x2,1,2022-12-08,United Kingdom,1.0,2.0,2.0,2.0,3.0,2.0,2.0,,,,,,0,Modern (2015-Present),Negative,-0.9264,After Covid
652,151,Solo Leisure,Economy Class,Boeing 777,3x3x3,0,2022-09-11,United Kingdom,5.0,5.0,3.0,4.0,4.0,3.0,3.0,,,,,,1,Modern (2015-Present),Positive,0.9587,After Covid
653,151,Family Leisure,Economy Class,Airbus A380,unknown,0,2022-04-14,United Kingdom,3.0,4.0,3.0,4.0,5.0,5.0,2.0,,,,,,1,Modern (2015-Present),Positive,0.8553,After Covid
654,151,Leisure,Business Class,Boeing 787,2x3x2,1,2020-04-25,India,,,,,2.0,5.0,,5.0,5.0,4.0,5.0,5.0,1,Modern (2015-Present),Positive,0.9753,Covid
655,151,Leisure,Business Class,Boeing 777,1x2x1,1,2020-04-18,India,,,,,5.0,5.0,,4.0,5.0,4.0,5.0,5.0,1,Modern (2015-Present),Positive,0.9955,Covid
656,151,Couple Leisure,Economy Class,Boeing 777,3x3x3,1,2020-03-05,United Kingdom,3.0,4.0,4.0,4.0,4.0,4.0,4.0,,,,,,1,Modern (2015-Present),Positive,0.3182,Covid
657,151,Solo Leisure,Economy Class,Boeing 777,3x3x3,1,2020-01-26,United Kingdom,4.0,2.0,3.0,3.0,2.0,,1.0,,,,,,0,Modern (2015-Present),Negative,-0.296,Covid
658,151,Couple Leisure,Economy Class,Boeing 787,3x3x3,1,2020-01-15,United Kingdom,3.0,2.0,1.0,3.0,3.0,3.0,1.0,,,,,,0,Modern (2015-Present),Negative,-0.6137,Covid
659,151,Leisure,Business Class,Boeing 777,2x4x2,0,2020-01-09,United Kingdom,,,,,1.0,,,1.0,3.0,1.0,1.0,1.0,0,Modern (2015-Present),Negative,-0.6908,Covid
660,151,Leisure,Business Class,Boeing 777,2x4x2,1,2020-01-03,Australia,,,,,,,,1.0,1.0,1.0,1.0,1.0,0,Modern (2015-Present),Negative,-0.834,Covid
661,151,Business,Economy Class,Boeing 747,3x4x3,1,2019-11-30,United Kingdom,1.0,1.0,1.0,1.0,1.0,,,,,,,,0,Modern (2015-Present),Negative,-0.539,Pre Covid
662,151,Business,Economy Class,Airbus A320,3x3,1,2019-10-09,United Kingdom,1.0,1.0,1.0,1.0,1.0,,,,,,,,0,Modern (2015-Present),Negative,-0.9342,Pre Covid
663,151,Business,Economy Class,Airbus A321,3x3,1,2019-06-21,United Kingdom,3.0,1.0,2.0,2.0,2.0,,,,,,,,0,Modern (2015-Present),Positive,0.7597,Pre Covid
664,151,Family Leisure,Economy Class,Boeing 787,3x3x3,1,2019-06-20,United Kingdom,2.0,3.0,1.0,2.0,3.0,3.0,4.0,,,,,,0,Modern (2015-Present),Positive,0.7793,Pre Covid
665,151,Couple Leisure,Economy Class,Boeing 787,3x3x3,0,2019-05-31,United Kingdom,1.0,2.0,2.0,2.0,1.0,,2.0,,,,,,0,Modern (2015-Present),Negative,-0.8516,Pre Covid
666,151,Leisure,Business Class,Boeing 787,2x3x2,1,2019-05-27,United States,,,,,5.0,5.0,,4.0,5.0,5.0,5.0,2.0,1,Modern (2015-Present),Positive,0.7704,Pre Covid
667,151,Couple Leisure,Premium Economy,Boeing 777,2x4x2,1,2019-05-11,United Kingdom,1.0,1.0,1.0,1.0,1.0,1.0,1.0,,,,,,0,Modern (2015-Present),Negative,-0.7096,Pre Covid
668,151,Family Leisure,Economy Class,Airbus A320,3x3,1,2019-04-23,United Kingdom,1.0,1.0,1.0,2.0,2.0,,2.0,,,,,,0,Modern (2015-Present),Positive,0.4102,Pre Covid
669,151,Solo Leisure,Economy Class,Airbus A319,3x3,1,2019-04-09,United States,2.0,3.0,2.0,2.0,4.0,,4.0,,,,,,1,Modern (2015-Present),Positive,0.4215,Pre Covid
670,151,Solo Leisure,Economy Class,Airbus A321,3x3,1,2019-03-12,United Kingdom,4.0,4.0,5.0,4.0,4.0,,,,,,,,1,Modern (2015-Present),Positive,0.9041,Pre Covid
671,151,Business,Economy Class,Airbus A320,3x3,1,2019-03-11,United Kingdom,5.0,5.0,5.0,5.0,1.0,,,,,,,,1,Modern (2015-Present),Positive,0.8269,Pre Covid
672,151,Business,Economy Class,Airbus A320,3x3,1,2019-03-11,United Kingdom,5.0,5.0,5.0,5.0,5.0,,,,,,,,1,Modern (2015-Present),Positive,0.913,Pre Covid
673,151,Business,Business Class,Boeing 777,2x4x2,1,2019-03-10,United Kingdom,,,,,5.0,5.0,,5.0,5.0,5.0,5.0,5.0,1,Modern (2015-Present),Positive,0.9835,Pre Covid
674,151,Leisure,Business Class,Boeing 777,2x4x2,1,2019-03-09,Germany,,,,,1.0,3.0,,1.0,1.0,1.0,1.0,1.0,0,Modern (2015-Present),Negative,-0.9685,Pre Covid
675,151,Business,Premium Economy,Boeing 777,2x4x2,1,2019-01-19,United Kingdom,5.0,2.0,2.0,3.0,1.0,1.0,1.0,,,,,,0,Modern (2015-Present),Negative,-0.7286,Pre Covid
676,151,Couple Leisure,Economy Class,Boeing 777,3x3x3,1,2019-01-02,United Kingdom,1.0,4.0,4.0,4.0,4.0,,2.0,,,,,,0,Modern (2015-Present),Positive,0.9956,Pre Covid
677,151,Solo Leisure,Economy Class,Boeing 787,3x3x3,1,2018-12-24,United Kingdom,3.0,3.0,2.0,3.0,3.0,3.0,1.0,,,,,,0,Modern (2015-Present),Negative,-0.9094,Pre Covid
678,151,Business,Economy Class,Airbus A319,3x3,1,2018-12-03,United Kingdom,1.0,1.0,1.0,2.0,1.0,1.0,,,,,,,0,Modern (2015-Present),Negative,-0.6948,Pre Covid
679,151,Couple Leisure,Premium Economy,Boeing 747,2x4x2,0,2018-10-12,United Kingdom,4.0,3.0,2.0,3.0,3.0,,1.0,,,,,,0,Modern (2015-Present),Negative,-0.8491,Pre Covid
680,151,Couple Leisure,Premium Economy,Boeing 777,2x4x2,1,2018-09-17,United Kingdom,4.0,2.0,4.0,4.0,1.0,1.0,1.0,,,,,,0,Modern (2015-Present),Positive,0.9816,Pre Covid
681,151,Family Leisure,Premium Economy,Boeing 777,2x4x2,0,2018-06-09,United Kingdom,5.0,5.0,4.0,3.0,5.0,3.0,3.0,,,,,,1,Modern (2015-Present),Positive,0.9807,Pre Covid
682,151,Couple Leisure,Economy Class,Airbus A320,3x3,1,2018-05-14,United States,3.0,3.0,3.0,3.0,3.0,,,,,,,,0,Modern (2015-Present),Negative,-0.4385,Pre Covid
683,151,Couple Leisure,Economy Class,Boeing 787,3x3x3,1,2018-05-13,United States,2.0,2.0,2.0,2.0,2.0,,3.0,,,,,,0,Modern (2015-Present),Positive,0.8137,Pre Covid
684,151,Couple Leisure,Premium Economy,Boeing 747,2x4x2,1,2018-05-02,United Kingdom,4.0,1.0,2.0,3.0,2.0,1.0,1.0,,,,,,0,Modern (2015-Present),Positive,0.8836,Pre Covid
685,151,Couple Leisure,Economy Class,Airbus A380,3x4x3,1,2018-03-11,Unknown,1.0,1.0,1.0,1.0,2.0,3.0,3.0,,,,,,0,Modern (2015-Present),Negative,-0.8378,Pre Covid
686,151,Business,Premium Economy,Airbus A380,2x3x2,0,2018-03-05,Singapore,2.0,1.0,1.0,2.0,1.0,,2.0,,,,,,0,Modern (2015-Present),Negative,-0.659,Pre Covid
687,151,Solo Leisure,Economy Class,Boeing 777,3x4x3,1,2018-02-25,United Kingdom,4.0,4.0,4.0,3.0,3.0,,4.0,,,,,,1,Modern (2015-Present),Positive,0.8455,Pre Covid
688,151,Business,Premium Economy,Boeing 777,2x4x2,1,2018-01-17,United Kingdom,4.0,3.0,3.0,3.0,1.0,1.0,1.0,,,,,,1,Modern (2015-Present),Negative,-0.09,Pre Covid
689,151,Family Leisure,Economy Class,Boeing 777,3x3x3,0,2017-12-17,United Kingdom,3.0,3.0,3.0,3.0,1.0,,1.0,,,,,,0,Modern (2015-Present),Negative,-0.899,Pre Covid
690,151,Family Leisure,Economy Class,Airbus A320,3x3,1,2017-12-16,United Kingdom,1.0,1.0,1.0,1.0,1.0,,,,,,,,0,Modern (2015-Present),Positive,0.6868,Pre Covid
691,151,Couple Leisure,Premium Economy,Boeing 777,2x4x2,0,2017-12-15,United Kingdom,5.0,4.0,4.0,4.0,1.0,1.0,1.0,,,,,,0,Modern (2015-Present),Positive,0.5787,Pre Covid
692,151,Couple Leisure,Economy Class,Airbus A320,3x3,1,2017-12-13,United Kingdom,1.0,1.0,3.0,3.0,1.0,,,,,,,,0,Modern (2015-Present),Negative,-0.4201,Pre Covid
693,151,Business,Economy Class,Airbus A320,3x3,1,2017-11-29,Cyprus,5.0,5.0,5.0,5.0,3.0,,,,,,,,1,Modern (2015-Present),Positive,0.9707,Pre Covid
694,151,Solo Leisure,Economy Class,Airbus A380,3x4x3,0,2017-11-14,Hong Kong,4.0,3.0,4.0,4.0,4.0,2.0,3.0,,,,,,1,Modern (2015-Present),Negative,-0.5106,Pre Covid
695,151,Couple Leisure,Economy Class,Boeing 747,3x4x3,0,2017-10-21,United Kingdom,3.0,2.0,1.0,2.0,1.0,,1.0,,,,,,0,Modern (2015-Present),Positive,0.1508,Pre Covid
696,151,Couple Leisure,Economy Class,Boeing 767,2x3x2,0,2017-10-09,United Kingdom,2.0,3.0,3.0,5.0,2.0,,1.0,,,,,,1,Modern (2015-Present),Neutral,-0.0,Pre Covid
697,151,Solo Leisure,Premium Economy,Airbus A380,2x3x2,0,2017-09-17,Hong Kong,5.0,3.0,4.0,3.0,5.0,5.0,3.0,,,,,,0,Modern (2015-Present),Positive,0.9862,Pre Covid
698,151,Business,Economy Class,Boeing 777,3x3x3,0,2017-09-06,United Kingdom,5.0,2.0,1.0,4.0,1.0,,1.0,,,,,,0,Modern (2015-Present),Negative,-0.2824,Pre Covid
699,151,Couple Leisure,Economy Class,Airbus A380,2x4x2,0,2017-07-29,Germany,1.0,2.0,2.0,3.0,2.0,,1.0,,,,,,0,Modern (2015-Present),Positive,0.1027,Pre Covid
700,151,Couple Leisure,Premium Economy,Boeing 747,2x4x2,0,2017-07-23,Singapore,3.0,2.0,3.0,3.0,2.0,,3.0,,,,,,0,Modern (2015-Present),Negative,-0.6963,Pre Covid
701,151,Business,Premium Economy,Airbus A380,2x3x2,0,2017-06-18,South Africa,4.0,4.0,3.0,4.0,3.0,5.0,5.0,,,,,,0,Modern (2015-Present),Negative,-0.3824,Pre Covid
702,151,Couple Leisure,Premium Economy,Boeing 747,2x4x2,0,2017-06-04,United Kingdom,2.0,2.0,1.0,2.0,1.0,1.0,1.0,,,,,,0,Modern (2015-Present),Negative,-0.1679,Pre Covid
703,151,Couple Leisure,Economy Class,Boeing 777,3x4x3,0,2017-05-02,United Kingdom,3.0,4.0,2.0,4.0,4.0,4.0,4.0,,,,,,1,Modern (2015-Present),Positive,0.9545,Pre Covid
704,151,Couple Leisure,Economy Class,Airbus A380,2x4x2,0,2017-04-27,United Kingdom,5.0,4.0,4.0,5.0,5.0,,5.0,,,,,,1,Modern (2015-Present),Positive,0.9893,Pre Covid
705,151,Couple Leisure,Economy Class,Boeing 777,3x3x3,0,2017-04-27,United Kingdom,1.0,1.0,2.0,3.0,2.0,,2.0,,,,,,0,Modern (2015-Present),Negative,-0.9316,Pre Covid
706,151,Business,Economy Class,Boeing 767,2x3x2,0,2017-03-01,Cyprus,2.0,2.0,1.0,2.0,2.0,1.0,2.0,,,,,,0,Modern (2015-Present),Negative,-0.8934,Pre Covid
707,151,Couple Leisure,Economy Class,Boeing 747,3x4x3,0,2017-02-15,United Kingdom,2.0,3.0,1.0,3.0,3.0,,3.0,,,,,,0,Modern (2015-Present),Positive,0.8458,Pre Covid
708,151,Business,Premium Economy,Boeing 747,2x4x2,0,2017-01-23,United Kingdom,2.0,1.0,1.0,1.0,1.0,1.0,1.0,,,,,,0,Modern (2015-Present),Negative,-0.9446,Pre Covid
709,151,Solo Leisure,Economy Class,Airbus A380,2x4x2,0,2017-01-08,Hong Kong,2.0,3.0,3.0,3.0,2.0,3.0,3.0,,,,,,0,Modern (2015-Present),Negative,-0.4398,Pre Covid
710,151,Business,Premium Economy,Boeing 777,2x4x2,0,2016-12-29,Australia,4.0,5.0,3.0,4.0,3.0,5.0,3.0,,,,,,1,Modern (2015-Present),Positive,0.909,Pre Covid
711,151,Family Leisure,Premium Economy,Boeing 777,2x4x2,0,2016-12-21,United Kingdom,5.0,5.0,5.0,4.0,3.0,5.0,4.0,,,,,,1,Modern (2015-Present),Positive,0.9136,Pre Covid
712,151,Business,Economy Class,Boeing 777,unknown,0,2016-12-07,Australia,1.0,4.0,4.0,3.0,2.0,3.0,3.0,,,,,,0,Modern (2015-Present),Negative,-0.1531,Pre Covid
713,151,Solo Leisure,Economy Class,Airbus A319,3x3,0,2016-12-01,Denmark,1.0,1.0,2.0,1.0,1.0,,,,,,,,0,Modern (2015-Present),Positive,0.6344,Pre Covid
714,151,Solo Leisure,Economy Class,Airbus A320,3x3,0,2016-10-18,United Kingdom,5.0,5.0,5.0,5.0,4.0,,,,,,,,1,Modern (2015-Present),Positive,0.9272,Pre Covid
715,151,Couple Leisure,Economy Class,Boeing 747,3x4x3,0,2016-10-02,United States,1.0,1.0,1.0,1.0,1.0,,2.0,,,,,,0,Modern (2015-Present),Negative,-0.9485,Pre Covid
716,151,Family Leisure,Economy Class,Boeing 787,3x3x3,0,2016-09-07,Canada,1.0,1.0,1.0,1.0,1.0,1.0,1.0,,,,,,0,Modern (2015-Present),Negative,-0.7351,Pre Covid
717,151,Solo Leisure,Economy Class,Airbus A321,3x3,0,2016-09-07,United Kingdom,1.0,1.0,1.0,1.0,1.0,,,,,,,,0,Modern (2015-Present),Negative,-0.743,Pre Covid
718,151,Family Leisure,Economy Class,Boeing 767,2x3x2,0,2016-08-20,United Kingdom,1.0,1.0,1.0,2.0,2.0,2.0,2.0,,,,,,0,Modern (2015-Present),Negative,-0.2263,Pre Covid
719,151,Solo Leisure,Economy Class,Boeing 787,3x3x3,0,2016-08-14,United Kingdom,1.0,2.0,1.0,1.0,1.0,1.0,1.0,,,,,,0,Modern (2015-Present),Negative,-0.8347,Pre Covid
720,151,Solo Leisure,Economy Class,Airbus A380,3x4x3,0,2016-07-27,Singapore,1.0,1.0,1.0,1.0,1.0,1.0,1.0,,,,,,0,Modern (2015-Present),Negative,-0.5574,Pre Covid
721,151,Business,Premium Economy,Boeing 777,2x4x2,0,2016-07-24,United Kingdom,4.0,3.0,3.0,3.0,1.0,1.0,1.0,,,,,,0,Modern (2015-Present),Negative,-0.1578,Pre Covid
722,151,Family Leisure,Economy Class,Airbus A380,3x4x3,0,2016-06-27,United Kingdom,1.0,2.0,3.0,2.0,2.0,,,,,,,,0,Modern (2015-Present),Positive,0.6671,Pre Covid
723,151,Couple Leisure,Economy Class,Boeing 747,3x4x3,0,2016-06-17,United Kingdom,1.0,2.0,2.0,2.0,1.0,3.0,4.0,,,,,,0,Modern (2015-Present),Negative,-0.6548,Pre Covid
724,151,Couple Leisure,Premium Economy,Boeing 767,2x3x2,0,2016-06-09,United Kingdom,1.0,2.0,2.0,2.0,2.0,,2.0,,,,,,0,Modern (2015-Present),Negative,-0.9184,Pre Covid
725,151,Family Leisure,Economy Class,Airbus A380,2x4x2,0,2016-05-01,United States,2.0,2.0,2.0,2.0,2.0,,2.0,,,,,,0,Modern (2015-Present),Positive,0.7672,Pre Covid
726,151,Couple Leisure,Premium Economy,Boeing 777,2x4x2,0,2016-04-23,United Kingdom,3.0,3.0,1.0,2.0,3.0,,1.0,,,,,,0,Modern (2015-Present),Negative,-0.9795,Pre Covid
727,151,Business,Economy Class,Airbus A380,3x4x3,0,2016-04-19,United Kingdom,1.0,3.0,4.0,3.0,1.0,2.0,2.0,,,,,,0,Modern (2015-Present),Positive,0.8515,Pre Covid
728,151,Solo Leisure,Premium Economy,Airbus A380,2x4x2,0,2016-04-19,China,4.0,4.0,4.0,3.0,3.0,,3.0,,,,,,1,Modern (2015-Present),Positive,0.9701,Pre Covid
729,151,Business,Economy Class,Boeing 777,3x3x3,0,2016-04-18,India,1.0,2.0,1.0,2.0,2.0,3.0,3.0,,,,,,0,Modern (2015-Present),Negative,-0.5975,Pre Covid
730,151,Family Leisure,Premium Economy,Boeing 777,2x4x2,0,2016-04-03,United Kingdom,3.0,2.0,3.0,3.0,1.0,,2.0,,,,,,0,Modern (2015-Present),Positive,0.6818,Pre Covid
731,151,Solo Leisure,Economy Class,Boeing 747,3x4x3,0,2016-03-27,United States,3.0,3.0,1.0,1.0,1.0,5.0,5.0,,,,,,0,Modern (2015-Present),Negative,-0.9775,Pre Covid
732,151,Family Leisure,Economy Class,Boeing 747,3x4x3,0,2016-03-23,United Kingdom,1.0,1.0,3.0,1.0,1.0,,1.0,,,,,,0,Modern (2015-Present),Positive,0.4614,Pre Covid
733,151,Couple Leisure,Economy Class,Boeing 787,3x3x3,0,2016-03-18,Canada,1.0,1.0,1.0,2.0,1.0,2.0,1.0,,,,,,0,Modern (2015-Present),Negative,-0.1689,Pre Covid
734,151,Business,Economy Class,Boeing 787,3x3x3,0,2016-02-16,Ireland,1.0,2.0,1.0,2.0,2.0,3.0,1.0,,,,,,0,Modern (2015-Present),Positive,0.7265,Pre Covid
735,151,Solo Leisure,Economy Class,Boeing 787,3x3x3,0,2016-02-09,United Kingdom,1.0,2.0,2.0,3.0,2.0,4.0,1.0,,,,,,0,Modern (2015-Present),Positive,0.5187,Pre Covid
736,151,Couple Leisure,Economy Class,Boeing 787,3x3x3,0,2016-02-08,Canada,2.0,2.0,5.0,4.0,3.0,4.0,4.0,,,,,,1,Modern (2015-Present),Positive,0.3257,Pre Covid
737,151,Family Leisure,Economy Class,Boeing 767,2x3x2,0,2016-02-01,United Kingdom,4.0,3.0,5.0,4.0,3.0,,3.0,,,,,,1,Modern (2015-Present),Positive,0.8934,Pre Covid
738,151,Couple Leisure,Economy Class,Airbus A320,3x3,0,2016-01-10,United Kingdom,5.0,1.0,4.0,4.0,3.0,,1.0,,,,,,1,Modern (2015-Present),Positive,0.9691,Pre Covid
739,151,Business,Premium Economy,Boeing 777,2x4x2,0,2015-12-12,United Kingdom,3.0,2.0,3.0,4.0,3.0,,2.0,,,,,,0,Modern (2015-Present),Negative,-0.935,Pre Covid
740,151,Couple Leisure,Economy Class,Boeing 777,3x3x3,0,2015-11-18,United Kingdom,2.0,2.0,2.0,2.0,3.0,1.0,2.0,,,,,,0,Modern (2015-Present),Negative,-0.7264,Pre Covid
741,151,Couple Leisure,Economy Class,Airbus A320,3x3,0,2015-11-17,Australia,4.0,3.0,3.0,2.0,1.0,,,,,,,,0,Modern (2015-Present),Positive,0.3299,Pre Covid
742,151,Business,Premium Economy,Boeing 777,2x4x2,0,2015-11-05,Germany,3.0,1.0,1.0,3.0,3.0,,1.0,,,,,,0,Modern (2015-Present),Negative,-0.9488,Pre Covid
743,151,Solo Leisure,Premium Economy,Airbus A380,2x3x2,0,2015-11-03,United Kingdom,4.0,4.0,4.0,4.0,3.0,,4.0,,,,,,1,Modern (2015-Present),Positive,0.8777,Pre Covid
744,151,Business,Economy Class,Airbus A320,3x3,0,2015-11-01,Sweden,2.0,2.0,2.0,2.0,2.0,,,,,,,,0,Modern (2015-Present),Negative,-0.9726,Pre Covid
745,151,Solo Leisure,Economy Class,Airbus A380,3x4x3,0,2015-10-30,United Kingdom,5.0,5.0,4.0,5.0,4.0,4.0,5.0,,,,,,1,Modern (2015-Present),Positive,0.8873,Pre Covid
746,151,Solo Leisure,Economy Class,Boeing 747,3x4x3,0,2015-10-30,United Kingdom,3.0,4.0,3.0,4.0,2.0,1.0,3.0,,,,,,1,Modern (2015-Present),Negative,-0.1875,Pre Covid
747,151,Family Leisure,Economy Class,Airbus A319,3x3,0,2015-10-29,United Kingdom,2.0,1.0,3.0,2.0,4.0,,,,,,,,1,Modern (2015-Present),Negative,-0.6948,Pre Covid
748,151,Family Leisure,Economy Class,Boeing 777,unknown,0,2015-10-24,Germany,2.0,1.0,2.0,3.0,4.0,,3.0,,,,,,0,Modern (2015-Present),Negative,-0.8093,Pre Covid
749,151,Solo Leisure,Economy Class,Boeing 787,3x3x3,0,2015-10-23,Canada,1.0,1.0,2.0,2.0,1.0,,3.0,,,,,,1,Modern (2015-Present),Negative,-0.3763,Pre Covid
750,151,Family Leisure,Economy Class,Boeing 747,3x4x3,0,2015-10-10,United Kingdom,3.0,2.0,4.0,2.0,4.0,,4.0,,,,,,0,Modern (2015-Present),Positive,0.1861,Pre Covid
751,151,Couple Leisure,Premium Economy,Boeing 777,2x4x2,0,2015-09-27,United Kingdom,5.0,5.0,4.0,5.0,5.0,5.0,5.0,,,,,,1,Modern (2015-Present),Positive,0.9427,Pre Covid
752,151,Couple Leisure,Economy Class,Boeing 787,3x3x3,0,2015-09-22,Canada,1.0,1.0,1.0,1.0,1.0,3.0,3.0,,,,,,0,Modern (2015-Present),Negative,-0.8195,Pre Covid
753,151,Solo Leisure,Economy Class,Airbus A320,3x3,0,2015-09-14,United Kingdom,4.0,3.0,3.0,3.0,3.0,,,,,,,,1,Modern (2015-Present),Positive,0.9127,Pre Covid
754,151,Family Leisure,Premium Economy,Airbus A320,2x2,0,2015-09-07,United Kingdom,1.0,1.0,1.0,1.0,1.0,,,,,,,,0,Modern (2015-Present),Negative,-0.8015,Pre Covid
755,151,Business,Premium Economy,Boeing 747,2x4x2,0,2015-08-28,United Kingdom,2.0,2.0,2.0,2.0,1.0,,1.0,,,,,,0,Modern (2015-Present),Negative,-0.75,Pre Covid
756,151,Couple Leisure,Economy Class,Airbus A319,3x3,0,2015-08-25,Canada,1.0,1.0,2.0,2.0,1.0,,,,,,,,0,Modern (2015-Present),Negative,-0.5262,Pre Covid
757,151,Solo Leisure,Economy Class,Boeing 747,3x4x3,0,2015-08-06,Singapore,3.0,3.0,3.0,3.0,1.0,1.0,1.0,,,,,,0,Modern (2015-Present),Negative,-0.7901,Pre Covid
758,151,Couple Leisure,Premium Economy,Boeing 767,2x2x2,0,2015-07-27,United Kingdom,3.0,2.0,3.0,1.0,1.0,,,,,,,,0,Modern (2015-Present),Negative,-0.9073,Pre Covid
759,151,Solo Leisure,Economy Class,Boeing 777,3x3x3,0,2015-07-22,Singapore,2.0,2.0,2.0,3.0,3.0,3.0,3.0,,,,,,0,Modern (2015-Present),Positive,0.5729,Pre Covid
760,151,Solo Leisure,Economy Class,Boeing 787,3x3x3,0,2015-07-10,United Kingdom,2.0,2.0,1.0,3.0,2.0,,3.0,,,,,,0,Modern (2015-Present),Positive,0.5023,Pre Covid
761,151,Couple Leisure,Premium Economy,Boeing 747,2x4x2,0,2015-07-08,United States,4.0,4.0,3.0,5.0,5.0,5.0,4.0,,,,,,1,Modern (2015-Present),Positive,0.9743,Pre Covid
762,151,Solo Leisure,Premium Economy,Airbus A320,2x2,0,2015-07-04,United Kingdom,1.0,2.0,3.0,3.0,2.0,,,,,,,,0,Modern (2015-Present),Negative,-0.642,Pre Covid
763,151,Solo Leisure,Economy Class,Boeing 777,3x3x3,0,2015-07-03,Thailand,3.0,2.0,2.0,1.0,1.0,,2.0,,,,,,0,Modern (2015-Present),Positive,0.4095,Pre Covid
764,151,Business,Premium Economy,Airbus A320,2x2,0,2015-06-21,Germany,1.0,3.0,3.0,3.0,2.0,,,,,,,,1,Modern (2015-Present),Neutral,-0.0442,Pre Covid
765,151,Couple Leisure,Premium Economy,Boeing 747,2x4x2,0,2015-06-20,United Kingdom,5.0,5.0,5.0,5.0,5.0,5.0,5.0,,,,,,1,Modern (2015-Present),Positive,0.5845,Pre Covid
766,151,Unknown,Economy Class,Airbus A380,2x4x2,0,2015-05-29,Australia,1.0,4.0,1.0,1.0,,,3.0,,,,,,0,Modern (2015-Present),Negative,-0.7645,Pre Covid
767,151,Unknown,Economy Class,Airbus A380,2x4x2,0,2015-05-29,United States,1.0,2.0,2.0,1.0,,,2.0,,,,,,0,Modern (2015-Present),Negative,-0.985,Pre Covid
768,151,Unknown,Economy Class,Boeing 777,3x3x3,0,2015-05-29,Australia,5.0,4.0,2.0,4.0,,,1.0,,,,,,1,Modern (2015-Present),Positive,0.3743,Pre Covid
769,151,Unknown,Premium Economy,Boeing 777,2x4x2,0,2015-05-29,United Kingdom,2.0,1.0,1.0,3.0,,,2.0,,,,,,0,Modern (2015-Present),Negative,-0.9276,Pre Covid
770,151,Unknown,Economy Class,Airbus A319,3x3,0,2015-05-29,United Kingdom,1.0,1.0,1.0,1.0,,,1.0,,,,,,0,Modern (2015-Present),Negative,-0.296,Pre Covid
771,151,Unknown,Economy Class,Airbus A380,2x4x2,0,2015-04-02,United Kingdom,1.0,1.0,1.0,1.0,,,3.0,,,,,,0,Modern (2015-Present),Negative,-0.0855,Pre Covid
772,151,Unknown,Premium Economy,Boeing 747,2x4x2,0,2015-03-22,Canada,2.0,2.0,1.0,1.0,,,1.0,,,,,,0,Modern (2015-Present),Negative,-0.9384,Pre Covid
773,151,Unknown,Economy Class,Boeing 777,3x3x3,0,2015-03-22,United Kingdom,1.0,1.0,3.0,2.0,,,1.0,,,,,,0,Modern (2015-Present),Negative,-0.5892,Pre Covid
774,151,Unknown,Premium Economy,Boeing 777,2x4x2,0,2015-03-01,United Kingdom,5.0,3.0,3.0,2.0,,,3.0,,,,,,0,Modern (2015-Present),Negative,-0.8911,Pre Covid
775,151,Unknown,Premium Economy,Boeing 747,2x4x2,0,2015-02-21,United Kingdom,2.0,1.0,1.0,1.0,,,1.0,,,,,,0,Modern (2015-Present),Negative,-0.7899,Pre Covid
776,151,Unknown,Economy Class,Boeing 777,3x4x3,0,2015-01-27,United Kingdom,5.0,4.0,4.0,4.0,,,4.0,,,,,,1,Modern (2015-Present),Positive,0.9339,Pre Covid
777,151,Unknown,Economy Class,Boeing 747,3x4x3,0,2015-01-27,United Kingdom,1.0,2.0,2.0,2.0,,,1.0,,,,,,0,Modern (2015-Present),Negative,-0.9457,Pre Covid
778,151,Unknown,Economy Class,Boeing 787,3x3x3,0,2015-01-27,Italy,1.0,3.0,4.0,1.0,,,5.0,,,,,,1,Modern (2015-Present),Positive,0.8303,Pre Covid
779,151,Unknown,Premium Economy,Boeing 747,2x4x2,0,2015-01-27,United Kingdom,5.0,4.0,4.0,3.0,,,3.0,,,,,,1,Modern (2015-Present),Positive,0.967,Pre Covid
780,151,Unknown,Economy Class,Boeing 747,2x3x2,0,2015-01-27,United Kingdom,1.0,1.0,1.0,1.0,,,2.0,,,,,,0,Modern (2015-Present),Negative,-0.6124,Pre Covid
781,151,Unknown,Economy Class,Airbus A380,2x4x2,0,2015-01-27,Italy,1.0,1.0,2.0,1.0,,,3.0,,,,,,0,Modern (2015-Present),Negative,-0.8271,Pre Covid
782,151,Unknown,Economy Class,Boeing 777,3x4x3,0,2015-01-27,United Kingdom,1.0,1.0,1.0,1.0,,,1.0,,,,,,0,Modern (2015-Present),Negative,-0.7927,Pre Covid
783,151,Unknown,Premium Economy,Boeing 777,2x4x2,0,2015-01-27,United Kingdom,3.0,5.0,3.0,3.0,,,2.0,,,,,,0,Modern (2015-Present),Negative,-0.705,Pre Covid
784,151,Unknown,Economy Class,Boeing 787,3x3x3,0,2014-11-19,United Kingdom,1.0,3.0,2.0,5.0,,,2.0,,,,,,0,Historical (Pre-2015),Negative,-0.0516,Pre Covid
785,151,Unknown,Premium Economy,Boeing 747,2x4x2,0,2014-11-19,United Kingdom,1.0,1.0,1.0,2.0,,,2.0,,,,,,0,Historical (Pre-2015),Negative,-0.25,Pre Covid
786,151,Unknown,Premium Economy,Boeing 747,2x4x2,0,2014-10-27,United States,4.0,4.0,3.0,5.0,,,2.0,,,,,,1,Historical (Pre-2015),Positive,0.436,Pre Covid
787,151,Unknown,Economy Class,Boeing 747,3x4x3,0,2014-10-27,United Kingdom,2.0,4.0,1.0,2.0,,,1.0,,,,,,0,Historical (Pre-2015),Negative,-0.9008,Pre Covid
788,151,Unknown,Premium Economy,Airbus A380,3x3x3,0,2014-10-27,United Kingdom,3.0,2.0,2.0,3.0,,,4.0,,,,,,0,Historical (Pre-2015),Neutral,-0.0414,Pre Covid
789,151,Unknown,Economy Class,Boeing 747,3x4x3,0,2014-10-27,United States,1.0,1.0,1.0,2.0,,,4.0,,,,,,0,Historical (Pre-2015),Negative,-0.7783,Pre Covid
790,151,Unknown,Economy Class,Boeing 747,3x4x3,0,2014-10-27,United Kingdom,1.0,1.0,1.0,1.0,,,2.0,,,,,,0,Historical (Pre-2015),Negative,-0.3898,Pre Covid
791,151,Unknown,Premium Economy,Boeing 777,2x4x2,0,2014-10-27,United States,5.0,4.0,4.0,4.0,,,2.0,,,,,,1,Historical (Pre-2015),Positive,0.8462,Pre Covid
792,151,Unknown,Economy Class,Boeing 787,3x3x3,0,2014-10-27,United Kingdom,1.0,3.0,2.0,1.0,,,3.0,,,,,,0,Historical (Pre-2015),Positive,0.6211,Pre Covid
793,151,Unknown,Economy Class,Boeing 777,3x4x3,0,2014-10-27,Unknown,3.0,4.0,4.0,3.0,,,1.0,,,,,,0,Historical (Pre-2015),Negative,-0.6148,Pre Covid
794,151,Unknown,Premium Economy,Boeing 777,2x4x2,0,2014-10-27,United Kingdom,5.0,4.0,5.0,4.0,,,5.0,,,,,,1,Historical (Pre-2015),Positive,0.9468,Pre Covid
795,151,Unknown,Economy Class,Boeing 747,2x4x2,0,2014-10-27,United Kingdom,5.0,2.0,2.0,5.0,,,3.0,,,,,,0,Historical (Pre-2015),Positive,0.5106,Pre Covid
796,151,Unknown,Premium Economy,Boeing 777,2x4x2,0,2014-10-27,United States,3.0,4.0,3.0,4.0,,,5.0,,,,,,1,Historical (Pre-2015),Positive,0.9481,Pre Covid
797,151,Unknown,Economy Class,Boeing 777,3x3x3,0,2014-08-02,United Kingdom,2.0,1.0,1.0,1.0,,,1.0,,,,,,0,Historical (Pre-2015),Negative,-0.8832,Pre Covid
798,151,Unknown,Premium Economy,Boeing 777,2x4x2,0,2014-08-02,United Kingdom,5.0,5.0,5.0,4.0,,,4.0,,,,,,1,Historical (Pre-2015),Positive,0.8074,Pre Covid
799,151,Unknown,Premium Economy,Boeing 747,2x4x2,0,2014-07-25,South Africa,4.0,3.0,1.0,5.0,,,5.0,,,,,,1,Historical (Pre-2015),Positive,0.9393,Pre Covid
800,151,Unknown,Economy Class,Boeing 747,2x4x2,0,2014-07-25,United States,3.0,3.0,3.0,2.0,,,2.0,,,,,,0,Historical (Pre-2015),Negative,-0.6358,Pre Covid
801,151,Unknown,Premium Economy,Boeing 777,2x4x2,0,2014-03-11,United Kingdom,4.0,2.0,3.0,2.0,,,1.0,,,,,,0,Historical (Pre-2015),Negative,-0.7128,Pre Covid
802,151,Unknown,Economy Class,Boeing 747,3x4x3,0,2014-03-11,United Kingdom,2.0,4.0,1.0,1.0,,,5.0,,,,,,0,Historical (Pre-2015),Negative,-0.6688,Pre Covid
803,151,Unknown,Economy Class,Airbus A320,3x3,0,2014-03-03,Austria,2.0,1.0,2.0,4.0,,,3.0,,,,,,0,Historical (Pre-2015),Negative,-0.5286,Pre Covid
804,151,Unknown,Premium Economy,Boeing 767,2x4x2,0,2014-03-03,United States,5.0,3.0,5.0,5.0,,,5.0,,,,,,1,Historical (Pre-2015),Positive,0.6589,Pre Covid
805,151,Unknown,Economy Class,Boeing 777,3x3x3,0,2014-01-24,United Kingdom,2.0,2.0,5.0,4.0,,,5.0,,,,,,1,Historical (Pre-2015),Positive,0.9114,Pre Covid
806,151,Unknown,Premium Economy,Boeing 777,2x4x2,0,2014-01-17,United Kingdom,4.0,4.0,2.0,2.0,,,3.0,,,,,,0,Historical (Pre-2015),Negative,-0.7808,Pre Covid
807,151,Unknown,Premium Economy,Boeing 777,2x4x2,0,2014-01-17,United Kingdom,2.0,1.0,1.0,3.0,,,1.0,,,,,,0,Historical (Pre-2015),Negative,-0.8735,Pre Covid
808,151,Unknown,Premium Economy,Boeing 747,2x4x2,0,2014-01-13,Thailand,3.0,2.0,3.0,1.0,,,1.0,,,,,,0,Historical (Pre-2015),Positive,0.9682,Pre Covid
809,151,Unknown,Economy Class,Boeing 747,3x4x3,0,2014-01-06,Australia,4.0,5.0,2.0,4.0,,,4.0,,,,,,1,Historical (Pre-2015),Positive,0.7876,Pre Covid
810,151,Unknown,Premium Economy,Boeing 747,2x4x2,0,2014-01-06,United States,3.0,3.0,2.0,4.0,,,1.0,,,,,,0,Historical (Pre-2015),Negative,-0.8968,Pre Covid
811,151,Unknown,Economy Class,Boeing 777,3x3x3,0,2014-01-06,United States,1.0,2.0,3.0,1.0,,,2.0,,,,,,0,Historical (Pre-2015),Negative,-0.228,Pre Covid
812,151,Unknown,Economy Class,Boeing 747,3x4x3,0,2013-10-24,United Kingdom,2.0,4.0,1.0,1.0,,,4.0,,,,,,0,Historical (Pre-2015),Positive,0.1102,Pre Covid
813,151,Unknown,Economy Class,Boeing 747,3x4x3,0,2013-10-11,United Kingdom,5.0,5.0,3.0,3.0,,,1.0,,,,,,0,Historical (Pre-2015),Neutral,-0.0178,Pre Covid
814,151,Unknown,Premium Economy,Boeing 747,2x4x2,0,2013-10-11,United Kingdom,3.0,1.0,2.0,1.0,,,1.0,,,,,,0,Historical (Pre-2015),Positive,0.8074,Pre Covid
815,151,Unknown,Economy Class,Boeing 777,3x3x3,0,2013-09-06,United Kingdom,1.0,1.0,5.0,3.0,,,5.0,,,,,,0,Historical (Pre-2015),Negative,-0.6901,Pre Covid
816,151,Unknown,Economy Class,Boeing 747,3x4x3,0,2013-09-06,United States,2.0,3.0,3.0,2.0,,,2.0,,,,,,1,Historical (Pre-2015),Neutral,0.0,Pre Covid
817,151,Unknown,Economy Class,Airbus A319,3x3,0,2013-09-06,United Kingdom,1.0,2.0,2.0,1.0,,,,,,,,,0,Historical (Pre-2015),Negative,-0.8016,Pre Covid
818,151,Unknown,Premium Economy,Boeing 777,2x4x2,0,2013-09-06,Unknown,4.0,2.0,3.0,4.0,,,3.0,,,,,,0,Historical (Pre-2015),Positive,0.0603,Pre Covid
819,151,Unknown,Economy Class,Airbus A380,3x4x3,0,2013-09-06,United Kingdom,5.0,5.0,5.0,5.0,,,5.0,,,,,,1,Historical (Pre-2015),Positive,0.7506,Pre Covid
820,151,Unknown,Premium Economy,Boeing 747,2x4x2,0,2013-04-25,Italy,4.0,3.0,3.0,3.0,,,3.0,,,,,,1,Historical (Pre-2015),Negative,-0.8066,Pre Covid
821,151,Unknown,Premium Economy,Boeing 777,2x4x2,0,2013-04-20,United Kingdom,4.0,2.0,3.0,1.0,,,3.0,,,,,,1,Historical (Pre-2015),Negative,-0.4948,Pre Covid
822,151,Unknown,Economy Class,Boeing 777,3x3x3,0,2013-01-19,China,3.0,4.0,4.0,2.0,,,4.0,,,,,,0,Historical (Pre-2015),Positive,0.8176,Pre Covid
823,151,Unknown,Economy Class,Airbus A320,3x3,0,2013-01-19,United Kingdom,1.0,1.0,2.0,2.0,,,2.0,,,,,,0,Historical (Pre-2015),Negative,-0.5994,Pre Covid
824,151,Unknown,Economy Class,Boeing 747,2x4x2,0,2013-01-01,United Kingdom,4.0,4.0,4.0,4.0,,,3.0,,,,,,1,Historical (Pre-2015),Positive,0.9692,Pre Covid
825,151,Unknown,Economy Class,Boeing 747,3x4x3,0,2013-01-01,United Kingdom,2.0,3.0,2.0,3.0,,,3.0,,,,,,0,Historical (Pre-2015),Positive,0.7778,Pre Covid
826,151,Unknown,Premium Economy,Boeing 777,2x4x2,0,2011-09-19,Australia,3.0,3.0,1.0,1.0,,,4.0,,,,,,1,Historical (Pre-2015),Negative,-0.1429,Pre Covid
827,151,Unknown,Premium Economy,Boeing 747,2x4x2,0,2011-09-05,South Africa,3.0,1.0,3.0,3.0,,,3.0,,,,,,0,Historical (Pre-2015),Positive,0.4499,Pre Covid
828,151,Unknown,Economy Class,Boeing 777,3x3x3,0,2011-05-21,United Kingdom,2.0,3.0,2.0,4.0,,,3.0,,,,,,0,Historical (Pre-2015),Neutral,0.0,Pre Covid
829,151,Unknown,Economy Class,Unknown,2x3x2,0,2011-05-14,United Kingdom,3.0,3.0,3.0,5.0,,,2.0,,,,,,1,Historical (Pre-2015),Positive,0.9294,Pre Covid
830,151,Unknown,Premium Economy,Unknown,2x4x2,0,2011-05-11,United Kingdom,4.0,2.0,2.0,3.0,,,3.0,,,,,,1,Historical (Pre-2015),Positive,0.1557,Pre Covid
831,151,Unknown,World Traveller Plus,Boeing 777,2x4x2,0,2010-09-21,Australia,3.0,1.0,4.0,4.0,,,5.0,,,,,,0,Historical (Pre-2015),Negative,-0.6689,Pre Covid
832,151,Unknown,World Traveller Plus,Boeing 777,2x4x2,0,2010-02-03,United Kingdom,5.0,5.0,5.0,4.0,,,4.0,,,,,,1,Historical (Pre-2015),Positive,0.9102,Pre Covid
833,151,Unknown,Economy Class,Unknown,3x4x3,0,2009-10-14,United States,3.0,3.0,4.0,3.0,,,4.0,,,,,,1,Historical (Pre-2015),Positive,0.6597,Pre Covid
834,151,Unknown,Economy Class,Boeing 777,2x4x2,0,2009-09-20,United States,4.0,4.0,3.0,2.0,,,1.0,,,,,,0,Historical (Pre-2015),Negative,-0.7391,Pre Covid
835,151,Unknown,World Traveller Plus,Unknown,2x4x2,0,2009-08-12,United Kingdom,4.0,4.0,3.0,4.0,,,4.0,,,,,,1,Historical (Pre-2015),Positive,0.4927,Pre Covid
836,151,Unknown,Economy Class,Unknown,3x4x3,0,2009-02-07,United States,4.0,3.0,3.0,4.0,,,4.0,,,,,,1,Historical (Pre-2015),Positive,0.9253,Pre Covid
837,151,Unknown,World Traveller Plus,Boeing 777,2x3x2,0,2009-01-06,United Kingdom,4.0,5.0,4.0,4.0,,,4.0,,,,,,1,Historical (Pre-2015),Positive,0.6049,Pre Covid
843,81,Solo Leisure,Economy Class,Airbus A320,3x3,1,2019-07-22,Malaysia,1.0,1.0,1.0,2.0,3.0,,,,,,,,0,Modern (2015-Present),Negative,-0.5416,Pre Covid
844,81,Solo Leisure,Economy Class,Airbus A320,3x3,1,2019-04-06,Australia,3.0,3.0,3.0,3.0,3.0,,,,,,,,1,Modern (2015-Present),Positive,0.5647,Pre Covid
845,81,Solo Leisure,Economy Class,Airbus A320,3x3,1,2019-04-01,Australia,3.0,4.0,3.0,3.0,3.0,,,,,,,,1,Modern (2015-Present),Positive,0.9682,Pre Covid
846,81,Family Leisure,Economy Class,Airbus A330,3x3x3,1,2018-01-14,Australia,1.0,1.0,1.0,1.0,1.0,,,,,,,,0,Modern (2015-Present),Negative,-0.9407,Pre Covid
847,81,Solo Leisure,Economy Class,Airbus A320,3x3,0,2017-08-24,Indonesia,4.0,3.0,4.0,3.0,3.0,,,,,,,,1,Modern (2015-Present),Positive,0.7128,Pre Covid
848,81,Family Leisure,Economy Class,Airbus A320,3x3,0,2017-07-01,Indonesia,3.0,4.0,5.0,5.0,4.0,,,,,,,,1,Modern (2015-Present),Positive,0.5023,Pre Covid
849,81,Couple Leisure,Economy Class,Airbus A320,3x3,0,2016-04-27,United States,1.0,3.0,2.0,3.0,3.0,,,,,,,,0,Modern (2015-Present),Negative,-0.4051,Pre Covid
850,81,Solo Leisure,Economy Class,Airbus A320,3x3,0,2016-03-06,Malaysia,2.0,2.0,2.0,2.0,1.0,,,,,,,,1,Modern (2015-Present),Negative,-0.3614,Pre Covid
851,81,Solo Leisure,Economy Class,Airbus A320,3x3,0,2015-12-02,Malaysia,1.0,1.0,3.0,4.0,4.0,,,,,,,,1,Modern (2015-Present),Positive,0.7783,Pre Covid
852,81,Solo Leisure,Economy Class,Airbus A320,3x3,0,2015-11-10,Australia,4.0,1.0,3.0,3.0,3.0,,,,,,,,1,Modern (2015-Present),Positive,0.5168,Pre Covid
853,81,Solo Leisure,Economy Class,Airbus A320,3x3,0,2015-07-23,United Kingdom,1.0,1.0,2.0,2.0,2.0,,,,,,,,0,Modern (2015-Present),Positive,0.1071,Pre Covid
854,168,Business,Economy Class,Airbus A321,3x3,1,2025-11-05,Hong Kong,1.0,1.0,2.0,1.0,1.0,,4.0,,,,,,0,Modern (2015-Present),Negative,-0.5849,After Covid
855,168,Leisure,Business Class,Airbus A350,1x2x1,1,2025-07-24,Australia,,,,,,,,1.0,1.0,,,1.0,0,Modern (2015-Present),Positive,0.9532,After Covid
856,168,Business,Premium Economy,Boeing 777,2x4x2,1,2023-11-10,Australia,3.0,2.0,2.0,3.0,1.0,1.0,1.0,,,,,,0,Modern (2015-Present),Negative,-0.3612,After Covid
857,168,Leisure,Business Class,Boeing 777,2x3x2,1,2023-11-10,Hong Kong,,,,,1.0,,,1.0,1.0,1.0,1.0,1.0,0,Modern (2015-Present),Positive,0.6859,After Covid
858,168,Business,Business Class,Airbus A330,1x2x1,1,2023-03-16,China,,,,,5.0,5.0,,5.0,5.0,5.0,5.0,4.0,1,Modern (2015-Present),Positive,0.8934,After Covid
859,168,Family Leisure,Economy Class,Airbus A350,3x3x3,0,2023-03-15,Hong Kong,4.0,3.0,3.0,4.0,4.0,5.0,5.0,,,,,,1,Modern (2015-Present),Positive,0.9657,After Covid
860,168,Solo Leisure,Economy Class,Airbus A330,2x4x2,1,2023-02-24,Hong Kong,3.0,4.0,4.0,4.0,4.0,5.0,5.0,,,,,,1,Modern (2015-Present),Positive,0.541,After Covid
861,168,Family Leisure,Economy Class,Airbus A330,2x4x2,1,2023-02-20,Hong Kong,3.0,4.0,4.0,4.0,4.0,5.0,5.0,,,,,,1,Modern (2015-Present),Positive,0.9429,After Covid
862,168,Business,Economy Class,Airbus A330,2x4x2,1,2023-02-19,Hong Kong,4.0,3.0,4.0,5.0,4.0,4.0,5.0,,,,,,1,Modern (2015-Present),Positive,0.6521,After Covid
863,168,Family Leisure,Economy Class,Boeing 777,3x4x3,1,2023-01-26,United States,1.0,1.0,1.0,1.0,1.0,,2.0,,,,,,1,Modern (2015-Present),Positive,0.8903,After Covid
864,168,Solo Leisure,Economy Class,Boeing 777,3x4x3,1,2020-01-27,Indonesia,1.0,1.0,1.0,1.0,3.0,5.0,3.0,,,,,,0,Modern (2015-Present),Negative,-0.2003,Covid
865,168,Business,Economy Class,Boeing 777,3x4x3,0,2020-01-26,United Kingdom,1.0,2.0,1.0,2.0,1.0,4.0,4.0,,,,,,0,Modern (2015-Present),Positive,0.8786,Covid
866,168,Family Leisure,Economy Class,Boeing 777,3x4x3,0,2019-11-25,Ireland,1.0,5.0,1.0,3.0,1.0,,5.0,,,,,,1,Modern (2015-Present),Negative,-0.9187,Pre Covid
867,168,Family Leisure,Economy Class,Boeing 777,3x4x3,1,2019-11-21,United States,1.0,3.0,1.0,2.0,4.0,5.0,4.0,,,,,,0,Modern (2015-Present),Negative,-0.7585,Pre Covid
868,168,Couple Leisure,Premium Economy,Boeing 777,2x4x2,1,2019-09-04,Japan,3.0,1.0,2.0,1.0,3.0,,2.0,,,,,,0,Modern (2015-Present),Negative,-0.9763,Pre Covid
869,168,Family Leisure,Economy Class,Boeing 777,3x4x3,0,2019-08-26,Hong Kong,1.0,3.0,1.0,1.0,1.0,3.0,3.0,,,,,,0,Modern (2015-Present),Negative,-0.8996,Pre Covid
870,168,Family Leisure,Economy Class,Boeing 777,3x4x3,1,2019-07-26,Hong Kong,3.0,4.0,3.0,3.0,4.0,5.0,5.0,,,,,,1,Modern (2015-Present),Positive,0.6652,Pre Covid
871,168,Solo Leisure,Economy Class,Boeing 777,3x4x3,0,2019-04-24,United States,2.0,2.0,2.0,3.0,2.0,3.0,3.0,,,,,,0,Modern (2015-Present),Negative,-0.8848,Pre Covid
872,168,Business,Economy Class,Boeing 777,3x3x3,1,2019-04-10,Australia,3.0,2.0,2.0,1.0,4.0,2.0,1.0,,,,,,0,Modern (2015-Present),Negative,-0.7536,Pre Covid
873,168,Solo Leisure,Economy Class,Boeing 777,3x4x3,1,2019-03-28,United States,1.0,2.0,1.0,1.0,3.0,,4.0,,,,,,0,Modern (2015-Present),Negative,-0.5849,Pre Covid
874,168,Solo Leisure,Economy Class,Boeing 777,3x4x3,1,2019-01-27,Singapore,2.0,2.0,1.0,1.0,3.0,,1.0,,,,,,0,Modern (2015-Present),Negative,-0.9359,Pre Covid
875,168,Solo Leisure,Economy Class,Airbus A350,3x3x3,1,2018-10-09,United Kingdom,5.0,5.0,5.0,5.0,5.0,5.0,5.0,,,,,,1,Modern (2015-Present),Positive,0.9571,Pre Covid
876,168,Business,Economy Class,Boeing 777,3x4x3,1,2018-09-12,Philippines,5.0,4.0,5.0,5.0,4.0,,4.0,,,,,,1,Modern (2015-Present),Positive,0.7778,Pre Covid
877,168,Solo Leisure,Economy Class,Boeing 777,3x4x3,0,2018-08-09,Australia,1.0,1.0,1.0,1.0,3.0,5.0,3.0,,,,,,0,Modern (2015-Present),Negative,-0.9118,Pre Covid
878,168,Business,Economy Class,Airbus A330,2x4x2,1,2018-05-10,Australia,3.0,3.0,3.0,3.0,3.0,5.0,5.0,,,,,,1,Modern (2015-Present),Positive,0.8225,Pre Covid
879,168,Solo Leisure,Premium Economy,Airbus A350,2x4x2,1,2018-03-30,Japan,5.0,3.0,2.0,3.0,5.0,5.0,5.0,,,,,,1,Modern (2015-Present),Positive,0.3338,Pre Covid
880,168,Solo Leisure,Economy Class,Airbus A350,3x3x3,1,2018-02-13,United States,5.0,3.0,3.0,3.0,5.0,5.0,5.0,,,,,,1,Modern (2015-Present),Positive,0.8183,Pre Covid
881,168,Solo Leisure,Economy Class,Boeing 777,3x3x3,1,2018-02-12,United States,5.0,5.0,5.0,3.0,5.0,5.0,5.0,,,,,,1,Modern (2015-Present),Positive,0.9702,Pre Covid
882,168,Couple Leisure,Premium Economy,Airbus A350,2x4x2,0,2018-01-25,United Kingdom,5.0,4.0,4.0,1.0,3.0,5.0,4.0,,,,,,1,Modern (2015-Present),Positive,0.8832,Pre Covid
883,168,Family Leisure,Economy Class,Airbus A330,2x4x2,1,2018-01-20,Hong Kong,4.0,4.0,4.0,4.0,4.0,4.0,5.0,,,,,,1,Modern (2015-Present),Positive,0.9396,Pre Covid
884,168,Family Leisure,Premium Economy,Boeing 777,2x4x2,1,2017-12-30,Singapore,4.0,4.0,4.0,3.0,4.0,5.0,5.0,,,,,,1,Modern (2015-Present),Positive,0.6735,Pre Covid
885,168,Business,Economy Class,Boeing 777,3x3x3,1,2017-11-21,Singapore,4.0,1.0,3.0,3.0,1.0,4.0,4.0,,,,,,0,Modern (2015-Present),Negative,-0.8316,Pre Covid
886,168,Family Leisure,Economy Class,Airbus A330,2x4x2,0,2017-07-01,Hong Kong,5.0,4.0,5.0,5.0,4.0,5.0,5.0,,,,,,1,Modern (2015-Present),Positive,0.9448,Pre Covid
887,168,Family Leisure,Economy Class,Airbus A330,2x4x2,0,2017-06-11,Hong Kong,5.0,5.0,5.0,4.0,4.0,5.0,4.0,,,,,,1,Modern (2015-Present),Positive,0.9835,Pre Covid
888,168,Solo Leisure,Premium Economy,Boeing 777,2x4x2,0,2017-05-21,Australia,1.0,2.0,2.0,3.0,1.0,3.0,3.0,,,,,,0,Modern (2015-Present),Neutral,0.0082,Pre Covid
889,168,Solo Leisure,Premium Economy,Airbus A330,2x4x2,0,2017-05-21,Australia,4.0,4.0,3.0,4.0,1.0,1.0,1.0,,,,,,0,Modern (2015-Present),Negative,-0.7078,Pre Covid
890,168,Family Leisure,Economy Class,Boeing 777,3x3x3,0,2017-05-09,Philippines,5.0,5.0,5.0,4.0,3.0,5.0,4.0,,,,,,1,Modern (2015-Present),Positive,0.431,Pre Covid
891,168,Solo Leisure,Premium Economy,Airbus A350,2x4x2,0,2017-05-03,Thailand,5.0,5.0,5.0,5.0,5.0,5.0,5.0,,,,,,1,Modern (2015-Present),Positive,0.9798,Pre Covid
892,168,Solo Leisure,Economy Class,Airbus A350,3x3x3,0,2017-04-26,New Zealand,5.0,4.0,4.0,4.0,5.0,5.0,5.0,,,,,,1,Modern (2015-Present),Positive,0.7906,Pre Covid
893,168,Solo Leisure,Economy Class,Airbus A350,3x3x3,0,2017-04-26,New Zealand,5.0,5.0,5.0,5.0,3.0,5.0,5.0,,,,,,1,Modern (2015-Present),Positive,0.7896,Pre Covid
894,168,Solo Leisure,Premium Economy,Boeing 777,2x4x2,0,2017-03-15,Hong Kong,4.0,5.0,2.0,3.0,3.0,4.0,4.0,,,,,,1,Modern (2015-Present),Positive,0.0516,Pre Covid
895,168,Solo Leisure,Economy Class,Airbus A330,2x4x2,0,2017-02-05,Australia,1.0,1.0,1.0,1.0,1.0,3.0,1.0,,,,,,0,Modern (2015-Present),Neutral,-0.0258,Pre Covid
896,168,Solo Leisure,Economy Class,Boeing 777,3x4x3,0,2017-02-05,Australia,1.0,1.0,1.0,1.0,1.0,3.0,1.0,,,,,,0,Modern (2015-Present),Positive,0.1793,Pre Covid
897,168,Family Leisure,Economy Class,Boeing 777,3x3x3,0,2016-12-03,Canada,5.0,5.0,5.0,4.0,5.0,4.0,5.0,,,,,,1,Modern (2015-Present),Positive,0.8074,Pre Covid
898,168,Solo Leisure,Economy Class,Boeing 777,3x3x3,0,2016-11-05,China,4.0,4.0,4.0,5.0,5.0,5.0,5.0,,,,,,1,Modern (2015-Present),Positive,0.986,Pre Covid
899,168,Family Leisure,Economy Class,Boeing 777,3x3x3,0,2016-08-13,United Kingdom,2.0,2.0,1.0,3.0,2.0,4.0,4.0,,,,,,1,Modern (2015-Present),Positive,0.9025,Pre Covid
900,168,Solo Leisure,Economy Class,Boeing 777,3x3x3,0,2016-08-04,Canada,5.0,5.0,5.0,5.0,4.0,5.0,4.0,,,,,,1,Modern (2015-Present),Positive,0.5704,Pre Covid
901,168,Family Leisure,Premium Economy,Boeing 777,2x4x2,0,2016-07-25,Indonesia,5.0,5.0,5.0,5.0,5.0,5.0,5.0,,,,,,1,Modern (2015-Present),Positive,0.8779,Pre Covid
902,168,Solo Leisure,Economy Class,Boeing 777,3x3x3,0,2016-06-27,Canada,5.0,4.0,5.0,5.0,5.0,5.0,4.0,,,,,,1,Modern (2015-Present),Positive,0.9152,Pre Covid
903,168,Family Leisure,Economy Class,Boeing 777,3x3x3,0,2016-06-09,United States,3.0,4.0,4.0,4.0,5.0,4.0,3.0,,,,,,1,Modern (2015-Present),Positive,0.6486,Pre Covid
904,168,Business,Economy Class,Boeing 777,3x3x3,0,2016-05-23,United States,4.0,4.0,4.0,4.0,4.0,4.0,4.0,,,,,,1,Modern (2015-Present),Positive,0.8399,Pre Covid
905,168,Family Leisure,Economy Class,Boeing 777,3x3x3,0,2016-04-25,Hong Kong,4.0,2.0,3.0,4.0,4.0,5.0,5.0,,,,,,1,Modern (2015-Present),Positive,0.7105,Pre Covid
906,168,Family Leisure,Economy Class,Airbus A330,2x4x2,0,2016-03-13,Hong Kong,2.0,4.0,4.0,4.0,3.0,5.0,5.0,,,,,,1,Modern (2015-Present),Positive,0.9392,Pre Covid
907,168,Solo Leisure,Economy Class,Boeing 777,3x3x3,0,2016-01-31,Australia,3.0,2.0,4.0,4.0,3.0,3.0,3.0,,,,,,1,Modern (2015-Present),Positive,0.9423,Pre Covid
908,168,Solo Leisure,Economy Class,Boeing 777,3x4x3,0,2016-01-30,Australia,5.0,4.0,4.0,5.0,5.0,4.0,5.0,,,,,,1,Modern (2015-Present),Positive,0.9222,Pre Covid
909,168,Solo Leisure,Economy Class,Airbus A330,2x4x2,0,2016-01-30,Australia,3.0,2.0,3.0,2.0,2.0,4.0,3.0,,,,,,1,Modern (2015-Present),Positive,0.9613,Pre Covid
910,168,Family Leisure,Premium Economy,Airbus A330,2x3x2,0,2016-01-18,Singapore,5.0,5.0,5.0,5.0,5.0,5.0,5.0,,,,,,1,Modern (2015-Present),Positive,0.659,Pre Covid
911,168,Couple Leisure,Economy Class,Airbus A340,2x4x2,0,2016-01-17,New Zealand,3.0,2.0,3.0,4.0,3.0,,3.0,,,,,,1,Modern (2015-Present),Positive,0.4129,Pre Covid
912,168,Family Leisure,Economy Class,Boeing 777,3x3x3,0,2016-01-04,Hong Kong,4.0,4.0,4.0,4.0,4.0,5.0,5.0,,,,,,1,Modern (2015-Present),Positive,0.9117,Pre Covid
913,168,Family Leisure,Economy Class,Boeing 777,3x3x3,0,2016-01-02,Hong Kong,3.0,2.0,4.0,4.0,4.0,5.0,5.0,,,,,,1,Modern (2015-Present),Negative,-0.3597,Pre Covid
914,168,Solo Leisure,Economy Class,Boeing 777,unknown,0,2015-12-31,Canada,4.0,5.0,5.0,5.0,5.0,5.0,4.0,,,,,,1,Modern (2015-Present),Positive,0.967,Pre Covid
915,168,Family Leisure,Economy Class,Airbus A330,2x4x2,0,2015-11-26,Hong Kong,5.0,3.0,4.0,5.0,4.0,,2.0,,,,,,1,Modern (2015-Present),Positive,0.8974,Pre Covid
916,168,Couple Leisure,Economy Class,Boeing 777,3x3x3,0,2015-11-24,United Kingdom,5.0,5.0,5.0,5.0,5.0,5.0,5.0,,,,,,1,Modern (2015-Present),Positive,0.7705,Pre Covid
917,168,Couple Leisure,Economy Class,Boeing 777,3x4x3,0,2015-09-28,Australia,1.0,1.0,1.0,2.0,2.0,,3.0,,,,,,0,Modern (2015-Present),Negative,-0.7166,Pre Covid
918,168,Family Leisure,Economy Class,Boeing 777,3x4x3,0,2015-09-28,United Kingdom,3.0,4.0,4.0,4.0,3.0,3.0,4.0,,,,,,1,Modern (2015-Present),Positive,0.7685,Pre Covid
919,168,Family Leisure,Premium Economy,Boeing 777,2x4x2,0,2015-08-16,China,5.0,5.0,4.0,5.0,3.0,3.0,3.0,,,,,,1,Modern (2015-Present),Positive,0.9287,Pre Covid
920,168,Family Leisure,Economy Class,Airbus A340,2x4x2,0,2015-08-16,China,4.0,4.0,4.0,4.0,4.0,3.0,3.0,,,,,,1,Modern (2015-Present),Negative,-0.3412,Pre Covid
921,168,Solo Leisure,Economy Class,Airbus A340,2x4x2,0,2015-08-08,New Zealand,3.0,1.0,2.0,3.0,1.0,1.0,5.0,,,,,,0,Modern (2015-Present),Negative,-0.7264,Pre Covid
922,168,Family Leisure,Economy Class,Airbus A330,2x4x2,0,2015-07-05,Australia,5.0,4.0,4.0,4.0,5.0,4.0,4.0,,,,,,1,Modern (2015-Present),Positive,0.9783,Pre Covid
923,168,Solo Leisure,Economy Class,Boeing 777,unknown,0,2015-07-04,Canada,4.0,5.0,5.0,5.0,5.0,5.0,4.0,,,,,,1,Modern (2015-Present),Positive,0.8284,Pre Covid
924,168,Business,Premium Economy,Airbus A330,unknown,0,2015-06-17,Hong Kong,3.0,4.0,4.0,3.0,3.0,2.0,2.0,,,,,,1,Modern (2015-Present),Positive,0.9866,Pre Covid
925,168,Business,Premium Economy,Airbus A330,2x3x2,0,2015-06-13,Australia,4.0,4.0,4.0,4.0,5.0,4.0,4.0,,,,,,1,Modern (2015-Present),Positive,0.9402,Pre Covid
926,168,Unknown,Economy Class,Airbus A330,2x4x2,0,2015-05-29,Switzerland,3.0,1.0,3.0,1.0,,,4.0,,,,,,0,Modern (2015-Present),Positive,0.9672,Pre Covid
927,168,Unknown,Economy Class,Airbus A340,2x4x2,0,2015-05-29,Hong Kong,5.0,5.0,4.0,4.0,,,4.0,,,,,,1,Modern (2015-Present),Positive,0.9312,Pre Covid
928,168,Unknown,Economy Class,Boeing 777,3x3x3,0,2015-05-29,Hong Kong,3.0,2.0,4.0,3.0,,,3.0,,,,,,0,Modern (2015-Present),Positive,0.8719,Pre Covid
929,168,Unknown,Premium Economy,Boeing 777,2x4x2,0,2015-03-22,Australia,2.0,2.0,3.0,3.0,,,4.0,,,,,,0,Modern (2015-Present),Negative,-0.7962,Pre Covid
930,168,Unknown,Economy Class,Boeing 777,3x3x3,0,2015-03-22,Australia,1.0,1.0,2.0,2.0,,,2.0,,,,,,0,Modern (2015-Present),Negative,-0.9279,Pre Covid
931,168,Unknown,Economy Class,Airbus A330,2x4x2,0,2015-01-28,Vietnam,5.0,4.0,5.0,4.0,,,5.0,,,,,,1,Modern (2015-Present),Positive,0.9817,Pre Covid
932,168,Unknown,Economy Class,Airbus A330,3x3x3,0,2015-01-28,Australia,1.0,1.0,2.0,2.0,,,3.0,,,,,,0,Modern (2015-Present),Negative,-0.3645,Pre Covid
933,168,Unknown,Economy Class,Airbus A340,2x3x2,0,2015-01-28,New Zealand,1.0,1.0,1.0,2.0,,,3.0,,,,,,0,Modern (2015-Present),Positive,0.2716,Pre Covid
934,168,Unknown,Economy Class,Boeing 777,3x3x3,0,2014-11-19,Hong Kong,4.0,1.0,4.0,4.0,,,4.0,,,,,,0,Historical (Pre-2015),Positive,0.7679,Pre Covid
935,168,Unknown,Economy Class,Airbus A330,2x4x2,0,2014-11-19,Australia,1.0,1.0,1.0,1.0,,,3.0,,,,,,0,Historical (Pre-2015),Negative,-0.3174,Pre Covid
936,168,Unknown,Economy Class,Airbus A340,2x4x2,0,2014-11-19,New Zealand,1.0,1.0,1.0,4.0,,,2.0,,,,,,0,Historical (Pre-2015),Positive,0.3609,Pre Covid
937,168,Unknown,Economy Class,Airbus A330,2x4x2,0,2014-11-19,Hong Kong,5.0,5.0,4.0,4.0,,,4.0,,,,,,1,Historical (Pre-2015),Positive,0.8779,Pre Covid
938,168,Unknown,Economy Class,Airbus A340,2x4x2,0,2014-11-19,Australia,1.0,1.0,1.0,1.0,,,1.0,,,,,,0,Historical (Pre-2015),Negative,-0.9854,Pre Covid
939,168,Unknown,Economy Class,Airbus A340,2x4x2,0,2014-07-25,Australia,1.0,1.0,3.0,3.0,,,1.0,,,,,,0,Historical (Pre-2015),Positive,0.3182,Pre Covid
940,168,Unknown,Premium Economy,Airbus A330,2x3x2,0,2014-06-25,Australia,4.0,4.0,5.0,5.0,,,4.0,,,,,,1,Historical (Pre-2015),Positive,0.9536,Pre Covid
941,168,Unknown,Premium Economy,Boeing 777,2x4x2,0,2014-03-11,Canada,4.0,4.0,4.0,3.0,,,5.0,,,,,,1,Historical (Pre-2015),Positive,0.936,Pre Covid
942,168,Unknown,Economy Class,Boeing 777,3x3x3,0,2013-10-24,Singapore,5.0,5.0,4.0,5.0,,,3.0,,,,,,1,Historical (Pre-2015),Positive,0.584,Pre Covid
943,168,Unknown,Economy Class,Airbus A340,2x4x2,0,2013-10-24,South Africa,2.0,1.0,2.0,3.0,,,2.0,,,,,,0,Historical (Pre-2015),Negative,-0.7579,Pre Covid
944,168,Unknown,Economy Class,Airbus A330,2x4x2,0,2013-10-24,Australia,4.0,4.0,4.0,4.0,,,4.0,,,,,,1,Historical (Pre-2015),Positive,0.9717,Pre Covid
945,168,Unknown,Premium Economy,Boeing 777,2x4x2,0,2013-10-24,United States,4.0,4.0,4.0,5.0,,,5.0,,,,,,1,Historical (Pre-2015),Positive,0.7841,Pre Covid
946,168,Unknown,Premium Economy,Boeing 747,2x4x2,0,2013-10-24,United States,4.0,4.0,4.0,5.0,,,5.0,,,,,,1,Historical (Pre-2015),Neutral,0.0,Pre Covid
947,168,Unknown,Economy Class,Boeing 747,3x4x3,0,2013-04-26,Hong Kong,3.0,1.0,3.0,3.0,,,4.0,,,,,,0,Historical (Pre-2015),Positive,0.7077,Pre Covid
948,168,Unknown,Economy Class,Boeing 777,3x4x3,0,2013-04-20,Canada,4.0,4.0,4.0,4.0,,,5.0,,,,,,1,Historical (Pre-2015),Positive,0.8591,Pre Covid
949,168,Unknown,Economy Class,Boeing 747,2x4x2,0,2013-04-20,Hong Kong,5.0,5.0,4.0,5.0,,,4.0,,,,,,1,Historical (Pre-2015),Positive,0.9259,Pre Covid
950,168,Unknown,Economy Class,Boeing 747,3x3x3,0,2013-04-20,United Kingdom,1.0,1.0,3.0,3.0,,,3.0,,,,,,0,Historical (Pre-2015),Negative,-0.8312,Pre Covid
951,168,Unknown,Economy Class,Boeing 777,3x3x3,0,2013-02-18,United States,4.0,4.0,5.0,4.0,,,3.0,,,,,,1,Historical (Pre-2015),Negative,-0.1779,Pre Covid
952,168,Unknown,Economy Class,Airbus A340,3x3x3,0,2013-01-22,New Zealand,3.0,1.0,3.0,3.0,,,3.0,,,,,,0,Historical (Pre-2015),Negative,-0.2398,Pre Covid
953,168,Unknown,Economy Class,Unknown,3x3x3,0,2013-01-22,Israel,3.0,1.0,3.0,3.0,,,4.0,,,,,,0,Historical (Pre-2015),Neutral,0.0276,Pre Covid
954,168,Unknown,Economy Class,Unknown,3x3x3,0,2013-01-18,United States,4.0,4.0,3.0,2.0,,,5.0,,,,,,0,Historical (Pre-2015),Negative,-0.4742,Pre Covid
955,168,Unknown,Economy Class,Unknown,3x3x3,0,2013-01-02,Hong Kong,4.0,4.0,4.0,4.0,,,5.0,,,,,,1,Historical (Pre-2015),Positive,0.8969,Pre Covid
956,168,Unknown,Economy Class,Unknown,3x4x3,0,2013-01-01,Canada,2.0,1.0,3.0,3.0,,,4.0,,,,,,0,Historical (Pre-2015),Negative,-0.7742,Pre Covid
957,168,Unknown,Economy Class,Unknown,3x4x3,0,2012-12-24,United Kingdom,3.0,1.0,3.0,3.0,,,4.0,,,,,,0,Historical (Pre-2015),Positive,0.7374,Pre Covid
958,168,Unknown,Economy Class,Unknown,3x3x3,0,2012-09-17,Hong Kong,4.0,4.0,4.0,4.0,,,4.0,,,,,,1,Historical (Pre-2015),Positive,0.7721,Pre Covid
959,168,Unknown,Economy Class,Boeing 747,unknown,0,2012-09-09,Australia,3.0,2.0,3.0,1.0,,,3.0,,,,,,0,Historical (Pre-2015),Negative,-0.4391,Pre Covid
960,168,Unknown,Economy Class,Boeing 777,3x3x3,0,2011-10-22,United States,3.0,2.0,3.0,3.0,,,5.0,,,,,,0,Historical (Pre-2015),Positive,0.8848,Pre Covid
961,168,Unknown,Economy Class,Airbus A340,2x4x2,0,2011-09-19,Australia,4.0,1.0,2.0,2.0,,,4.0,,,,,,0,Historical (Pre-2015),Positive,0.6314,Pre Covid
962,168,Unknown,Economy Class,Airbus A330,2x4x2,0,2011-09-19,Australia,2.0,1.0,1.0,1.0,,,1.0,,,,,,0,Historical (Pre-2015),Negative,-0.8519,Pre Covid
963,168,Unknown,Economy Class,Unknown,3x4x3,0,2011-09-05,Hong Kong,2.0,2.0,2.0,3.0,,,4.0,,,,,,0,Historical (Pre-2015),Negative,-0.4138,Pre Covid
964,168,Unknown,Economy Class,Airbus A340,2x4x2,0,2011-09-05,United Kingdom,2.0,1.0,3.0,4.0,,,2.0,,,,,,0,Historical (Pre-2015),Negative,-0.6361,Pre Covid
965,168,Unknown,Economy Class,Boeing 777,3x3x3,0,2011-09-05,Canada,3.0,1.0,3.0,4.0,,,4.0,,,,,,0,Historical (Pre-2015),Negative,-0.8658,Pre Covid
966,168,Unknown,Economy Class,Boeing 747,3x4x3,0,2011-09-05,Hong Kong,1.0,1.0,3.0,3.0,,,3.0,,,,,,0,Historical (Pre-2015),Negative,-0.7579,Pre Covid
967,168,Unknown,Economy Class,Boeing 747,3x4x3,0,2011-08-10,Hong Kong,2.0,1.0,2.0,2.0,,,3.0,,,,,,0,Historical (Pre-2015),Negative,-0.9337,Pre Covid
968,168,Unknown,Economy Class,Boeing 777,3x3x3,0,2011-07-31,United States,2.0,1.0,2.0,3.0,,,3.0,,,,,,0,Historical (Pre-2015),Positive,0.6113,Pre Covid
969,168,Unknown,Economy Class,Boeing 747,3x4x3,0,2011-07-28,Australia,2.0,1.0,3.0,4.0,,,4.0,,,,,,0,Historical (Pre-2015),Positive,0.2516,Pre Covid
970,168,Unknown,Economy Class,Boeing 744,2x4x2,0,2011-07-28,Australia,3.0,1.0,2.0,4.0,,,3.0,,,,,,0,Historical (Pre-2015),Negative,-0.9909,Pre Covid
971,168,Unknown,Economy Class,Airbus A340,2x4x2,0,2011-05-20,Ireland,1.0,1.0,1.0,3.0,,,3.0,,,,,,0,Historical (Pre-2015),Negative,-0.7003,Pre Covid
972,168,Unknown,Economy Class,Boeing 747,3x4x3,0,2011-05-15,United Kingdom,3.0,1.0,3.0,3.0,,,3.0,,,,,,0,Historical (Pre-2015),Negative,-0.7778,Pre Covid
973,168,Unknown,Economy Class,Boeing 747,3x4x3,0,2011-04-18,New Zealand,3.0,3.0,3.0,5.0,,,4.0,,,,,,1,Historical (Pre-2015),Positive,0.101,Pre Covid
974,168,Unknown,Economy Class,Airbus A340,3x3x3,0,2011-04-06,Canada,1.0,1.0,1.0,3.0,,,4.0,,,,,,0,Historical (Pre-2015),Negative,-0.0516,Pre Covid
975,168,Unknown,Economy Class,Boeing 747,3x3x3,0,2011-04-05,New Zealand,3.0,1.0,3.0,2.0,,,3.0,,,,,,0,Historical (Pre-2015),Positive,0.3612,Pre Covid
976,168,Unknown,Economy Class,Airbus A340,2x4x2,0,2011-04-05,New Zealand,2.0,1.0,3.0,3.0,,,2.0,,,,,,0,Historical (Pre-2015),Negative,-0.3792,Pre Covid
977,168,Unknown,Economy Class,Boeing 747,3x3x3,0,2011-04-05,United Kingdom,3.0,1.0,2.0,2.0,,,4.0,,,,,,0,Historical (Pre-2015),Negative,-0.9467,Pre Covid
978,168,Unknown,Economy Class,Boeing 747,3x4x3,0,2011-04-05,Italy,4.0,3.0,3.0,3.0,,,5.0,,,,,,1,Historical (Pre-2015),Positive,0.6808,Pre Covid
979,168,Unknown,Economy Class,Boeing 747,3x4x3,0,2011-04-05,Canada,1.0,1.0,3.0,2.0,,,,,,,,,0,Historical (Pre-2015),Negative,-0.9832,Pre Covid
980,168,Unknown,Economy Class,Boeing 777,3x3x3,0,2010-12-27,United States,2.0,1.0,3.0,3.0,,,4.0,,,,,,0,Historical (Pre-2015),Negative,-0.6396,Pre Covid
981,168,Unknown,Economy Class,Boeing 777,3x3x3,0,2010-12-20,Canada,5.0,2.0,3.0,4.0,,,5.0,,,,,,0,Historical (Pre-2015),Neutral,0.0412,Pre Covid
982,168,Unknown,Economy Class,Unknown,3x3x3,0,2010-12-20,United States,5.0,3.0,4.0,5.0,,,4.0,,,,,,1,Historical (Pre-2015),Positive,0.6232,Pre Covid
983,168,Unknown,Economy Class,Unknown,3x4x3,0,2010-11-20,United Arab Emirates,3.0,1.0,1.0,3.0,,,3.0,,,,,,0,Historical (Pre-2015),Negative,-0.9106,Pre Covid
984,168,Unknown,Economy Class,Unknown,3x4x3,0,2010-10-25,Australia,4.0,1.0,3.0,2.0,,,3.0,,,,,,0,Historical (Pre-2015),Negative,-0.9134,Pre Covid
985,168,Unknown,Economy Class,Unknown,3x4x3,0,2010-10-22,Australia,2.0,1.0,3.0,2.0,,,4.0,,,,,,0,Historical (Pre-2015),Negative,-0.5967,Pre Covid
986,168,Unknown,Economy Class,Airbus A330,2x4x2,0,2010-10-22,Australia,3.0,1.0,3.0,3.0,,,3.0,,,,,,0,Historical (Pre-2015),Negative,-0.936,Pre Covid
987,168,Unknown,Economy Class,Boeing 777,3x3x3,0,2010-10-22,New Zealand,4.0,3.0,2.0,4.0,,,5.0,,,,,,0,Historical (Pre-2015),Negative,-0.3982,Pre Covid
988,168,Unknown,Economy Class,Unknown,3x4x3,0,2010-09-21,United Kingdom,3.0,3.0,4.0,3.0,,,4.0,,,,,,0,Historical (Pre-2015),Positive,0.8143,Pre Covid
989,168,Unknown,Economy Class,Unknown,3x3x3,0,2010-09-21,Canada,3.0,1.0,4.0,4.0,,,5.0,,,,,,0,Historical (Pre-2015),Positive,0.7964,Pre Covid
990,168,Unknown,Economy Class,Unknown,2x3x2,0,2010-09-06,Canada,5.0,1.0,3.0,4.0,,,4.0,,,,,,0,Historical (Pre-2015),Positive,0.8161,Pre Covid
991,168,Unknown,Economy Class,Unknown,3x4x3,0,2010-09-01,Hong Kong,2.0,1.0,3.0,2.0,,,2.0,,,,,,0,Historical (Pre-2015),Negative,-0.5574,Pre Covid
992,168,Unknown,Economy Class,Unknown,3x4x3,0,2010-08-13,Taiwan,3.0,1.0,2.0,2.0,,,3.0,,,,,,0,Historical (Pre-2015),Negative,-0.5385,Pre Covid
993,168,Unknown,Economy Class,Unknown,3x3x3,0,2010-07-02,Australia,2.0,1.0,3.0,4.0,,,4.0,,,,,,0,Historical (Pre-2015),Negative,-0.743,Pre Covid
994,168,Unknown,Economy Class,Boeing 777,3x4x3,0,2010-06-22,United States,3.0,1.0,3.0,5.0,,,5.0,,,,,,0,Historical (Pre-2015),Negative,-0.1635,Pre Covid
995,168,Unknown,Economy Class,Unknown,2x4x2,0,2010-04-14,Australia,3.0,1.0,3.0,3.0,,,3.0,,,,,,1,Historical (Pre-2015),Positive,0.936,Pre Covid
996,168,Unknown,Economy Class,Unknown,3x3x3,0,2010-02-01,Australia,3.0,1.0,3.0,3.0,,,3.0,,,,,,0,Historical (Pre-2015),Positive,0.0516,Pre Covid
997,168,Unknown,Economy Class,Unknown,3x3x3,0,2010-02-01,Australia,4.0,3.0,3.0,4.0,,,4.0,,,,,,1,Historical (Pre-2015),Positive,0.7964,Pre Covid
998,174,Business,Business Class,Boeing 777,1x2x1,1,2026-03-15,Germany,,,,,1.0,1.0,,2.0,3.0,3.0,4.0,1.0,0,Modern (2015-Present),Negative,-0.7294,After Covid
999,174,Business,Business Class,Airbus A350,1x2x1,1,2019-06-21,France,,,,,5.0,5.0,,5.0,5.0,5.0,5.0,5.0,1,Modern (2015-Present),Positive,0.431,Pre Covid
1000,174,Leisure,Business Class,Airbus A350,1x2x1,1,2019-05-28,Hong Kong,,,,,4.0,5.0,,4.0,5.0,5.0,5.0,5.0,1,Modern (2015-Present),Positive,0.6486,Pre Covid
1001,174,Business,Economy Class,Airbus A330,2x4x2,0,2017-08-11,Japan,3.0,1.0,3.0,2.0,1.0,,,,,,,,0,Modern (2015-Present),Negative,-0.296,Pre Covid
1002,174,Solo Leisure,Economy Class,Boeing 777,3x4x3,0,2017-07-13,United States,3.0,3.0,3.0,4.0,3.0,,3.0,,,,,,1,Modern (2015-Present),Positive,0.8419,Pre Covid
1003,174,Solo Leisure,Economy Class,Airbus A330,2x4x2,0,2016-11-07,Netherlands,2.0,1.0,4.0,4.0,3.0,4.0,3.0,,,,,,0,Modern (2015-Present),Negative,-0.8909,Pre Covid
1004,174,Solo Leisure,Economy Class,Boeing 777,3x4x3,0,2016-10-22,United States,3.0,3.0,3.0,3.0,3.0,4.0,4.0,,,,,,1,Modern (2015-Present),Positive,0.893,Pre Covid
1005,174,Solo Leisure,Economy Class,Airbus A330,2x4x2,0,2016-10-17,Czech Republic,4.0,3.0,3.0,3.0,4.0,3.0,3.0,,,,,,1,Modern (2015-Present),Positive,0.7654,Pre Covid
1006,174,Couple Leisure,Economy Class,Airbus A319,3x3,0,2016-10-06,Thailand,5.0,4.0,4.0,4.0,4.0,,1.0,,,,,,1,Modern (2015-Present),Positive,0.8727,Pre Covid
1007,174,Unknown,Economy Class,Airbus A330,2x4x2,0,2013-04-20,South Korea,3.0,2.0,3.0,2.0,,,2.0,,,,,,0,Historical (Pre-2015),Negative,-0.6359,Pre Covid
1008,174,Unknown,Economy Class,Airbus A340,2x4x2,0,2013-04-20,United States,3.0,2.0,3.0,2.0,,,1.0,,,,,,0,Historical (Pre-2015),Positive,0.8829,Pre Covid
1009,174,Unknown,Economy Class,Airbus A340,2x4x2,0,2011-08-10,United States,4.0,3.0,4.0,3.0,,,1.0,,,,,,0,Historical (Pre-2015),Negative,-0.8396,Pre Covid
1010,182,Business,Business Class,Airbus A330,1x2x1,1,2023-06-19,Mauritius,,,,,1.0,3.0,,1.0,1.0,1.0,1.0,2.0,0,Modern (2015-Present),Negative,-0.5588,After Covid
1011,187,Family Leisure,Premium Economy,Airbus A330,2x2,0,2016-01-21,Canada,4.0,2.0,5.0,2.0,4.0,3.0,3.0,,,,,,1,Modern (2015-Present),Positive,0.7043,Pre Covid
1012,175,Couple Leisure,Economy Class,Boeing 787,3x3x3,1,2023-09-29,New Zealand,5.0,5.0,5.0,5.0,5.0,5.0,5.0,,,,,,1,Modern (2015-Present),Positive,0.7553,After Covid
1013,175,Leisure,Business Class,Airbus A380,2x2x2,1,2021-05-08,United Kingdom,,,,,5.0,5.0,,5.0,5.0,5.0,5.0,5.0,1,Modern (2015-Present),Positive,0.802,Covid
1014,175,Solo Leisure,Economy Class,Boeing 787,3x3x3,1,2019-11-27,United States,5.0,5.0,5.0,5.0,5.0,5.0,5.0,,,,,,1,Modern (2015-Present),Positive,0.9432,Pre Covid
1015,175,Solo Leisure,Economy Class,Airbus A330,2x4x2,1,2019-11-01,Australia,4.0,4.0,4.0,4.0,4.0,5.0,4.0,,,,,,1,Modern (2015-Present),Positive,0.8746,Pre Covid
1016,175,Solo Leisure,Economy Class,Airbus A330,2x4x2,1,2019-05-02,Australia,1.0,1.0,1.0,1.0,,,1.0,,,,,,0,Modern (2015-Present),Negative,-0.885,Pre Covid
1017,175,Solo Leisure,Economy Class,Airbus A330,2x4x2,1,2019-03-04,Australia,5.0,5.0,5.0,5.0,5.0,5.0,5.0,,,,,,1,Modern (2015-Present),Positive,0.9582,Pre Covid
1018,175,Couple Leisure,Economy Class,Boeing 737,3x3,1,2019-01-07,Philippines,4.0,3.0,4.0,4.0,2.0,,,,,,,,1,Modern (2015-Present),Positive,0.296,Pre Covid
1019,175,Couple Leisure,Economy Class,Boeing 787,3x3x3,1,2018-06-26,Ireland,1.0,1.0,3.0,2.0,1.0,3.0,1.0,,,,,,1,Modern (2015-Present),Positive,0.8771,Pre Covid
1020,175,Solo Leisure,Premium Economy,Airbus A320,3x3,1,2018-04-05,Singapore,5.0,3.0,4.0,3.0,4.0,,4.0,,,,,,1,Modern (2015-Present),Positive,0.9392,Pre Covid
1021,175,Solo Leisure,Economy Class,Airbus A330,2x4x2,1,2018-02-13,Germany,5.0,3.0,4.0,3.0,4.0,,4.0,,,,,,1,Modern (2015-Present),Negative,-0.2247,Pre Covid
1022,175,Solo Leisure,Economy Class,Airbus A330,2x4x2,1,2017-12-31,Australia,3.0,4.0,3.0,3.0,4.0,4.0,4.0,,,,,,1,Modern (2015-Present),Negative,-0.5959,Pre Covid
1023,175,Solo Leisure,Economy Class,Boeing 787,3x3x3,0,2017-11-10,New Zealand,3.0,3.0,3.0,3.0,3.0,,,,,,,,0,Modern (2015-Present),Negative,-0.5735,Pre Covid
1024,175,Business,Economy Class,Airbus A330,2x4x2,0,2017-08-02,China,4.0,4.0,4.0,4.0,4.0,3.0,4.0,,,,,,1,Modern (2015-Present),Positive,0.1728,Pre Covid
1025,175,Family Leisure,Economy Class,Boeing 777,3x3x3,0,2017-05-10,South Korea,5.0,5.0,5.0,4.0,4.0,4.0,4.0,,,,,,1,Modern (2015-Present),Positive,0.5262,Pre Covid
1026,175,Business,Premium Economy,Airbus A330,2x4x2,0,2017-03-16,Australia,5.0,4.0,4.0,4.0,3.0,4.0,4.0,,,,,,1,Modern (2015-Present),Positive,0.9803,Pre Covid
1027,175,Solo Leisure,Economy Class,Boeing 787,3x3x3,0,2016-09-12,Australia,3.0,3.0,3.0,3.0,3.0,3.0,3.0,,,,,,0,Modern (2015-Present),Negative,-0.3333,Pre Covid
1028,175,Couple Leisure,Economy Class,Boeing 787,3x3x3,0,2016-06-14,New Zealand,3.0,4.0,4.0,5.0,5.0,,2.0,,,,,,1,Modern (2015-Present),Positive,0.6054,Pre Covid
1029,175,Solo Leisure,Economy Class,Boeing 777,3x3x3,0,2016-05-02,Indonesia,5.0,5.0,5.0,5.0,5.0,4.0,4.0,,,,,,1,Modern (2015-Present),Positive,0.8473,Pre Covid
1030,175,Solo Leisure,Economy Class,Boeing 777,3x3x3,0,2016-04-19,Canada,5.0,5.0,5.0,5.0,5.0,,5.0,,,,,,1,Modern (2015-Present),Positive,0.9328,Pre Covid
1031,175,Solo Leisure,Premium Economy,Airbus A330,2x4x2,0,2016-04-14,Australia,5.0,5.0,4.0,4.0,3.0,5.0,3.0,,,,,,1,Modern (2015-Present),Positive,0.8111,Pre Covid
1032,175,Solo Leisure,Economy Class,Boeing 787,3x3x3,0,2016-03-04,United Kingdom,1.0,2.0,1.0,1.0,3.0,,3.0,,,,,,0,Modern (2015-Present),Negative,-0.4588,Pre Covid
1033,175,Business,Economy Class,Airbus A330,2x4x2,0,2015-12-12,Australia,4.0,5.0,5.0,4.0,4.0,5.0,3.0,,,,,,1,Modern (2015-Present),Negative,-0.5267,Pre Covid
1034,175,Solo Leisure,Economy Class,Airbus A330,2x4x2,0,2015-10-15,United Arab Emirates,3.0,2.0,3.0,3.0,2.0,3.0,3.0,,,,,,1,Modern (2015-Present),Positive,0.9806,Pre Covid
1035,175,Couple Leisure,Economy Class,Airbus A380,3x4x3,0,2015-07-14,United States,3.0,4.0,4.0,4.0,3.0,1.0,4.0,,,,,,1,Modern (2015-Present),Positive,0.25,Pre Covid
1036,175,Unknown,Economy Class,Airbus A380,3x4x3,0,2015-05-29,China,3.0,4.0,4.0,3.0,,,4.0,,,,,,1,Modern (2015-Present),Positive,0.4404,Pre Covid
1037,175,Unknown,Economy Class,Airbus A330,2x4x2,0,2011-07-10,New Zealand,4.0,4.0,4.0,4.0,,,5.0,,,,,,1,Historical (Pre-2015),Positive,0.69,Pre Covid
1038,177,Couple Leisure,Economy Class,Airbus A320,3x3,0,2015-10-17,Germany,2.0,3.0,3.0,3.0,4.0,,,,,,,,1,Modern (2015-Present),Positive,0.9279,Pre Covid
1039,185,Business,Business Class,Boeing 737,2x2,0,2022-12-07,Brazil,,,,,1.0,,,1.0,3.0,3.0,3.0,1.0,0,Modern (2015-Present),Negative,-0.5687,After Covid
1040,185,Solo Leisure,Economy Class,Boeing 737,3x3,1,2021-11-29,United States,5.0,5.0,5.0,5.0,5.0,3.0,3.0,,,,,,1,Modern (2015-Present),Positive,0.9735,Covid
1041,185,Business,Business Class,Boeing 737,2x2,1,2019-05-25,United States,,,,,3.0,1.0,,1.0,5.0,5.0,5.0,3.0,0,Modern (2015-Present),Negative,-0.4337,Pre Covid
1042,185,Solo Leisure,Economy Class,Boeing 737,unknown,0,2015-07-28,Bangladesh,4.0,4.0,4.0,4.0,4.0,4.0,5.0,,,,,,1,Modern (2015-Present),Positive,0.7003,Pre Covid
1043,185,Unknown,Economy Class,Boeing 737,3x3,0,2014-03-11,Argentina,4.0,2.0,3.0,3.0,,,2.0,,,,,,0,Historical (Pre-2015),Positive,0.4651,Pre Covid
1044,189,Solo Leisure,Economy Class,Unknown,2x2,0,2016-03-02,Croatia,4.0,4.0,4.0,3.0,4.0,,,,,,,,1,Modern (2015-Present),Positive,0.8607,Pre Covid
1045,157,Business,Economy Class,Boeing 737,3x3,1,2018-12-13,Czech Republic,3.0,3.0,3.0,3.0,2.0,,,,,,,,0,Modern (2015-Present),Positive,0.1779,Pre Covid
1046,157,Solo Leisure,Economy Class,Other Aircraft,2x2,1,2018-05-17,Czech Republic,4.0,2.0,4.0,4.0,4.0,,,,,,,,1,Modern (2015-Present),Positive,0.8248,Pre Covid
1047,157,Couple Leisure,Economy Class,Airbus A319,3x3,1,2018-02-12,Belgium,5.0,5.0,5.0,4.0,3.0,,,,,,,,1,Modern (2015-Present),Negative,-0.1779,Pre Covid
1048,178,Business,Premium Economy,Unknown,2x2,1,2018-06-26,United States,3.0,3.0,1.0,2.0,1.0,,,,,,,,1,Modern (2015-Present),Positive,0.7784,Pre Covid
1049,178,Family Leisure,Economy Class,Unknown,3x3,0,2017-12-21,Australia,3.0,3.0,1.0,3.0,3.0,,,,,,,,1,Modern (2015-Present),Positive,0.9004,Pre Covid
1050,178,Business,Economy Class,Unknown,3x3,0,2015-12-03,Netherlands,3.0,1.0,1.0,3.0,4.0,,,,,,,,0,Modern (2015-Present),Negative,-0.3086,Pre Covid
1051,195,Business,Business Class,Boeing 767,1x2x1,1,2022-10-26,United States,,,,,5.0,5.0,,1.0,1.0,3.0,3.0,4.0,0,Modern (2015-Present),Positive,0.932,After Covid
1052,195,Business,Business Class,Airbus A330,1x2x1,1,2022-07-04,United States,,,,,5.0,5.0,,1.0,2.0,1.0,1.0,5.0,0,Modern (2015-Present),Negative,-0.9426,After Covid
1053,195,Solo Leisure,Premium Economy,Boeing 767,2x2x2,1,2019-12-11,United Kingdom,4.0,1.0,4.0,4.0,3.0,4.0,4.0,,,,,,0,Modern (2015-Present),Positive,0.5762,Pre Covid
1054,195,Family Leisure,Economy Class,Airbus A330,2x4x2,1,2019-10-07,Canada,2.0,4.0,4.0,5.0,4.0,5.0,5.0,,,,,,1,Modern (2015-Present),Positive,0.9246,Pre Covid
1055,195,Business,Business Class,Boeing 767,1x2x1,1,2019-08-04,United Kingdom,,,,,2.0,4.0,,3.0,3.0,1.0,4.0,4.0,0,Modern (2015-Present),Neutral,0.0,Pre Covid
1056,195,Family Leisure,Economy Class,Unknown,3x2,0,2019-07-07,United States,5.0,4.0,4.0,4.0,3.0,,,,,,,,1,Modern (2015-Present),Positive,0.5001,Pre Covid
1057,195,Business,Premium Economy,Boeing 737,3x3,1,2019-04-12,United States,2.0,2.0,2.0,2.0,3.0,5.0,3.0,,,,,,0,Modern (2015-Present),Positive,0.7269,Pre Covid
1058,195,Business,Premium Economy,Boeing 777,2x4x2,1,2019-01-29,United States,4.0,4.0,3.0,3.0,4.0,4.0,5.0,,,,,,1,Modern (2015-Present),Positive,0.9909,Pre Covid
1059,195,Business,Economy Class,Boeing 777,3x4x3,1,2018-10-12,Japan,4.0,3.0,4.0,4.0,4.0,4.0,3.0,,,,,,1,Modern (2015-Present),Positive,0.688,Pre Covid
1060,195,Business,Economy Class,Unknown,2x3,1,2018-10-12,Japan,3.0,2.0,2.0,1.0,2.0,3.0,,,,,,,1,Modern (2015-Present),Positive,0.6956,Pre Covid
1061,195,Business,Economy Class,Boeing 717,2x3,1,2018-10-12,Japan,3.0,2.0,2.0,1.0,2.0,4.0,,,,,,,1,Modern (2015-Present),Negative,-0.4226,Pre Covid
1062,195,Business,Economy Class,Airbus A330,unknown,1,2018-09-22,France,4.0,5.0,4.0,4.0,4.0,4.0,4.0,,,,,,1,Modern (2015-Present),Positive,0.9926,Pre Covid
1063,195,Business,Economy Class,Boeing 737,3x3,1,2018-04-19,United States,4.0,1.0,1.0,3.0,1.0,1.0,1.0,,,,,,1,Modern (2015-Present),Positive,0.4019,Pre Covid
1064,195,Business,Premium Economy,Boeing 767,2x3x2,1,2018-04-13,France,2.0,2.0,1.0,1.0,3.0,4.0,2.0,,,,,,0,Modern (2015-Present),Negative,-0.8697,Pre Covid
1065,195,Solo Leisure,Economy Class,Boeing 757,3x3,1,2018-04-11,United States,3.0,3.0,3.0,3.0,2.0,4.0,4.0,,,,,,1,Modern (2015-Present),Positive,0.3314,Pre Covid
1066,195,Business,Economy Class,Airbus A330,2x4x2,1,2018-04-09,Germany,2.0,1.0,3.0,5.0,3.0,5.0,4.0,,,,,,0,Modern (2015-Present),Negative,-0.3252,Pre Covid
1067,195,Solo Leisure,Economy Class,Boeing 767,2x3x2,1,2018-01-11,United States,1.0,1.0,1.0,1.0,1.0,1.0,1.0,,,,,,0,Modern (2015-Present),Positive,0.4794,Pre Covid
1068,195,Family Leisure,Economy Class,Boeing 757,3x3,1,2018-01-01,Singapore,4.0,4.0,4.0,4.0,5.0,5.0,5.0,,,,,,1,Modern (2015-Present),Positive,0.7239,Pre Covid
1069,195,Business,Economy Class,Boeing 737,3x3,1,2017-12-21,Canada,4.0,4.0,3.0,2.0,4.0,5.0,5.0,,,,,,1,Modern (2015-Present),Positive,0.9866,Pre Covid
1070,195,Business,Economy Class,Boeing 767,2x3x2,1,2017-12-10,Belgium,5.0,5.0,5.0,4.0,3.0,5.0,5.0,,,,,,1,Modern (2015-Present),Positive,0.9021,Pre Covid
1071,195,Solo Leisure,Economy Class,Boeing 717,3x2,0,2017-12-06,United States,1.0,1.0,2.0,2.0,2.0,4.0,,,,,,,1,Modern (2015-Present),Negative,-0.7726,Pre Covid
1072,195,Family Leisure,Premium Economy,Unknown,2x2,1,2017-11-29,United States,5.0,5.0,5.0,5.0,5.0,5.0,,,,,,,1,Modern (2015-Present),Positive,0.9939,Pre Covid
1073,195,Solo Leisure,Economy Class,Airbus A330,2x4x2,0,2017-11-17,Russian Federation,4.0,4.0,4.0,4.0,4.0,4.0,4.0,,,,,,1,Modern (2015-Present),Positive,0.98,Pre Covid
1074,195,Solo Leisure,Economy Class,Boeing 777,3x3x3,0,2017-11-13,United States,1.0,1.0,1.0,1.0,2.0,1.0,5.0,,,,,,0,Modern (2015-Present),Positive,0.8398,Pre Covid
1075,195,Solo Leisure,Economy Class,Boeing 737,3x3,0,2017-08-23,United States,1.0,1.0,1.0,2.0,1.0,,,,,,,,0,Modern (2015-Present),Negative,-0.9282,Pre Covid
1076,195,Couple Leisure,Economy Class,Unknown,3x2,0,2017-05-14,United States,2.0,1.0,1.0,1.0,1.0,,,,,,,,0,Modern (2015-Present),Negative,-0.9646,Pre Covid
1077,195,Couple Leisure,Premium Economy,Boeing 777,3x3x3,0,2017-02-25,Australia,2.0,2.0,1.0,2.0,4.0,1.0,1.0,,,,,,0,Modern (2015-Present),Positive,0.7318,Pre Covid
1078,195,Couple Leisure,Premium Economy,Boeing 767,2x3x2,0,2017-02-03,United States,4.0,4.0,4.0,3.0,3.0,4.0,4.0,,,,,,1,Modern (2015-Present),Positive,0.8496,Pre Covid
1079,195,Solo Leisure,Economy Class,Boeing 767,2x4x2,0,2017-01-08,United States,3.0,2.0,1.0,2.0,4.0,5.0,3.0,,,,,,0,Modern (2015-Present),Negative,-0.2433,Pre Covid
1080,195,Business,Economy Class,Boeing 737,3x3,0,2016-11-18,United States,2.0,3.0,1.0,3.0,3.0,4.0,5.0,,,,,,1,Modern (2015-Present),Negative,-0.9395,Pre Covid
1081,195,Business,Premium Economy,Boeing 767,2x3x2,0,2016-09-08,United States,5.0,5.0,4.0,3.0,3.0,4.0,1.0,,,,,,0,Modern (2015-Present),Positive,0.9351,Pre Covid
1082,195,Family Leisure,Economy Class,Airbus A330,2x4x2,0,2016-08-13,United Kingdom,4.0,3.0,4.0,3.0,4.0,5.0,5.0,,,,,,1,Modern (2015-Present),Positive,0.2917,Pre Covid
1083,195,Solo Leisure,Economy Class,Unknown,2x2,0,2016-05-12,New Caledonia,3.0,4.0,4.0,3.0,3.0,,,,,,,,1,Modern (2015-Present),Positive,0.9042,Pre Covid
1084,195,Solo Leisure,Premium Economy,Boeing 767,2x3x2,0,2016-02-29,United Kingdom,4.0,3.0,2.0,3.0,3.0,2.0,4.0,,,,,,0,Modern (2015-Present),Positive,0.974,Pre Covid
1085,195,Solo Leisure,Premium Economy,Boeing 767,2x3x2,0,2016-02-24,United States,5.0,4.0,5.0,4.0,4.0,4.0,4.0,,,,,,1,Modern (2015-Present),Positive,0.2274,Pre Covid
1086,195,Solo Leisure,Economy Class,Unknown,2x2,0,2016-01-24,United States,5.0,5.0,5.0,5.0,5.0,,,,,,,,1,Modern (2015-Present),Negative,-0.1027,Pre Covid
1087,195,Business,Economy Class,Airbus A330,2x4x2,0,2016-01-21,United Kingdom,1.0,1.0,1.0,3.0,2.0,3.0,1.0,,,,,,0,Modern (2015-Present),Positive,0.7144,Pre Covid
1088,195,Couple Leisure,Economy Class,Boeing 737,3x3,0,2016-01-20,United States,5.0,3.0,1.0,3.0,3.0,5.0,5.0,,,,,,0,Modern (2015-Present),Negative,-0.128,Pre Covid
1089,195,Couple Leisure,Premium Economy,Boeing 767,2x3x2,0,2016-01-03,United States,1.0,3.0,1.0,2.0,1.0,2.0,3.0,,,,,,0,Modern (2015-Present),Negative,-0.7574,Pre Covid
1090,195,Solo Leisure,Economy Class,Other Aircraft,2x2,0,2015-12-31,Canada,2.0,1.0,1.0,2.0,1.0,,,,,,,,0,Modern (2015-Present),Negative,-0.9341,Pre Covid
1091,195,Couple Leisure,Economy Class,Boeing 717,2x3,0,2015-12-19,United States,1.0,2.0,1.0,1.0,1.0,,5.0,,,,,,0,Modern (2015-Present),Negative,-0.7607,Pre Covid
1092,195,Solo Leisure,Premium Economy,Airbus A320,2x2,0,2015-12-07,United States,1.0,1.0,2.0,1.0,1.0,1.0,,,,,,,0,Modern (2015-Present),Negative,-0.5998,Pre Covid
1093,195,Business,Economy Class,Unknown,unknown,0,2015-11-30,United States,1.0,3.0,3.0,2.0,1.0,3.0,3.0,,,,,,0,Modern (2015-Present),Positive,0.826,Pre Covid
1094,195,Solo Leisure,Economy Class,Boeing 767,2x3x2,0,2015-11-26,Canada,1.0,1.0,3.0,1.0,2.0,1.0,1.0,,,,,,0,Modern (2015-Present),Positive,0.7157,Pre Covid
1095,195,Couple Leisure,Premium Economy,Airbus A320,3x3,0,2015-10-17,United States,1.0,3.0,2.0,3.0,3.0,,,,,,,,0,Modern (2015-Present),Positive,0.9645,Pre Covid
1096,195,Solo Leisure,Economy Class,Unknown,unknown,0,2015-09-27,United States,1.0,1.0,1.0,2.0,2.0,,,,,,,,0,Modern (2015-Present),Positive,0.2023,Pre Covid
1097,195,Business,Economy Class,Boeing 757,3x3,0,2015-08-15,United States,4.0,1.0,1.0,1.0,2.0,2.0,2.0,,,,,,0,Modern (2015-Present),Negative,-0.846,Pre Covid
1098,195,Solo Leisure,Premium Economy,Boeing 767,2x4x2,0,2015-08-09,United States,4.0,1.0,4.0,2.0,2.0,4.0,2.0,,,,,,0,Modern (2015-Present),Positive,0.1045,Pre Covid
1099,195,Family Leisure,Economy Class,Boeing 777,3x3x3,0,2015-06-26,United States,4.0,3.0,4.0,3.0,3.0,,3.0,,,,,,1,Modern (2015-Present),Positive,0.91,Pre Covid
1100,195,Unknown,Economy Class,Boeing 767,2x4x2,0,2015-05-29,United Kingdom,1.0,1.0,1.0,1.0,,,1.0,,,,,,0,Modern (2015-Present),Negative,-0.936,Pre Covid
1101,195,Unknown,Economy Class,Boeing 757,3x3,0,2015-05-29,United States,1.0,1.0,1.0,1.0,,,2.0,,,,,,0,Modern (2015-Present),Negative,-0.25,Pre Covid
1102,195,Unknown,Economy Class,Boeing 777,3x4x3,0,2014-11-19,South Africa,2.0,3.0,1.0,1.0,,,3.0,,,,,,0,Historical (Pre-2015),Positive,0.5574,Pre Covid
1103,195,Unknown,Economy Class,Boeing 767,2x4x2,0,2014-11-19,United Kingdom,2.0,3.0,2.0,2.0,,,3.0,,,,,,0,Historical (Pre-2015),Negative,-0.296,Pre Covid
1104,195,Unknown,Premium Economy,Airbus A330,2x4x2,0,2014-11-19,United States,2.0,2.0,2.0,2.0,,,2.0,,,,,,0,Historical (Pre-2015),Positive,0.6674,Pre Covid
1105,195,Unknown,Economy Class,Airbus A330,2x4x2,0,2014-11-19,United States,5.0,4.0,3.0,3.0,,,4.0,,,,,,1,Historical (Pre-2015),Positive,0.9041,Pre Covid
1106,195,Unknown,Premium Economy,Boeing 777,2x4x2,0,2014-11-19,United States,3.0,3.0,3.0,2.0,,,2.0,,,,,,0,Historical (Pre-2015),Negative,-0.9401,Pre Covid
1107,195,Unknown,Economy Class,Boeing 767,2x3x2,0,2014-11-19,United States,3.0,3.0,3.0,3.0,,,3.0,,,,,,0,Historical (Pre-2015),Negative,-0.2,Pre Covid
1108,195,Unknown,Economy Class,Boeing 767,2x3x2,0,2014-11-19,Brazil,3.0,2.0,4.0,3.0,,,3.0,,,,,,1,Historical (Pre-2015),Positive,0.9137,Pre Covid
1109,195,Unknown,Economy Class,Boeing 767,2x4x2,0,2014-08-05,United States,1.0,3.0,3.0,3.0,,,5.0,,,,,,0,Historical (Pre-2015),Negative,-0.34,Pre Covid
1110,195,Unknown,Economy Class,Boeing 757,3x3,0,2014-08-02,United States,1.0,2.0,1.0,1.0,,,1.0,,,,,,0,Historical (Pre-2015),Negative,-0.077,Pre Covid
1111,195,Unknown,Economy Class,Boeing 767,2x3x2,0,2014-08-02,United States,3.0,4.0,4.0,2.0,,,3.0,,,,,,0,Historical (Pre-2015),Negative,-0.8221,Pre Covid
1112,195,Unknown,Premium Economy,Boeing 767,2x3x2,0,2014-07-25,United States,4.0,2.0,2.0,3.0,,,2.0,,,,,,0,Historical (Pre-2015),Positive,0.3386,Pre Covid
1113,195,Unknown,Premium Economy,Airbus A330,2x4x2,0,2014-07-25,United States,2.0,4.0,3.0,1.0,,,3.0,,,,,,0,Historical (Pre-2015),Positive,0.7819,Pre Covid
1114,195,Unknown,Premium Economy,Boeing 767,2x3x2,0,2014-07-25,United Kingdom,4.0,3.0,3.0,5.0,,,1.0,,,,,,0,Historical (Pre-2015),Positive,0.7724,Pre Covid
1115,195,Unknown,Economy Class,Boeing 747,2x3x2,0,2014-07-25,Canada,4.0,4.0,1.0,5.0,,,4.0,,,,,,1,Historical (Pre-2015),Positive,0.9754,Pre Covid
1116,195,Unknown,Premium Economy,Boeing 767,2x3x2,0,2014-03-03,United States,5.0,3.0,3.0,3.0,,,2.0,,,,,,0,Historical (Pre-2015),Positive,0.5788,Pre Covid
1117,195,Unknown,Economy Class,Boeing 767,2x4x2,0,2014-03-03,United States,2.0,2.0,1.0,2.0,,,5.0,,,,,,0,Historical (Pre-2015),Negative,-0.719,Pre Covid
1118,195,Unknown,Economy Class,Boeing 777,3x3x3,0,2014-01-29,Singapore,4.0,4.0,4.0,4.0,,,4.0,,,,,,1,Historical (Pre-2015),Positive,0.431,Pre Covid
1119,195,Unknown,Economy Class,Boeing 757,3x3,0,2014-01-13,United States,3.0,2.0,1.0,1.0,,,3.0,,,,,,0,Historical (Pre-2015),Negative,-0.5725,Pre Covid
1120,195,Unknown,Economy Class,Boeing 777,3x3x3,0,2014-01-10,Australia,5.0,4.0,4.0,4.0,,,4.0,,,,,,1,Historical (Pre-2015),Positive,0.5106,Pre Covid
1121,195,Unknown,Economy Class,Airbus A330,2x4x2,0,2014-01-10,Netherlands,1.0,4.0,1.0,1.0,,,1.0,,,,,,0,Historical (Pre-2015),Positive,0.34,Pre Covid
1122,195,Unknown,Economy Class,Boeing 767,2x3x2,0,2014-01-10,United Kingdom,2.0,2.0,2.0,2.0,,,3.0,,,,,,0,Historical (Pre-2015),Positive,0.7851,Pre Covid
1123,195,Unknown,Economy Class,Boeing 757,3x3,0,2014-01-10,United States,1.0,1.0,1.0,2.0,,,1.0,,,,,,0,Historical (Pre-2015),Negative,-0.6908,Pre Covid
1124,195,Unknown,Economy Class,Boeing 767,2x3x2,0,2013-04-20,Netherlands,3.0,3.0,2.0,3.0,,,1.0,,,,,,0,Historical (Pre-2015),Negative,-0.3818,Pre Covid
1125,195,Unknown,Economy Class,Boeing 767,2x3x2,0,2013-02-15,Italy,4.0,3.0,3.0,3.0,,,1.0,,,,,,0,Historical (Pre-2015),Negative,-0.4767,Pre Covid
1126,195,Unknown,Economy Class,Airbus A330,2x4x2,0,2013-01-18,United States,2.0,1.0,3.0,4.0,,,4.0,,,,,,0,Historical (Pre-2015),Negative,-0.8456,Pre Covid
1127,195,Unknown,Economy Class,Boeing 767,2x3x2,0,2013-01-01,United States,2.0,3.0,3.0,2.0,,,1.0,,,,,,0,Historical (Pre-2015),Negative,-0.4949,Pre Covid
1128,195,Unknown,Economy Class,Airbus A330,2x3x2,0,2011-10-26,United Kingdom,3.0,3.0,3.0,2.0,,,2.0,,,,,,0,Historical (Pre-2015),Negative,-0.2732,Pre Covid
1129,195,Unknown,Economy Class,Boeing 767,2x4x2,0,2011-10-22,United States,4.0,3.0,1.0,3.0,,,1.0,,,,,,0,Historical (Pre-2015),Negative,-0.1924,Pre Covid
1130,195,Unknown,Economy Class,Boeing 767,2x4x2,0,2011-09-05,United States,4.0,4.0,1.0,5.0,,,4.0,,,,,,0,Historical (Pre-2015),Positive,0.884,Pre Covid
1131,195,Unknown,Economy Class,Boeing 767,2x3x2,0,2011-05-25,United Kingdom,4.0,3.0,4.0,4.0,,,4.0,,,,,,1,Historical (Pre-2015),Positive,0.7499,Pre Covid
1132,195,Unknown,Economy Class,Unknown,2x3x2,0,2011-05-10,United Kingdom,3.0,4.0,4.0,3.0,,,4.0,,,,,,1,Historical (Pre-2015),Positive,0.7703,Pre Covid
1133,195,Unknown,Economy Class,Boeing 777,3x3x3,0,2011-04-07,South Africa,3.0,3.0,3.0,4.0,,,2.0,,,,,,1,Historical (Pre-2015),Positive,0.8779,Pre Covid
1134,195,Unknown,Economy Class,Unknown,2x3x2,0,2009-12-31,Germany,2.0,1.0,3.0,2.0,,,3.0,,,,,,0,Historical (Pre-2015),Negative,-0.7184,Pre Covid
1135,195,Unknown,Economy Class,Unknown,2x3x2,0,2009-10-14,United States,3.0,2.0,3.0,3.0,,,2.0,,,,,,0,Historical (Pre-2015),Positive,0.4472,Pre Covid
1136,195,Unknown,Economy Class,Unknown,2x3x2,0,2009-10-10,United States,4.0,3.0,2.0,3.0,,,3.0,,,,,,0,Historical (Pre-2015),Positive,0.3757,Pre Covid
1137,195,Unknown,Economy Class,Boeing 757,3x3,0,2009-01-06,United Kingdom,2.0,2.0,3.0,3.0,,,3.0,,,,,,0,Historical (Pre-2015),Negative,-0.4215,Pre Covid
1139,588,Family Leisure,Economy Class,Airbus A319,3x3,1,2022-04-07,United Kingdom,3.0,1.0,2.0,1.0,1.0,,,,,,,,1,Modern (2015-Present),Negative,-0.6956,After Covid
1140,588,Solo Leisure,Economy Class,Airbus A319,3x3,1,2019-11-25,Canada,4.0,1.0,2.0,2.0,2.0,,,,,,,,1,Modern (2015-Present),Positive,0.1317,Pre Covid
1141,588,Family Leisure,Economy Class,Airbus A319,3x3,1,2019-05-18,United Kingdom,1.0,1.0,1.0,3.0,3.0,,,,,,,,0,Modern (2015-Present),Positive,0.4295,Pre Covid
1142,588,Solo Leisure,Economy Class,Airbus A319,3x3,1,2018-10-08,United Kingdom,4.0,1.0,3.0,4.0,4.0,,,,,,,,1,Modern (2015-Present),Positive,0.8833,Pre Covid
1143,588,Couple Leisure,Economy Class,Airbus A319,3x3,0,2017-09-09,United Kingdom,1.0,1.0,1.0,1.0,1.0,,,,,,,,0,Modern (2015-Present),Negative,-0.8537,Pre Covid
1144,588,Couple Leisure,Economy Class,Airbus A319,3x3,0,2017-05-10,United Kingdom,4.0,3.0,4.0,4.0,4.0,,,,,,,,1,Modern (2015-Present),Positive,0.5789,Pre Covid
1145,588,Family Leisure,Economy Class,Airbus A320,3x3,0,2016-11-27,United Kingdom,4.0,1.0,3.0,2.0,2.0,,,,,,,,1,Modern (2015-Present),Positive,0.2877,Pre Covid
1146,588,Couple Leisure,Economy Class,Airbus A320,3x3,0,2016-11-13,United Kingdom,1.0,1.0,1.0,1.0,3.0,,,,,,,,0,Modern (2015-Present),Negative,-0.8402,Pre Covid
1147,588,Couple Leisure,Economy Class,Airbus A319,3x3,0,2016-08-26,Denmark,5.0,1.0,5.0,5.0,4.0,,,,,,,,1,Modern (2015-Present),Positive,0.8748,Pre Covid
1148,588,Couple Leisure,Economy Class,Airbus A319,3x3,0,2016-08-22,Netherlands,3.0,3.0,3.0,3.0,3.0,,,,,,,,0,Modern (2015-Present),Positive,0.1476,Pre Covid
1149,588,Business,Economy Class,Airbus A320,3x3,0,2016-08-06,United Kingdom,5.0,1.0,4.0,3.0,4.0,,,,,,,,1,Modern (2015-Present),Positive,0.9719,Pre Covid
1150,588,Family Leisure,Economy Class,Airbus A320,3x3,0,2016-06-23,France,5.0,4.0,5.0,5.0,,,,,,,,,1,Modern (2015-Present),Positive,0.9481,Pre Covid
1151,588,Couple Leisure,Economy Class,Airbus A320,3x3,0,2015-09-22,United Kingdom,2.0,1.0,1.0,2.0,1.0,,,,,,,,0,Modern (2015-Present),Negative,-0.879,Pre Covid
1152,588,Family Leisure,Economy Class,Airbus A320,3x3,0,2015-08-02,United Kingdom,4.0,4.0,4.0,4.0,3.0,,,,,,,,1,Modern (2015-Present),Positive,0.8516,Pre Covid
1153,588,Solo Leisure,Economy Class,Airbus A320,3x3,0,2015-07-23,United Kingdom,3.0,1.0,3.0,3.0,3.0,,,,,,,,1,Modern (2015-Present),Positive,0.2846,Pre Covid
1154,173,Solo Leisure,Economy Class,Airbus A350,3x3x3,1,2024-02-29,Taiwan,5.0,5.0,5.0,4.0,5.0,5.0,5.0,,,,,,1,Modern (2015-Present),Positive,0.8979,After Covid
1155,173,Family Leisure,Economy Class,Boeing 777,3x4x3,1,2023-04-23,Indonesia,2.0,1.0,1.0,2.0,3.0,4.0,3.0,,,,,,0,Modern (2015-Present),Negative,-0.7755,After Covid
1156,173,Business,Premium Economy,Airbus A350,2x3x2,1,2019-01-02,Germany,1.0,1.0,3.0,1.0,3.0,3.0,3.0,,,,,,0,Modern (2015-Present),Negative,-0.8995,Pre Covid
1157,173,Solo Leisure,Economy Class,Airbus A350,3x3x3,1,2018-05-30,Australia,5.0,4.0,4.0,4.0,4.0,4.0,4.0,,,,,,1,Modern (2015-Present),Positive,0.699,Pre Covid
1158,173,Business,Economy Class,Airbus A330,2x4x2,0,2017-03-16,China,5.0,5.0,5.0,4.0,5.0,,4.0,,,,,,1,Modern (2015-Present),Positive,0.4019,Pre Covid
1159,173,Solo Leisure,Economy Class,Airbus A330,2x4x2,0,2017-03-05,Portugal,1.0,3.0,3.0,3.0,4.0,,1.0,,,,,,1,Modern (2015-Present),Negative,-0.4939,Pre Covid
1160,173,Solo Leisure,Economy Class,Airbus A340,2x4x2,0,2016-09-25,Spain,3.0,3.0,3.0,3.0,2.0,,3.0,,,,,,0,Modern (2015-Present),Negative,-0.9349,Pre Covid
1161,173,Couple Leisure,Economy Class,Airbus A340,2x4x2,0,2016-02-08,Canada,1.0,1.0,1.0,3.0,3.0,3.0,2.0,,,,,,0,Modern (2015-Present),Negative,-0.8518,Pre Covid
1162,173,Unknown,Economy Class,Unknown,3x4x3,0,2009-11-10,United States,3.0,3.0,3.0,4.0,,,4.0,,,,,,0,Historical (Pre-2015),Negative,-0.5346,Pre Covid
1163,173,Unknown,Economy Class,Unknown,3x4x3,0,2009-09-01,Canada,3.0,3.0,3.0,4.0,,,4.0,,,,,,0,Historical (Pre-2015),Positive,0.7906,Pre Covid
1164,173,Unknown,Economy Class,Airbus A340,2x4x2,0,2009-09-01,Canada,4.0,3.0,4.0,2.0,,,4.0,,,,,,1,Historical (Pre-2015),Positive,0.2732,Pre Covid
1165,173,Unknown,Economy Class,Airbus A330,2x4x2,0,2009-03-03,Australia,4.0,3.0,2.0,3.0,,,4.0,,,,,,1,Historical (Pre-2015),Neutral,0.0,Pre Covid
1166,209,Solo Leisure,Economy Class,Boeing 737,3x3,1,2018-07-26,Sweden,5.0,4.0,4.0,4.0,2.0,,,,,,,,1,Modern (2015-Present),Positive,0.8685,Pre Covid
1167,209,Couple Leisure,Economy Class,Airbus A330,2x4x2,1,2018-01-05,United Kingdom,2.0,2.0,1.0,2.0,3.0,1.0,1.0,,,,,,0,Modern (2015-Present),Negative,-0.8511,Pre Covid
1168,209,Family Leisure,Economy Class,Boeing 737,unknown,0,2015-08-30,Saudi Arabia,3.0,3.0,3.0,3.0,3.0,,3.0,,,,,,0,Modern (2015-Present),Positive,0.802,Pre Covid
1169,218,Leisure,Business Class,Airbus A350,2x2x2,1,2026-04-03,United Kingdom,,,,,1.0,3.0,,3.0,3.0,3.0,4.0,2.0,0,Modern (2015-Present),Neutral,0.0,After Covid
1170,218,Leisure,Business Class,Airbus A350,2x2x2,0,2024-09-23,United Kingdom,,,,,3.0,,,5.0,5.0,5.0,5.0,4.0,1,Modern (2015-Present),Positive,0.9325,After Covid
1171,218,Solo Leisure,Economy Class,Airbus A350,3x3x3,1,2020-03-08,Malawi,4.0,3.0,4.0,3.0,3.0,4.0,4.0,,,,,,1,Modern (2015-Present),Positive,0.8779,Covid
1172,218,Family Leisure,Economy Class,Boeing 787,3x3x3,1,2019-12-08,Singapore,5.0,5.0,5.0,5.0,4.0,5.0,5.0,,,,,,1,Modern (2015-Present),Positive,0.8591,Pre Covid
1173,218,Business,Business Class,Boeing 767,2x2x2,1,2019-05-06,South Africa,,,,,1.0,4.0,,2.0,3.0,1.0,2.0,1.0,0,Modern (2015-Present),Negative,-0.4767,Pre Covid
1174,218,Couple Leisure,Economy Class,Boeing 787,3x3x3,1,2018-11-23,Thailand,3.0,3.0,3.0,3.0,3.0,3.0,2.0,,,,,,0,Modern (2015-Present),Positive,0.4215,Pre Covid
1175,218,Business,Economy Class,Boeing 787,3x3x3,0,2017-05-08,United States,5.0,5.0,5.0,5.0,5.0,5.0,5.0,,,,,,1,Modern (2015-Present),Positive,0.8622,Pre Covid
1176,218,Solo Leisure,Economy Class,Boeing 777,3x3x3,0,2016-08-06,Egypt,5.0,4.0,5.0,4.0,4.0,5.0,5.0,,,,,,1,Modern (2015-Present),Positive,0.9552,Pre Covid
1177,218,Solo Leisure,Economy Class,Boeing 787,3x3x3,0,2016-05-26,Malawi,2.0,2.0,1.0,3.0,2.0,3.0,3.0,,,,,,0,Modern (2015-Present),Negative,-0.9192,Pre Covid
1178,218,Solo Leisure,Economy Class,Boeing 777,3x3x3,0,2016-04-03,United Kingdom,3.0,3.0,4.0,4.0,3.0,2.0,3.0,,,,,,1,Modern (2015-Present),Positive,0.9385,Pre Covid
1179,218,Business,Economy Class,Boeing 767,2x3x2,0,2016-01-07,Philippines,1.0,1.0,1.0,2.0,3.0,1.0,1.0,,,,,,0,Modern (2015-Present),Positive,0.4945,Pre Covid
1180,218,Business,Economy Class,Boeing 787,3x3,0,2015-06-14,Israel,4.0,3.0,4.0,4.0,2.0,5.0,4.0,,,,,,1,Modern (2015-Present),Negative,-0.5033,Pre Covid
1181,218,Unknown,Economy Class,Boeing 767,2x3x2,0,2014-03-10,Germany,1.0,3.0,4.0,1.0,,,1.0,,,,,,0,Historical (Pre-2015),Positive,0.7184,Pre Covid
1182,218,Unknown,Economy Class,Boeing 787,2x4x2,0,2014-01-10,Malawi,2.0,3.0,2.0,2.0,,,3.0,,,,,,0,Historical (Pre-2015),Positive,0.1154,Pre Covid
1183,98,Solo Leisure,Economy Class,Airbus A320,3x3,0,2025-06-14,United States,1.0,1.0,1.0,1.0,2.0,3.0,4.0,,,,,,0,Modern (2015-Present),Negative,-0.8476,After Covid
1184,98,Solo Leisure,Economy Class,Boeing 787,3x3x3,0,2025-06-13,United Kingdom,4.0,4.0,4.0,4.0,4.0,,,,,,,,1,Modern (2015-Present),Negative,-0.9041,After Covid
1185,98,Solo Leisure,Economy Class,Airbus A319,3x3,0,2025-01-11,United States,3.0,3.0,3.0,2.0,3.0,3.0,1.0,,,,,,1,Modern (2015-Present),Positive,0.8969,After Covid
1186,98,Business,Business Class,Boeing 737,2x2,1,2024-11-24,United States,,,,,2.0,1.0,,1.0,2.0,3.0,3.0,3.0,0,Modern (2015-Present),Negative,-0.5859,After Covid
1187,98,Business,Business Class,Boeing 777,1x2x1,1,2024-07-15,United States,,,,,3.0,5.0,,4.0,4.0,3.0,4.0,4.0,1,Modern (2015-Present),Positive,0.4767,After Covid
1188,98,Solo Leisure,Premium Economy,Boeing 777,2x4x2,0,2024-03-10,United States,5.0,3.0,1.0,1.0,3.0,3.0,3.0,,,,,,0,Modern (2015-Present),Positive,0.8425,After Covid
1189,98,Business,Economy Class,Boeing 777,3x4x3,1,2023-09-20,United Kingdom,1.0,1.0,1.0,2.0,1.0,1.0,2.0,,,,,,0,Modern (2015-Present),Negative,-0.2326,After Covid
1190,98,Solo Leisure,Premium Economy,Boeing 787,2x3x2,1,2023-08-07,United States,3.0,2.0,2.0,2.0,1.0,2.0,2.0,,,,,,0,Modern (2015-Present),Negative,-0.9731,After Covid
1191,98,Solo Leisure,Economy Class,Airbus A321,3x3,0,2023-05-23,United States,4.0,3.0,5.0,3.0,4.0,4.0,,,,,,,1,Modern (2015-Present),Positive,0.6528,After Covid
1192,98,Couple Leisure,Economy Class,Airbus A321,3x3,0,2022-10-27,United States,1.0,1.0,1.0,1.0,1.0,1.0,,,,,,,0,Modern (2015-Present),Positive,0.8426,After Covid
1193,98,Solo Leisure,Economy Class,Unknown,2x2,0,2021-08-07,United States,3.0,3.0,3.0,3.0,3.0,,,,,,,,1,Modern (2015-Present),Positive,0.5719,Covid
1194,98,Business,Economy Class,Boeing 777,2x4x2,1,2021-06-17,United States,2.0,2.0,1.0,2.0,1.0,5.0,5.0,,,,,,1,Modern (2015-Present),Positive,0.1759,Covid
1195,98,Business,Economy Class,Unknown,1x2,0,2021-06-08,United States,1.0,1.0,1.0,3.0,3.0,,,,,,,,0,Modern (2015-Present),Positive,0.5106,Covid
1196,98,Business,Economy Class,Airbus A321,3x3,1,2021-03-01,United States,2.0,1.0,2.0,1.0,1.0,1.0,1.0,,,,,,0,Modern (2015-Present),Negative,-0.1451,Covid
1197,98,Business,Economy Class,Boeing 737,3x3,0,2021-01-21,United States,4.0,3.0,1.0,5.0,2.0,,,,,,,,1,Modern (2015-Present),Negative,-0.813,Covid
1198,98,Family Leisure,Economy Class,Boeing 737,3x3,1,2020-08-25,United States,3.0,3.0,3.0,3.0,3.0,,3.0,,,,,,0,Modern (2015-Present),Positive,0.167,Covid
1199,98,Leisure,Business Class,Airbus A330,1x2x1,1,2020-04-19,United States,,,,,4.0,4.0,,3.0,5.0,4.0,4.0,4.0,1,Modern (2015-Present),Positive,0.5588,Covid
1200,98,Business,Economy Class,Boeing 777,3x4x3,0,2019-12-26,United States,1.0,1.0,1.0,1.0,3.0,3.0,1.0,,,,,,0,Modern (2015-Present),Negative,-0.4588,Pre Covid
1201,98,Couple Leisure,Economy Class,Boeing 787,3x3x3,0,2019-12-17,United States,3.0,3.0,3.0,3.0,3.0,5.0,4.0,,,,,,0,Modern (2015-Present),Negative,-0.6908,Pre Covid
1202,98,Solo Leisure,Economy Class,Boeing 737,3x3,1,2019-11-29,United States,3.0,2.0,1.0,2.0,4.0,,,,,,,,0,Modern (2015-Present),Negative,-0.4033,Pre Covid
1203,98,Leisure,First Class,Boeing 777,1x2x1,1,2019-11-08,United States,,,,,5.0,5.0,,5.0,5.0,5.0,5.0,4.0,1,Modern (2015-Present),Positive,0.9149,Pre Covid
1204,98,Couple Leisure,Economy Class,Airbus A319,3x3,1,2019-10-04,United States,1.0,1.0,1.0,1.0,1.0,1.0,,,,,,,0,Modern (2015-Present),Positive,0.1901,Pre Covid
1205,98,Couple Leisure,Economy Class,Boeing 738,3x3,1,2019-05-27,United States,1.0,1.0,1.0,1.0,1.0,3.0,,,,,,,0,Modern (2015-Present),Negative,-0.802,Pre Covid
1206,98,Business,Economy Class,Airbus A319,3x3,0,2019-03-06,United States,1.0,2.0,1.0,2.0,1.0,2.0,3.0,,,,,,0,Modern (2015-Present),Negative,-0.7278,Pre Covid
1207,98,Couple Leisure,Premium Economy,Boeing 777,2x4x2,0,2018-11-04,United States,4.0,4.0,4.0,3.0,4.0,4.0,4.0,,,,,,1,Modern (2015-Present),Positive,0.9606,Pre Covid
1208,98,Family Leisure,Economy Class,Boeing 737,3x3,1,2018-05-18,United States,2.0,3.0,2.0,3.0,3.0,,1.0,,,,,,0,Modern (2015-Present),Negative,-0.9251,Pre Covid
1209,98,Couple Leisure,Economy Class,Unknown,2x2,1,2018-05-10,United States,2.0,1.0,2.0,1.0,2.0,,,,,,,,0,Modern (2015-Present),Negative,-0.7269,Pre Covid
1210,98,Couple Leisure,Economy Class,Boeing 787,3x3x3,1,2018-05-08,United Kingdom,1.0,2.0,1.0,1.0,3.0,5.0,5.0,,,,,,1,Modern (2015-Present),Positive,0.9575,Pre Covid
1211,98,Business,Premium Economy,Boeing 757,3x3,0,2017-12-24,United States,1.0,1.0,3.0,3.0,1.0,,,,,,,,0,Modern (2015-Present),Negative,-0.8401,Pre Covid
1212,98,Solo Leisure,Economy Class,Airbus A321,3x3,1,2017-12-04,United States,2.0,4.0,3.0,2.0,3.0,4.0,2.0,,,,,,1,Modern (2015-Present),Negative,-0.294,Pre Covid
1213,98,Solo Leisure,Economy Class,Boeing 757,3x3,1,2017-11-21,Netherlands,1.0,1.0,3.0,1.0,1.0,,1.0,,,,,,0,Modern (2015-Present),Negative,-0.4743,Pre Covid
1214,98,Couple Leisure,Economy Class,Boeing 757,3x3,0,2017-10-20,United States,2.0,1.0,1.0,1.0,1.0,,,,,,,,0,Modern (2015-Present),Negative,-0.7841,Pre Covid
1215,98,Solo Leisure,Economy Class,Boeing 777,3x4x3,0,2017-07-30,United States,2.0,1.0,1.0,1.0,1.0,,1.0,,,,,,0,Modern (2015-Present),Negative,-0.3604,Pre Covid
1216,98,Couple Leisure,Economy Class,Boeing 787,3x3x3,0,2017-07-20,United States,,,,,,,,,,,,,0,Modern (2015-Present),Negative,-0.903,Pre Covid
1217,98,Solo Leisure,Economy Class,Boeing 737,3x3,0,2017-05-13,United States,2.0,1.0,2.0,2.0,1.0,,1.0,,,,,,0,Modern (2015-Present),Positive,0.4941,Pre Covid
1218,98,Solo Leisure,Economy Class,Airbus A321,3x3,0,2017-05-08,United States,2.0,2.0,3.0,3.0,2.0,5.0,4.0,,,,,,1,Modern (2015-Present),Positive,0.9886,Pre Covid
1219,98,Solo Leisure,Economy Class,Boeing 777,3x4x3,0,2017-04-25,Ireland,1.0,1.0,1.0,5.0,5.0,5.0,5.0,,,,,,0,Modern (2015-Present),Negative,-0.4847,Pre Covid
1220,98,Couple Leisure,Premium Economy,Boeing 777,3x4x3,0,2017-04-22,United Kingdom,5.0,2.0,1.0,1.0,2.0,4.0,4.0,,,,,,0,Modern (2015-Present),Negative,-0.2624,Pre Covid
1221,98,Couple Leisure,Economy Class,Boeing 787,3x3x3,0,2017-04-22,United States,1.0,1.0,1.0,3.0,2.0,5.0,3.0,,,,,,0,Modern (2015-Present),Neutral,-0.0469,Pre Covid
1222,98,Couple Leisure,Economy Class,Airbus A330,2x4x2,0,2017-04-15,United Kingdom,2.0,2.0,3.0,2.0,1.0,,1.0,,,,,,0,Modern (2015-Present),Negative,-0.7003,Pre Covid
1223,98,Solo Leisure,Economy Class,Boeing 777,3x4x3,0,2017-04-01,United Kingdom,5.0,4.0,3.0,5.0,4.0,4.0,3.0,,,,,,1,Modern (2015-Present),Positive,0.8834,Pre Covid
1224,98,Family Leisure,Economy Class,Boeing 737,3x3,0,2017-03-23,United States,1.0,1.0,1.0,3.0,4.0,3.0,,,,,,,0,Modern (2015-Present),Negative,-0.9171,Pre Covid
1225,98,Couple Leisure,Economy Class,Boeing 787,3x3x3,0,2017-03-15,United States,2.0,1.0,1.0,2.0,2.0,3.0,3.0,,,,,,0,Modern (2015-Present),Negative,-0.9461,Pre Covid
1226,98,Solo Leisure,Economy Class,Boeing 777,3x4x3,0,2017-03-04,United Kingdom,5.0,5.0,3.0,5.0,5.0,4.0,4.0,,,,,,1,Modern (2015-Present),Positive,0.9518,Pre Covid
1227,98,Family Leisure,Economy Class,Boeing 767,2x4x2,0,2017-01-08,Italy,1.0,1.0,1.0,1.0,1.0,1.0,,,,,,,0,Modern (2015-Present),Negative,-0.8409,Pre Covid
1228,98,Couple Leisure,Premium Economy,Boeing 777,3x4x3,0,2016-12-15,United Kingdom,4.0,4.0,2.0,4.0,3.0,5.0,5.0,,,,,,0,Modern (2015-Present),Positive,0.9698,Pre Covid
1229,98,Couple Leisure,Economy Class,Boeing 767,2x3x2,0,2016-09-09,United States,3.0,3.0,2.0,3.0,3.0,,3.0,,,,,,0,Modern (2015-Present),Positive,0.4516,Pre Covid
1230,98,Solo Leisure,Economy Class,Boeing 777,3x4x3,0,2016-08-22,Switzerland,1.0,2.0,1.0,1.0,3.0,4.0,2.0,,,,,,0,Modern (2015-Present),Positive,0.4336,Pre Covid
1231,98,Couple Leisure,Premium Economy,Boeing 737,3x3,0,2016-07-17,United States,1.0,1.0,1.0,1.0,2.0,,1.0,,,,,,0,Modern (2015-Present),Positive,0.96,Pre Covid
1232,98,Family Leisure,Economy Class,Airbus A320,3x3,0,2016-06-10,United States,1.0,1.0,1.0,1.0,1.0,1.0,1.0,,,,,,0,Modern (2015-Present),Negative,-0.8955,Pre Covid
1233,98,Business,Premium Economy,Airbus A330,2x4x2,0,2016-06-10,United States,4.0,3.0,2.0,3.0,1.0,3.0,1.0,,,,,,0,Modern (2015-Present),Neutral,0.0355,Pre Covid
1234,98,Couple Leisure,Economy Class,Boeing 777,2x5x2,0,2016-04-18,China,1.0,2.0,1.0,3.0,2.0,1.0,1.0,,,,,,0,Modern (2015-Present),Negative,-0.8985,Pre Covid
1235,98,Business,Economy Class,Boeing 777,3x4x3,0,2016-04-03,United States,1.0,1.0,1.0,1.0,2.0,1.0,2.0,,,,,,0,Modern (2015-Present),Positive,0.8231,Pre Covid
1236,98,Family Leisure,Economy Class,Airbus A330,2x4x2,0,2016-02-25,United Kingdom,3.0,3.0,4.0,3.0,4.0,2.0,5.0,,,,,,1,Modern (2015-Present),Positive,0.5106,Pre Covid
1237,98,Couple Leisure,Economy Class,Boeing 777,3x4x3,0,2016-02-08,United States,1.0,2.0,2.0,1.0,2.0,4.0,4.0,,,,,,0,Modern (2015-Present),Negative,-0.872,Pre Covid
1238,98,Business,Premium Economy,Boeing 737,2x2,0,2016-02-07,United States,1.0,1.0,1.0,1.0,3.0,3.0,,,,,,,0,Modern (2015-Present),Negative,-0.9833,Pre Covid
1239,98,Couple Leisure,Premium Economy,Boeing 757,3x3,0,2016-02-07,United Kingdom,1.0,1.0,2.0,2.0,2.0,1.0,1.0,,,,,,0,Modern (2015-Present),Negative,-0.9438,Pre Covid
1240,98,Solo Leisure,Premium Economy,Boeing 737,3x3,0,2016-01-21,United States,5.0,3.0,3.0,4.0,4.0,,4.0,,,,,,1,Modern (2015-Present),Positive,0.8445,Pre Covid
1241,98,Solo Leisure,Premium Economy,Boeing 757,3x3,0,2016-01-10,United Kingdom,5.0,3.0,4.0,3.0,5.0,5.0,2.0,,,,,,1,Modern (2015-Present),Positive,0.5423,Pre Covid
1242,98,Solo Leisure,Economy Class,Unknown,3x3,0,2015-12-12,United States,2.0,2.0,3.0,2.0,2.0,5.0,5.0,,,,,,0,Modern (2015-Present),Positive,0.5487,Pre Covid
1243,98,Solo Leisure,Economy Class,Unknown,3x3,0,2015-11-26,United States,1.0,1.0,1.0,3.0,1.0,3.0,2.0,,,,,,0,Modern (2015-Present),Negative,-0.6997,Pre Covid
1244,98,Business,Economy Class,Boeing 737,3x3,0,2015-11-02,Fiji,1.0,1.0,1.0,1.0,1.0,5.0,2.0,,,,,,0,Modern (2015-Present),Negative,-0.9246,Pre Covid
1245,98,Family Leisure,Economy Class,Boeing 737,3x3,0,2015-11-02,Unknown,1.0,1.0,1.0,2.0,1.0,1.0,1.0,,,,,,0,Modern (2015-Present),Negative,-0.3952,Pre Covid
1246,98,Business,Economy Class,Airbus A319,3x3,0,2015-10-10,Colombia,3.0,3.0,3.0,4.0,4.0,5.0,4.0,,,,,,1,Modern (2015-Present),Positive,0.775,Pre Covid
1247,98,Business,Premium Economy,Boeing 787,1x2x1,0,2015-09-28,United States,5.0,5.0,3.0,5.0,4.0,5.0,5.0,,,,,,1,Modern (2015-Present),Positive,0.9514,Pre Covid
1248,98,Solo Leisure,Economy Class,Boeing 787,3x3x3,0,2015-09-27,United States,1.0,3.0,1.0,1.0,4.0,,2.0,,,,,,1,Modern (2015-Present),Negative,-0.3384,Pre Covid
1249,98,Couple Leisure,Economy Class,Boeing 757,3x3,0,2015-09-14,United Kingdom,3.0,3.0,2.0,3.0,3.0,1.0,1.0,,,,,,0,Modern (2015-Present),Positive,0.644,Pre Covid
1250,98,Couple Leisure,Economy Class,Boeing 757,3x3,0,2015-09-10,United Kingdom,1.0,1.0,1.0,1.0,2.0,,2.0,,,,,,0,Modern (2015-Present),Negative,-0.914,Pre Covid
1251,98,Family Leisure,Premium Economy,Airbus A321,3x3,0,2015-08-26,United States,3.0,3.0,2.0,3.0,4.0,5.0,4.0,,,,,,1,Modern (2015-Present),Positive,0.855,Pre Covid
1252,98,Family Leisure,Economy Class,Boeing 777,2x5x2,0,2015-08-06,United States,1.0,1.0,1.0,1.0,1.0,,1.0,,,,,,0,Modern (2015-Present),Negative,-0.9375,Pre Covid
1253,98,Couple Leisure,Economy Class,Airbus A321,3x3,0,2015-07-22,United States,1.0,2.0,1.0,2.0,2.0,2.0,1.0,,,,,,0,Modern (2015-Present),Negative,-0.6429,Pre Covid
1254,98,Business,Premium Economy,Boeing 737,unknown,0,2015-06-22,United Kingdom,1.0,1.0,2.0,1.0,1.0,,1.0,,,,,,0,Modern (2015-Present),Negative,-0.9431,Pre Covid
1255,98,Unknown,Economy Class,Boeing 777,2x5x2,0,2015-05-29,United States,1.0,1.0,2.0,1.0,,,1.0,,,,,,0,Modern (2015-Present),Negative,-0.8481,Pre Covid
1256,98,Unknown,Economy Class,Airbus A319,3x3,0,2015-05-29,United States,1.0,2.0,2.0,1.0,,,4.0,,,,,,0,Modern (2015-Present),Negative,-0.7268,Pre Covid
1257,98,Unknown,Economy Class,Boeing 767,2x4x2,0,2015-05-29,United States,1.0,1.0,1.0,1.0,,,1.0,,,,,,0,Modern (2015-Present),Negative,-0.8519,Pre Covid
1258,98,Unknown,Economy Class,Boeing 737,3x3,0,2015-05-29,United States,1.0,3.0,1.0,2.0,,,4.0,,,,,,0,Modern (2015-Present),Positive,0.2653,Pre Covid
1259,98,Unknown,Economy Class,Airbus A321,3x3,0,2015-02-01,United States,4.0,3.0,4.0,5.0,,,3.0,,,,,,0,Modern (2015-Present),Negative,-0.8555,Pre Covid
1260,98,Unknown,Economy Class,Boeing 737,3x3,0,2015-01-27,United States,1.0,2.0,1.0,2.0,,,3.0,,,,,,0,Modern (2015-Present),Negative,-0.8168,Pre Covid
1261,98,Unknown,Economy Class,Boeing 777,2x5x2,0,2014-11-19,United States,1.0,1.0,2.0,1.0,,,1.0,,,,,,0,Historical (Pre-2015),Negative,-0.9028,Pre Covid
1262,98,Unknown,Economy Class,Airbus A319,3x3,0,2014-11-19,Canada,2.0,2.0,1.0,2.0,,,4.0,,,,,,0,Historical (Pre-2015),Negative,-0.5994,Pre Covid
1263,98,Unknown,Premium Economy,Boeing 737,3x3,0,2014-11-19,United States,4.0,2.0,2.0,1.0,,,1.0,,,,,,0,Historical (Pre-2015),Negative,-0.8074,Pre Covid
1264,98,Unknown,Economy Class,Airbus A320,3x3,0,2014-11-19,United States,2.0,2.0,3.0,3.0,,,4.0,,,,,,0,Historical (Pre-2015),Positive,0.9426,Pre Covid
1265,98,Unknown,Economy Class,Boeing 737,3x3,0,2014-11-19,United States,1.0,4.0,4.0,4.0,,,4.0,,,,,,0,Historical (Pre-2015),Positive,0.8013,Pre Covid
1266,98,Unknown,Economy Class,Boeing 737,3x3,0,2014-11-19,United States,2.0,2.0,2.0,2.0,,,2.0,,,,,,0,Historical (Pre-2015),Negative,-0.4767,Pre Covid
1267,98,Unknown,Economy Class,Airbus A319,3x3,0,2014-11-19,United States,1.0,1.0,1.0,2.0,,,3.0,,,,,,0,Historical (Pre-2015),Negative,-0.6529,Pre Covid
1268,98,Unknown,Economy Class,Boeing 767,2x4x2,0,2014-08-12,United States,1.0,1.0,2.0,1.0,,,1.0,,,,,,0,Historical (Pre-2015),Negative,-0.8819,Pre Covid
1269,98,Unknown,Economy Class,Boeing 767,2x3x2,0,2014-07-16,United States,1.0,1.0,1.0,1.0,,,1.0,,,,,,0,Historical (Pre-2015),Negative,-0.6652,Pre Covid
1270,98,Unknown,Economy Class,Boeing 777,2x5x2,0,2014-03-11,United States,1.0,1.0,2.0,1.0,,,1.0,,,,,,0,Historical (Pre-2015),Negative,-0.5137,Pre Covid
1271,98,Unknown,Economy Class,Boeing 757,3x3,0,2014-01-06,United States,1.0,1.0,1.0,1.0,,,1.0,,,,,,0,Historical (Pre-2015),Negative,-0.8883,Pre Covid
1272,98,Unknown,Economy Class,Boeing 767,2x4x2,0,2014-01-06,United Kingdom,1.0,1.0,1.0,1.0,,,1.0,,,,,,0,Historical (Pre-2015),Negative,-0.8045,Pre Covid
1273,98,Unknown,Economy Class,Boeing 777,3x4x3,0,2014-01-06,United Kingdom,4.0,4.0,3.0,4.0,,,4.0,,,,,,1,Historical (Pre-2015),Positive,0.8126,Pre Covid
1274,98,Unknown,Economy Class,Unknown,2x3,0,2014-01-06,Australia,3.0,2.0,3.0,1.0,,,,,,,,,0,Historical (Pre-2015),Positive,0.7282,Pre Covid
1275,98,Unknown,Economy Class,Boeing 757,3x3,0,2014-01-06,United States,1.0,2.0,1.0,1.0,,,1.0,,,,,,0,Historical (Pre-2015),Negative,-0.9784,Pre Covid
1276,98,Unknown,Economy Class,Boeing 777,3x4x3,0,2014-01-06,United States,1.0,3.0,1.0,2.0,,,5.0,,,,,,0,Historical (Pre-2015),Positive,0.1779,Pre Covid
1277,98,Unknown,Economy Class,Boeing 777,2x5x2,0,2013-04-20,United States,3.0,1.0,2.0,1.0,,,3.0,,,,,,0,Historical (Pre-2015),Positive,0.0745,Pre Covid
1278,98,Unknown,Economy Class,Boeing 777,3x4x3,0,2013-04-20,United Kingdom,2.0,1.0,1.0,1.0,,,3.0,,,,,,0,Historical (Pre-2015),Negative,-0.7546,Pre Covid
1279,98,Unknown,Economy Class,Boeing 777,3x4x3,0,2013-04-20,United States,3.0,4.0,2.0,1.0,,,1.0,,,,,,1,Historical (Pre-2015),Positive,0.0594,Pre Covid
1280,98,Unknown,Economy Class,Boeing 777,2x5x2,0,2013-02-24,United States,2.0,2.0,2.0,1.0,,,4.0,,,,,,0,Historical (Pre-2015),Negative,-0.2732,Pre Covid
1281,98,Unknown,Economy Class,Boeing 757,2x4x2,0,2012-12-24,United Kingdom,1.0,2.0,1.0,1.0,,,1.0,,,,,,0,Historical (Pre-2015),Negative,-0.8998,Pre Covid
1282,98,Unknown,Economy Class,Boeing 767,2x4x2,0,2012-09-22,United Kingdom,3.0,2.0,2.0,2.0,,,1.0,,,,,,0,Historical (Pre-2015),Negative,-0.9735,Pre Covid
1283,98,Unknown,Economy Class,Boeing 767,2x4x2,0,2011-10-22,United States,1.0,2.0,1.0,2.0,,,2.0,,,,,,0,Historical (Pre-2015),Negative,-0.5719,Pre Covid
1284,98,Unknown,Economy Class,Boeing 777,2x4x2,0,2011-09-19,Chile,1.0,1.0,2.0,4.0,,,1.0,,,,,,0,Historical (Pre-2015),Negative,-0.743,Pre Covid
1285,98,Unknown,Economy Class,Boeing 777,2x5x2,0,2011-09-19,Bahrain,2.0,3.0,3.0,1.0,,,4.0,,,,,,0,Historical (Pre-2015),Negative,-0.7446,Pre Covid
1286,98,Unknown,Economy Class,Boeing 757,3x3,0,2011-09-05,United States,2.0,2.0,3.0,3.0,,,,,,,,,0,Historical (Pre-2015),Negative,-0.5719,Pre Covid
1287,98,Unknown,Economy Class,Boeing 757,3x3,0,2011-07-28,United States,2.0,3.0,2.0,3.0,,,1.0,,,,,,1,Historical (Pre-2015),Positive,0.1846,Pre Covid
1288,98,Unknown,Economy Class,Unknown,3x3,0,2010-08-01,United States,1.0,1.0,3.0,2.0,,,2.0,,,,,,0,Historical (Pre-2015),Positive,0.096,Pre Covid
1289,98,Unknown,Economy Class,Boeing 777,2x5x2,0,2010-01-11,United Kingdom,1.0,3.0,2.0,2.0,,,1.0,,,,,,0,Historical (Pre-2015),Negative,-0.1531,Pre Covid
1290,98,Unknown,Economy Class,Unknown,3x3,0,2009-10-06,Greece,1.0,2.0,2.0,3.0,,,1.0,,,,,,0,Historical (Pre-2015),Negative,-0.6597,Pre Covid
1298,210,Solo Leisure,Premium Economy,Boeing 747,3x3,0,2016-01-03,United States,1.0,1.0,1.0,3.0,1.0,1.0,1.0,,,,,,0,Modern (2015-Present),Negative,-0.658,Pre Covid
1299,210,Solo Leisure,Premium Economy,Boeing 747,3x3,0,2015-11-09,United States,1.0,1.0,1.0,2.0,2.0,1.0,1.0,,,,,,0,Modern (2015-Present),Negative,-0.5778,Pre Covid
1300,210,Unknown,Economy Class,Boeing 747,3x4x3,0,2015-01-30,Australia,1.0,3.0,2.0,1.0,,,2.0,,,,,,0,Modern (2015-Present),Negative,-0.962,Pre Covid
1301,210,Unknown,Economy Class,Boeing 747,3x4x3,0,2011-10-22,United States,1.0,1.0,1.0,2.0,,,1.0,,,,,,0,Historical (Pre-2015),Neutral,0.0,Pre Covid
1302,170,Solo Leisure,Economy Class,Airbus A330,3x3x3,1,2019-02-01,United Arab Emirates,2.0,1.0,1.0,3.0,1.0,,,,,,,,0,Modern (2015-Present),Negative,-0.5857,Pre Covid
1303,170,Family Leisure,Economy Class,Airbus A320,3x3,0,2017-03-27,Philippines,4.0,3.0,4.0,5.0,3.0,,,,,,,,1,Modern (2015-Present),Positive,0.9441,Pre Covid
1304,125,Business,Economy Class,Other Aircraft,2x2,1,2018-03-21,United Kingdom,5.0,5.0,5.0,4.0,4.0,,,,,,,,1,Modern (2015-Present),Negative,-0.1779,Pre Covid
1305,219,Leisure,Business Class,Boeing 787,1x2x1,1,2025-12-17,Hong Kong,,,,,5.0,5.0,,5.0,4.0,4.0,5.0,3.0,1,Modern (2015-Present),Positive,0.3818,After Covid
1306,219,Solo Leisure,Economy Class,Boeing 787,3x3x3,1,2025-06-14,Australia,1.0,1.0,1.0,1.0,2.0,3.0,4.0,,,,,,0,Modern (2015-Present),Positive,0.3626,After Covid
1307,219,Couple Leisure,Economy Class,Boeing 777,3x4x3,1,2023-09-12,Australia,1.0,2.0,1.0,1.0,1.0,1.0,2.0,,,,,,0,Modern (2015-Present),Positive,0.1984,After Covid
1308,219,Couple Leisure,Economy Class,Boeing 787,3x3x3,1,2023-05-28,Australia,4.0,4.0,4.0,3.0,5.0,5.0,4.0,,,,,,0,Modern (2015-Present),Positive,0.4588,After Covid
1309,219,Business,Business Class,Boeing 787,1x2x1,1,2022-05-30,Germany,,,,,5.0,5.0,,5.0,5.0,5.0,5.0,5.0,1,Modern (2015-Present),Positive,0.95,After Covid
1310,219,Business,Business Class,Boeing 787,2x2x2,0,2022-03-12,United States,,,,,4.0,5.0,,4.0,4.0,4.0,5.0,2.0,0,Modern (2015-Present),Negative,-0.1388,After Covid
1311,219,Solo Leisure,Economy Class,Boeing 787,3x3x3,1,2021-12-08,Germany,5.0,5.0,5.0,5.0,5.0,5.0,5.0,,,,,,1,Modern (2015-Present),Positive,0.8858,Covid
1312,219,Business,Business Class,Airbus A330,1x2x1,1,2020-04-19,Indonesia,,,,,1.0,1.0,,2.0,1.0,1.0,1.0,1.0,0,Modern (2015-Present),Negative,-0.9287,Covid
1313,219,Solo Leisure,Economy Class,Boeing 787,3x3x3,1,2020-02-03,United States,1.0,1.0,1.0,1.0,2.0,5.0,5.0,,,,,,0,Modern (2015-Present),Positive,0.2762,Covid
1314,219,Leisure,Business Class,Boeing 787,1x2x1,1,2020-01-26,South Africa,,,,,5.0,5.0,,5.0,5.0,5.0,5.0,4.0,1,Modern (2015-Present),Positive,0.9618,Covid
1315,219,Couple Leisure,Economy Class,Airbus A380,3x4x3,1,2020-01-18,Germany,4.0,3.0,3.0,4.0,5.0,4.0,4.0,,,,,,0,Modern (2015-Present),Positive,0.8611,Covid
1316,219,Couple Leisure,Economy Class,Boeing 787,3x3x3,1,2019-10-16,United Kingdom,4.0,5.0,4.0,4.0,5.0,5.0,5.0,,,,,,1,Modern (2015-Present),Positive,0.9961,Pre Covid
1317,219,Couple Leisure,Economy Class,Boeing 787,3x3x3,1,2019-10-16,United Kingdom,4.0,4.0,4.0,4.0,5.0,5.0,5.0,,,,,,1,Modern (2015-Present),Positive,0.9884,Pre Covid
1318,219,Couple Leisure,Economy Class,Airbus A380,3x4x3,1,2019-08-26,France,5.0,5.0,5.0,5.0,5.0,,5.0,,,,,,1,Modern (2015-Present),Positive,0.7172,Pre Covid
1319,219,Leisure,Business Class,Airbus A380,1x2x1,1,2019-08-16,Hong Kong,,,,,5.0,4.0,,1.0,1.0,1.0,1.0,4.0,0,Modern (2015-Present),Negative,-0.9794,Pre Covid
1320,219,Solo Leisure,Economy Class,Boeing 777,3x4x3,0,2019-06-30,Canada,3.0,2.0,2.0,2.0,2.0,1.0,1.0,,,,,,0,Modern (2015-Present),Negative,-0.8934,Pre Covid
1321,219,Family Leisure,Economy Class,Boeing 777,3x4x3,1,2019-06-30,India,5.0,3.0,4.0,3.0,4.0,4.0,4.0,,,,,,0,Modern (2015-Present),Positive,0.8519,Pre Covid
1322,219,Leisure,Business Class,Boeing 787,1x2x1,1,2019-05-15,United Arab Emirates,,,,,1.0,1.0,,1.0,1.0,1.0,1.0,1.0,0,Modern (2015-Present),Negative,-0.6707,Pre Covid
1323,219,Solo Leisure,Economy Class,Boeing 787,3x3x3,1,2019-04-30,Australia,2.0,3.0,4.0,2.0,1.0,2.0,2.0,,,,,,0,Modern (2015-Present),Positive,0.9531,Pre Covid
1324,219,Business,Economy Class,Airbus A380,3x4x3,1,2019-03-28,Australia,2.0,1.0,1.0,2.0,2.0,1.0,1.0,,,,,,0,Modern (2015-Present),Negative,-0.6597,Pre Covid
1325,219,Couple Leisure,Economy Class,Boeing 777,3x4x3,1,2019-03-23,United Kingdom,2.0,2.0,1.0,2.0,1.0,1.0,1.0,,,,,,0,Modern (2015-Present),Positive,0.4796,Pre Covid
1326,219,Couple Leisure,Economy Class,Boeing 777,3x3x3,1,2019-02-24,United Kingdom,1.0,1.0,2.0,1.0,3.0,3.0,3.0,,,,,,0,Modern (2015-Present),Positive,0.9857,Pre Covid
1327,219,Couple Leisure,Economy Class,Airbus A380,unknown,1,2019-02-15,United Kingdom,1.0,2.0,2.0,2.0,3.0,3.0,2.0,,,,,,0,Modern (2015-Present),Negative,-0.9508,Pre Covid
1328,219,Couple Leisure,Economy Class,Boeing 777,3x4x3,1,2018-11-06,United Kingdom,1.0,1.0,1.0,1.0,1.0,1.0,1.0,,,,,,0,Modern (2015-Present),Negative,-0.9801,Pre Covid
1329,219,Family Leisure,Economy Class,Airbus A380,3x4x3,1,2018-08-27,United Kingdom,2.0,4.0,3.0,3.0,4.0,4.0,4.0,,,,,,0,Modern (2015-Present),Negative,-0.2059,Pre Covid
1330,219,Family Leisure,Economy Class,Boeing 777,3x4x3,0,2018-05-13,Netherlands,1.0,2.0,1.0,1.0,1.0,3.0,2.0,,,,,,0,Modern (2015-Present),Negative,-0.6353,Pre Covid
1331,219,Solo Leisure,Economy Class,Boeing 787,3x3x3,1,2018-04-25,New Zealand,1.0,3.0,3.0,3.0,4.0,,4.0,,,,,,0,Modern (2015-Present),Positive,0.9009,Pre Covid
1332,219,Solo Leisure,Economy Class,Airbus A380,3x4x3,1,2017-12-16,Australia,5.0,2.0,2.0,4.0,2.0,1.0,1.0,,,,,,0,Modern (2015-Present),Positive,0.8176,Pre Covid
1333,219,Business,Economy Class,Boeing 777,3x4x3,1,2017-12-01,France,4.0,4.0,4.0,4.0,4.0,4.0,5.0,,,,,,1,Modern (2015-Present),Positive,0.6858,Pre Covid
1334,219,Solo Leisure,Economy Class,Airbus A330,2x4x2,0,2017-10-20,Germany,5.0,1.0,5.0,5.0,5.0,5.0,5.0,,,,,,1,Modern (2015-Present),Negative,-0.7564,Pre Covid
1335,219,Solo Leisure,Economy Class,Boeing 777,3x4x3,0,2017-05-30,United Kingdom,2.0,2.0,1.0,1.0,3.0,3.0,2.0,,,,,,0,Modern (2015-Present),Positive,0.2617,Pre Covid
1336,219,Couple Leisure,Economy Class,Boeing 787,3x3x3,0,2017-04-23,Germany,1.0,4.0,1.0,3.0,3.0,5.0,5.0,,,,,,1,Modern (2015-Present),Negative,-0.6486,Pre Covid
1337,219,Couple Leisure,Economy Class,Boeing 787,3x3x3,0,2017-04-20,United Arab Emirates,1.0,2.0,1.0,2.0,3.0,4.0,4.0,,,,,,1,Modern (2015-Present),Negative,-0.4746,Pre Covid
1338,219,Solo Leisure,Economy Class,Boeing 777,3x4x3,0,2016-12-02,Qatar,5.0,4.0,5.0,5.0,4.0,5.0,5.0,,,,,,1,Modern (2015-Present),Positive,0.7579,Pre Covid
1339,219,Business,Economy Class,Boeing 777,3x4x3,0,2016-06-23,India,3.0,2.0,1.0,4.0,5.0,2.0,4.0,,,,,,0,Modern (2015-Present),Negative,-0.5139,Pre Covid
1340,219,Family Leisure,Economy Class,Airbus A380,3x4x3,0,2016-06-01,United States,1.0,1.0,1.0,1.0,1.0,,,,,,,,0,Modern (2015-Present),Negative,-0.5095,Pre Covid
1341,219,Business,Economy Class,Airbus A321,3x3,0,2016-04-19,Qatar,5.0,5.0,5.0,4.0,5.0,5.0,5.0,,,,,,1,Modern (2015-Present),Positive,0.8591,Pre Covid
1342,219,Couple Leisure,Economy Class,Boeing 777,3x4x3,0,2016-02-28,United Kingdom,1.0,1.0,1.0,1.0,1.0,,1.0,,,,,,0,Modern (2015-Present),Negative,-0.7394,Pre Covid
1343,219,Solo Leisure,Economy Class,Boeing 777,3x4x3,0,2016-02-02,Australia,3.0,3.0,1.0,1.0,4.0,5.0,4.0,,,,,,0,Modern (2015-Present),Positive,0.7151,Pre Covid
1344,219,Solo Leisure,Economy Class,Boeing 777,unknown,0,2015-12-28,New Zealand,4.0,4.0,3.0,2.0,4.0,5.0,5.0,,,,,,1,Modern (2015-Present),Positive,0.3612,Pre Covid
1345,219,Couple Leisure,Economy Class,Boeing 787,3x3x3,0,2015-11-28,Australia,3.0,3.0,3.0,2.0,2.0,3.0,2.0,,,,,,0,Modern (2015-Present),Negative,-0.8606,Pre Covid
1346,219,Solo Leisure,Economy Class,Airbus A380,3x4x3,0,2015-11-22,Malaysia,2.0,2.0,1.0,1.0,3.0,,3.0,,,,,,0,Modern (2015-Present),Negative,-0.8885,Pre Covid
1347,219,Solo Leisure,Economy Class,Boeing 787,3x3x3,0,2015-11-21,Australia,1.0,3.0,1.0,1.0,2.0,4.0,3.0,,,,,,0,Modern (2015-Present),Positive,0.7689,Pre Covid
1348,219,Couple Leisure,Economy Class,Boeing 777,3x4x3,0,2015-10-21,United Kingdom,1.0,1.0,1.0,1.0,1.0,,2.0,,,,,,0,Modern (2015-Present),Negative,-0.9589,Pre Covid
1349,219,Solo Leisure,Economy Class,Airbus A330,2x4x2,0,2015-10-21,South Africa,4.0,3.0,3.0,3.0,3.0,4.0,4.0,,,,,,1,Modern (2015-Present),Positive,0.6124,Pre Covid
1350,219,Couple Leisure,Economy Class,Airbus A380,3x4x3,0,2015-10-11,United Kingdom,3.0,3.0,3.0,3.0,3.0,3.0,3.0,,,,,,0,Modern (2015-Present),Negative,-0.7007,Pre Covid
1351,219,Couple Leisure,Economy Class,Airbus A330,2x4x2,0,2015-09-27,United Kingdom,4.0,4.0,4.0,4.0,4.0,5.0,5.0,,,,,,1,Modern (2015-Present),Positive,0.6597,Pre Covid
1352,219,Family Leisure,Economy Class,Boeing 777,3x4x3,0,2015-09-17,Bahrain,1.0,1.0,1.0,1.0,1.0,,1.0,,,,,,0,Modern (2015-Present),Negative,-0.6239,Pre Covid
1353,219,Couple Leisure,Economy Class,Boeing 787,3x3x3,0,2015-09-03,Australia,1.0,2.0,1.0,1.0,1.0,2.0,2.0,,,,,,0,Modern (2015-Present),Negative,-0.8431,Pre Covid
1354,219,Couple Leisure,Economy Class,Boeing 777,3x4x3,0,2015-08-26,United Kingdom,1.0,1.0,1.0,1.0,1.0,5.0,3.0,,,,,,0,Modern (2015-Present),Negative,-0.9631,Pre Covid
1355,219,Couple Leisure,Economy Class,Boeing 777,3x4x3,0,2015-08-19,United States,1.0,1.0,1.0,1.0,1.0,3.0,1.0,,,,,,0,Modern (2015-Present),Positive,0.4715,Pre Covid
1356,219,Family Leisure,Economy Class,Boeing 787,3x3x3,0,2015-08-17,Saudi Arabia,4.0,4.0,2.0,3.0,2.0,5.0,5.0,,,,,,0,Modern (2015-Present),Positive,0.7574,Pre Covid
1357,219,Solo Leisure,Economy Class,Airbus A380,3x4x3,0,2015-08-14,Australia,2.0,2.0,2.0,1.0,2.0,,3.0,,,,,,0,Modern (2015-Present),Negative,-0.7705,Pre Covid
1358,219,Solo Leisure,Economy Class,Boeing 777,3x4x3,0,2015-07-13,Singapore,4.0,4.0,5.0,2.0,2.0,2.0,2.0,,,,,,0,Modern (2015-Present),Positive,0.5405,Pre Covid
1359,219,Family Leisure,Economy Class,Boeing 777,3x4x3,0,2015-06-24,United States,1.0,2.0,1.0,1.0,1.0,,2.0,,,,,,0,Modern (2015-Present),Negative,-0.2263,Pre Covid
1360,219,Solo Leisure,Economy Class,Airbus A340,2x4x2,0,2015-06-18,Canada,4.0,4.0,4.0,4.0,4.0,,3.0,,,,,,1,Modern (2015-Present),Positive,0.7351,Pre Covid
1361,219,Unknown,Economy Class,Boeing 777,unknown,0,2015-05-30,United Kingdom,2.0,2.0,2.0,1.0,,,4.0,,,,,,0,Modern (2015-Present),Positive,0.1548,Pre Covid
1362,219,Unknown,Economy Class,Airbus A380,3x4x3,0,2015-05-30,United Kingdom,4.0,4.0,3.0,5.0,,,5.0,,,,,,1,Modern (2015-Present),Positive,0.8553,Pre Covid
1363,219,Unknown,Economy Class,Boeing 777,3x4x3,0,2015-03-22,United States,1.0,1.0,1.0,1.0,,,2.0,,,,,,0,Modern (2015-Present),Negative,-0.9153,Pre Covid
1364,219,Unknown,Economy Class,Boeing 777,3x4x3,0,2015-03-22,United Kingdom,4.0,4.0,4.0,4.0,,,5.0,,,,,,1,Modern (2015-Present),Positive,0.5719,Pre Covid
1365,219,Unknown,Economy Class,Boeing 777,3x4x3,0,2015-01-28,United Kingdom,3.0,3.0,2.0,5.0,,,4.0,,,,,,0,Modern (2015-Present),Negative,-0.8719,Pre Covid
1366,219,Unknown,Economy Class,Airbus A340,2x4x2,0,2015-01-28,Indonesia,1.0,1.0,1.0,1.0,,,1.0,,,,,,0,Modern (2015-Present),Positive,0.4767,Pre Covid
1367,219,Unknown,Economy Class,Boeing 777,3x4x3,0,2015-01-28,Australia,3.0,3.0,2.0,2.0,,,5.0,,,,,,0,Modern (2015-Present),Neutral,-0.0047,Pre Covid
1368,219,Unknown,Economy Class,Boeing 777,3x4x3,0,2014-11-20,Australia,1.0,1.0,1.0,1.0,,,1.0,,,,,,0,Historical (Pre-2015),Positive,0.4909,Pre Covid
1369,219,Unknown,Economy Class,Airbus A330,2x4x2,0,2014-11-19,United Kingdom,1.0,1.0,1.0,3.0,,,2.0,,,,,,0,Historical (Pre-2015),Negative,-0.6083,Pre Covid
1370,219,Unknown,Economy Class,Boeing 777,3x4x3,0,2014-11-19,Australia,1.0,2.0,1.0,1.0,,,1.0,,,,,,0,Historical (Pre-2015),Negative,-0.8271,Pre Covid
1371,219,Unknown,Economy Class,Airbus A320,3x3,0,2014-11-19,India,1.0,2.0,2.0,1.0,,,3.0,,,,,,0,Historical (Pre-2015),Neutral,0.0,Pre Covid
1372,219,Unknown,Economy Class,Boeing 777,3x4x3,0,2014-08-12,Australia,3.0,3.0,2.0,1.0,,,3.0,,,,,,0,Historical (Pre-2015),Positive,0.581,Pre Covid
1373,219,Unknown,Economy Class,Boeing 777,3x4x3,0,2014-07-27,Australia,1.0,1.0,1.0,1.0,,,2.0,,,,,,0,Historical (Pre-2015),Positive,0.6834,Pre Covid
1374,219,Unknown,Economy Class,Boeing 777,3x4x3,0,2014-07-23,Australia,1.0,2.0,1.0,1.0,,,1.0,,,,,,0,Historical (Pre-2015),Negative,-0.3363,Pre Covid
1375,219,Unknown,Economy Class,Boeing 777,3x4x3,0,2014-07-23,Canada,1.0,2.0,1.0,2.0,,,3.0,,,,,,0,Historical (Pre-2015),Negative,-0.891,Pre Covid
1376,219,Unknown,Economy Class,Boeing 777,3x4x3,0,2014-07-23,United Kingdom,1.0,1.0,1.0,3.0,,,2.0,,,,,,0,Historical (Pre-2015),Positive,0.6823,Pre Covid
1377,219,Unknown,Economy Class,Boeing 777,3x4x3,0,2014-07-23,Belgium,5.0,2.0,1.0,2.0,,,1.0,,,,,,0,Historical (Pre-2015),Negative,-0.9601,Pre Covid
1378,219,Unknown,Economy Class,Airbus A330,2x4x2,0,2014-07-23,Belgium,3.0,3.0,4.0,4.0,,,4.0,,,,,,1,Historical (Pre-2015),Positive,0.7649,Pre Covid
1379,219,Unknown,Economy Class,Boeing 777,3x4x3,0,2014-03-03,Canada,1.0,2.0,2.0,1.0,,,3.0,,,,,,0,Historical (Pre-2015),Neutral,0.0,Pre Covid
1380,219,Unknown,Economy Class,Boeing 777,unknown,0,2014-01-29,Malaysia,3.0,3.0,2.0,2.0,,,4.0,,,,,,0,Historical (Pre-2015),Neutral,0.0,Pre Covid
1381,219,Unknown,Economy Class,Boeing 777,3x4x3,0,2014-01-21,United Kingdom,1.0,1.0,1.0,1.0,,,1.0,,,,,,0,Historical (Pre-2015),Negative,-0.6908,Pre Covid
1382,219,Unknown,Economy Class,Airbus A340,2x4x2,0,2014-01-06,United Kingdom,3.0,4.0,3.0,3.0,,,4.0,,,,,,1,Historical (Pre-2015),Positive,0.4206,Pre Covid
1383,219,Unknown,Economy Class,Airbus A340,2x4x2,0,2014-01-06,United Kingdom,3.0,4.0,3.0,4.0,,,4.0,,,,,,1,Historical (Pre-2015),Positive,0.4793,Pre Covid
1384,219,Unknown,Economy Class,Boeing 777,3x4x3,0,2013-10-24,Australia,1.0,2.0,1.0,2.0,,,2.0,,,,,,0,Historical (Pre-2015),Negative,-0.1702,Pre Covid
1385,219,Unknown,Economy Class,Boeing 777,unknown,0,2013-10-11,Australia,1.0,2.0,1.0,2.0,,,2.0,,,,,,0,Historical (Pre-2015),Negative,-0.5801,Pre Covid
1386,219,Unknown,Economy Class,Boeing 777,3x4x3,0,2013-10-11,Pakistan,4.0,3.0,3.0,2.0,,,3.0,,,,,,0,Historical (Pre-2015),Negative,-0.3818,Pre Covid
1387,219,Unknown,Economy Class,Boeing 777,3x4x3,0,2013-10-11,United Kingdom,1.0,2.0,1.0,1.0,,,1.0,,,,,,0,Historical (Pre-2015),Negative,-0.4767,Pre Covid
1388,219,Unknown,Economy Class,Airbus A340,2x4x2,0,2013-10-11,Canada,4.0,3.0,1.0,3.0,,,3.0,,,,,,0,Historical (Pre-2015),Positive,0.8868,Pre Covid
1389,219,Unknown,Economy Class,Boeing 777,3x4x3,0,2013-04-20,Oman,2.0,3.0,1.0,3.0,,,4.0,,,,,,0,Historical (Pre-2015),Positive,0.128,Pre Covid
1390,219,Unknown,Economy Class,Boeing 777,3x4x3,0,2013-04-20,Saudi Arabia,2.0,2.0,2.0,3.0,,,2.0,,,,,,0,Historical (Pre-2015),Negative,-0.3818,Pre Covid
1391,219,Unknown,Economy Class,Airbus A330,2x4x2,0,2013-04-20,United Kingdom,2.0,4.0,3.0,2.0,,,3.0,,,,,,0,Historical (Pre-2015),Positive,0.3818,Pre Covid
1392,219,Unknown,Economy Class,Boeing 777,3x4x3,0,2013-02-28,United Kingdom,1.0,3.0,2.0,1.0,,,3.0,,,,,,0,Historical (Pre-2015),Negative,-0.8376,Pre Covid
1393,219,Unknown,Economy Class,Boeing 777,3x4x3,0,2013-02-15,United Kingdom,1.0,1.0,1.0,1.0,,,3.0,,,,,,0,Historical (Pre-2015),Positive,0.964,Pre Covid
1394,219,Unknown,Economy Class,Boeing 777,3x4x3,0,2013-02-15,Cyprus,1.0,1.0,1.0,1.0,,,1.0,,,,,,0,Historical (Pre-2015),Negative,-0.5563,Pre Covid
1395,219,Unknown,Economy Class,Boeing 777,3x4x3,0,2013-01-03,United Kingdom,1.0,1.0,1.0,2.0,,,2.0,,,,,,0,Historical (Pre-2015),Negative,-0.7374,Pre Covid
1396,219,Unknown,Economy Class,Airbus A340,2x4x2,0,2013-01-01,United Kingdom,2.0,4.0,3.0,3.0,,,4.0,,,,,,1,Historical (Pre-2015),Positive,0.7964,Pre Covid
1397,219,Unknown,Economy Class,Boeing 777,3x4x3,0,2011-09-05,United States,1.0,2.0,1.0,1.0,,,1.0,,,,,,0,Historical (Pre-2015),Negative,-0.9492,Pre Covid
1398,219,Unknown,Economy Class,Airbus A340,2x4x2,0,2011-07-31,United States,2.0,3.0,3.0,3.0,,,4.0,,,,,,0,Historical (Pre-2015),Negative,-0.6486,Pre Covid
1399,219,Unknown,Economy Class,Boeing 777,3x4x3,0,2011-07-28,United Kingdom,2.0,2.0,1.0,2.0,,,3.0,,,,,,0,Historical (Pre-2015),Negative,-0.8256,Pre Covid
1400,219,Unknown,Economy Class,Airbus A340,2x4x2,0,2011-05-18,Norway,1.0,3.0,3.0,3.0,,,4.0,,,,,,0,Historical (Pre-2015),Neutral,0.0038,Pre Covid
1401,219,Unknown,Economy Class,Airbus A340,2x4x2,0,2009-03-03,United Kingdom,1.0,1.0,2.0,3.0,,,2.0,,,,,,0,Historical (Pre-2015),Positive,0.8195,Pre Covid
1403,589,Solo Leisure,Economy Class,Boeing 767,2x3x2,1,2019-10-08,United Kingdom,1.0,1.0,1.0,1.0,1.0,1.0,1.0,,,,,,0,Modern (2015-Present),Negative,-0.242,Pre Covid
1404,589,Couple Leisure,Economy Class,Boeing 767,2x4x2,1,2019-03-10,Brazil,2.0,2.0,1.0,3.0,2.0,,2.0,,,,,,0,Modern (2015-Present),Negative,-0.8965,Pre Covid
1405,227,Solo Leisure,Economy Class,Other Aircraft,2x2,1,2019-03-28,Fiji,5.0,5.0,5.0,5.0,5.0,,,,,,,,1,Modern (2015-Present),Positive,0.8908,Pre Covid
1406,227,Business,Economy Class,Airbus A330,2x4x2,0,2015-11-21,Fiji,5.0,5.0,5.0,5.0,5.0,5.0,5.0,,,,,,1,Modern (2015-Present),Positive,0.9683,Pre Covid
1407,227,Couple Leisure,Premium Economy,Airbus A330,2x2x2,0,2015-06-17,Australia,4.0,4.0,3.0,4.0,4.0,4.0,4.0,,,,,,1,Modern (2015-Present),Positive,0.905,Pre Covid
1408,231,Solo Leisure,Economy Class,Boeing 737,3x3,1,2023-07-08,Canada,5.0,1.0,5.0,5.0,5.0,1.0,,,,,,,1,Modern (2015-Present),Positive,0.5362,After Covid
1409,231,Solo Leisure,Economy Class,Boeing 737,3x3,1,2023-06-15,Canada,1.0,1.0,1.0,1.0,1.0,,,,,,,,0,Modern (2015-Present),Negative,-0.937,After Covid
1410,231,Couple Leisure,Economy Class,Boeing 737,3x3,1,2023-06-11,Canada,4.0,4.0,4.0,4.0,4.0,,,,,,,,1,Modern (2015-Present),Positive,0.8107,After Covid
1411,231,Couple Leisure,Economy Class,Boeing 737,3x3,1,2023-05-11,Canada,3.0,4.0,3.0,4.0,4.0,,,,,,,,1,Modern (2015-Present),Positive,0.9844,After Covid
1412,231,Couple Leisure,Economy Class,Boeing 737,3x3,1,2023-03-14,Australia,2.0,1.0,2.0,2.0,1.0,,,,,,,,0,Modern (2015-Present),Negative,-0.7579,After Covid
1413,231,Couple Leisure,Economy Class,Boeing 737,3x3,1,2022-11-19,Canada,1.0,1.0,1.0,2.0,2.0,,,,,,,,0,Modern (2015-Present),Negative,-0.9737,After Covid
1414,231,Couple Leisure,Economy Class,Boeing 737,3x3,1,2022-04-12,Canada,5.0,5.0,1.0,5.0,5.0,,,,,,,,1,Modern (2015-Present),Positive,0.4763,After Covid
1415,231,Solo Leisure,Economy Class,Boeing 737,3x3,1,2022-03-16,Canada,3.0,2.0,3.0,2.0,2.0,,,,,,,,0,Modern (2015-Present),Negative,-0.9733,After Covid
1416,212,Business,Business Class,Boeing 777,2x3x2,0,2026-01-19,United Arab Emirates,,,,,3.0,1.0,,4.0,1.0,3.0,3.0,5.0,0,Modern (2015-Present),Negative,-0.9018,After Covid
1417,212,Couple Leisure,Economy Class,Airbus A380,2x4x2,0,2025-12-17,Canada,5.0,3.0,5.0,5.0,1.0,5.0,3.0,,,,,,0,Modern (2015-Present),Positive,0.7115,After Covid
1418,212,Couple Leisure,Economy Class,Airbus A380,3x4x3,0,2025-08-06,Australia,3.0,3.0,2.0,2.0,1.0,1.0,2.0,,,,,,0,Modern (2015-Present),Negative,-0.4336,After Covid
1419,212,Business,Business Class,Boeing 777,2x3x2,1,2025-03-29,Bahrain,,,,,1.0,1.0,,1.0,1.0,1.0,1.0,1.0,0,Modern (2015-Present),Negative,-0.955,After Covid
1420,212,Solo Leisure,Economy Class,Airbus A380,3x4x3,1,2024-11-27,United Kingdom,5.0,4.0,3.0,5.0,1.0,1.0,2.0,,,,,,1,Modern (2015-Present),Positive,0.5885,After Covid
1421,212,Couple Leisure,Economy Class,Boeing 777,3x4x3,0,2024-04-25,Spain,2.0,2.0,1.0,3.0,3.0,3.0,1.0,,,,,,0,Modern (2015-Present),Negative,-0.6124,After Covid
1422,212,Solo Leisure,Economy Class,Airbus A380,3x4x3,1,2023-12-13,United Kingdom,1.0,1.0,1.0,1.0,1.0,1.0,2.0,,,,,,0,Modern (2015-Present),Negative,-0.9768,After Covid
1423,212,Solo Leisure,Economy Class,Airbus A380,3x4x3,0,2023-11-22,United Kingdom,1.0,1.0,1.0,2.0,2.0,,3.0,,,,,,0,Modern (2015-Present),Positive,0.6543,After Covid
1424,212,Family Leisure,Economy Class,Airbus A380,3x4x3,0,2023-06-13,United Kingdom,5.0,5.0,5.0,4.0,4.0,5.0,5.0,,,,,,0,Modern (2015-Present),Positive,0.9274,After Covid
1425,212,Solo Leisure,Economy Class,Boeing 777,3x4x3,1,2023-06-06,New Zealand,3.0,5.0,3.0,4.0,5.0,5.0,5.0,,,,,,1,Modern (2015-Present),Negative,-0.5994,After Covid
1426,212,Couple Leisure,Economy Class,Boeing 777,3x4x3,1,2023-04-09,United States,1.0,2.0,2.0,3.0,4.0,5.0,5.0,,,,,,0,Modern (2015-Present),Positive,0.2779,After Covid
1427,212,Business,Business Class,Boeing 777,2x3x2,1,2021-08-31,Oman,,,,,2.0,,,1.0,3.0,1.0,1.0,1.0,0,Modern (2015-Present),Negative,-0.6447,Covid
1428,212,Leisure,Business Class,Boeing 777,2x3x2,1,2021-08-14,India,,,,,4.0,5.0,,3.0,4.0,5.0,3.0,5.0,1,Modern (2015-Present),Negative,-0.3818,Covid
1429,212,Leisure,Business Class,Boeing 777,2x3x2,1,2021-08-14,India,,,,,4.0,5.0,,5.0,5.0,5.0,5.0,5.0,1,Modern (2015-Present),Positive,0.9022,Covid
1430,212,Family Leisure,Economy Class,Boeing 777,3x4x3,1,2021-08-11,United Kingdom,5.0,4.0,5.0,5.0,5.0,5.0,5.0,,,,,,1,Modern (2015-Present),Positive,0.926,Covid
1431,212,Business,Business Class,Boeing 777,2x3x2,1,2020-02-07,United Arab Emirates,,,,,1.0,1.0,,1.0,1.0,1.0,1.0,1.0,0,Modern (2015-Present),Negative,-0.7465,Covid
1432,212,Business,Business Class,Boeing 777,2x3x2,1,2019-11-12,Malaysia,,,,,1.0,2.0,,1.0,1.0,1.0,1.0,3.0,0,Modern (2015-Present),Negative,-0.9516,Pre Covid
1433,212,Business,Economy Class,Airbus A380,3x4x3,1,2019-06-06,United Arab Emirates,4.0,3.0,3.0,1.0,1.0,5.0,2.0,,,,,,0,Modern (2015-Present),Negative,-0.7469,Pre Covid
1434,212,Business,Business Class,Boeing 777,2x3x2,1,2019-05-06,Thailand,,,,,1.0,4.0,,3.0,3.0,3.0,3.0,2.0,0,Modern (2015-Present),Negative,-0.7969,Pre Covid
1435,212,Business,Business Class,Boeing 777,2x3x2,1,2019-04-01,United Kingdom,,,,,2.0,3.0,,1.0,1.0,1.0,1.0,3.0,0,Modern (2015-Present),Negative,-0.2944,Pre Covid
1436,212,Family Leisure,Economy Class,Airbus A380,3x4x3,1,2018-09-28,Germany,3.0,2.0,4.0,3.0,3.0,3.0,5.0,,,,,,0,Modern (2015-Present),Negative,-0.3816,Pre Covid
1437,212,Solo Leisure,Economy Class,Airbus A380,3x4x3,1,2018-05-31,United Kingdom,4.0,4.0,4.0,4.0,4.0,5.0,4.0,,,,,,1,Modern (2015-Present),Positive,0.9461,Pre Covid
1438,212,Family Leisure,Economy Class,Boeing 777,3x4x3,0,2017-11-17,Australia,2.0,4.0,2.0,2.0,2.0,5.0,5.0,,,,,,1,Modern (2015-Present),Positive,0.8007,Pre Covid
1439,212,Family Leisure,Economy Class,Boeing 777,3x4x3,0,2017-11-01,United Kingdom,2.0,4.0,3.0,3.0,3.0,4.0,1.0,,,,,,0,Modern (2015-Present),Positive,0.1238,Pre Covid
1440,212,Couple Leisure,Economy Class,Airbus A380,2x4x2,0,2017-09-28,United Kingdom,2.0,2.0,1.0,1.0,4.0,4.0,4.0,,,,,,0,Modern (2015-Present),Negative,-0.9601,Pre Covid
1441,212,Solo Leisure,Economy Class,Boeing 777,3x4x3,0,2017-09-25,United Kingdom,4.0,2.0,1.0,1.0,1.0,,1.0,,,,,,0,Modern (2015-Present),Positive,0.8275,Pre Covid
1442,212,Solo Leisure,Economy Class,Boeing 777,3x4x3,0,2017-08-15,United States,5.0,5.0,5.0,5.0,5.0,5.0,5.0,,,,,,1,Modern (2015-Present),Positive,0.802,Pre Covid
1443,212,Family Leisure,Economy Class,Airbus A380,3x4x3,0,2017-08-02,United Kingdom,1.0,1.0,1.0,1.0,1.0,,1.0,,,,,,0,Modern (2015-Present),Positive,0.204,Pre Covid
1444,212,Solo Leisure,Economy Class,Boeing 777,3x4x3,0,2017-06-03,Italy,4.0,4.0,2.0,1.0,2.0,,4.0,,,,,,1,Modern (2015-Present),Negative,-0.6907,Pre Covid
1445,212,Solo Leisure,Economy Class,Boeing 777,3x4x3,0,2017-05-26,United States,3.0,4.0,3.0,3.0,4.0,5.0,5.0,,,,,,1,Modern (2015-Present),Positive,0.8248,Pre Covid
1446,212,Couple Leisure,Economy Class,Airbus A380,3x4x3,0,2016-12-30,United Kingdom,4.0,4.0,4.0,4.0,4.0,5.0,4.0,,,,,,1,Modern (2015-Present),Positive,0.9818,Pre Covid
1447,212,Couple Leisure,Economy Class,Boeing 777,3x4x3,0,2016-12-21,United States,1.0,4.0,1.0,1.0,2.0,5.0,5.0,,,,,,0,Modern (2015-Present),Positive,0.9908,Pre Covid
1448,212,Business,Economy Class,Boeing 777,3x4x3,0,2016-11-20,Qatar,5.0,3.0,4.0,5.0,2.0,4.0,5.0,,,,,,1,Modern (2015-Present),Positive,0.908,Pre Covid
1449,212,Couple Leisure,Economy Class,Boeing 777,3x4x3,0,2016-11-06,South Africa,3.0,3.0,1.0,1.0,4.0,2.0,3.0,,,,,,0,Modern (2015-Present),Negative,-0.5267,Pre Covid
1450,212,Solo Leisure,Economy Class,Airbus A380,3x4x3,0,2016-10-30,Indonesia,5.0,4.0,5.0,3.0,5.0,5.0,4.0,,,,,,1,Modern (2015-Present),Negative,-0.296,Pre Covid
1451,212,Solo Leisure,Economy Class,Boeing 777,3x4x3,0,2016-10-06,Australia,2.0,1.0,1.0,1.0,2.0,4.0,4.0,,,,,,1,Modern (2015-Present),Negative,-0.2846,Pre Covid
1452,212,Solo Leisure,Economy Class,Boeing 777,3x4x3,0,2016-09-05,United States,3.0,2.0,1.0,3.0,3.0,3.0,2.0,,,,,,0,Modern (2015-Present),Negative,-0.8469,Pre Covid
1453,212,Solo Leisure,Economy Class,Airbus A380,3x4x3,0,2016-08-30,United Kingdom,4.0,4.0,5.0,5.0,5.0,5.0,5.0,,,,,,1,Modern (2015-Present),Positive,0.765,Pre Covid
1454,212,Couple Leisure,Economy Class,Boeing 777,3x4x3,0,2016-08-28,Australia,2.0,2.0,2.0,2.0,3.0,3.0,2.0,,,,,,0,Modern (2015-Present),Positive,0.9432,Pre Covid
1455,212,Business,Economy Class,Airbus A380,3x4x3,0,2016-07-11,Hong Kong,5.0,4.0,5.0,5.0,5.0,5.0,5.0,,,,,,1,Modern (2015-Present),Positive,0.2114,Pre Covid
1456,212,Solo Leisure,Economy Class,Boeing 777,3x4x3,0,2016-03-27,Saudi Arabia,2.0,3.0,1.0,2.0,5.0,5.0,4.0,,,,,,1,Modern (2015-Present),Negative,-0.6409,Pre Covid
1457,212,Business,Economy Class,Boeing 777,3x4x3,0,2016-02-22,Australia,3.0,1.0,2.0,3.0,2.0,3.0,4.0,,,,,,0,Modern (2015-Present),Negative,-0.8042,Pre Covid
1458,212,Family Leisure,Economy Class,Airbus A380,3x4x3,0,2016-01-20,United Kingdom,4.0,4.0,4.0,4.0,4.0,4.0,4.0,,,,,,1,Modern (2015-Present),Negative,-0.7425,Pre Covid
1459,212,Couple Leisure,Economy Class,Airbus A380,3x4x3,0,2016-01-06,United Kingdom,1.0,2.0,1.0,1.0,3.0,3.0,3.0,,,,,,0,Modern (2015-Present),Neutral,-0.0223,Pre Covid
1460,212,Couple Leisure,Economy Class,Boeing 777,3x4x3,0,2015-12-22,Netherlands,2.0,4.0,1.0,1.0,3.0,3.0,1.0,,,,,,1,Modern (2015-Present),Positive,0.8621,Pre Covid
1461,212,Solo Leisure,Economy Class,Airbus A380,2x4x2,0,2015-12-07,United Arab Emirates,5.0,5.0,5.0,5.0,5.0,5.0,5.0,,,,,,1,Modern (2015-Present),Positive,0.7579,Pre Covid
1462,212,Solo Leisure,Economy Class,Airbus A380,3x4x3,0,2015-11-30,United States,4.0,4.0,4.0,4.0,4.0,5.0,5.0,,,,,,1,Modern (2015-Present),Positive,0.6597,Pre Covid
1463,212,Couple Leisure,Economy Class,Airbus A380,3x4x3,0,2015-11-21,United Kingdom,4.0,3.0,4.0,3.0,3.0,5.0,5.0,,,,,,1,Modern (2015-Present),Negative,-0.307,Pre Covid
1464,212,Solo Leisure,Economy Class,Boeing 777,3x4x3,0,2015-10-30,Australia,3.0,3.0,1.0,3.0,4.0,4.0,4.0,,,,,,1,Modern (2015-Present),Positive,0.7264,Pre Covid
1465,212,Couple Leisure,Economy Class,Boeing 777,3x4x3,0,2015-10-10,Australia,1.0,2.0,2.0,2.0,1.0,2.0,3.0,,,,,,0,Modern (2015-Present),Positive,0.1027,Pre Covid
1466,212,Couple Leisure,Economy Class,Boeing 777,3x4x3,0,2015-09-28,Australia,4.0,4.0,2.0,3.0,3.0,5.0,4.0,,,,,,1,Modern (2015-Present),Positive,0.3842,Pre Covid
1467,212,Family Leisure,Economy Class,Boeing 777,3x4x3,0,2015-09-17,Pakistan,4.0,3.0,3.0,3.0,5.0,5.0,3.0,,,,,,1,Modern (2015-Present),Positive,0.5296,Pre Covid
1468,212,Solo Leisure,Economy Class,Airbus A380,3x4x3,0,2015-09-14,Australia,5.0,5.0,5.0,5.0,5.0,5.0,5.0,,,,,,1,Modern (2015-Present),Positive,0.4404,Pre Covid
1469,212,Solo Leisure,Economy Class,Boeing 777,3x4x3,0,2015-09-14,Australia,5.0,5.0,5.0,5.0,5.0,5.0,5.0,,,,,,1,Modern (2015-Present),Positive,0.836,Pre Covid
1470,212,Solo Leisure,Economy Class,Boeing 777,3x4x3,0,2015-09-10,Ireland,4.0,3.0,2.0,2.0,1.0,,2.0,,,,,,0,Modern (2015-Present),Negative,-0.9474,Pre Covid
1471,212,Couple Leisure,Economy Class,Boeing 777,unknown,0,2015-08-18,United Kingdom,5.0,5.0,5.0,4.0,4.0,,5.0,,,,,,1,Modern (2015-Present),Positive,0.5558,Pre Covid
1472,212,Family Leisure,Economy Class,Boeing 777,3x4x3,0,2015-08-11,Canada,4.0,4.0,3.0,2.0,3.0,4.0,5.0,,,,,,1,Modern (2015-Present),Positive,0.5611,Pre Covid
1473,212,Solo Leisure,Economy Class,Boeing 777,3x4x3,0,2015-08-06,Australia,4.0,3.0,3.0,3.0,3.0,,4.0,,,,,,0,Modern (2015-Present),Positive,0.735,Pre Covid
1474,212,Solo Leisure,Economy Class,Boeing 777,3x4x3,0,2015-08-06,Norway,3.0,3.0,2.0,2.0,4.0,4.0,3.0,,,,,,0,Modern (2015-Present),Positive,0.6865,Pre Covid
1475,212,Solo Leisure,Economy Class,Airbus A330,2x4x2,0,2015-08-02,United Kingdom,3.0,2.0,2.0,1.0,2.0,,3.0,,,,,,0,Modern (2015-Present),Negative,-0.7453,Pre Covid
1476,212,Family Leisure,Economy Class,Boeing 777,3x4x3,0,2015-07-25,United Kingdom,3.0,3.0,4.0,4.0,4.0,4.0,4.0,,,,,,1,Modern (2015-Present),Positive,0.6716,Pre Covid
1477,212,Couple Leisure,Economy Class,Boeing 777,3x4x3,0,2015-07-25,Australia,2.0,2.0,2.0,2.0,2.0,3.0,3.0,,,,,,0,Modern (2015-Present),Positive,0.089,Pre Covid
1478,212,Unknown,Economy Class,Boeing 777,3x4x3,0,2015-05-29,United Kingdom,3.0,3.0,3.0,3.0,,,3.0,,,,,,0,Modern (2015-Present),Negative,-0.6486,Pre Covid
1479,212,Unknown,Economy Class,Airbus A380,3x4x3,0,2015-05-29,United Kingdom,2.0,3.0,1.0,2.0,,,4.0,,,,,,0,Modern (2015-Present),Positive,0.7087,Pre Covid
1480,212,Unknown,Economy Class,Airbus A380,3x4x3,0,2015-05-29,United Kingdom,4.0,4.0,4.0,4.0,,,4.0,,,,,,1,Modern (2015-Present),Positive,0.9669,Pre Covid
1481,212,Unknown,Economy Class,Airbus A380,3x4x3,0,2015-05-29,United Kingdom,1.0,2.0,4.0,1.0,,,1.0,,,,,,0,Modern (2015-Present),Negative,-0.8979,Pre Covid
1482,212,Unknown,Economy Class,Boeing 777,3x4x3,0,2015-03-23,United Kingdom,1.0,2.0,1.0,1.0,,,1.0,,,,,,0,Modern (2015-Present),Negative,-0.296,Pre Covid
1483,212,Unknown,Economy Class,Airbus A380,3x4x3,0,2015-03-22,United Kingdom,4.0,3.0,4.0,3.0,,,4.0,,,,,,0,Modern (2015-Present),Negative,-0.1181,Pre Covid
1484,212,Unknown,Economy Class,Boeing 777,3x4x3,0,2015-03-01,Australia,4.0,4.0,4.0,4.0,,,4.0,,,,,,1,Modern (2015-Present),Positive,0.9306,Pre Covid
1485,212,Unknown,Economy Class,Boeing 777,3x4x3,0,2015-02-25,United Kingdom,4.0,4.0,3.0,3.0,,,4.0,,,,,,0,Modern (2015-Present),Positive,0.0772,Pre Covid
1486,212,Unknown,Economy Class,Airbus A380,3x4x3,0,2015-02-09,Germany,4.0,3.0,4.0,5.0,,,5.0,,,,,,1,Modern (2015-Present),Positive,0.908,Pre Covid
1487,212,Unknown,Economy Class,Boeing 777,3x4x3,0,2015-01-28,United Kingdom,2.0,1.0,3.0,1.0,,,5.0,,,,,,0,Modern (2015-Present),Negative,-0.5267,Pre Covid
1488,212,Unknown,Economy Class,Airbus A380,3x4x3,0,2015-01-28,United Kingdom,4.0,4.0,4.0,3.0,,,4.0,,,,,,0,Modern (2015-Present),Negative,-0.1665,Pre Covid
1489,212,Unknown,Economy Class,Airbus A380,3x4x3,0,2015-01-28,United Kingdom,3.0,3.0,3.0,1.0,,,3.0,,,,,,0,Modern (2015-Present),Negative,-0.4639,Pre Covid
1490,212,Unknown,Economy Class,Airbus A380,3x4x3,0,2015-01-28,Australia,3.0,3.0,3.0,2.0,,,4.0,,,,,,0,Modern (2015-Present),Negative,-0.2693,Pre Covid
1491,212,Unknown,Economy Class,Boeing 777,3x4x3,0,2015-01-28,United States,2.0,2.0,2.0,3.0,,,3.0,,,,,,0,Modern (2015-Present),Positive,0.7094,Pre Covid
1492,212,Unknown,Economy Class,Boeing 777,3x4x3,0,2014-11-19,United Kingdom,2.0,2.0,2.0,3.0,,,1.0,,,,,,0,Historical (Pre-2015),Negative,-0.75,Pre Covid
1493,212,Unknown,Economy Class,Boeing 777,3x4x3,0,2014-11-19,Australia,2.0,2.0,4.0,1.0,,,1.0,,,,,,0,Historical (Pre-2015),Positive,0.5549,Pre Covid
1494,212,Unknown,Economy Class,Boeing 777,3x4x3,0,2014-11-19,Australia,1.0,1.0,1.0,1.0,,,1.0,,,,,,0,Historical (Pre-2015),Negative,-0.929,Pre Covid
1495,212,Unknown,Economy Class,Boeing 777,3x4x3,0,2014-11-19,Australia,1.0,1.0,1.0,1.0,,,2.0,,,,,,0,Historical (Pre-2015),Negative,-0.92,Pre Covid
1496,212,Unknown,Economy Class,Airbus A380,3x4x3,0,2014-11-19,Australia,3.0,3.0,3.0,5.0,,,4.0,,,,,,0,Historical (Pre-2015),Positive,0.9278,Pre Covid
1497,212,Unknown,Economy Class,Airbus A380,3x4x3,0,2014-11-19,New Zealand,2.0,3.0,2.0,2.0,,,5.0,,,,,,0,Historical (Pre-2015),Negative,-0.3698,Pre Covid
1498,212,Unknown,Economy Class,Boeing 777,3x4x3,0,2014-11-19,Ireland,3.0,3.0,3.0,3.0,,,3.0,,,,,,0,Historical (Pre-2015),Negative,-0.5574,Pre Covid
1499,212,Unknown,Economy Class,Boeing 777,3x4x3,0,2014-07-16,Australia,1.0,1.0,1.0,3.0,,,1.0,,,,,,0,Historical (Pre-2015),Negative,-0.5878,Pre Covid
1500,212,Unknown,Economy Class,Boeing 777,3x4x3,0,2014-03-03,Singapore,3.0,4.0,2.0,2.0,,,5.0,,,,,,0,Historical (Pre-2015),Negative,-0.8686,Pre Covid
1501,212,Unknown,Economy Class,Boeing 777,3x4x3,0,2014-03-03,United Kingdom,4.0,3.0,1.0,1.0,,,2.0,,,,,,0,Historical (Pre-2015),Positive,0.1813,Pre Covid
1502,212,Unknown,Economy Class,Boeing 777,3x4x3,0,2014-03-03,Germany,3.0,4.0,3.0,5.0,,,5.0,,,,,,1,Historical (Pre-2015),Positive,0.7351,Pre Covid
1503,212,Unknown,Economy Class,Airbus A380,3x4x3,0,2014-01-29,Australia,3.0,3.0,3.0,3.0,,,3.0,,,,,,0,Historical (Pre-2015),Positive,0.6004,Pre Covid
1504,212,Unknown,Economy Class,Boeing 777,3x4x3,0,2014-01-24,Germany,2.0,1.0,1.0,1.0,,,3.0,,,,,,0,Historical (Pre-2015),Positive,0.8753,Pre Covid
1505,212,Unknown,Economy Class,Boeing 777,3x4x3,0,2014-01-22,United States,1.0,2.0,2.0,1.0,,,2.0,,,,,,0,Historical (Pre-2015),Positive,0.3314,Pre Covid
1506,212,Unknown,Economy Class,Boeing 777,3x4x3,0,2014-01-17,United Kingdom,1.0,1.0,1.0,1.0,,,1.0,,,,,,0,Historical (Pre-2015),Negative,-0.9207,Pre Covid
1507,212,Unknown,Economy Class,Airbus A380,3x4x3,0,2014-01-13,Thailand,3.0,4.0,3.0,3.0,,,4.0,,,,,,1,Historical (Pre-2015),Negative,-0.8414,Pre Covid
1508,212,Unknown,Economy Class,Airbus A380,3x4x3,0,2014-01-10,Spain,5.0,2.0,5.0,5.0,,,3.0,,,,,,0,Historical (Pre-2015),Negative,-0.7208,Pre Covid
1509,212,Unknown,Economy Class,Boeing 777,3x4x3,0,2014-01-06,Australia,2.0,3.0,1.0,1.0,,,2.0,,,,,,0,Historical (Pre-2015),Negative,-0.5569,Pre Covid
1510,212,Unknown,Economy Class,Boeing 777,3x4x3,0,2014-01-06,Thailand,3.0,3.0,1.0,3.0,,,3.0,,,,,,0,Historical (Pre-2015),Negative,-0.4772,Pre Covid
1511,212,Unknown,Economy Class,Airbus A380,3x4x3,0,2014-01-06,Netherlands,4.0,4.0,4.0,3.0,,,4.0,,,,,,1,Historical (Pre-2015),Positive,0.8074,Pre Covid
1512,212,Unknown,Economy Class,Airbus A380,3x4x3,0,2014-01-06,Germany,4.0,3.0,5.0,5.0,,,4.0,,,,,,1,Historical (Pre-2015),Positive,0.8974,Pre Covid
1513,212,Unknown,Economy Class,Boeing 777,3x4x3,0,2014-01-06,United Kingdom,3.0,3.0,1.0,2.0,,,3.0,,,,,,0,Historical (Pre-2015),Positive,0.9524,Pre Covid
1514,212,Unknown,Economy Class,Boeing 777,3x4x3,0,2013-10-24,Australia,3.0,3.0,1.0,2.0,,,2.0,,,,,,0,Historical (Pre-2015),Negative,-0.5859,Pre Covid
1515,212,Unknown,Economy Class,Boeing 777,3x4x3,0,2013-10-24,Australia,4.0,3.0,2.0,2.0,,,4.0,,,,,,0,Historical (Pre-2015),Negative,-0.1531,Pre Covid
1516,212,Unknown,Economy Class,Boeing 777,3x4x3,0,2013-10-24,Australia,3.0,4.0,2.0,2.0,,,3.0,,,,,,0,Historical (Pre-2015),Negative,-0.4118,Pre Covid
1517,212,Unknown,Economy Class,Boeing 777,3x4x3,0,2013-10-24,United Kingdom,4.0,4.0,4.0,4.0,,,5.0,,,,,,1,Historical (Pre-2015),Positive,0.9818,Pre Covid
1518,212,Unknown,Economy Class,Boeing 777,3x4x3,0,2013-04-20,India,3.0,3.0,2.0,2.0,,,2.0,,,,,,0,Historical (Pre-2015),Negative,-0.4927,Pre Covid
1519,212,Unknown,Economy Class,Airbus A330,2x4x2,0,2013-04-20,India,2.0,3.0,2.0,3.0,,,2.0,,,,,,0,Historical (Pre-2015),Negative,-0.7051,Pre Covid
1520,212,Unknown,Economy Class,Boeing 777,3x4x3,0,2013-04-20,Singapore,3.0,2.0,1.0,1.0,,,3.0,,,,,,0,Historical (Pre-2015),Negative,-0.4754,Pre Covid
1521,212,Unknown,Economy Class,Airbus A380,3x4x3,0,2013-04-20,New Zealand,4.0,4.0,3.0,5.0,,,4.0,,,,,,1,Historical (Pre-2015),Positive,0.9844,Pre Covid
1522,212,Unknown,Economy Class,Boeing 777,3x4x3,0,2013-04-20,United States,5.0,3.0,2.0,3.0,,,4.0,,,,,,1,Historical (Pre-2015),Positive,0.6402,Pre Covid
1523,212,Unknown,Economy Class,Boeing 777,3x4x3,0,2013-04-20,United Kingdom,4.0,4.0,4.0,5.0,,,5.0,,,,,,1,Historical (Pre-2015),Positive,0.8805,Pre Covid
1524,212,Unknown,Economy Class,Boeing 777,3x4x3,0,2013-02-15,United Kingdom,2.0,2.0,2.0,2.0,,,4.0,,,,,,0,Historical (Pre-2015),Positive,0.0516,Pre Covid
1525,212,Unknown,Economy Class,Boeing 777,3x4x3,0,2013-01-22,United Kingdom,3.0,3.0,2.0,3.0,,,2.0,,,,,,0,Historical (Pre-2015),Positive,0.1531,Pre Covid
1526,212,Unknown,Economy Class,Airbus A380,3x4x3,0,2013-01-10,Singapore,5.0,3.0,3.0,3.0,,,3.0,,,,,,1,Historical (Pre-2015),Positive,0.438,Pre Covid
1527,212,Unknown,Economy Class,Boeing 777,3x4x3,0,2013-01-01,United States,3.0,2.0,1.0,2.0,,,4.0,,,,,,0,Historical (Pre-2015),Positive,0.396,Pre Covid
1528,212,Unknown,Economy Class,Boeing 777,3x4x3,0,2011-10-22,United Kingdom,2.0,2.0,1.0,1.0,,,3.0,,,,,,0,Historical (Pre-2015),Negative,-0.9806,Pre Covid
1529,212,Unknown,Economy Class,Airbus A380,3x4x3,0,2011-10-22,Australia,1.0,4.0,3.0,1.0,,,1.0,,,,,,0,Historical (Pre-2015),Negative,-0.5122,Pre Covid
1530,212,Unknown,Economy Class,Boeing 777,3x4x3,0,2011-07-28,South Africa,1.0,2.0,1.0,1.0,,,3.0,,,,,,0,Historical (Pre-2015),Negative,-0.9568,Pre Covid
1531,212,Unknown,Economy Class,Boeing 777,3x4x3,0,2011-06-12,United States,1.0,3.0,3.0,4.0,,,4.0,,,,,,0,Historical (Pre-2015),Negative,-0.2656,Pre Covid
1532,212,Unknown,Economy Class,Boeing 777,3x4x3,0,2011-06-12,Australia,3.0,2.0,1.0,2.0,,,3.0,,,,,,0,Historical (Pre-2015),Negative,-0.296,Pre Covid
1533,212,Unknown,Economy Class,Airbus A380,3x4x3,0,2011-06-09,Indonesia,4.0,4.0,4.0,4.0,,,5.0,,,,,,1,Historical (Pre-2015),Positive,0.765,Pre Covid
1534,212,Unknown,Economy Class,Airbus A380,3x4x3,0,2011-05-18,United Kingdom,5.0,4.0,4.0,4.0,,,5.0,,,,,,1,Historical (Pre-2015),Positive,0.926,Pre Covid
1535,212,Unknown,Economy Class,Airbus A380,3x4x3,0,2011-04-06,Slovakia,4.0,4.0,4.0,4.0,,,4.0,,,,,,1,Historical (Pre-2015),Positive,0.6705,Pre Covid
1536,212,Unknown,Economy Class,Airbus A380,3x4x3,0,2011-04-06,United Kingdom,4.0,4.0,4.0,4.0,,,5.0,,,,,,1,Historical (Pre-2015),Positive,0.7506,Pre Covid
1537,212,Unknown,Economy Class,Boeing 777,3x4x3,0,2011-04-05,Australia,3.0,1.0,4.0,3.0,,,3.0,,,,,,0,Historical (Pre-2015),Negative,-0.5323,Pre Covid
1538,212,Unknown,Economy Class,Airbus A340,2x4x2,0,2011-04-05,United Kingdom,4.0,4.0,4.0,3.0,,,4.0,,,,,,0,Historical (Pre-2015),Negative,-0.7882,Pre Covid
1539,212,Unknown,Economy Class,Unknown,3x4x3,0,2011-01-07,United Kingdom,1.0,1.0,1.0,3.0,,,2.0,,,,,,0,Historical (Pre-2015),Negative,-0.7574,Pre Covid
1540,212,Unknown,Economy Class,Unknown,3x4x3,0,2010-12-15,Saudi Arabia,3.0,3.0,2.0,3.0,,,4.0,,,,,,0,Historical (Pre-2015),Positive,0.1007,Pre Covid
1541,212,Unknown,Economy Class,Unknown,3x4x3,0,2010-10-22,South Africa,1.0,1.0,1.0,2.0,,,3.0,,,,,,0,Historical (Pre-2015),Negative,-0.9416,Pre Covid
1542,212,Unknown,Economy Class,Unknown,3x4x3,0,2010-09-21,Australia,3.0,2.0,1.0,2.0,,,3.0,,,,,,0,Historical (Pre-2015),Negative,-0.2465,Pre Covid
1543,212,Unknown,Economy Class,Unknown,3x4x3,0,2010-09-06,United Kingdom,2.0,2.0,3.0,1.0,,,2.0,,,,,,0,Historical (Pre-2015),Negative,-0.6488,Pre Covid
1544,212,Unknown,Economy Class,Boeing 777,3x4x3,0,2010-08-07,United States,3.0,3.0,1.0,3.0,,,3.0,,,,,,0,Historical (Pre-2015),Negative,-0.3839,Pre Covid
1545,212,Unknown,Economy Class,Unknown,2x4x2,0,2010-07-17,Australia,2.0,1.0,2.0,2.0,,,1.0,,,,,,0,Historical (Pre-2015),Negative,-0.9355,Pre Covid
1546,212,Unknown,Economy Class,Airbus A340,2x4x2,0,2010-07-02,Australia,2.0,1.0,3.0,3.0,,,2.0,,,,,,0,Historical (Pre-2015),Negative,-0.926,Pre Covid
1547,212,Unknown,Economy Class,Airbus A330,2x4x2,0,2010-06-30,United Kingdom,1.0,3.0,2.0,2.0,,,2.0,,,,,,0,Historical (Pre-2015),Negative,-0.9001,Pre Covid
1548,212,Unknown,Economy Class,Unknown,3x4x3,0,2010-06-06,United Kingdom,3.0,3.0,3.0,3.0,,,3.0,,,,,,0,Historical (Pre-2015),Neutral,0.0,Pre Covid
1549,212,Unknown,Economy Class,Unknown,3x4x3,0,2010-05-26,United Kingdom,1.0,1.0,1.0,1.0,,,3.0,,,,,,0,Historical (Pre-2015),Negative,-0.923,Pre Covid
1550,212,Unknown,Economy Class,Unknown,3x4x3,0,2010-05-26,Philippines,3.0,2.0,2.0,2.0,,,3.0,,,,,,0,Historical (Pre-2015),Negative,-0.886,Pre Covid
1551,212,Unknown,Economy Class,Unknown,3x4x3,0,2009-12-31,Canada,2.0,3.0,1.0,2.0,,,4.0,,,,,,0,Historical (Pre-2015),Negative,-0.8126,Pre Covid
1552,212,Unknown,Economy Class,Unknown,3x4x3,0,2009-12-04,Saudi Arabia,2.0,3.0,3.0,3.0,,,1.0,,,,,,0,Historical (Pre-2015),Positive,0.6988,Pre Covid
1553,212,Unknown,Economy Class,Unknown,3x4x3,0,2009-11-10,United Kingdom,3.0,3.0,3.0,3.0,,,3.0,,,,,,1,Historical (Pre-2015),Negative,-0.7783,Pre Covid
1554,212,Unknown,Economy Class,Airbus A380,3x4x3,0,2009-10-10,Sweden,4.0,4.0,4.0,4.0,,,5.0,,,,,,1,Historical (Pre-2015),Positive,0.775,Pre Covid
1555,212,Unknown,Economy Class,Airbus A340,2x4x2,0,2009-06-15,New Zealand,3.0,2.0,1.0,4.0,,,4.0,,,,,,0,Historical (Pre-2015),Positive,0.228,Pre Covid
1556,212,Unknown,Economy Class,Airbus A340,2x4x2,0,2009-03-03,United Kingdom,3.0,2.0,2.0,2.0,,,3.0,,,,,,0,Historical (Pre-2015),Negative,-0.872,Pre Covid
1557,212,Unknown,Economy Class,Unknown,3x4x3,0,2009-03-02,New Zealand,2.0,2.0,3.0,2.0,,,3.0,,,,,,0,Historical (Pre-2015),Negative,-0.699,Pre Covid
1558,212,Unknown,Economy Class,Unknown,3x4x3,0,2009-02-07,Greece,2.0,3.0,2.0,2.0,,,2.0,,,,,,0,Historical (Pre-2015),Negative,-0.8733,Pre Covid
1559,208,Couple Leisure,Economy Class,Airbus A330,2x4x2,0,2015-09-22,Germany,5.0,4.0,5.0,5.0,5.0,5.0,5.0,,,,,,1,Modern (2015-Present),Positive,0.9542,Pre Covid
1560,208,Business,Economy Class,Airbus A320,3x3,0,2015-07-02,Spain,4.0,3.0,4.0,4.0,3.0,,2.0,,,,,,1,Modern (2015-Present),Positive,0.7351,Pre Covid
1561,228,Leisure,Business Class,Airbus A350,1x2x1,1,2023-01-04,Latvia,,,,,1.0,3.0,,1.0,1.0,1.0,1.0,1.0,0,Modern (2015-Present),Negative,-0.8825,After Covid
1562,228,Solo Leisure,Economy Class,Airbus A350,3x3x3,1,2022-10-27,Norway,3.0,1.0,4.0,3.0,3.0,4.0,5.0,,,,,,0,Modern (2015-Present),Positive,0.9528,After Covid
1563,228,Leisure,Business Class,Airbus A350,1x2x1,1,2019-12-05,Sweden,,,,,4.0,5.0,,4.0,4.0,5.0,3.0,4.0,1,Modern (2015-Present),Positive,0.8843,Pre Covid
1564,228,Business,Economy Class,Airbus A319,3x3,1,2019-10-16,Finland,4.0,3.0,3.0,4.0,3.0,,,,,,,,1,Modern (2015-Present),Positive,0.8316,Pre Covid
1565,228,Solo Leisure,Economy Class,Airbus A350,3x3x3,0,2019-10-13,United Kingdom,5.0,5.0,5.0,4.0,5.0,5.0,4.0,,,,,,1,Modern (2015-Present),Positive,0.5106,Pre Covid
1566,228,Business,Business Class,Airbus A320,2x2,1,2019-08-13,United Arab Emirates,,,,,1.0,,,2.0,3.0,2.0,2.0,2.0,0,Modern (2015-Present),Negative,-0.4256,Pre Covid
1567,228,Solo Leisure,Economy Class,Airbus A320,3x3,1,2018-12-25,Israel,5.0,5.0,4.0,4.0,4.0,,2.0,,,,,,1,Modern (2015-Present),Negative,-0.3132,Pre Covid
1568,228,Couple Leisure,Economy Class,Airbus A350,3x3x3,0,2017-07-23,Germany,4.0,4.0,5.0,5.0,1.0,4.0,5.0,,,,,,1,Modern (2015-Present),Negative,-0.8439,Pre Covid
1569,228,Solo Leisure,Economy Class,Airbus A350,3x3x3,0,2017-02-01,Belgium,4.0,4.0,4.0,4.0,3.0,4.0,5.0,,,,,,1,Modern (2015-Present),Positive,0.8516,Pre Covid
1570,228,Solo Leisure,Economy Class,Airbus A319,3x3,0,2017-01-20,United Kingdom,3.0,3.0,4.0,4.0,3.0,4.0,4.0,,,,,,1,Modern (2015-Present),Positive,0.1531,Pre Covid
1571,228,Family Leisure,Economy Class,Other Aircraft,2x2,0,2016-01-10,France,1.0,1.0,1.0,1.0,1.0,1.0,1.0,,,,,,0,Modern (2015-Present),Negative,-0.4019,Pre Covid
1572,228,Couple Leisure,Economy Class,Airbus A340,2x4x2,0,2015-09-21,United Kingdom,1.0,3.0,1.0,4.0,1.0,,3.0,,,,,,0,Modern (2015-Present),Negative,-0.7528,Pre Covid
1573,228,Unknown,Economy Class,Airbus A340,2x4x2,0,2015-03-01,Australia,3.0,3.0,3.0,3.0,,,4.0,,,,,,0,Modern (2015-Present),Positive,0.7871,Pre Covid
1574,228,Unknown,Economy Class,Airbus A340,2x4x2,0,2015-01-28,Norway,1.0,1.0,1.0,2.0,,,1.0,,,,,,0,Modern (2015-Present),Negative,-0.7635,Pre Covid
1575,228,Unknown,Economy Class,Airbus A320,3x3,0,2014-08-02,Finland,1.0,1.0,1.0,1.0,,,1.0,,,,,,0,Historical (Pre-2015),Negative,-0.9589,Pre Covid
1576,228,Unknown,Economy Class,Airbus A340,2x4x2,0,2014-07-09,Germany,1.0,1.0,1.0,1.0,,,1.0,,,,,,0,Historical (Pre-2015),Negative,-0.3164,Pre Covid
1577,228,Unknown,Economy Class,Airbus A340,2x4x2,0,2013-04-20,Finland,2.0,1.0,3.0,2.0,,,1.0,,,,,,0,Historical (Pre-2015),Negative,-0.9183,Pre Covid
1578,228,Unknown,Economy Class,Airbus A330,2x4x2,0,2012-12-24,Sweden,2.0,3.0,3.0,2.0,,,2.0,,,,,,0,Historical (Pre-2015),Neutral,-0.0111,Pre Covid
1579,228,Unknown,Economy Class,Airbus A330,2x4x2,0,2010-09-01,Finland,1.0,1.0,3.0,1.0,,,4.0,,,,,,0,Historical (Pre-2015),Negative,-0.5423,Pre Covid
1580,228,Unknown,Economy Class,Airbus A340,2x4x2,0,2010-09-01,Finland,4.0,4.0,4.0,4.0,,,4.0,,,,,,1,Historical (Pre-2015),Positive,0.8977,Pre Covid
1581,228,Unknown,Economy Class,Airbus A340,2x4x2,0,2010-09-01,Sweden,4.0,3.0,4.0,3.0,,,4.0,,,,,,1,Historical (Pre-2015),Positive,0.9337,Pre Covid
1582,221,Solo Leisure,Economy Class,Airbus A320,3x3,1,2018-05-11,Germany,5.0,4.0,3.0,4.0,5.0,,,,,,,,1,Modern (2015-Present),Positive,0.6653,Pre Covid
1583,221,Solo Leisure,Economy Class,Airbus A319,3x3,0,2017-08-27,Germany,5.0,4.0,5.0,3.0,5.0,,,,,,,,1,Modern (2015-Present),Positive,0.8845,Pre Covid
1584,594,Solo Leisure,Economy Class,Boeing 737,3x3,1,2023-04-02,United Arab Emirates,2.0,2.0,3.0,3.0,3.0,,1.0,,,,,,0,Modern (2015-Present),Negative,-0.25,After Covid
1585,594,Solo Leisure,Economy Class,Boeing 737,3x3,1,2023-02-19,United Arab Emirates,1.0,1.0,1.0,1.0,1.0,,2.0,,,,,,0,Modern (2015-Present),Negative,-0.7504,After Covid
1586,594,Couple Leisure,Economy Class,Boeing 737,3x3,0,2020-01-19,Myanmar,1.0,1.0,1.0,1.0,1.0,,1.0,,,,,,0,Modern (2015-Present),Negative,-0.296,Covid
1587,594,Family Leisure,Economy Class,Boeing 737,3x3,1,2018-01-09,United Arab Emirates,1.0,1.0,1.0,1.0,1.0,1.0,1.0,,,,,,0,Modern (2015-Present),Positive,0.0747,Pre Covid
1588,594,Business,Economy Class,Boeing 737,3x3,0,2016-12-11,Saudi Arabia,1.0,2.0,2.0,1.0,1.0,,1.0,,,,,,0,Modern (2015-Present),Negative,-0.6214,Pre Covid
1589,594,Business,Economy Class,Boeing 737,3x3,0,2016-01-07,Qatar,1.0,1.0,1.0,1.0,1.0,,,,,,,,0,Modern (2015-Present),Positive,0.5908,Pre Covid
1590,243,Solo Leisure,Economy Class,Airbus A321,3x3,0,2018-08-13,Germany,5.0,5.0,4.0,4.0,4.0,,4.0,,,,,,1,Modern (2015-Present),Positive,0.7956,Pre Covid
1591,243,Solo Leisure,Economy Class,Boeing 737,3x3,0,2015-08-12,France,2.0,3.0,2.0,2.0,1.0,2.0,3.0,,,,,,1,Modern (2015-Present),Neutral,0.0,Pre Covid
1592,239,Family Leisure,Economy Class,Airbus A320,3x3,1,2024-07-04,United States,1.0,1.0,1.0,3.0,1.0,,,,,,,,0,Modern (2015-Present),Positive,0.5423,After Covid
1593,239,Solo Leisure,Economy Class,Airbus A319,3x3,1,2023-05-15,United States,1.0,1.0,1.0,1.0,1.0,,,,,,,,0,Modern (2015-Present),Negative,-0.2003,After Covid
1594,239,Solo Leisure,Economy Class,Airbus A321,3x3,1,2022-04-30,United States,4.0,4.0,3.0,3.0,1.0,,,,,,,,1,Modern (2015-Present),Positive,0.8899,After Covid
1595,239,Family Leisure,Economy Class,Airbus A320,3x3,1,2021-10-08,United States,1.0,1.0,1.0,1.0,3.0,,,,,,,,0,Modern (2015-Present),Negative,-0.4816,Covid
1596,239,Couple Leisure,Economy Class,Airbus A320,3x3,1,2019-12-03,United States,2.0,1.0,2.0,2.0,1.0,,,,,,,,0,Modern (2015-Present),Positive,0.9019,Pre Covid
1597,239,Solo Leisure,Economy Class,Airbus A320,3x3,0,2019-07-30,United States,1.0,1.0,1.0,1.0,1.0,,,,,,,,0,Modern (2015-Present),Negative,-0.5256,Pre Covid
1598,239,Couple Leisure,Economy Class,Airbus A320,3x3,0,2019-05-31,United States,1.0,1.0,1.0,1.0,1.0,,,,,,,,0,Modern (2015-Present),Negative,-0.6235,Pre Covid
1599,239,Solo Leisure,Economy Class,Airbus A320,3x3,1,2019-04-24,United States,2.0,1.0,1.0,2.0,1.0,,,,,,,,0,Modern (2015-Present),Negative,-0.6275,Pre Covid
1600,239,Couple Leisure,Economy Class,Airbus A320,3x3,0,2019-04-13,United States,1.0,1.0,2.0,3.0,1.0,,,,,,,,1,Modern (2015-Present),Positive,0.8985,Pre Covid
1601,239,Family Leisure,Economy Class,Airbus A320,3x3,1,2019-01-14,United States,1.0,1.0,1.0,1.0,2.0,,,,,,,,0,Modern (2015-Present),Positive,0.0775,Pre Covid
1602,239,Solo Leisure,Premium Economy,Airbus A320,3x3,1,2018-09-26,United States,5.0,2.0,5.0,5.0,1.0,,,,,,,,1,Modern (2015-Present),Positive,0.5023,Pre Covid
1603,239,Couple Leisure,Economy Class,Airbus A319,3x3,0,2018-09-01,United States,1.0,5.0,1.0,1.0,2.0,,,,,,,,0,Modern (2015-Present),Negative,-0.8126,Pre Covid
1604,239,Solo Leisure,Economy Class,Airbus A320,3x3,0,2018-08-29,United States,1.0,1.0,1.0,1.0,1.0,,,,,,,,0,Modern (2015-Present),Negative,-0.9712,Pre Covid
1605,239,Business,Economy Class,Airbus A320,3x3,0,2018-08-14,United States,2.0,1.0,2.0,2.0,1.0,,,,,,,,0,Modern (2015-Present),Negative,-0.9241,Pre Covid
1606,239,Couple Leisure,Economy Class,Airbus A320,3x3,0,2018-05-29,United States,2.0,1.0,1.0,1.0,1.0,,,,,,,,0,Modern (2015-Present),Negative,-0.8402,Pre Covid
1607,239,Solo Leisure,Economy Class,Airbus A320,3x3,1,2018-05-21,United States,2.0,1.0,1.0,1.0,1.0,,,,,,,,0,Modern (2015-Present),Negative,-0.8807,Pre Covid
1608,239,Business,Economy Class,Airbus A321,3x3,1,2018-03-02,United States,1.0,1.0,1.0,1.0,1.0,,,,,,,,0,Modern (2015-Present),Negative,-0.7993,Pre Covid
1609,239,Couple Leisure,Economy Class,Airbus A320,3x3,1,2018-01-21,United States,5.0,,5.0,5.0,5.0,,,,,,,,1,Modern (2015-Present),Positive,0.375,Pre Covid
1610,239,Solo Leisure,Economy Class,Airbus A320,unknown,0,2017-11-04,United States,2.0,2.0,1.0,1.0,1.0,,,,,,,,0,Modern (2015-Present),Negative,-0.5693,Pre Covid
1611,239,Couple Leisure,Economy Class,Airbus A319,3x3,0,2017-08-29,United States,4.0,4.0,3.0,4.0,3.0,,,,,,,,1,Modern (2015-Present),Positive,0.8513,Pre Covid
1612,239,Business,Economy Class,Airbus A321,3x3,0,2017-08-24,United States,1.0,1.0,1.0,1.0,1.0,1.0,1.0,,,,,,0,Modern (2015-Present),Positive,0.1531,Pre Covid
1613,239,Solo Leisure,Economy Class,Airbus A320,3x3,0,2017-02-22,United States,1.0,1.0,1.0,1.0,1.0,,,,,,,,0,Modern (2015-Present),Negative,-0.9097,Pre Covid
1614,239,Couple Leisure,Economy Class,Airbus A320,3x3,0,2016-10-20,United States,1.0,1.0,1.0,1.0,1.0,,,,,,,,0,Modern (2015-Present),Negative,-0.7928,Pre Covid
1615,239,Couple Leisure,Economy Class,Airbus A320,3x3,0,2016-07-26,United States,1.0,1.0,2.0,2.0,1.0,,,,,,,,0,Modern (2015-Present),Negative,-0.5699,Pre Covid
1616,239,Solo Leisure,Economy Class,Airbus A320,3x3,0,2016-04-26,United States,1.0,1.0,1.0,1.0,1.0,,,,,,,,0,Modern (2015-Present),Negative,-0.9064,Pre Covid
1617,239,Solo Leisure,Economy Class,Airbus A320,3x3,0,2016-03-30,United States,1.0,1.0,1.0,1.0,1.0,,,,,,,,0,Modern (2015-Present),Positive,0.8146,Pre Covid
1618,239,Business,Economy Class,Airbus A319,3x3,0,2015-12-28,United States,1.0,1.0,1.0,1.0,1.0,,,,,,,,0,Modern (2015-Present),Negative,-0.4767,Pre Covid
1619,239,Couple Leisure,Economy Class,Airbus A319,3x3,0,2015-11-13,United States,3.0,1.0,4.0,4.0,5.0,,,,,,,,1,Modern (2015-Present),Positive,0.9713,Pre Covid
1620,239,Family Leisure,Economy Class,Airbus A320,3x3,0,2015-08-06,United States,1.0,1.0,1.0,1.0,1.0,,,,,,,,0,Modern (2015-Present),Negative,-0.92,Pre Covid
1621,254,Solo Leisure,Economy Class,Boeing 787,3x3x3,1,2018-04-15,United States,4.0,4.0,3.0,2.0,2.0,2.0,3.0,,,,,,1,Modern (2015-Present),Positive,0.669,Pre Covid
1622,254,Business,Economy Class,Boeing 787,3x3x3,0,2017-08-13,Canada,3.0,3.0,3.0,4.0,3.0,3.0,5.0,,,,,,1,Modern (2015-Present),Positive,0.7913,Pre Covid
1623,254,Family Leisure,Economy Class,Boeing 787,3x3x3,0,2017-07-15,China,5.0,5.0,5.0,5.0,5.0,5.0,5.0,,,,,,1,Modern (2015-Present),Positive,0.9231,Pre Covid
1624,254,Solo Leisure,Economy Class,Boeing 787,3x3x3,0,2017-06-24,Singapore,4.0,4.0,2.0,3.0,5.0,5.0,5.0,,,,,,1,Modern (2015-Present),Positive,0.5251,Pre Covid
1625,254,Solo Leisure,Economy Class,Boeing 787,3x3x3,0,2017-02-16,United States,5.0,5.0,5.0,5.0,5.0,5.0,5.0,,,,,,1,Modern (2015-Present),Positive,0.9162,Pre Covid
1626,254,Family Leisure,Economy Class,Airbus A330,2x4x2,0,2015-12-22,United States,5.0,5.0,5.0,5.0,5.0,4.0,5.0,,,,,,1,Modern (2015-Present),Positive,0.8778,Pre Covid
1627,254,Unknown,Economy Class,Airbus A330,2x4x2,0,2010-01-11,Belgium,4.0,4.0,4.0,4.0,,,5.0,,,,,,1,Historical (Pre-2015),Positive,0.7096,Pre Covid
1628,202,Couple Leisure,Premium Economy,Boeing 777,2x4x2,1,2023-05-03,Singapore,5.0,5.0,5.0,5.0,5.0,5.0,5.0,,,,,,1,Modern (2015-Present),Positive,0.9827,After Covid
1629,202,Couple Leisure,Economy Class,Boeing 787,3x3x3,1,2023-01-20,Czech Republic,4.0,2.0,2.0,3.0,1.0,5.0,1.0,,,,,,0,Modern (2015-Present),Negative,-0.6249,After Covid
1630,202,Leisure,Business Class,Boeing 777,1x2x1,1,2022-12-05,United States,,,,,5.0,5.0,,5.0,5.0,5.0,5.0,5.0,1,Modern (2015-Present),Positive,0.9632,After Covid
1631,202,Leisure,Business Class,Boeing 777,1x2x1,1,2022-10-27,Taiwan,,,,,5.0,5.0,,2.0,4.0,5.0,5.0,3.0,1,Modern (2015-Present),Positive,0.9192,After Covid
1632,202,Business,Business Class,Boeing 777,1x2x1,1,2022-06-28,Taiwan,,,,,5.0,5.0,,5.0,5.0,4.0,5.0,5.0,1,Modern (2015-Present),Positive,0.9564,After Covid
1633,202,Couple Leisure,Economy Class,Boeing 777,3x4x3,1,2020-02-12,United Kingdom,4.0,2.0,1.0,1.0,,,,,,,,,0,Modern (2015-Present),Negative,-0.6684,Covid
1634,202,Solo Leisure,Economy Class,Boeing 777,3x3x3,1,2020-01-18,United Kingdom,4.0,4.0,4.0,4.0,4.0,4.0,4.0,,,,,,1,Modern (2015-Present),Positive,0.8397,Covid
1635,202,Solo Leisure,Economy Class,Airbus A320,3x3,1,2019-12-15,China,4.0,4.0,4.0,4.0,4.0,,3.0,,,,,,1,Modern (2015-Present),Positive,0.9089,Pre Covid
1636,202,Family Leisure,Premium Economy,Boeing 777,3x4x3,1,2019-12-02,United Kingdom,5.0,5.0,5.0,5.0,3.0,5.0,5.0,,,,,,1,Modern (2015-Present),Positive,0.9347,Pre Covid
1637,202,Business,Economy Class,Boeing 777,3x4x3,1,2019-11-08,United States,2.0,2.0,2.0,2.0,2.0,,4.0,,,,,,0,Modern (2015-Present),Positive,0.1901,Pre Covid
1638,202,Family Leisure,Economy Class,Airbus A321,3x3,0,2018-10-28,China,5.0,5.0,5.0,4.0,5.0,,,,,,,,1,Modern (2015-Present),Positive,0.9578,Pre Covid
1639,202,Solo Leisure,Economy Class,Boeing 777,3x4x3,1,2018-09-20,United States,5.0,5.0,5.0,5.0,5.0,5.0,5.0,,,,,,1,Modern (2015-Present),Positive,0.9627,Pre Covid
1640,202,Business,Economy Class,Boeing 777,unknown,1,2017-12-17,Romania,5.0,5.0,5.0,5.0,5.0,5.0,4.0,,,,,,1,Modern (2015-Present),Positive,0.4588,Pre Covid
1641,202,Business,Premium Economy,Boeing 777,2x4x2,0,2017-10-23,China,5.0,5.0,4.0,5.0,2.0,5.0,4.0,,,,,,1,Modern (2015-Present),Positive,0.963,Pre Covid
1642,202,Business,Economy Class,Airbus A321,3x3,0,2017-09-02,Hong Kong,5.0,4.0,5.0,5.0,3.0,,,,,,,,1,Modern (2015-Present),Positive,0.8047,Pre Covid
1643,202,Solo Leisure,Economy Class,Boeing 777,3x4x3,0,2017-05-07,United States,5.0,4.0,2.0,4.0,4.0,5.0,3.0,,,,,,1,Modern (2015-Present),Positive,0.5106,Pre Covid
1644,202,Solo Leisure,Premium Economy,Boeing 777,2x4x2,0,2017-04-27,United States,3.0,4.0,4.0,3.0,4.0,5.0,4.0,,,,,,1,Modern (2015-Present),Positive,0.9729,Pre Covid
1645,202,Family Leisure,Economy Class,Boeing 777,3x3x3,0,2016-08-20,United States,4.0,4.0,4.0,4.0,4.0,,5.0,,,,,,1,Modern (2015-Present),Positive,0.8312,Pre Covid
1646,202,Solo Leisure,Economy Class,Airbus A330,2x4x2,0,2016-07-08,United States,1.0,3.0,3.0,4.0,1.0,1.0,4.0,,,,,,1,Modern (2015-Present),Negative,-0.3716,Pre Covid
1647,202,Couple Leisure,Economy Class,Boeing 777,3x3x3,0,2015-12-04,United States,5.0,5.0,5.0,5.0,5.0,,5.0,,,,,,1,Modern (2015-Present),Positive,0.6019,Pre Covid
1648,202,Solo Leisure,Premium Economy,Boeing 777,2x4x2,0,2015-11-06,United States,5.0,5.0,5.0,5.0,5.0,5.0,5.0,,,,,,1,Modern (2015-Present),Positive,0.9217,Pre Covid
1649,202,Couple Leisure,Economy Class,Boeing 777,3x3x3,0,2015-10-21,Canada,5.0,5.0,5.0,5.0,5.0,,5.0,,,,,,1,Modern (2015-Present),Positive,0.9623,Pre Covid
1650,202,Business,Economy Class,Boeing 777,3x3x3,0,2015-09-30,United States,3.0,4.0,4.0,3.0,2.0,4.0,4.0,,,,,,1,Modern (2015-Present),Positive,0.87,Pre Covid
1651,202,Family Leisure,Premium Economy,Boeing 777,2x4x2,0,2015-09-29,United Kingdom,5.0,4.0,5.0,4.0,3.0,3.0,4.0,,,,,,1,Modern (2015-Present),Positive,0.7076,Pre Covid
1652,202,Solo Leisure,Economy Class,Boeing 777,3x3x3,0,2015-06-21,United States,4.0,4.0,5.0,3.0,4.0,,4.0,,,,,,1,Modern (2015-Present),Positive,0.7906,Pre Covid
1653,202,Unknown,Premium Economy,Boeing 747,2x4x2,0,2015-05-30,United Kingdom,3.0,4.0,4.0,3.0,,,4.0,,,,,,1,Modern (2015-Present),Positive,0.9802,Pre Covid
1654,202,Unknown,Economy Class,Boeing 747,3x3x3,0,2015-01-28,United Kingdom,5.0,5.0,5.0,4.0,,,5.0,,,,,,1,Modern (2015-Present),Positive,0.9209,Pre Covid
1655,202,Unknown,Economy Class,Boeing 777,3x3x3,0,2014-11-19,Netherlands,3.0,4.0,4.0,3.0,,,3.0,,,,,,1,Historical (Pre-2015),Positive,0.4404,Pre Covid
1656,202,Unknown,Economy Class,Boeing 777,3x4x3,0,2014-03-03,United States,1.0,4.0,4.0,1.0,,,3.0,,,,,,1,Historical (Pre-2015),Positive,0.0761,Pre Covid
1657,202,Unknown,Premium Economy,Boeing 777,2x4x2,0,2014-01-13,United States,1.0,2.0,2.0,2.0,,,3.0,,,,,,0,Historical (Pre-2015),Negative,-0.9676,Pre Covid
1658,202,Unknown,Economy Class,Boeing 777,2x4x2,0,2014-01-10,United Kingdom,1.0,2.0,4.0,3.0,,,4.0,,,,,,0,Historical (Pre-2015),Negative,-0.87,Pre Covid
1659,202,Unknown,Economy Class,Boeing 777,3x3x3,0,2013-04-20,Taiwan,4.0,4.0,4.0,4.0,,,5.0,,,,,,1,Historical (Pre-2015),Positive,0.8658,Pre Covid
1660,202,Unknown,Premium Economy,Unknown,2x4x2,0,2010-08-14,Australia,4.0,1.0,4.0,5.0,,,4.0,,,,,,0,Historical (Pre-2015),Positive,0.6124,Pre Covid
1661,202,Unknown,Economy Class,Boeing 777,3x3x3,0,2010-02-01,United States,1.0,1.0,3.0,2.0,,,4.0,,,,,,0,Historical (Pre-2015),Positive,0.7863,Pre Covid
1662,202,Unknown,Economy Class,Unknown,3x3,0,2009-12-04,Canada,4.0,4.0,4.0,4.0,,,5.0,,,,,,1,Historical (Pre-2015),Positive,0.5487,Pre Covid
1663,202,Unknown,Economy Class,Unknown,2x4x2,0,2009-03-03,United States,4.0,4.0,4.0,4.0,,,5.0,,,,,,1,Historical (Pre-2015),Positive,0.9173,Pre Covid
1664,202,Unknown,Economy Class,Unknown,3x3x3,0,2009-01-15,United States,2.0,3.0,3.0,4.0,,,3.0,,,,,,0,Historical (Pre-2015),Negative,-0.4939,Pre Covid
1665,202,Unknown,Premium Economy,Unknown,2x4x2,0,2009-01-09,United States,5.0,5.0,4.0,4.0,,,5.0,,,,,,1,Historical (Pre-2015),Positive,0.8625,Pre Covid
1666,202,Unknown,Economy Class,Unknown,3x3x3,0,2009-01-08,United States,4.0,4.0,4.0,4.0,,,4.0,,,,,,1,Historical (Pre-2015),Positive,0.8173,Pre Covid
1667,202,Unknown,Economy Class,Unknown,3x3,0,2009-01-06,United States,3.0,3.0,3.0,5.0,,,2.0,,,,,,1,Historical (Pre-2015),Positive,0.9596,Pre Covid
1668,202,Unknown,Economy Class,Unknown,3x3,0,2009-01-05,United Kingdom,5.0,5.0,4.0,5.0,,,4.0,,,,,,1,Historical (Pre-2015),Negative,-0.079,Pre Covid
1669,251,Family Leisure,Economy Class,Airbus A321,3x3,1,2024-05-22,New Zealand,1.0,2.0,1.0,1.0,1.0,,,,,,,,0,Modern (2015-Present),Negative,-0.2148,After Covid
1670,251,Business,Business Class,Airbus A320,2x2,1,2022-12-24,India,,,,,3.0,1.0,,1.0,1.0,2.0,2.0,1.0,0,Modern (2015-Present),Positive,0.705,After Covid
1671,251,Leisure,Business Class,Boeing 787,2x2x2,1,2022-04-06,United Kingdom,,,,,5.0,3.0,,5.0,4.0,5.0,5.0,4.0,1,Modern (2015-Present),Positive,0.7092,After Covid
1672,251,Family Leisure,Economy Class,Boeing 787,3x3x3,0,2018-09-02,United Kingdom,5.0,4.0,4.0,4.0,4.0,4.0,4.0,,,,,,1,Modern (2015-Present),Positive,0.886,Pre Covid
1673,251,Business,Economy Class,Airbus A321,3x3,1,2018-04-19,United Arab Emirates,4.0,1.0,4.0,5.0,4.0,,3.0,,,,,,1,Modern (2015-Present),Positive,0.4019,Pre Covid
1674,251,Couple Leisure,Economy Class,Airbus A330,2x4x2,0,2015-06-19,United Kingdom,4.0,2.0,3.0,3.0,3.0,,3.0,,,,,,0,Modern (2015-Present),Positive,0.7362,Pre Covid
1675,244,Business,Economy Class,Unknown,2x2,0,2015-11-05,Czech Republic,4.0,3.0,3.0,3.0,3.0,,,,,,,,1,Modern (2015-Present),Positive,0.9051,Pre Covid
1676,244,Business,Premium Economy,Airbus A320,3x3,0,2015-10-21,Germany,5.0,4.0,4.0,5.0,4.0,,,,,,,,1,Modern (2015-Present),Positive,0.8716,Pre Covid
1677,250,Solo Leisure,Economy Class,Boeing 737,3x3,1,2023-03-21,Thailand,3.0,3.0,3.0,4.0,4.0,4.0,,,,,,,1,Modern (2015-Present),Negative,-0.1388,After Covid
1678,241,Solo Leisure,Economy Class,Airbus A330,2x4x2,0,2024-06-15,Malaysia,1.0,1.0,1.0,1.0,1.0,1.0,1.0,,,,,,0,Modern (2015-Present),Negative,-0.7496,After Covid
1679,241,Couple Leisure,Economy Class,Boeing 777,3x3x3,1,2020-04-19,Netherlands,4.0,3.0,5.0,5.0,3.0,5.0,4.0,,,,,,1,Modern (2015-Present),Positive,0.8884,Covid
1680,241,Solo Leisure,Economy Class,Boeing 777,3x3x3,1,2019-10-20,Netherlands,5.0,4.0,5.0,5.0,5.0,3.0,4.0,,,,,,0,Modern (2015-Present),Negative,-0.4512,Pre Covid
1681,241,Business,Economy Class,Boeing 737,3x3,1,2019-08-31,Indonesia,3.0,2.0,2.0,1.0,1.0,,4.0,,,,,,0,Modern (2015-Present),Neutral,-0.024,Pre Covid
1682,241,Business,Economy Class,Boeing 737,3x3,1,2019-07-21,Indonesia,5.0,4.0,4.0,5.0,4.0,,4.0,,,,,,1,Modern (2015-Present),Positive,0.891,Pre Covid
1683,241,Solo Leisure,Economy Class,Boeing 737,3x3,1,2017-12-04,Singapore,5.0,5.0,4.0,4.0,4.0,,4.0,,,,,,1,Modern (2015-Present),Positive,0.9736,Pre Covid
1684,241,Solo Leisure,Economy Class,Boeing 777,3x3x3,0,2017-10-10,Indonesia,5.0,5.0,5.0,5.0,5.0,5.0,5.0,,,,,,1,Modern (2015-Present),Positive,0.916,Pre Covid
1685,241,Business,Premium Economy,Boeing 737,2x2,0,2017-06-03,United Kingdom,5.0,5.0,5.0,4.0,4.0,,,,,,,,1,Modern (2015-Present),Positive,0.9077,Pre Covid
1686,241,Business,Economy Class,Airbus A330,2x4x2,0,2017-01-20,Indonesia,5.0,4.0,4.0,4.0,4.0,,5.0,,,,,,1,Modern (2015-Present),Positive,0.7096,Pre Covid
1687,241,Business,Economy Class,Boeing 737,3x3,0,2016-11-06,Indonesia,5.0,4.0,5.0,5.0,4.0,,5.0,,,,,,1,Modern (2015-Present),Positive,0.9675,Pre Covid
1688,241,Solo Leisure,Economy Class,Airbus A330,2x4x2,0,2016-03-10,Australia,5.0,4.0,4.0,4.0,4.0,4.0,4.0,,,,,,1,Modern (2015-Present),Negative,-0.1269,Pre Covid
1689,241,Solo Leisure,Economy Class,Boeing 737,3x3,0,2015-11-05,Singapore,5.0,4.0,4.0,4.0,4.0,,3.0,,,,,,1,Modern (2015-Present),Positive,0.9778,Pre Covid
1690,241,Solo Leisure,Economy Class,Boeing 737,3x3,0,2015-11-04,Singapore,5.0,4.0,4.0,4.0,4.0,,4.0,,,,,,1,Modern (2015-Present),Positive,0.8225,Pre Covid
1691,241,Couple Leisure,Economy Class,Airbus A330,2x4x2,0,2015-10-17,Germany,5.0,5.0,5.0,5.0,5.0,,3.0,,,,,,1,Modern (2015-Present),Positive,0.992,Pre Covid
1692,241,Family Leisure,Economy Class,Boeing 737,3x3,0,2015-07-03,Indonesia,4.0,4.0,4.0,4.0,4.0,,3.0,,,,,,1,Modern (2015-Present),Positive,0.8225,Pre Covid
1693,241,Couple Leisure,Economy Class,Airbus A330,2x4x2,0,2015-07-02,Indonesia,4.0,4.0,4.0,4.0,3.0,,4.0,,,,,,1,Modern (2015-Present),Positive,0.5106,Pre Covid
1694,241,Family Leisure,Economy Class,Airbus A330,2x4x2,0,2015-06-19,Indonesia,4.0,4.0,4.0,4.0,4.0,,3.0,,,,,,1,Modern (2015-Present),Positive,0.946,Pre Covid
1695,241,Family Leisure,Economy Class,Unknown,3x3x3,0,2015-06-18,United Kingdom,5.0,5.0,4.0,4.0,5.0,5.0,4.0,,,,,,1,Modern (2015-Present),Positive,0.7951,Pre Covid
1696,241,Unknown,Economy Class,Boeing 777,3x3x3,0,2015-01-28,Singapore,5.0,4.0,4.0,5.0,,,4.0,,,,,,1,Modern (2015-Present),Positive,0.9517,Pre Covid
1697,241,Unknown,Economy Class,Boeing 777,3x3x3,0,2014-03-11,Indonesia,5.0,4.0,5.0,4.0,,,4.0,,,,,,1,Historical (Pre-2015),Positive,0.807,Pre Covid
1698,241,Unknown,Premium Economy,Boeing 777,3x3x3,0,2014-01-10,Indonesia,5.0,5.0,4.0,5.0,,,4.0,,,,,,1,Historical (Pre-2015),Positive,0.9749,Pre Covid
1699,241,Unknown,Economy Class,Airbus A330,2x4x2,0,2013-02-15,Australia,4.0,3.0,4.0,4.0,,,5.0,,,,,,1,Historical (Pre-2015),Positive,0.5244,Pre Covid
1700,241,Unknown,Economy Class,Airbus A330,2x4x2,0,2012-12-24,Australia,5.0,4.0,4.0,5.0,,,5.0,,,,,,1,Historical (Pre-2015),Positive,0.9763,Pre Covid
1701,241,Unknown,Economy Class,Airbus A330,2x4x2,0,2009-01-15,Australia,4.0,3.0,3.0,3.0,,,3.0,,,,,,1,Historical (Pre-2015),Positive,0.6922,Pre Covid
1702,236,Solo Leisure,Economy Class,Airbus A320,3x3,1,2023-01-16,Australia,5.0,2.0,3.0,3.0,1.0,,,,,,,,0,Modern (2015-Present),Positive,0.5507,After Covid
1703,261,Solo Leisure,Economy Class,Airbus A320,3x3,1,2024-03-30,Australia,1.0,1.0,2.0,2.0,1.0,,,,,,,,0,Modern (2015-Present),Negative,-0.2192,After Covid
1704,261,Leisure,Business Class,Airbus A330,1x2x1,1,2022-12-29,Hong Kong,,,,,4.0,3.0,,5.0,5.0,4.0,5.0,5.0,1,Modern (2015-Present),Positive,0.4019,After Covid
1705,261,Family Leisure,Economy Class,Airbus A330,2x4x2,0,2017-08-08,Hong Kong,4.0,3.0,4.0,4.0,3.0,4.0,3.0,,,,,,1,Modern (2015-Present),Positive,0.5362,Pre Covid
1706,252,Solo Leisure,Economy Class,Airbus A320,3x3,1,2023-04-02,Hong Kong,4.0,3.0,4.0,4.0,4.0,,,,,,,,1,Modern (2015-Present),Positive,0.2034,After Covid
1707,252,Solo Leisure,Economy Class,Unknown,3x3,0,2015-11-29,Hong Kong,3.0,2.0,3.0,3.0,2.0,,,,,,,,1,Modern (2015-Present),Positive,0.7501,Pre Covid
1708,281,Leisure,Business Class,Boeing 787,1x2x1,1,2023-11-18,Australia,,,,,2.0,4.0,,1.0,3.0,1.0,3.0,3.0,0,Modern (2015-Present),Negative,-0.7992,After Covid
1709,281,Solo Leisure,Premium Economy,Boeing 787,2x3x2,0,2023-10-17,Australia,4.0,5.0,5.0,5.0,5.0,5.0,5.0,,,,,,1,Modern (2015-Present),Positive,0.9008,After Covid
1710,281,Business,Economy Class,Boeing 787,3x3x3,1,2022-11-09,Malaysia,4.0,4.0,4.0,4.0,4.0,5.0,5.0,,,,,,1,Modern (2015-Present),Positive,0.8779,After Covid
1711,281,Solo Leisure,Economy Class,Boeing 787,2x4x2,1,2019-12-28,Malaysia,5.0,5.0,5.0,5.0,5.0,5.0,5.0,,,,,,1,Modern (2015-Present),Positive,0.8168,Pre Covid
1712,281,Leisure,Business Class,Boeing 777,1x2x1,0,2019-08-19,Hong Kong,,,,,2.0,5.0,,4.0,5.0,4.0,4.0,3.0,1,Modern (2015-Present),Positive,0.9153,Pre Covid
1713,281,Business,Economy Class,Boeing 767,2x4x2,0,2018-02-09,Philippines,5.0,4.0,5.0,4.0,4.0,,,,,,,,1,Modern (2015-Present),Positive,0.8957,Pre Covid
1714,281,Couple Leisure,Economy Class,Boeing 787,2x4x2,0,2017-05-18,Spain,5.0,4.0,5.0,5.0,5.0,5.0,4.0,,,,,,1,Modern (2015-Present),Positive,0.8949,Pre Covid
1715,281,Solo Leisure,Economy Class,Boeing 777,3x3x3,0,2017-01-07,Australia,5.0,5.0,5.0,5.0,5.0,,5.0,,,,,,1,Modern (2015-Present),Positive,0.9501,Pre Covid
1716,281,Family Leisure,Economy Class,Boeing 767,2x3x2,0,2016-12-19,Singapore,5.0,4.0,5.0,5.0,4.0,5.0,5.0,,,,,,1,Modern (2015-Present),Positive,0.7841,Pre Covid
1717,281,Business,Economy Class,Boeing 787,2x4x2,0,2016-09-07,Japan,4.0,4.0,4.0,4.0,3.0,5.0,4.0,,,,,,1,Modern (2015-Present),Positive,0.882,Pre Covid
1718,281,Couple Leisure,Economy Class,Airbus A340,3x3x3,0,2016-05-17,Vietnam,5.0,5.0,4.0,4.0,4.0,4.0,3.0,,,,,,1,Modern (2015-Present),Positive,0.9531,Pre Covid
1719,281,Solo Leisure,Economy Class,Boeing 777,3x3x3,0,2015-11-17,United Kingdom,5.0,4.0,5.0,5.0,5.0,5.0,5.0,,,,,,1,Modern (2015-Present),Positive,0.7269,Pre Covid
1720,281,Solo Leisure,Premium Economy,Boeing 777,2x4x2,0,2015-10-15,United States,4.0,1.0,2.0,4.0,4.0,4.0,4.0,,,,,,0,Modern (2015-Present),Negative,-0.858,Pre Covid
1721,281,Family Leisure,Economy Class,Boeing 777,3x3x3,0,2015-07-22,United States,4.0,4.0,3.0,3.0,4.0,5.0,5.0,,,,,,0,Modern (2015-Present),Negative,-0.7379,Pre Covid
1722,281,Unknown,Economy Class,Boeing 737,3x3,0,2015-01-28,Singapore,4.0,5.0,4.0,3.0,,,1.0,,,,,,1,Modern (2015-Present),Positive,0.34,Pre Covid
1723,281,Unknown,Premium Economy,Boeing 737,2x3,0,2014-01-21,Singapore,5.0,5.0,5.0,5.0,,,1.0,,,,,,1,Historical (Pre-2015),Positive,0.9286,Pre Covid
1724,281,Unknown,Premium Economy,Boeing 777,2x2x2,0,2014-01-10,United States,5.0,4.0,5.0,5.0,,,5.0,,,,,,1,Historical (Pre-2015),Positive,0.938,Pre Covid
1725,281,Unknown,Economy Class,Boeing 747,3x3,0,2009-12-31,Australia,4.0,4.0,3.0,3.0,,,3.0,,,,,,1,Historical (Pre-2015),Positive,0.6478,Pre Covid
1726,281,Unknown,Economy Class,Boeing 747,3x4x3,0,2009-12-04,Singapore,3.0,2.0,2.0,3.0,,,2.0,,,,,,0,Historical (Pre-2015),Neutral,0.0,Pre Covid
1727,281,Unknown,Economy Class,Boeing 747,3x4x3,0,2009-09-01,Canada,3.0,3.0,3.0,2.0,,,2.0,,,,,,1,Historical (Pre-2015),Neutral,0.024,Pre Covid
1731,265,Couple Leisure,Economy Class,Airbus A330,2x4x2,0,2023-12-29,Belgium,1.0,2.0,1.0,2.0,1.0,5.0,1.0,,,,,,0,Modern (2015-Present),Negative,-0.9455,After Covid
1732,265,Family Leisure,Economy Class,Airbus A320,3x3,1,2023-12-06,Greece,1.0,1.0,1.0,1.0,1.0,,,,,,,,0,Modern (2015-Present),Negative,-0.6597,After Covid
1733,265,Leisure,Business Class,Airbus A340,1x2x1,1,2021-11-29,Portugal,,,,,2.0,4.0,,3.0,3.0,2.0,4.0,2.0,0,Modern (2015-Present),Negative,-0.1858,Covid
1734,265,Solo Leisure,Premium Economy,Airbus A330,2x3x2,0,2020-04-19,United Kingdom,4.0,5.0,5.0,5.0,5.0,5.0,5.0,,,,,,1,Modern (2015-Present),Positive,0.9862,Covid
1735,265,Couple Leisure,Economy Class,Airbus A320,3x3,1,2019-05-26,United States,2.0,1.0,2.0,3.0,3.0,1.0,,,,,,,0,Modern (2015-Present),Negative,-0.5766,Pre Covid
1736,265,Solo Leisure,Economy Class,Airbus A320,3x3,1,2019-03-20,United States,3.0,1.0,3.0,2.0,4.0,1.0,,,,,,,1,Modern (2015-Present),Negative,-0.7347,Pre Covid
1737,265,Business,Economy Class,Airbus A319,3x3,1,2018-12-16,United Kingdom,1.0,1.0,3.0,1.0,3.0,,,,,,,,0,Modern (2015-Present),Negative,-0.872,Pre Covid
1738,265,Family Leisure,Economy Class,Airbus A319,3x3,1,2018-11-19,United Kingdom,1.0,1.0,3.0,2.0,1.0,,,,,,,,0,Modern (2015-Present),Negative,-0.6486,Pre Covid
1739,265,Couple Leisure,Economy Class,Airbus A319,3x3,1,2018-02-16,United States,1.0,1.0,3.0,3.0,2.0,,,,,,,,0,Modern (2015-Present),Positive,0.2746,Pre Covid
1740,265,Solo Leisure,Economy Class,Airbus A330,2x4x2,1,2018-02-13,Guatemala,1.0,3.0,3.0,2.0,3.0,3.0,4.0,,,,,,0,Modern (2015-Present),Positive,0.8837,Pre Covid
1741,265,Business,Economy Class,Airbus A320,3x3,0,2017-07-18,United States,1.0,1.0,2.0,2.0,1.0,1.0,,,,,,,0,Modern (2015-Present),Positive,0.2846,Pre Covid
1742,265,Solo Leisure,Economy Class,Airbus A330,2x4x2,0,2017-05-17,Argentina,1.0,1.0,1.0,1.0,1.0,,4.0,,,,,,0,Modern (2015-Present),Positive,0.38,Pre Covid
1743,265,Couple Leisure,Economy Class,Airbus A330,2x4x2,0,2016-11-18,Germany,1.0,2.0,2.0,1.0,3.0,3.0,2.0,,,,,,0,Modern (2015-Present),Positive,0.9817,Pre Covid
1744,265,Family Leisure,Economy Class,Airbus A319,3x3,0,2016-03-09,Spain,2.0,1.0,1.0,1.0,2.0,,,,,,,,0,Modern (2015-Present),Negative,-0.4558,Pre Covid
1745,265,Business,Economy Class,Airbus A320,3x3,0,2016-02-13,United States,1.0,1.0,2.0,1.0,1.0,,,,,,,,0,Modern (2015-Present),Negative,-0.9022,Pre Covid
1746,265,Business,Economy Class,Airbus A340,2x4x2,0,2015-09-18,United Kingdom,1.0,1.0,2.0,2.0,1.0,3.0,2.0,,,,,,0,Modern (2015-Present),Negative,-0.6152,Pre Covid
1747,265,Business,Economy Class,Airbus A320,3x3,0,2015-07-16,United Kingdom,1.0,1.0,2.0,1.0,2.0,,,,,,,,0,Modern (2015-Present),Negative,-0.5554,Pre Covid
1748,265,Business,Economy Class,Airbus A320,3x3,0,2015-06-17,United Kingdom,1.0,1.0,1.0,1.0,1.0,,,,,,,,0,Modern (2015-Present),Negative,-0.7427,Pre Covid
1749,265,Unknown,Economy Class,Airbus A340,2x4x2,0,2014-08-12,United Kingdom,1.0,2.0,2.0,2.0,,,1.0,,,,,,0,Historical (Pre-2015),Negative,-0.7559,Pre Covid
1750,265,Unknown,Economy Class,Airbus A340,2x4x2,0,2014-07-25,United Kingdom,2.0,1.0,2.0,1.0,,,1.0,,,,,,0,Historical (Pre-2015),Negative,-0.9784,Pre Covid
1751,265,Unknown,Economy Class,Airbus A340,2x4x2,0,2013-04-20,United Kingdom,1.0,3.0,2.0,1.0,,,1.0,,,,,,0,Historical (Pre-2015),Positive,0.6461,Pre Covid
1752,265,Unknown,Economy Class,Airbus A319,3x3,0,2013-01-18,Spain,1.0,1.0,3.0,2.0,,,,,,,,,0,Historical (Pre-2015),Negative,-0.9656,Pre Covid
1753,265,Unknown,Economy Class,Airbus A340,2x4x2,0,2012-12-24,United Kingdom,2.0,1.0,1.0,1.0,,,1.0,,,,,,0,Historical (Pre-2015),Negative,-0.8313,Pre Covid
1754,265,Unknown,Economy Class,Airbus A340,2x4x2,0,2011-09-19,United Kingdom,1.0,2.0,1.0,2.0,,,1.0,,,,,,0,Historical (Pre-2015),Neutral,-0.024,Pre Covid
1755,265,Unknown,Economy Class,Airbus A340,2x4x2,0,2010-12-05,France,2.0,1.0,3.0,2.0,,,1.0,,,,,,0,Historical (Pre-2015),Negative,-0.3784,Pre Covid
1756,265,Unknown,Economy Class,Airbus A340,2x4x2,0,2010-11-22,United Kingdom,3.0,2.0,3.0,3.0,,,1.0,,,,,,0,Historical (Pre-2015),Positive,0.4417,Pre Covid
1757,265,Unknown,Economy Class,Airbus A340,2x4x2,0,2010-08-09,Croatia,1.0,1.0,2.0,3.0,,,1.0,,,,,,0,Historical (Pre-2015),Positive,0.1983,Pre Covid
1758,265,Unknown,Economy Class,Airbus A340,2x4x2,0,2010-07-17,United Kingdom,2.0,1.0,1.0,1.0,,,1.0,,,,,,0,Historical (Pre-2015),Negative,-0.7165,Pre Covid
1759,265,Unknown,Economy Class,Airbus A340,2x4x2,0,2010-01-11,United Kingdom,2.0,3.0,3.0,2.0,,,1.0,,,,,,0,Historical (Pre-2015),Negative,-0.2244,Pre Covid
1760,265,Unknown,Economy Class,Airbus A340,3x4x3,0,2009-08-14,United Kingdom,2.0,2.0,2.0,2.0,,,1.0,,,,,,0,Historical (Pre-2015),Negative,-0.9682,Pre Covid
1761,265,Unknown,Economy Class,Airbus A340,2x4x2,0,2009-02-07,Spain,3.0,3.0,3.0,3.0,,,1.0,,,,,,0,Historical (Pre-2015),Positive,0.1664,Pre Covid
1765,269,Solo Leisure,Economy Class,Unknown,3x3,1,2023-07-22,Kenya,1.0,1.0,3.0,2.0,2.0,,,,,,,,0,Modern (2015-Present),Negative,-0.5574,After Covid
1766,269,Couple Leisure,Economy Class,Airbus A320,unknown,1,2019-05-31,India,1.0,1.0,1.0,1.0,1.0,,,,,,,,0,Modern (2015-Present),Negative,-0.2484,Pre Covid
1767,269,Solo Leisure,Economy Class,Airbus A320,3x3,0,2017-10-16,United Arab Emirates,1.0,1.0,1.0,1.0,4.0,,,,,,,,0,Modern (2015-Present),Positive,0.834,Pre Covid
1768,269,Solo Leisure,Economy Class,Airbus A320,3x3,0,2016-11-08,India,5.0,5.0,5.0,5.0,5.0,,,,,,,,1,Modern (2015-Present),Positive,0.9625,Pre Covid
1769,269,Business,Economy Class,Airbus A320,3x3,0,2016-05-11,India,4.0,2.0,2.0,3.0,3.0,,,,,,,,0,Modern (2015-Present),Positive,0.7314,Pre Covid
1770,286,Family Leisure,Economy Class,Boeing 737,3x3,0,2024-07-13,United Kingdom,4.0,1.0,4.0,3.0,2.0,,,,,,,,1,Modern (2015-Present),Positive,0.9675,After Covid
1771,286,Couple Leisure,Economy Class,Airbus A321,3x3,0,2024-05-18,United Kingdom,1.0,1.0,1.0,1.0,1.0,1.0,1.0,,,,,,0,Modern (2015-Present),Negative,-0.8793,After Covid
1772,286,Solo Leisure,Economy Class,Boeing 737,3x3,0,2024-01-22,United Kingdom,2.0,1.0,1.0,1.0,2.0,,,,,,,,0,Modern (2015-Present),Negative,-0.767,After Covid
1773,286,Family Leisure,Economy Class,Boeing 737,3x3,0,2023-06-30,United Kingdom,3.0,1.0,3.0,3.0,2.0,,,,,,,,1,Modern (2015-Present),Negative,-0.1285,After Covid
1774,286,Couple Leisure,Economy Class,Boeing 757,3x3,0,2018-02-14,United Kingdom,2.0,1.0,1.0,1.0,1.0,,,,,,,,0,Modern (2015-Present),Positive,0.6483,Pre Covid
1775,286,Couple Leisure,Economy Class,Boeing 737,3x3,1,2018-01-29,United Kingdom,4.0,3.0,3.0,3.0,1.0,,,,,,,,1,Modern (2015-Present),Positive,0.2891,Pre Covid
1776,286,Couple Leisure,Economy Class,Boeing 737,3x3,0,2016-07-27,United Kingdom,1.0,1.0,2.0,2.0,1.0,,,,,,,,1,Modern (2015-Present),Negative,-0.3319,Pre Covid
1777,286,Family Leisure,Economy Class,Boeing 757,3x3,0,2016-04-19,United Kingdom,4.0,2.0,3.0,3.0,2.0,,,,,,,,0,Modern (2015-Present),Negative,-0.2455,Pre Covid
1778,286,Couple Leisure,Economy Class,Boeing 737,3x3,0,2015-10-21,United Kingdom,2.0,2.0,2.0,2.0,2.0,,,,,,,,0,Modern (2015-Present),Negative,-0.4003,Pre Covid
1779,286,Solo Leisure,Economy Class,Boeing 737,3x3,0,2015-09-22,United Kingdom,4.0,1.0,4.0,3.0,3.0,,,,,,,,1,Modern (2015-Present),Negative,-0.5989,Pre Covid
1780,286,Solo Leisure,Economy Class,Boeing 737,3x3,0,2015-09-03,United Kingdom,5.0,5.0,5.0,5.0,5.0,,,,,,,,1,Modern (2015-Present),Positive,0.5719,Pre Covid
1781,286,Couple Leisure,Economy Class,Boeing 757,3x3,0,2015-08-26,United Kingdom,4.0,1.0,3.0,3.0,1.0,,,,,,,,0,Modern (2015-Present),Negative,-0.3167,Pre Covid
1782,286,Couple Leisure,Economy Class,Boeing 737,3x3,0,2015-07-27,United Kingdom,5.0,1.0,3.0,3.0,2.0,,,,,,,,1,Modern (2015-Present),Positive,0.5335,Pre Covid
1783,286,Unknown,Economy Class,Boeing 737,3x3,0,2014-01-12,United Kingdom,2.0,1.0,2.0,1.0,,,1.0,,,,,,0,Historical (Pre-2015),Negative,-0.7707,Pre Covid
1784,264,Business,Economy Class,Unknown,3x3,1,2025-11-25,Belgium,3.0,1.0,2.0,1.0,4.0,,2.0,,,,,,0,Modern (2015-Present),Negative,-0.4391,After Covid
1785,264,Solo Leisure,Economy Class,Airbus A320,3x3,1,2024-01-09,United Kingdom,1.0,3.0,1.0,3.0,3.0,,,,,,,,0,Modern (2015-Present),Negative,-0.704,After Covid
1786,264,Family Leisure,Economy Class,Airbus A320,3x3,1,2023-05-27,United Kingdom,1.0,1.0,1.0,1.0,1.0,,,,,,,,0,Modern (2015-Present),Negative,-0.1779,After Covid
1787,268,Family Leisure,Economy Class,Boeing 737,3x3,1,2024-01-04,Australia,5.0,4.0,4.0,4.0,3.0,5.0,5.0,,,,,,1,Modern (2015-Present),Positive,0.6412,After Covid
1788,268,Couple Leisure,Economy Class,Boeing 737,3x3,1,2023-02-02,United States,1.0,2.0,2.0,2.0,2.0,2.0,3.0,,,,,,0,Modern (2015-Present),Positive,0.6116,After Covid
1789,268,Leisure,Business Class,Boeing 767,2x1x2,1,2022-08-21,United Kingdom,,,,,2.0,5.0,,2.0,4.0,5.0,1.0,2.0,1,Modern (2015-Present),Positive,0.7511,After Covid
1790,268,Couple Leisure,Economy Class,Boeing 757,3x3,1,2019-10-22,United States,1.0,1.0,1.0,4.0,4.0,,,,,,,,0,Modern (2015-Present),Positive,0.9159,Pre Covid
1791,268,Family Leisure,Economy Class,Boeing 737,3x3,0,2018-08-13,Norway,1.0,1.0,1.0,1.0,1.0,3.0,2.0,,,,,,0,Modern (2015-Present),Negative,-0.8606,Pre Covid
1792,268,Couple Leisure,Economy Class,Boeing 757,3x3,0,2018-08-12,United States,5.0,3.0,3.0,3.0,3.0,4.0,4.0,,,,,,1,Modern (2015-Present),Positive,0.5719,Pre Covid
1793,268,Couple Leisure,Economy Class,Boeing 757,3x3,0,2018-06-03,United States,3.0,3.0,3.0,3.0,1.0,3.0,5.0,,,,,,0,Modern (2015-Present),Positive,0.2508,Pre Covid
1794,268,Couple Leisure,Economy Class,Boeing 767,2x3x2,0,2017-04-30,United States,3.0,2.0,2.0,4.0,1.0,,5.0,,,,,,1,Modern (2015-Present),Negative,-0.5344,Pre Covid
1795,268,Business,Premium Economy,Boeing 767,2x2x2,0,2017-03-19,United States,1.0,1.0,1.0,2.0,1.0,5.0,3.0,,,,,,0,Modern (2015-Present),Positive,0.6581,Pre Covid
1796,268,Couple Leisure,Economy Class,Boeing 757,3x3,0,2016-10-07,Canada,3.0,3.0,4.0,3.0,3.0,5.0,5.0,,,,,,1,Modern (2015-Present),Positive,0.9893,Pre Covid
1797,268,Family Leisure,Economy Class,Boeing 757,3x3,0,2016-03-24,Canada,3.0,3.0,2.0,2.0,3.0,4.0,5.0,,,,,,0,Modern (2015-Present),Positive,0.1713,Pre Covid
1798,268,Family Leisure,Premium Economy,Boeing 757,2x2,0,2015-10-30,United States,4.0,3.0,4.0,3.0,2.0,2.0,3.0,,,,,,0,Modern (2015-Present),Positive,0.1603,Pre Covid
1799,268,Business,Economy Class,Boeing 757,3x3,0,2015-07-12,Bermuda,4.0,5.0,5.0,4.0,4.0,4.0,5.0,,,,,,1,Modern (2015-Present),Positive,0.7867,Pre Covid
1800,268,Unknown,Premium Economy,Unknown,3x3,0,2009-03-03,United States,4.0,4.0,4.0,5.0,,,4.0,,,,,,1,Historical (Pre-2015),Negative,-0.34,Pre Covid
1801,292,Couple Leisure,Economy Class,Airbus A320,3x3,1,2024-01-31,New Zealand,1.0,1.0,3.0,1.0,1.0,,,,,,,,0,Modern (2015-Present),Negative,-0.7428,After Covid
1802,292,Family Leisure,Economy Class,Airbus A320,3x3,1,2017-12-07,Japan,1.0,1.0,3.0,2.0,1.0,,,,,,,,0,Modern (2015-Present),Negative,-0.7351,Pre Covid
1803,255,Couple Leisure,Premium Economy,Airbus A330,2x4x2,0,2023-12-06,United States,4.0,3.0,4.0,4.0,3.0,5.0,5.0,,,,,,1,Modern (2015-Present),Positive,0.9295,After Covid
1804,255,Leisure,First Class,Airbus A330,2x2x2,1,2019-10-22,United States,,,,,5.0,5.0,,5.0,5.0,5.0,5.0,4.0,1,Modern (2015-Present),Positive,0.9573,Pre Covid
1805,255,Couple Leisure,Premium Economy,Airbus A330,2x4x2,0,2019-07-30,New Zealand,4.0,1.0,2.0,3.0,2.0,3.0,3.0,,,,,,0,Modern (2015-Present),Negative,-0.2273,Pre Covid
1806,255,Family Leisure,Economy Class,Airbus A330,2x4x2,1,2018-01-01,United States,1.0,1.0,2.0,2.0,3.0,1.0,1.0,,,,,,0,Modern (2015-Present),Negative,-0.6131,Pre Covid
1807,255,Solo Leisure,Premium Economy,Airbus A330,unknown,0,2015-09-28,Australia,5.0,3.0,4.0,4.0,3.0,5.0,3.0,,,,,,1,Modern (2015-Present),Positive,0.9246,Pre Covid
1808,266,Solo Leisure,Economy Class,Airbus A320,3x3,0,2016-03-12,United Kingdom,5.0,1.0,3.0,2.0,4.0,,,,,,,,1,Modern (2015-Present),Negative,-0.4248,Pre Covid
1809,266,Solo Leisure,Economy Class,Airbus A321,3x3,0,2015-09-21,Germany,3.0,1.0,2.0,2.0,3.0,,,,,,,,0,Modern (2015-Present),Negative,-0.2846,Pre Covid
1810,266,Solo Leisure,Premium Economy,Airbus A321,2x2,0,2015-09-21,United Kingdom,3.0,1.0,3.0,3.0,3.0,1.0,,,,,,,1,Modern (2015-Present),Positive,0.937,Pre Covid
1811,274,Family Leisure,Economy Class,Airbus A330,2x4x2,1,2020-01-18,Iran,5.0,4.0,4.0,5.0,5.0,5.0,4.0,,,,,,1,Modern (2015-Present),Positive,0.7535,Covid
1812,296,Family Leisure,Economy Class,Airbus A320,3x3,1,2018-09-18,Unknown,5.0,4.0,4.0,3.0,3.0,4.0,,,,,,,1,Modern (2015-Present),Positive,0.8807,Pre Covid
1813,298,Couple Leisure,Economy Class,Airbus A320,3x3,1,2019-02-07,Thailand,1.0,1.0,1.0,1.0,1.0,,,,,,,,0,Modern (2015-Present),Positive,0.7972,Pre Covid
1814,290,Couple Leisure,Economy Class,Boeing 787,3x3x3,1,2024-04-14,Australia,2.0,2.0,2.0,2.0,4.0,4.0,4.0,,,,,,1,Modern (2015-Present),Positive,0.91,After Covid
1815,290,Couple Leisure,Economy Class,Airbus A320,3x3,1,2024-04-14,Australia,2.0,2.0,2.0,3.0,2.0,,,,,,,,1,Modern (2015-Present),Positive,0.5046,After Covid
1816,290,Solo Leisure,Economy Class,Airbus A320,unknown,1,2023-04-12,Australia,1.0,1.0,1.0,2.0,1.0,,,,,,,,0,Modern (2015-Present),Negative,-0.5789,After Covid
1817,290,Couple Leisure,Economy Class,Airbus A320,3x3,1,2022-12-29,New Zealand,1.0,1.0,2.0,2.0,2.0,,,,,,,,0,Modern (2015-Present),Positive,0.296,After Covid
1818,290,Couple Leisure,Economy Class,Airbus A320,3x3,0,2022-09-13,Australia,1.0,1.0,2.0,2.0,1.0,,,,,,,,0,Modern (2015-Present),Positive,0.687,After Covid
1819,290,Family Leisure,Economy Class,Airbus A320,unknown,0,2020-04-19,Australia,4.0,3.0,3.0,2.0,3.0,,,,,,,,1,Modern (2015-Present),Positive,0.949,Covid
1820,290,Couple Leisure,Economy Class,Airbus A320,3x3,0,2019-05-27,Australia,1.0,1.0,2.0,2.0,2.0,,,,,,,,0,Modern (2015-Present),Negative,-0.7258,Pre Covid
1821,290,Solo Leisure,Economy Class,Airbus A320,3x3,1,2019-03-26,Australia,2.0,1.0,1.0,1.0,3.0,,,,,,,,0,Modern (2015-Present),Negative,-0.7452,Pre Covid
1822,290,Solo Leisure,Economy Class,Airbus A320,3x3,1,2019-01-02,Australia,3.0,1.0,2.0,1.0,1.0,,,,,,,,0,Modern (2015-Present),Negative,-0.9542,Pre Covid
1823,290,Business,Economy Class,Airbus A321,3x3,1,2017-12-03,Australia,5.0,4.0,3.0,3.0,4.0,,,,,,,,1,Modern (2015-Present),Positive,0.8591,Pre Covid
1824,290,Solo Leisure,Economy Class,Airbus A320,3x3,0,2016-01-07,Australia,1.0,1.0,1.0,1.0,2.0,,,,,,,,0,Modern (2015-Present),Positive,0.9378,Pre Covid
1825,290,Family Leisure,Economy Class,Boeing 787,3x3x3,0,2015-12-13,Australia,1.0,1.0,1.0,1.0,1.0,2.0,2.0,,,,,,0,Modern (2015-Present),Negative,-0.3751,Pre Covid
1826,290,Couple Leisure,Economy Class,Boeing 787,3x3x3,0,2015-11-13,Australia,1.0,2.0,1.0,3.0,2.0,,4.0,,,,,,0,Modern (2015-Present),Positive,0.58,Pre Covid
1827,290,Solo Leisure,Economy Class,Boeing 787,3x3x3,0,2015-11-06,Australia,3.0,2.0,1.0,3.0,4.0,5.0,4.0,,,,,,1,Modern (2015-Present),Positive,0.9818,Pre Covid
1828,290,Family Leisure,Premium Economy,Boeing 787,2x3x2,0,2015-09-27,Australia,3.0,4.0,4.0,2.0,5.0,5.0,5.0,,,,,,1,Modern (2015-Present),Positive,0.9749,Pre Covid
1829,290,Family Leisure,Premium Economy,Boeing 787,2x3x2,0,2015-09-07,Australia,4.0,4.0,5.0,4.0,3.0,5.0,4.0,,,,,,1,Modern (2015-Present),Negative,-0.4248,Pre Covid
1830,290,Business,Premium Economy,Boeing 787,2x3x2,0,2015-06-20,Australia,1.0,1.0,2.0,1.0,1.0,,1.0,,,,,,0,Modern (2015-Present),Positive,0.7927,Pre Covid
1831,290,Unknown,Economy Class,Boeing 787,3x3x3,0,2015-05-30,Australia,5.0,4.0,3.0,5.0,,,3.0,,,,,,0,Modern (2015-Present),Negative,-0.7836,Pre Covid
1832,290,Unknown,Economy Class,Airbus A320,3x3,0,2015-01-28,Australia,2.0,4.0,4.0,2.0,,,1.0,,,,,,0,Modern (2015-Present),Negative,-0.6143,Pre Covid
1833,290,Unknown,Economy Class,Airbus A320,3x3,0,2014-03-03,Australia,2.0,2.0,3.0,1.0,,,1.0,,,,,,0,Historical (Pre-2015),Positive,0.4404,Pre Covid
1834,290,Unknown,Premium Economy,Airbus A330,2x3x2,0,2014-01-10,Australia,4.0,3.0,4.0,5.0,,,1.0,,,,,,1,Historical (Pre-2015),Negative,-0.4215,Pre Covid
1835,293,Solo Leisure,Economy Class,Airbus A320,3x3,0,2015-11-03,United Kingdom,4.0,4.0,4.0,4.0,3.0,,,,,,,,0,Modern (2015-Present),Positive,0.8271,Pre Covid
1836,305,Couple Leisure,Economy Class,Boeing 787,3x3x3,1,2022-08-19,United States,5.0,4.0,3.0,4.0,3.0,5.0,3.0,,,,,,1,Modern (2015-Present),Positive,0.9843,After Covid
1837,305,Leisure,Business Class,Boeing 787,2x2x2,1,2019-11-03,Thailand,,,,,5.0,5.0,,5.0,5.0,5.0,5.0,4.0,1,Modern (2015-Present),Positive,0.807,Pre Covid
1838,305,Business,Economy Class,Boeing 737,3x3,1,2019-04-25,United Kingdom,3.0,2.0,3.0,2.0,3.0,1.0,4.0,,,,,,1,Modern (2015-Present),Positive,0.7717,Pre Covid
1839,305,Family Leisure,Economy Class,Boeing 787,3x3x3,0,2015-09-14,South Africa,4.0,3.0,4.0,4.0,3.0,4.0,4.0,,,,,,1,Modern (2015-Present),Positive,0.8834,Pre Covid
1840,305,Unknown,Economy Class,Boeing 767,2x3x2,0,2011-05-28,Australia,1.0,3.0,3.0,3.0,,,3.0,,,,,,0,Historical (Pre-2015),Neutral,0.0,Pre Covid
1841,285,Business,Economy Class,Boeing 737,3x3,1,2019-03-20,India,5.0,5.0,5.0,5.0,5.0,,,,,,,,1,Modern (2015-Present),Positive,0.9313,Pre Covid
1842,285,Solo Leisure,Economy Class,Boeing 737,3x3,1,2018-07-29,United States,3.0,3.0,3.0,3.0,3.0,,,,,,,,0,Modern (2015-Present),Positive,0.8621,Pre Covid
1843,285,Solo Leisure,Economy Class,Airbus A330,2x4x2,0,2018-03-17,India,4.0,2.0,3.0,4.0,1.0,1.0,1.0,,,,,,0,Modern (2015-Present),Positive,0.128,Pre Covid
1844,285,Solo Leisure,Economy Class,Boeing 737,3x3,0,2017-10-16,United Arab Emirates,1.0,1.0,1.0,2.0,3.0,2.0,,,,,,,0,Modern (2015-Present),Positive,0.891,Pre Covid
1845,285,Business,Economy Class,Boeing 777,3x4x3,0,2016-09-25,India,5.0,5.0,5.0,5.0,5.0,5.0,5.0,,,,,,1,Modern (2015-Present),Positive,0.9079,Pre Covid
1846,285,Business,Economy Class,Boeing 737,3x3,0,2016-08-26,India,5.0,5.0,4.0,4.0,5.0,,,,,,,,1,Modern (2015-Present),Positive,0.8716,Pre Covid
1847,285,Solo Leisure,Economy Class,Boeing 777,3x4x3,0,2016-07-26,India,1.0,3.0,2.0,1.0,1.0,,3.0,,,,,,0,Modern (2015-Present),Negative,-0.9678,Pre Covid
1848,285,Solo Leisure,Economy Class,Boeing 737,3x3,0,2016-04-26,India,4.0,5.0,3.0,3.0,3.0,,,,,,,,1,Modern (2015-Present),Positive,0.8116,Pre Covid
1849,285,Business,Economy Class,Boeing 737,3x3,0,2015-10-24,India,1.0,1.0,2.0,2.0,2.0,,1.0,,,,,,0,Modern (2015-Present),Neutral,-0.0427,Pre Covid
1850,285,Solo Leisure,Economy Class,Boeing 777,3x4x3,0,2015-09-20,United Kingdom,1.0,1.0,1.0,2.0,2.0,1.0,1.0,,,,,,0,Modern (2015-Present),Negative,-0.1986,Pre Covid
1851,285,Unknown,Economy Class,Airbus A330,2x4x2,0,2014-07-25,Malaysia,4.0,4.0,4.0,4.0,,,4.0,,,,,,1,Historical (Pre-2015),Positive,0.9046,Pre Covid
1852,285,Unknown,Economy Class,Airbus A330,2x4x2,0,2013-01-01,France,3.0,2.0,3.0,2.0,,,2.0,,,,,,1,Historical (Pre-2015),Negative,-0.2398,Pre Covid
1853,285,Unknown,Economy Class,Airbus A330,2x4x2,0,2011-04-18,New Zealand,3.0,3.0,2.0,4.0,,,1.0,,,,,,0,Historical (Pre-2015),Negative,-0.6895,Pre Covid
1855,291,Family Leisure,Economy Class,Airbus A320,3x3,1,2019-05-17,Singapore,4.0,3.0,3.0,2.0,3.0,,,,,,,,1,Modern (2015-Present),Negative,-0.5647,Pre Covid
1856,291,Couple Leisure,Economy Class,Airbus A320,3x3,1,2019-02-10,Singapore,4.0,3.0,4.0,2.0,4.0,,,,,,,,1,Modern (2015-Present),Positive,0.8658,Pre Covid
1857,291,Couple Leisure,Economy Class,Airbus A320,3x3,1,2019-02-06,Singapore,4.0,3.0,4.0,3.0,3.0,,,,,,,,1,Modern (2015-Present),Positive,0.7964,Pre Covid
1858,291,Couple Leisure,Economy Class,Airbus A320,3x3,0,2016-03-03,Philippines,5.0,3.0,5.0,5.0,3.0,,,,,,,,1,Modern (2015-Present),Positive,0.7025,Pre Covid
1859,291,Solo Leisure,Economy Class,Airbus A320,3x3,0,2015-11-13,United Kingdom,4.0,3.0,3.0,4.0,1.0,,,,,,,,1,Modern (2015-Present),Positive,0.9641,Pre Covid
1860,291,Family Leisure,Economy Class,Airbus A320,3x3,0,2015-09-25,Singapore,2.0,3.0,3.0,3.0,4.0,,,,,,,,1,Modern (2015-Present),Negative,-0.4165,Pre Covid
1861,313,Couple Leisure,Economy Class,Airbus A320,3x3,0,2016-04-18,South Africa,5.0,4.0,4.0,4.0,5.0,,3.0,,,,,,1,Modern (2015-Present),Positive,0.9497,Pre Covid
1862,314,Business,Business Class,Airbus A330,2x2x2,1,2025-09-20,Australia,,,,,,,,1.0,1.0,1.0,1.0,1.0,0,Modern (2015-Present),Negative,-0.1027,After Covid
1863,314,Solo Leisure,Economy Class,Boeing 777,3x4x3,0,2025-01-14,Switzerland,1.0,1.0,1.0,1.0,1.0,3.0,1.0,,,,,,0,Modern (2015-Present),Positive,0.8092,After Covid
1864,314,Family Leisure,Economy Class,Boeing 777,3x4x3,1,2019-09-07,United Kingdom,1.0,1.0,1.0,1.0,1.0,1.0,1.0,,,,,,0,Modern (2015-Present),Negative,-0.8062,Pre Covid
1865,314,Business,Premium Economy,Boeing 767,2x2x2,1,2018-12-16,Portugal,3.0,3.0,1.0,3.0,2.0,,1.0,,,,,,0,Modern (2015-Present),Negative,-0.2157,Pre Covid
1866,314,Business,Economy Class,Airbus A321,3x3,1,2018-03-31,Switzerland,1.0,2.0,2.0,3.0,2.0,,,,,,,,0,Modern (2015-Present),Negative,-0.1531,Pre Covid
1867,314,Business,Economy Class,Boeing 777,3x4x3,0,2017-09-05,United Kingdom,1.0,1.0,1.0,5.0,3.0,,2.0,,,,,,0,Modern (2015-Present),Positive,0.4609,Pre Covid
1868,308,Business,Economy Class,Boeing 737,3x3,0,2016-01-25,South Africa,1.0,1.0,1.0,2.0,1.0,,,,,,,,0,Modern (2015-Present),Negative,-0.8352,Pre Covid
1869,253,Family Leisure,Economy Class,Other Aircraft,2x2,0,2016-12-30,France,5.0,4.0,4.0,4.0,4.0,,,,,,,,1,Modern (2015-Present),Positive,0.9429,Pre Covid
1870,309,Couple Leisure,Economy Class,Airbus A330,2x4x2,1,2026-02-08,Germany,5.0,5.0,5.0,5.0,5.0,5.0,5.0,,,,,,1,Modern (2015-Present),Positive,0.9186,After Covid
1871,309,Couple Leisure,Economy Class,Boeing 777,3x3x3,1,2026-02-08,Germany,5.0,5.0,5.0,5.0,5.0,5.0,5.0,,,,,,1,Modern (2015-Present),Positive,0.7425,After Covid
1872,309,Solo Leisure,Economy Class,Boeing 777,3x3x3,1,2025-11-01,Germany,5.0,5.0,5.0,5.0,5.0,5.0,5.0,,,,,,1,Modern (2015-Present),Positive,0.4404,After Covid
1873,309,Solo Leisure,Economy Class,Airbus A320,3x3,1,2025-11-01,Germany,5.0,5.0,5.0,4.0,4.0,2.0,5.0,,,,,,1,Modern (2015-Present),Positive,0.7351,After Covid
1874,309,Solo Leisure,Economy Class,Airbus A320,3x3,1,2025-09-02,Germany,5.0,5.0,4.0,5.0,5.0,5.0,5.0,,,,,,1,Modern (2015-Present),Positive,0.9296,After Covid
1875,309,Family Leisure,Economy Class,Boeing 777,3x3x3,1,2019-06-06,Kuwait,5.0,3.0,1.0,2.0,3.0,1.0,2.0,,,,,,0,Modern (2015-Present),Positive,0.604,Pre Covid
1876,309,Solo Leisure,Economy Class,Boeing 777,3x3x3,0,2015-10-08,United States,2.0,1.0,1.0,3.0,1.0,,,,,,,,0,Modern (2015-Present),Negative,-0.4201,Pre Covid
1877,309,Couple Leisure,Economy Class,Boeing 777,3x3x3,0,2015-10-04,India,4.0,2.0,3.0,3.0,4.0,,1.0,,,,,,1,Modern (2015-Present),Positive,0.7899,Pre Covid
1878,309,Unknown,Economy Class,Boeing 777,3x3x3,0,2015-01-28,United Arab Emirates,3.0,3.0,3.0,3.0,,,1.0,,,,,,0,Modern (2015-Present),Positive,0.9233,Pre Covid
1879,324,Solo Leisure,Economy Class,Airbus A330,2x4x2,1,2019-05-11,Canada,2.0,2.0,2.0,2.0,2.0,3.0,4.0,,,,,,0,Modern (2015-Present),Negative,-0.7158,Pre Covid
1880,289,Couple Leisure,Economy Class,Airbus A320,3x3,0,2024-04-12,United States,3.0,3.0,4.0,4.0,3.0,3.0,5.0,,,,,,1,Modern (2015-Present),Neutral,0.0106,After Covid
1881,289,Family Leisure,Economy Class,Airbus A321,3x3,0,2022-03-24,United States,3.0,3.0,3.0,3.0,2.0,3.0,3.0,,,,,,0,Modern (2015-Present),Neutral,-0.0258,After Covid
1882,289,Family Leisure,Premium Economy,Airbus A320,3x3,0,2021-09-16,United States,1.0,1.0,3.0,2.0,2.0,,,,,,,,0,Modern (2015-Present),Negative,-0.7789,Covid
1883,289,Solo Leisure,Economy Class,Airbus A320,3x3,1,2021-07-28,United States,5.0,5.0,5.0,5.0,5.0,5.0,5.0,,,,,,1,Modern (2015-Present),Positive,0.9932,Covid
1884,289,Solo Leisure,Premium Economy,Other Aircraft,2x2,0,2021-07-07,United States,1.0,1.0,2.0,1.0,1.0,,,,,,,,0,Modern (2015-Present),Positive,0.3011,Covid
1885,289,Solo Leisure,Economy Class,Airbus A321,3x3,1,2021-06-07,United States,4.0,1.0,3.0,1.0,2.0,1.0,3.0,,,,,,0,Modern (2015-Present),Negative,-0.2928,Covid
1886,289,Solo Leisure,Economy Class,Airbus A320,3x3,0,2016-12-11,United States,3.0,3.0,3.0,1.0,1.0,1.0,1.0,,,,,,0,Modern (2015-Present),Positive,0.4885,Pre Covid
1887,289,Family Leisure,Economy Class,Other Aircraft,2x2,0,2016-02-08,Bahamas,5.0,5.0,5.0,5.0,5.0,,5.0,,,,,,1,Modern (2015-Present),Positive,0.9725,Pre Covid
1888,289,Couple Leisure,Economy Class,Airbus A320,3x3,0,2015-09-10,United States,2.0,1.0,2.0,1.0,1.0,1.0,1.0,,,,,,0,Modern (2015-Present),Negative,-0.6318,Pre Covid
1889,289,Unknown,Premium Economy,Airbus A320,3x3,0,2015-02-21,United States,4.0,1.0,3.0,4.0,,,3.0,,,,,,0,Modern (2015-Present),Negative,-0.9348,Pre Covid
1890,326,Solo Leisure,Economy Class,Boeing 737,3x3,1,2019-09-29,Indonesia,5.0,5.0,4.0,5.0,4.0,,,,,,,,1,Modern (2015-Present),Negative,-0.1027,Pre Covid
1891,326,Solo Leisure,Economy Class,Boeing 737,3x3,0,2017-01-22,Indonesia,4.0,3.0,3.0,4.0,4.0,,,,,,,,1,Modern (2015-Present),Positive,0.9322,Pre Covid
1892,316,Solo Leisure,Economy Class,Other Aircraft,2x2,0,2015-12-07,Antigua And Barbuda,5.0,3.0,5.0,5.0,5.0,,,,,,,,1,Modern (2015-Present),Positive,0.8652,Pre Covid
1893,317,Business,Business Class,Boeing 737,unknown,1,2026-05-28,Cyprus,,,,,2.0,4.0,,1.0,1.0,2.0,,,0,Modern (2015-Present),Negative,-0.4423,After Covid
1894,317,Solo Leisure,Economy Class,Other Aircraft,2x2,1,2025-10-05,Australia,1.0,1.0,1.0,1.0,1.0,,,,,,,,0,Modern (2015-Present),Negative,-0.5809,After Covid
1895,317,Couple Leisure,Economy Class,Boeing 787,3x3x3,1,2023-09-07,United States,1.0,1.0,2.0,1.0,1.0,,1.0,,,,,,0,Modern (2015-Present),Positive,0.9264,After Covid
1896,317,Couple Leisure,Economy Class,Boeing 737,3x3,1,2018-09-07,United Kingdom,1.0,1.0,2.0,1.0,1.0,2.0,,,,,,,0,Modern (2015-Present),Negative,-0.3321,Pre Covid
1897,317,Couple Leisure,Economy Class,Other Aircraft,2x2,0,2016-08-16,Switzerland,3.0,3.0,3.0,3.0,2.0,,,,,,,,0,Modern (2015-Present),Negative,-0.7277,Pre Covid
1898,317,Solo Leisure,Economy Class,Unknown,2x2,0,2016-07-30,United States,3.0,5.0,4.0,4.0,3.0,,,,,,,,1,Modern (2015-Present),Positive,0.9555,Pre Covid
1899,317,Solo Leisure,Economy Class,Boeing 787,3x3x3,0,2015-09-02,United Kingdom,3.0,3.0,3.0,2.0,4.0,4.0,4.0,,,,,,1,Modern (2015-Present),Positive,0.1901,Pre Covid
1900,317,Couple Leisure,Economy Class,Boeing 787,3x3x3,0,2015-08-06,Canada,3.0,2.0,1.0,1.0,3.0,3.0,3.0,,,,,,0,Modern (2015-Present),Negative,-0.8726,Pre Covid
1901,317,Solo Leisure,Economy Class,Boeing 787,3x3x3,0,2015-06-23,Poland,1.0,4.0,2.0,2.0,4.0,5.0,5.0,,,,,,1,Modern (2015-Present),Positive,0.0634,Pre Covid
1902,317,Unknown,Economy Class,Boeing 787,3x3x3,0,2013-01-01,United Kingdom,3.0,3.0,3.0,3.0,,,4.0,,,,,,0,Historical (Pre-2015),Positive,0.802,Pre Covid
1903,317,Unknown,Economy Class,Boeing 767,2x4x2,0,2011-07-28,United States,2.0,3.0,2.0,2.0,,,1.0,,,,,,0,Historical (Pre-2015),Negative,-0.5311,Pre Covid
1904,317,Unknown,Economy Class,Boeing 767,2x3x2,0,2010-01-11,United States,2.0,3.0,3.0,2.0,,,2.0,,,,,,0,Historical (Pre-2015),Negative,-0.8342,Pre Covid
1905,300,Solo Leisure,Economy Class,Airbus A330,2x4x2,1,2024-06-24,Switzerland,5.0,5.0,5.0,5.0,5.0,5.0,3.0,,,,,,1,Modern (2015-Present),Positive,0.9524,After Covid
1906,300,Couple Leisure,Premium Economy,Boeing 787,2x3x2,0,2024-02-27,United States,4.0,4.0,4.0,4.0,4.0,4.0,4.0,,,,,,1,Modern (2015-Present),Positive,0.9179,After Covid
1907,300,Leisure,Business Class,Boeing 787,1x2x1,0,2024-02-27,United States,,,,,5.0,5.0,,5.0,5.0,4.0,4.0,4.0,1,Modern (2015-Present),Positive,0.872,After Covid
1908,300,Business,Economy Class,Other Aircraft,2x2,1,2023-05-24,Germany,4.0,3.0,3.0,2.0,1.0,4.0,,,,,,,1,Modern (2015-Present),Positive,0.7184,After Covid
1909,300,Solo Leisure,Economy Class,Boeing 777,3x4x3,1,2022-11-08,Canada,1.0,1.0,1.0,1.0,3.0,,4.0,,,,,,0,Modern (2015-Present),Negative,-0.9154,After Covid
1910,300,Business,Economy Class,Boeing 787,3x3x3,1,2022-10-24,Netherlands,3.0,2.0,1.0,2.0,2.0,1.0,,,,,,,0,Modern (2015-Present),Negative,-0.7554,After Covid
1911,300,Business,Economy Class,Boeing 787,3x3x3,1,2021-11-29,Norway,1.0,3.0,1.0,2.0,1.0,2.0,1.0,,,,,,0,Modern (2015-Present),Negative,-0.6648,Covid
1912,300,Solo Leisure,Economy Class,Boeing 777,3x4x3,1,2020-11-06,Belgium,1.0,1.0,1.0,1.0,1.0,1.0,1.0,,,,,,0,Modern (2015-Present),Negative,-0.9381,Covid
1913,300,Couple Leisure,Economy Class,Boeing 777,3x4x3,1,2020-02-16,United States,1.0,3.0,1.0,1.0,1.0,4.0,4.0,,,,,,0,Modern (2015-Present),Negative,-0.7943,Covid
1914,300,Solo Leisure,Economy Class,Boeing 777,3x4x3,1,2019-12-24,Taiwan,4.0,4.0,4.0,4.0,4.0,4.0,4.0,,,,,,1,Modern (2015-Present),Positive,0.9042,Pre Covid
1915,300,Solo Leisure,Economy Class,Other Aircraft,2x2,1,2019-11-29,Taiwan,3.0,3.0,4.0,4.0,4.0,,,,,,,,1,Modern (2015-Present),Negative,-0.7932,Pre Covid
1916,300,Solo Leisure,Economy Class,Boeing 737,3x3,1,2019-11-27,Taiwan,4.0,4.0,4.0,4.0,4.0,,,,,,,,1,Modern (2015-Present),Positive,0.9285,Pre Covid
1917,300,Business,Economy Class,Boeing 787,3x3x3,1,2019-11-14,United Kingdom,4.0,1.0,2.0,3.0,4.0,4.0,4.0,,,,,,0,Modern (2015-Present),Positive,0.7964,Pre Covid
1918,300,Couple Leisure,Economy Class,Boeing 777,3x4x3,1,2019-10-27,Netherlands,1.0,4.0,2.0,3.0,3.0,5.0,4.0,,,,,,1,Modern (2015-Present),Positive,0.5828,Pre Covid
1919,300,Business,Economy Class,Boeing 787,3x3x3,1,2019-10-13,Singapore,5.0,3.0,3.0,3.0,5.0,5.0,,,,,,,0,Modern (2015-Present),Negative,-0.9763,Pre Covid
1920,300,Leisure,Business Class,Boeing 777,2x2x2,1,2019-04-08,United Kingdom,,,,,1.0,3.0,,3.0,4.0,3.0,3.0,1.0,0,Modern (2015-Present),Positive,0.9325,Pre Covid
1921,300,Solo Leisure,Economy Class,Boeing 777,3x4x3,1,2019-01-31,Malaysia,2.0,2.0,2.0,2.0,3.0,3.0,4.0,,,,,,0,Modern (2015-Present),Negative,-0.7986,Pre Covid
1922,300,Couple Leisure,Economy Class,Boeing 747,3x4x3,1,2018-12-27,United States,2.0,1.0,1.0,1.0,3.0,,1.0,,,,,,0,Modern (2015-Present),Negative,-0.1779,Pre Covid
1923,300,Couple Leisure,Economy Class,Boeing 777,3x4x3,1,2018-11-16,South Africa,2.0,2.0,1.0,1.0,2.0,,,,,,,,0,Modern (2015-Present),Positive,0.7399,Pre Covid
1924,300,Business,Premium Economy,Boeing 747,3x4x3,0,2018-10-23,Denmark,2.0,2.0,1.0,1.0,1.0,,2.0,,,,,,0,Modern (2015-Present),Positive,0.836,Pre Covid
1925,300,Couple Leisure,Economy Class,Other Aircraft,2x2,1,2018-09-24,United Kingdom,1.0,1.0,1.0,2.0,1.0,,,,,,,,0,Modern (2015-Present),Positive,0.7756,Pre Covid
1926,300,Couple Leisure,Premium Economy,Boeing 787,3x3x3,1,2018-09-19,United Kingdom,3.0,3.0,1.0,3.0,4.0,4.0,4.0,,,,,,0,Modern (2015-Present),Positive,0.7419,Pre Covid
1927,300,Business,Premium Economy,Boeing 777,3x4x3,1,2018-08-25,Netherlands,1.0,1.0,1.0,1.0,1.0,,,,,,,,0,Modern (2015-Present),Negative,-0.4751,Pre Covid
1928,300,Couple Leisure,Premium Economy,Boeing 777,3x4x3,1,2018-05-24,Canada,1.0,2.0,1.0,1.0,1.0,1.0,1.0,,,,,,0,Modern (2015-Present),Positive,0.9578,Pre Covid
1929,300,Business,Economy Class,Boeing 747,3x4x3,0,2018-02-02,United States,1.0,2.0,1.0,2.0,2.0,,1.0,,,,,,0,Modern (2015-Present),Positive,0.811,Pre Covid
1930,300,Couple Leisure,Economy Class,Boeing 737,3x3,1,2018-01-02,Greece,3.0,5.0,4.0,3.0,3.0,,,,,,,,1,Modern (2015-Present),Positive,0.9442,Pre Covid
1931,300,Business,Economy Class,Boeing 737,3x3,1,2017-12-18,Ukraine,5.0,5.0,4.0,5.0,5.0,5.0,,,,,,,1,Modern (2015-Present),Positive,0.975,Pre Covid
1932,300,Business,Economy Class,Boeing 777,3x4x3,0,2017-11-16,United Kingdom,1.0,1.0,1.0,1.0,1.0,2.0,3.0,,,,,,0,Modern (2015-Present),Positive,0.6534,Pre Covid
1933,300,Couple Leisure,Economy Class,Boeing 777,3x4x3,0,2017-10-31,France,5.0,4.0,4.0,4.0,3.0,4.0,4.0,,,,,,1,Modern (2015-Present),Positive,0.9627,Pre Covid
1934,300,Solo Leisure,Economy Class,Boeing 777,3x4x3,0,2017-10-23,United Arab Emirates,5.0,5.0,5.0,5.0,5.0,5.0,5.0,,,,,,1,Modern (2015-Present),Positive,0.7574,Pre Covid
1935,300,Business,Economy Class,Boeing 777,3x4x3,0,2017-10-14,United States,1.0,1.0,1.0,1.0,1.0,3.0,3.0,,,,,,0,Modern (2015-Present),Negative,-0.8555,Pre Covid
1936,300,Couple Leisure,Economy Class,Boeing 737,3x3,0,2017-09-04,United Kingdom,3.0,3.0,4.0,3.0,3.0,,,,,,,,1,Modern (2015-Present),Negative,-0.4215,Pre Covid
1937,300,Couple Leisure,Economy Class,Boeing 737,3x3,0,2017-09-03,United Kingdom,5.0,4.0,5.0,4.0,4.0,,,,,,,,1,Modern (2015-Present),Positive,0.8122,Pre Covid
1938,300,Couple Leisure,Economy Class,Boeing 777,3x4x3,0,2017-08-13,Germany,5.0,5.0,4.0,3.0,4.0,,4.0,,,,,,1,Modern (2015-Present),Positive,0.7227,Pre Covid
1939,300,Solo Leisure,Economy Class,Airbus A330,2x4x2,0,2017-07-02,Switzerland,1.0,1.0,1.0,2.0,3.0,4.0,4.0,,,,,,1,Modern (2015-Present),Positive,0.8078,Pre Covid
1940,300,Solo Leisure,Economy Class,Other Aircraft,3x3,0,2017-04-30,United States,3.0,3.0,3.0,3.0,3.0,,,,,,,,1,Modern (2015-Present),Negative,-0.6858,Pre Covid
1941,300,Solo Leisure,Economy Class,Boeing 777,3x4x3,0,2017-04-30,United States,4.0,3.0,3.0,2.0,3.0,5.0,4.0,,,,,,1,Modern (2015-Present),Positive,0.7728,Pre Covid
1942,300,Couple Leisure,Economy Class,Boeing 747,3x4x3,0,2017-03-28,Mexico,1.0,1.0,1.0,1.0,2.0,,1.0,,,,,,0,Modern (2015-Present),Negative,-0.7985,Pre Covid
1943,300,Couple Leisure,Premium Economy,Boeing 777,3x4x3,0,2017-03-16,United States,4.0,4.0,3.0,3.0,4.0,,4.0,,,,,,1,Modern (2015-Present),Positive,0.5886,Pre Covid
1944,300,Solo Leisure,Economy Class,Boeing 747,3x4x3,0,2017-01-27,United Kingdom,1.0,3.0,1.0,2.0,2.0,,3.0,,,,,,0,Modern (2015-Present),Negative,-0.8986,Pre Covid
1945,300,Solo Leisure,Economy Class,Boeing 777,3x4x3,0,2017-01-27,United Kingdom,5.0,5.0,4.0,4.0,5.0,,5.0,,,,,,1,Modern (2015-Present),Positive,0.9091,Pre Covid
1946,300,Family Leisure,Economy Class,Boeing 787,3x3x3,0,2017-01-07,Canada,2.0,1.0,1.0,1.0,2.0,,4.0,,,,,,0,Modern (2015-Present),Positive,0.1211,Pre Covid
1947,300,Business,Economy Class,Boeing 777,3x4x3,0,2016-11-17,Spain,2.0,2.0,1.0,1.0,1.0,2.0,3.0,,,,,,0,Modern (2015-Present),Negative,-0.8312,Pre Covid
1948,300,Business,Premium Economy,Boeing 777,3x4x3,0,2016-11-15,Spain,3.0,3.0,1.0,1.0,1.0,1.0,1.0,,,,,,0,Modern (2015-Present),Negative,-0.8926,Pre Covid
1949,300,Business,Economy Class,Boeing 747,3x4x3,0,2016-11-05,Netherlands,3.0,3.0,4.0,3.0,3.0,,2.0,,,,,,1,Modern (2015-Present),Positive,0.1613,Pre Covid
1950,300,Solo Leisure,Economy Class,Boeing 777,3x4x3,0,2016-10-18,United Kingdom,2.0,2.0,1.0,1.0,1.0,1.0,2.0,,,,,,0,Modern (2015-Present),Negative,-0.902,Pre Covid
1951,300,Couple Leisure,Premium Economy,Boeing 787,3x3x3,0,2016-09-19,United Arab Emirates,4.0,3.0,1.0,1.0,2.0,5.0,2.0,,,,,,1,Modern (2015-Present),Negative,-0.7944,Pre Covid
1952,300,Family Leisure,Economy Class,Boeing 747,3x4x3,0,2016-09-07,South Korea,1.0,1.0,1.0,1.0,2.0,,1.0,,,,,,0,Modern (2015-Present),Positive,0.657,Pre Covid
1953,300,Family Leisure,Premium Economy,Boeing 777,3x4x3,0,2016-08-17,Denmark,1.0,1.0,1.0,1.0,1.0,,1.0,,,,,,0,Modern (2015-Present),Negative,-0.899,Pre Covid
1954,300,Business,Economy Class,Boeing 747,2x4x2,0,2016-08-06,Hong Kong,1.0,1.0,1.0,1.0,1.0,,1.0,,,,,,0,Modern (2015-Present),Neutral,0.0314,Pre Covid
1955,300,Solo Leisure,Economy Class,Boeing 777,3x4x3,0,2016-08-01,Netherlands,3.0,1.0,1.0,1.0,2.0,,2.0,,,,,,0,Modern (2015-Present),Positive,0.1779,Pre Covid
1956,300,Family Leisure,Economy Class,Boeing 777,3x4x3,0,2016-07-20,Norway,1.0,1.0,1.0,1.0,1.0,1.0,1.0,,,,,,0,Modern (2015-Present),Negative,-0.2432,Pre Covid
1957,300,Solo Leisure,Economy Class,Boeing 777,3x4x3,0,2016-06-27,United Kingdom,1.0,1.0,1.0,1.0,5.0,5.0,1.0,,,,,,0,Modern (2015-Present),Negative,-0.2368,Pre Covid
1958,300,Business,Economy Class,Boeing 777,3x4x3,0,2016-05-15,United Kingdom,4.0,3.0,1.0,1.0,4.0,5.0,5.0,,,,,,0,Modern (2015-Present),Positive,0.8348,Pre Covid
1959,300,Business,Economy Class,Boeing 777,unknown,0,2016-04-27,Netherlands,3.0,1.0,1.0,3.0,4.0,3.0,3.0,,,,,,1,Modern (2015-Present),Positive,0.9793,Pre Covid
1960,300,Couple Leisure,Economy Class,Airbus A330,2x4x2,0,2016-04-18,Canada,1.0,1.0,3.0,1.0,1.0,2.0,3.0,,,,,,0,Modern (2015-Present),Negative,-0.7472,Pre Covid
1961,300,Couple Leisure,Premium Economy,Boeing 747,3x2,0,2016-04-03,Hong Kong,1.0,1.0,1.0,1.0,1.0,,1.0,,,,,,0,Modern (2015-Present),Negative,-0.9671,Pre Covid
1962,300,Couple Leisure,Premium Economy,Boeing 777,3x4x3,0,2016-03-09,Netherlands,3.0,2.0,1.0,1.0,4.0,4.0,4.0,,,,,,0,Modern (2015-Present),Negative,-0.5266,Pre Covid
1963,300,Solo Leisure,Premium Economy,Boeing 777,3x4x3,0,2016-03-02,Denmark,4.0,4.0,1.0,1.0,3.0,5.0,3.0,,,,,,1,Modern (2015-Present),Positive,0.6428,Pre Covid
1964,300,Family Leisure,Economy Class,Boeing 777,3x4x3,0,2016-02-08,Indonesia,5.0,4.0,2.0,3.0,4.0,4.0,2.0,,,,,,1,Modern (2015-Present),Positive,0.7046,Pre Covid
1965,300,Business,Premium Economy,Boeing 737,3x3,0,2016-01-27,United States,3.0,1.0,3.0,1.0,3.0,,,,,,,,1,Modern (2015-Present),Negative,-0.7666,Pre Covid
1966,300,Solo Leisure,Economy Class,Boeing 777,3x3x3,0,2016-01-25,Netherlands,3.0,4.0,4.0,4.0,5.0,5.0,5.0,,,,,,1,Modern (2015-Present),Positive,0.8994,Pre Covid
1967,300,Solo Leisure,Economy Class,Boeing 777,3x4x3,0,2015-12-22,Australia,1.0,3.0,1.0,1.0,3.0,1.0,2.0,,,,,,0,Modern (2015-Present),Positive,0.9526,Pre Covid
1968,300,Business,Premium Economy,Boeing 737,3x3,0,2015-12-20,Netherlands,4.0,4.0,3.0,3.0,1.0,,,,,,,,1,Modern (2015-Present),Positive,0.1531,Pre Covid
1969,300,Business,Economy Class,Boeing 747,2x3,0,2015-12-05,Netherlands,4.0,4.0,3.0,4.0,4.0,,1.0,,,,,,1,Modern (2015-Present),Positive,0.8809,Pre Covid
1970,300,Couple Leisure,Economy Class,Boeing 747,3x4x3,0,2015-09-27,Canada,1.0,1.0,1.0,1.0,1.0,,2.0,,,,,,0,Modern (2015-Present),Negative,-0.9386,Pre Covid
1971,300,Solo Leisure,Economy Class,Boeing 777,3x4x3,0,2015-08-19,Indonesia,1.0,2.0,1.0,2.0,1.0,1.0,1.0,,,,,,0,Modern (2015-Present),Positive,0.9233,Pre Covid
1972,300,Family Leisure,Premium Economy,Boeing 737,3x3,0,2015-08-13,Netherlands,5.0,4.0,4.0,,,,2.0,,,,,,1,Modern (2015-Present),Negative,-0.4954,Pre Covid
1973,300,Family Leisure,Economy Class,Boeing 747,3x4x3,0,2015-07-28,United States,1.0,1.0,1.0,1.0,1.0,,1.0,,,,,,0,Modern (2015-Present),Negative,-0.9659,Pre Covid
1974,300,Business,Economy Class,Boeing 777,3x4x3,0,2015-07-28,Italy,5.0,4.0,3.0,4.0,4.0,5.0,5.0,,,,,,1,Modern (2015-Present),Positive,0.936,Pre Covid
1975,300,Couple Leisure,Premium Economy,Airbus A330,2x4x2,0,2015-07-17,United Arab Emirates,4.0,4.0,4.0,3.0,3.0,3.0,3.0,,,,,,1,Modern (2015-Present),Positive,0.9714,Pre Covid
1976,300,Solo Leisure,Economy Class,Boeing 747,2x4x2,0,2015-06-14,United States,1.0,1.0,1.0,1.0,1.0,1.0,1.0,,,,,,0,Modern (2015-Present),Negative,-0.5839,Pre Covid
1977,300,Unknown,Economy Class,Boeing 777,3x4x3,0,2015-03-29,Netherlands,4.0,2.0,1.0,3.0,,,5.0,,,,,,0,Modern (2015-Present),Negative,-0.5052,Pre Covid
1978,300,Unknown,Economy Class,Boeing 777,3x4x3,0,2015-02-21,Singapore,1.0,1.0,2.0,2.0,,,3.0,,,,,,0,Modern (2015-Present),Negative,-0.9284,Pre Covid
1979,300,Unknown,Economy Class,Boeing 737,3x4x3,0,2015-02-21,Netherlands,1.0,3.0,3.0,3.0,,,3.0,,,,,,0,Modern (2015-Present),Negative,-0.296,Pre Covid
1980,300,Unknown,Economy Class,Boeing 747,3x4x3,0,2015-02-04,United States,1.0,2.0,1.0,1.0,,,2.0,,,,,,0,Modern (2015-Present),Negative,-0.7178,Pre Covid
1981,300,Unknown,Premium Economy,Boeing 777,2x4x2,0,2015-01-28,Ireland,1.0,1.0,2.0,1.0,,,1.0,,,,,,0,Modern (2015-Present),Negative,-0.4353,Pre Covid
1982,300,Unknown,Premium Economy,Airbus A330,2x4x2,0,2015-01-28,Australia,1.0,1.0,1.0,1.0,,,1.0,,,,,,0,Modern (2015-Present),Negative,-0.9743,Pre Covid
1983,300,Unknown,Premium Economy,Boeing 747,3x2,0,2014-07-22,United States,1.0,1.0,1.0,1.0,,,1.0,,,,,,0,Historical (Pre-2015),Negative,-0.567,Pre Covid
1984,300,Unknown,Economy Class,Boeing 747,3x4x3,0,2014-07-19,Netherlands,1.0,1.0,1.0,1.0,,,1.0,,,,,,0,Historical (Pre-2015),Positive,0.1739,Pre Covid
1985,300,Unknown,Economy Class,Boeing 777,3x4x3,0,2014-07-18,United Kingdom,5.0,5.0,3.0,1.0,,,1.0,,,,,,1,Historical (Pre-2015),Positive,0.9775,Pre Covid
1986,300,Unknown,Premium Economy,Boeing 777,3x4x3,0,2014-03-11,France,1.0,1.0,1.0,1.0,,,1.0,,,,,,0,Historical (Pre-2015),Positive,0.9242,Pre Covid
1987,300,Unknown,Economy Class,Airbus A330,2x4x2,0,2014-03-11,France,1.0,2.0,1.0,1.0,,,2.0,,,,,,0,Historical (Pre-2015),Negative,-0.8979,Pre Covid
1988,300,Unknown,Economy Class,Boeing 777,3x4x3,0,2014-01-21,Germany,1.0,1.0,1.0,1.0,,,4.0,,,,,,0,Historical (Pre-2015),Positive,0.1432,Pre Covid
1989,300,Unknown,Economy Class,Boeing 747,3x4x3,0,2014-01-13,Canada,1.0,1.0,1.0,1.0,,,3.0,,,,,,0,Historical (Pre-2015),Positive,0.8555,Pre Covid
1990,300,Unknown,Economy Class,Boeing 747,3x4x3,0,2014-01-10,United Kingdom,4.0,1.0,1.0,4.0,,,3.0,,,,,,0,Historical (Pre-2015),Negative,-0.5939,Pre Covid
1991,300,Unknown,Economy Class,Boeing 777,3x3x3,0,2014-01-10,United Kingdom,2.0,3.0,3.0,2.0,,,1.0,,,,,,0,Historical (Pre-2015),Negative,-0.358,Pre Covid
1992,300,Unknown,Economy Class,Airbus A330,2x3x2,0,2013-04-20,Canada,1.0,3.0,2.0,2.0,,,3.0,,,,,,0,Historical (Pre-2015),Positive,0.8945,Pre Covid
1993,300,Unknown,Economy Class,Boeing 747,3x4x3,0,2013-04-20,Canada,2.0,4.0,3.0,2.0,,,5.0,,,,,,0,Historical (Pre-2015),Negative,-0.8121,Pre Covid
1994,300,Unknown,Economy Class,Airbus A330,2x4x2,0,2013-02-18,Netherlands,2.0,3.0,2.0,2.0,,,4.0,,,,,,0,Historical (Pre-2015),Neutral,0.0258,Pre Covid
1995,300,Unknown,Economy Class,Boeing 777,3x3x3,0,2013-01-01,Germany,1.0,2.0,1.0,1.0,,,3.0,,,,,,0,Historical (Pre-2015),Negative,-0.9106,Pre Covid
1996,300,Unknown,Economy Class,Boeing 747,3x4x3,0,2011-10-22,United States,1.0,1.0,1.0,1.0,,,1.0,,,,,,0,Historical (Pre-2015),Negative,-0.886,Pre Covid
1997,300,Unknown,Economy Class,Boeing 777,2x4x2,0,2011-09-19,United Kingdom,4.0,2.0,2.0,5.0,,,4.0,,,,,,0,Historical (Pre-2015),Negative,-0.7893,Pre Covid
1998,300,Unknown,Economy Class,Boeing 777,3x4x3,0,2011-07-28,Netherlands,1.0,2.0,2.0,1.0,,,3.0,,,,,,0,Historical (Pre-2015),Negative,-0.1027,Pre Covid
1999,300,Unknown,Economy Class,Boeing 777,3x3x3,0,2011-06-05,France,3.0,2.0,2.0,3.0,,,3.0,,,,,,0,Historical (Pre-2015),Neutral,0.0243,Pre Covid
2000,300,Unknown,Economy Class,Boeing 777,3x3x3,0,2010-10-21,Germany,4.0,3.0,3.0,2.0,,,4.0,,,,,,0,Historical (Pre-2015),Positive,0.6249,Pre Covid
2001,300,Unknown,Economy Class,Boeing 777,3x3x3,0,2010-05-26,United States,1.0,1.0,1.0,1.0,,,3.0,,,,,,0,Historical (Pre-2015),Negative,-0.4588,Pre Covid
2002,300,Unknown,Economy Class,Unknown,3x5x3,0,2010-02-13,United States,1.0,1.0,1.0,1.0,,,1.0,,,,,,0,Historical (Pre-2015),Negative,-0.9505,Pre Covid
2003,300,Unknown,Economy Class,Unknown,3x3x3,0,2010-02-01,United Kingdom,3.0,2.0,2.0,2.0,,,2.0,,,,,,0,Historical (Pre-2015),Negative,-0.7784,Pre Covid
2004,300,Unknown,Economy Class,Unknown,3x4x3,0,2010-01-23,China,1.0,1.0,1.0,1.0,,,,,,,,,0,Historical (Pre-2015),Negative,-0.6124,Pre Covid
2005,300,Unknown,Economy Class,Unknown,3x3x3,0,2010-01-17,Netherlands,2.0,3.0,3.0,1.0,,,2.0,,,,,,0,Historical (Pre-2015),Negative,-0.2465,Pre Covid
2006,300,Unknown,Economy Class,Unknown,3x3x3,0,2009-12-04,South Africa,1.0,3.0,2.0,1.0,,,1.0,,,,,,0,Historical (Pre-2015),Neutral,-0.0387,Pre Covid
2007,300,Unknown,Economy Class,Unknown,3x4x3,0,2009-11-10,Netherlands,1.0,1.0,2.0,1.0,,,1.0,,,,,,0,Historical (Pre-2015),Negative,-0.3604,Pre Covid
2008,300,Unknown,Economy Class,Unknown,3x4x3,0,2009-02-07,United States,3.0,3.0,3.0,3.0,,,4.0,,,,,,1,Historical (Pre-2015),Positive,0.8171,Pre Covid
2009,300,Unknown,Economy Class,Unknown,3x4x3,0,2009-01-07,South Africa,2.0,3.0,2.0,1.0,,,,,,,,,0,Historical (Pre-2015),Negative,-0.128,Pre Covid
2015,343,Couple Leisure,Economy Class,Boeing 737,3x3,1,2019-10-23,Australia,3.0,3.0,3.0,3.0,1.0,1.0,1.0,,,,,,0,Modern (2015-Present),Negative,-0.3818,Pre Covid
2016,343,Couple Leisure,Economy Class,Boeing 737,3x3,0,2019-03-03,Malaysia,4.0,3.0,3.0,3.0,2.0,2.0,3.0,,,,,,0,Modern (2015-Present),Positive,0.7988,Pre Covid
2017,343,Solo Leisure,Economy Class,Boeing 737,3x3,0,2016-03-24,Malaysia,5.0,4.0,4.0,5.0,1.0,4.0,3.0,,,,,,1,Modern (2015-Present),Positive,0.3811,Pre Covid
2018,343,Solo Leisure,Economy Class,Boeing 737,3x3,0,2016-02-08,Slovenia,5.0,5.0,5.0,5.0,4.0,5.0,5.0,,,,,,1,Modern (2015-Present),Positive,0.9272,Pre Covid
2019,352,Family Leisure,Economy Class,Unknown,2x3,0,2015-09-08,United Kingdom,3.0,3.0,3.0,3.0,3.0,,,,,,,,1,Modern (2015-Present),Positive,0.7504,Pre Covid
2020,307,Couple Leisure,Economy Class,Boeing 747,3x4x3,0,2024-05-07,United States,3.0,2.0,2.0,2.0,2.0,3.0,2.0,,,,,,0,Modern (2015-Present),Negative,-0.9307,After Covid
2021,307,Family Leisure,Economy Class,Boeing 747,3x4x3,1,2020-04-20,United States,3.0,3.0,3.0,2.0,3.0,4.0,4.0,,,,,,1,Modern (2015-Present),Negative,-0.61,Covid
2022,307,Solo Leisure,Economy Class,Airbus A380,3x4x3,0,2016-07-19,France,3.0,3.0,3.0,3.0,2.0,4.0,4.0,,,,,,1,Modern (2015-Present),Positive,0.8925,Pre Covid
2023,307,Family Leisure,Economy Class,Airbus A380,3x4x3,0,2016-06-22,United States,5.0,5.0,5.0,5.0,5.0,5.0,5.0,,,,,,1,Modern (2015-Present),Positive,0.8381,Pre Covid
2024,307,Unknown,Economy Class,Airbus A380,3x4x3,0,2015-05-30,United States,5.0,2.0,5.0,3.0,,,1.0,,,,,,0,Modern (2015-Present),Positive,0.9126,Pre Covid
2025,307,Unknown,Economy Class,Airbus A330,2x4x2,0,2014-11-19,Argentina,5.0,4.0,5.0,4.0,,,4.0,,,,,,1,Historical (Pre-2015),Positive,0.9538,Pre Covid
2026,307,Unknown,Economy Class,Boeing 777,3x3x3,0,2014-07-24,Hong Kong,4.0,4.0,4.0,5.0,,,5.0,,,,,,1,Historical (Pre-2015),Positive,0.6095,Pre Covid
2027,307,Unknown,Economy Class,Boeing 777,3x3x3,0,2014-01-13,United Kingdom,5.0,4.0,5.0,5.0,,,5.0,,,,,,1,Historical (Pre-2015),Positive,0.8591,Pre Covid
2028,307,Unknown,Economy Class,Unknown,2x4x2,0,2013-02-15,China,5.0,5.0,4.0,5.0,,,5.0,,,,,,1,Historical (Pre-2015),Positive,0.6353,Pre Covid
2029,307,Unknown,Economy Class,Boeing 777,3x3x3,0,2013-01-01,United Kingdom,5.0,3.0,4.0,4.0,,,3.0,,,,,,1,Historical (Pre-2015),Negative,-0.3291,Pre Covid
2030,307,Unknown,Economy Class,Airbus A330,2x4x2,0,2013-01-01,United Kingdom,4.0,3.0,3.0,4.0,,,4.0,,,,,,1,Historical (Pre-2015),Positive,0.3182,Pre Covid
2031,307,Unknown,Economy Class,Airbus A380,3x4x3,0,2011-10-22,United States,4.0,4.0,3.0,3.0,,,4.0,,,,,,0,Historical (Pre-2015),Positive,0.6361,Pre Covid
2032,307,Unknown,Economy Class,Unknown,2x5x2,0,2009-01-15,United States,5.0,5.0,4.0,5.0,,,4.0,,,,,,1,Historical (Pre-2015),Positive,0.5563,Pre Covid
2036,354,Family Leisure,Economy Class,Airbus A321,3x3,0,2016-10-18,India,3.0,3.0,4.0,4.0,3.0,,,,,,,,0,Modern (2015-Present),Negative,-0.3737,Pre Covid
2037,357,Couple Leisure,Economy Class,Airbus A320,3x3,0,2017-09-09,United Kingdom,5.0,3.0,4.0,3.0,1.0,,,,,,,,1,Modern (2015-Present),Positive,0.2263,Pre Covid
2038,357,Couple Leisure,Economy Class,Airbus A320,3x3,0,2017-07-08,United Kingdom,1.0,1.0,2.0,3.0,2.0,,,,,,,,0,Modern (2015-Present),Negative,-0.765,Pre Covid
2039,357,Couple Leisure,Economy Class,Airbus A321,3x3,0,2017-06-15,United Kingdom,1.0,1.0,3.0,3.0,2.0,,,,,,,,1,Modern (2015-Present),Negative,-0.5412,Pre Covid
2040,357,Solo Leisure,Economy Class,Airbus A321,3x3,0,2017-01-03,United Kingdom,4.0,3.0,3.0,3.0,3.0,,,,,,,,1,Modern (2015-Present),Neutral,-0.003,Pre Covid
2041,357,Couple Leisure,Economy Class,Airbus A320,3x3,0,2016-10-20,United Kingdom,1.0,1.0,1.0,1.0,1.0,,,,,,,,0,Modern (2015-Present),Positive,0.921,Pre Covid
2042,357,Couple Leisure,Economy Class,Airbus A320,3x3,0,2016-02-08,United Kingdom,1.0,1.0,1.0,2.0,1.0,,,,,,,,0,Modern (2015-Present),Negative,-0.6915,Pre Covid
2043,357,Couple Leisure,Economy Class,Airbus A321,3x3,0,2015-12-12,United Kingdom,2.0,1.0,1.0,1.0,1.0,,,,,,,,0,Modern (2015-Present),Negative,-0.85,Pre Covid
2044,357,Couple Leisure,Economy Class,Airbus A320,3x3,0,2015-09-10,United Kingdom,1.0,1.0,1.0,1.0,1.0,,,,,,,,0,Modern (2015-Present),Negative,-0.9757,Pre Covid
2045,357,Couple Leisure,Economy Class,Boeing 737,3x3,0,2015-07-31,United Kingdom,4.0,2.0,4.0,3.0,4.0,,,,,,,,1,Modern (2015-Present),Positive,0.4201,Pre Covid
2046,357,Unknown,Economy Class,Airbus A320,3x3,0,2014-01-24,United Kingdom,1.0,2.0,2.0,1.0,,,1.0,,,,,,0,Historical (Pre-2015),Positive,0.3612,Pre Covid
2047,357,Unknown,Economy Class,Airbus A320,3x3,0,2013-01-18,United Kingdom,4.0,4.0,3.0,3.0,,,,,,,,,1,Historical (Pre-2015),Positive,0.7902,Pre Covid
2048,357,Unknown,Economy Class,Unknown,3x3,0,2011-04-05,United Kingdom,2.0,2.0,3.0,4.0,,,2.0,,,,,,1,Historical (Pre-2015),Positive,0.2003,Pre Covid
2049,357,Unknown,Economy Class,Unknown,3x3,0,2010-08-01,United Kingdom,5.0,3.0,3.0,4.0,,,5.0,,,,,,1,Historical (Pre-2015),Neutral,0.0258,Pre Covid
2050,357,Unknown,Economy Class,Airbus A321,3x3,0,2009-01-09,United Kingdom,1.0,1.0,2.0,1.0,,,2.0,,,,,,1,Historical (Pre-2015),Positive,0.6908,Pre Covid
2051,357,Unknown,Economy Class,Airbus A321,3x3,0,2009-01-06,United Kingdom,1.0,1.0,2.0,1.0,,,2.0,,,,,,0,Historical (Pre-2015),Positive,0.8067,Pre Covid
2056,331,Family Leisure,Economy Class,Airbus A350,3x3x3,0,2026-01-23,Italy,5.0,5.0,5.0,4.0,4.0,5.0,5.0,,,,,,1,Modern (2015-Present),Positive,0.9864,After Covid
2057,331,Solo Leisure,Economy Class,Airbus A350,3x3x3,1,2026-01-22,France,1.0,1.0,1.0,2.0,1.0,1.0,2.0,,,,,,0,Modern (2015-Present),Positive,0.6125,After Covid
2058,331,Leisure,Business Class,Airbus A350,1x2x1,1,2026-01-05,Czech Republic,,,,,3.0,5.0,,1.0,1.0,1.0,1.0,2.0,0,Modern (2015-Present),Positive,0.154,After Covid
2059,331,Leisure,Business Class,Airbus A320,2x2,1,2025-03-16,Switzerland,,,,,,,,,1.0,1.0,1.0,1.0,0,Modern (2015-Present),Positive,0.4601,After Covid
2060,331,Leisure,Business Class,Airbus A350,1x2x1,0,2024-10-14,Canada,,,,,5.0,5.0,,1.0,3.0,1.0,2.0,5.0,0,Modern (2015-Present),Negative,-0.7504,After Covid
2061,331,Couple Leisure,Economy Class,Airbus A350,3x3x3,1,2024-10-03,United States,1.0,1.0,2.0,2.0,2.0,,3.0,,,,,,0,Modern (2015-Present),Positive,0.7823,After Covid
2062,331,Couple Leisure,Premium Economy,Boeing 747,2x3x2,0,2024-06-27,United States,1.0,1.0,1.0,1.0,1.0,1.0,1.0,,,,,,0,Modern (2015-Present),Negative,-0.0772,After Covid
2063,331,Leisure,Business Class,Airbus A350,2x2x2,1,2023-12-01,Switzerland,,,,,1.0,1.0,,4.0,3.0,2.0,4.0,1.0,0,Modern (2015-Present),Positive,0.6095,After Covid
2064,331,Leisure,Business Class,Airbus A321,2x2,1,2023-11-21,Switzerland,,,,,1.0,,,1.0,1.0,1.0,1.0,1.0,0,Modern (2015-Present),Negative,-0.9448,After Covid
2065,331,Business,Business Class,Airbus A320,2x2,1,2023-05-27,Germany,,,,,2.0,3.0,,1.0,1.0,1.0,1.0,1.0,0,Modern (2015-Present),Negative,-0.471,After Covid
2066,331,Business,Business Class,Airbus A321,2x2,1,2023-05-21,Germany,,,,,1.0,,,1.0,1.0,1.0,1.0,1.0,0,Modern (2015-Present),Negative,-0.8481,After Covid
2067,331,Leisure,Business Class,Boeing 747,2x2x2,1,2023-05-05,United States,,,,,2.0,1.0,,1.0,1.0,1.0,1.0,1.0,0,Modern (2015-Present),Negative,-0.4194,After Covid
2068,331,Solo Leisure,Economy Class,Boeing 747,3x4x3,0,2023-04-27,Canada,2.0,2.0,4.0,4.0,5.0,4.0,4.0,,,,,,1,Modern (2015-Present),Negative,-0.7528,After Covid
2069,331,Solo Leisure,Economy Class,Airbus A350,3x3x3,0,2023-04-25,Germany,1.0,1.0,1.0,1.0,1.0,1.0,1.0,,,,,,0,Modern (2015-Present),Negative,-0.8643,After Covid
2070,331,Leisure,Business Class,Boeing 747,2x2x2,1,2023-04-02,United States,,,,,2.0,1.0,,1.0,1.0,1.0,1.0,3.0,0,Modern (2015-Present),Positive,0.6911,After Covid
2071,331,Family Leisure,Economy Class,Airbus A330,2x4x2,1,2023-02-11,United States,1.0,1.0,2.0,2.0,1.0,1.0,1.0,,,,,,0,Modern (2015-Present),Negative,-0.9247,After Covid
2072,331,Business,Business Class,Boeing 747,2x2x2,1,2022-12-07,Singapore,,,,,2.0,4.0,,2.0,2.0,2.0,2.0,1.0,0,Modern (2015-Present),Negative,-0.0772,After Covid
2073,331,Couple Leisure,Premium Economy,Airbus A340,2x3x2,0,2022-11-07,United States,4.0,3.0,2.0,4.0,4.0,4.0,4.0,,,,,,1,Modern (2015-Present),Positive,0.9891,After Covid
2074,331,Solo Leisure,Economy Class,Airbus A350,3x3x3,1,2022-10-31,United States,2.0,2.0,1.0,1.0,4.0,5.0,1.0,,,,,,0,Modern (2015-Present),Negative,-0.8481,After Covid
2075,331,Family Leisure,Economy Class,Airbus A350,3x3x3,1,2022-07-27,United States,1.0,1.0,1.0,2.0,1.0,,1.0,,,,,,0,Modern (2015-Present),Negative,-0.809,After Covid
2076,331,Business,Premium Economy,Airbus A330,2x3x2,1,2022-06-05,United States,5.0,5.0,5.0,5.0,5.0,5.0,5.0,,,,,,1,Modern (2015-Present),Positive,0.8883,After Covid
2077,331,Solo Leisure,Economy Class,Airbus A320,3x3,1,2022-03-07,Norway,1.0,2.0,1.0,2.0,1.0,,,,,,,,0,Modern (2015-Present),Negative,-0.7391,After Covid
2078,331,Solo Leisure,Premium Economy,Airbus A340,2x3x2,1,2020-01-14,United Kingdom,5.0,4.0,4.0,4.0,4.0,4.0,4.0,,,,,,1,Modern (2015-Present),Positive,0.8402,Covid
2079,331,Leisure,Business Class,Airbus A320,2x2,1,2020-01-12,Germany,,,,,1.0,2.0,,1.0,1.0,1.0,1.0,1.0,0,Modern (2015-Present),Neutral,0.0,Covid
2080,331,Couple Leisure,Economy Class,Airbus A350,3x3x3,1,2019-11-21,Germany,1.0,1.0,1.0,1.0,1.0,3.0,2.0,,,,,,0,Modern (2015-Present),Negative,-0.4684,Pre Covid
2081,331,Leisure,Business Class,Airbus A380,2x2x2,1,2019-11-01,Australia,,,,,1.0,,,1.0,1.0,1.0,2.0,1.0,0,Modern (2015-Present),Negative,-0.6822,Pre Covid
2082,331,Leisure,Business Class,Airbus A350,unknown,1,2019-10-04,Canada,,,,,3.0,5.0,,2.0,2.0,1.0,5.0,1.0,0,Modern (2015-Present),Positive,0.295,Pre Covid
2083,331,Business,Economy Class,Boeing 747,3x4x3,1,2019-09-03,United Kingdom,4.0,4.0,3.0,5.0,5.0,5.0,5.0,,,,,,1,Modern (2015-Present),Positive,0.5719,Pre Covid
2084,331,Couple Leisure,Economy Class,Airbus A350,3x3x3,1,2019-06-02,Canada,1.0,1.0,1.0,1.0,1.0,,,,,,,,0,Modern (2015-Present),Negative,-0.9141,Pre Covid
2085,331,Business,Economy Class,Airbus A320,3x3,1,2019-03-18,United Kingdom,2.0,2.0,3.0,3.0,3.0,,,,,,,,1,Modern (2015-Present),Positive,0.4417,Pre Covid
2086,331,Solo Leisure,Economy Class,Airbus A321,3x3,1,2019-01-07,Greece,4.0,5.0,4.0,3.0,4.0,,,,,,,,1,Modern (2015-Present),Positive,0.6956,Pre Covid
2087,331,Couple Leisure,Economy Class,Airbus A350,3x3x3,1,2018-12-11,France,5.0,4.0,5.0,4.0,4.0,5.0,5.0,,,,,,1,Modern (2015-Present),Neutral,0.0,Pre Covid
2088,331,Solo Leisure,Premium Economy,Airbus A350,2x3x2,1,2018-10-31,Canada,4.0,2.0,2.0,3.0,3.0,5.0,5.0,,,,,,1,Modern (2015-Present),Negative,-0.7169,Pre Covid
2089,331,Family Leisure,Economy Class,Airbus A350,3x3x3,0,2018-08-20,United Kingdom,3.0,4.0,3.0,4.0,5.0,4.0,5.0,,,,,,1,Modern (2015-Present),Positive,0.9185,Pre Covid
2090,331,Business,Economy Class,Unknown,2x4x2,0,2018-08-11,Germany,5.0,4.0,3.0,5.0,4.0,4.0,4.0,,,,,,1,Modern (2015-Present),Positive,0.8906,Pre Covid
2091,331,Solo Leisure,Premium Economy,Airbus A340,2x3x2,1,2018-05-08,Luxembourg,5.0,4.0,5.0,3.0,4.0,4.0,4.0,,,,,,1,Modern (2015-Present),Positive,0.9854,Pre Covid
2092,331,Solo Leisure,Economy Class,Airbus A330,2x4x2,1,2018-01-10,Canada,5.0,4.0,4.0,5.0,5.0,5.0,5.0,,,,,,1,Modern (2015-Present),Positive,0.9451,Pre Covid
2093,331,Solo Leisure,Economy Class,Airbus A320,3x3,1,2018-01-09,Canada,1.0,1.0,2.0,2.0,2.0,,,,,,,,1,Modern (2015-Present),Negative,-0.6369,Pre Covid
2094,331,Family Leisure,Economy Class,Airbus A340,2x4x2,0,2017-11-01,Japan,4.0,4.0,4.0,4.0,5.0,5.0,5.0,,,,,,1,Modern (2015-Present),Positive,0.9719,Pre Covid
2095,331,Couple Leisure,Economy Class,Airbus A380,3x4x3,0,2017-08-07,United Kingdom,1.0,1.0,3.0,2.0,1.0,,3.0,,,,,,0,Modern (2015-Present),Positive,0.4389,Pre Covid
2096,331,Solo Leisure,Premium Economy,Airbus A340,2x4x2,0,2017-05-19,United Kingdom,4.0,4.0,4.0,4.0,4.0,4.0,4.0,,,,,,1,Modern (2015-Present),Positive,0.9555,Pre Covid
2097,331,Couple Leisure,Economy Class,Airbus A340,2x4x2,0,2017-05-16,Netherlands,4.0,3.0,4.0,5.0,3.0,5.0,5.0,,,,,,1,Modern (2015-Present),Positive,0.3947,Pre Covid
2098,331,Business,Premium Economy,Airbus A380,2x4x2,0,2017-01-15,Singapore,5.0,4.0,5.0,5.0,5.0,5.0,5.0,,,,,,1,Modern (2015-Present),Positive,0.9521,Pre Covid
2099,331,Family Leisure,Economy Class,Boeing 747,3x4x3,0,2017-01-03,India,5.0,3.0,4.0,4.0,2.0,2.0,4.0,,,,,,1,Modern (2015-Present),Positive,0.9501,Pre Covid
2100,331,Solo Leisure,Economy Class,Airbus A380,2x4x2,0,2016-11-21,United Kingdom,4.0,4.0,4.0,5.0,5.0,3.0,4.0,,,,,,1,Modern (2015-Present),Positive,0.9836,Pre Covid
2101,331,Business,Economy Class,Airbus A340,2x4x2,0,2016-11-19,United States,1.0,1.0,1.0,1.0,1.0,1.0,2.0,,,,,,0,Modern (2015-Present),Negative,-0.6503,Pre Covid
2102,331,Business,Economy Class,Airbus A380,3x4x3,0,2016-11-12,Norway,5.0,5.0,5.0,5.0,4.0,,5.0,,,,,,1,Modern (2015-Present),Positive,0.9441,Pre Covid
2103,331,Family Leisure,Economy Class,Airbus A330,2x4x2,0,2016-09-06,Germany,5.0,4.0,5.0,4.0,5.0,5.0,5.0,,,,,,1,Modern (2015-Present),Positive,0.5984,Pre Covid
2104,331,Solo Leisure,Economy Class,Boeing 747,3x4x3,0,2016-08-17,Portugal,4.0,3.0,4.0,4.0,3.0,5.0,4.0,,,,,,1,Modern (2015-Present),Positive,0.9672,Pre Covid
2105,331,Couple Leisure,Economy Class,Boeing 747,3x4x3,0,2016-06-22,Australia,4.0,3.0,2.0,3.0,4.0,4.0,4.0,,,,,,0,Modern (2015-Present),Positive,0.9538,Pre Covid
2106,331,Business,Economy Class,Airbus A330,2x4x2,0,2016-06-22,India,3.0,3.0,3.0,3.0,3.0,3.0,3.0,,,,,,1,Modern (2015-Present),Positive,0.9615,Pre Covid
2107,331,Couple Leisure,Premium Economy,Airbus A340,2x4x2,0,2016-06-01,United States,3.0,1.0,1.0,1.0,1.0,,1.0,,,,,,0,Modern (2015-Present),Negative,-0.6794,Pre Covid
2108,331,Business,Premium Economy,Airbus A380,2x4x2,0,2016-05-26,Switzerland,4.0,3.0,4.0,2.0,3.0,5.0,3.0,,,,,,1,Modern (2015-Present),Positive,0.8883,Pre Covid
2109,331,Solo Leisure,Economy Class,Airbus A321,3x3,0,2016-05-23,Portugal,5.0,4.0,5.0,5.0,4.0,,4.0,,,,,,1,Modern (2015-Present),Positive,0.9588,Pre Covid
2110,331,Business,Economy Class,Unknown,2x2,0,2016-03-19,Germany,5.0,4.0,3.0,4.0,3.0,,,,,,,,1,Modern (2015-Present),Positive,0.7003,Pre Covid
2111,331,Business,Economy Class,Unknown,2x2,0,2016-03-13,Germany,5.0,4.0,4.0,5.0,3.0,,,,,,,,1,Modern (2015-Present),Positive,0.0516,Pre Covid
2112,331,Solo Leisure,Economy Class,Airbus A321,3x3,0,2016-02-29,Germany,5.0,4.0,3.0,4.0,3.0,,,,,,,,1,Modern (2015-Present),Neutral,-0.0194,Pre Covid
2113,331,Solo Leisure,Economy Class,Airbus A321,3x3,0,2016-02-29,Germany,3.0,4.0,3.0,3.0,3.0,,,,,,,,1,Modern (2015-Present),Positive,0.8131,Pre Covid
2114,331,Family Leisure,Economy Class,Boeing 747,3x4x3,0,2016-02-22,United States,1.0,4.0,2.0,1.0,2.0,,1.0,,,,,,0,Modern (2015-Present),Negative,-0.7675,Pre Covid
2115,331,Couple Leisure,Economy Class,Other Aircraft,2x2,0,2016-02-03,Poland,4.0,4.0,5.0,4.0,3.0,,,,,,,,1,Modern (2015-Present),Positive,0.6632,Pre Covid
2116,331,Couple Leisure,Economy Class,Boeing 747,3x4x3,0,2016-01-30,United Kingdom,1.0,2.0,1.0,2.0,2.0,2.0,3.0,,,,,,0,Modern (2015-Present),Positive,0.3323,Pre Covid
2117,331,Couple Leisure,Premium Economy,Airbus A340,2x3x2,0,2016-01-21,Switzerland,4.0,4.0,4.0,3.0,5.0,5.0,4.0,,,,,,1,Modern (2015-Present),Positive,0.8591,Pre Covid
2118,331,Family Leisure,Economy Class,Airbus A330,2x4x2,0,2016-01-14,Greece,4.0,4.0,4.0,5.0,4.0,5.0,5.0,,,,,,1,Modern (2015-Present),Positive,0.9817,Pre Covid
2119,331,Couple Leisure,Economy Class,Airbus A340,2x4x2,0,2015-10-08,Germany,3.0,4.0,3.0,3.0,1.0,,4.0,,,,,,1,Modern (2015-Present),Positive,0.9272,Pre Covid
2120,331,Couple Leisure,Premium Economy,Airbus A380,2x4x2,0,2015-09-28,New Zealand,3.0,4.0,5.0,2.0,2.0,,3.0,,,,,,0,Modern (2015-Present),Positive,0.8241,Pre Covid
2121,331,Couple Leisure,Premium Economy,Airbus A380,2x4x2,0,2015-09-10,New Zealand,4.0,4.0,5.0,1.0,2.0,,2.0,,,,,,0,Modern (2015-Present),Positive,0.7391,Pre Covid
2122,331,Couple Leisure,Premium Economy,Airbus A340,2x3x2,0,2015-07-21,Germany,4.0,4.0,4.0,4.0,3.0,4.0,5.0,,,,,,1,Modern (2015-Present),Positive,0.8271,Pre Covid
2123,331,Business,Premium Economy,Boeing 747,2x4x2,0,2015-06-17,Hong Kong,5.0,4.0,4.0,4.0,5.0,5.0,5.0,,,,,,1,Modern (2015-Present),Positive,0.9842,Pre Covid
2124,331,Business,Economy Class,Boeing 747,3x4x3,0,2015-06-14,Brazil,1.0,1.0,1.0,1.0,4.0,,3.0,,,,,,0,Modern (2015-Present),Positive,0.8674,Pre Covid
2125,331,Solo Leisure,Economy Class,Airbus A380,3x4x3,0,2015-06-11,Germany,4.0,5.0,5.0,5.0,,,4.0,,,,,,1,Modern (2015-Present),Positive,0.9231,Pre Covid
2126,331,Unknown,Economy Class,Airbus A319,3x3,0,2015-01-28,Germany,4.0,4.0,3.0,4.0,,,1.0,,,,,,1,Modern (2015-Present),Positive,0.6124,Pre Covid
2127,331,Unknown,Economy Class,Boeing 747,3x4x3,0,2015-01-28,Germany,1.0,2.0,3.0,2.0,,,5.0,,,,,,0,Modern (2015-Present),Negative,-0.7277,Pre Covid
2128,331,Unknown,Economy Class,Airbus A340,2x4x2,0,2015-01-28,United States,1.0,2.0,3.0,1.0,,,2.0,,,,,,0,Modern (2015-Present),Positive,0.2263,Pre Covid
2129,331,Unknown,Economy Class,Airbus A340,2x4x2,0,2014-11-19,United States,3.0,2.0,1.0,1.0,,,2.0,,,,,,0,Historical (Pre-2015),Negative,-0.5103,Pre Covid
2130,331,Unknown,Economy Class,Airbus A320,3x3,0,2014-11-19,Germany,5.0,3.0,4.0,3.0,,,1.0,,,,,,1,Historical (Pre-2015),Positive,0.7227,Pre Covid
2131,331,Unknown,Economy Class,Boeing 747,3x4x3,0,2014-11-19,Brazil,3.0,2.0,2.0,2.0,,,3.0,,,,,,0,Historical (Pre-2015),Positive,0.9919,Pre Covid
2132,331,Unknown,Economy Class,Boeing 747,3x4x3,0,2014-11-19,Germany,1.0,2.0,1.0,1.0,,,2.0,,,,,,0,Historical (Pre-2015),Negative,-0.4427,Pre Covid
2133,331,Unknown,Economy Class,Airbus A380,2x4x2,0,2014-08-05,Germany,4.0,3.0,3.0,3.0,,,4.0,,,,,,0,Historical (Pre-2015),Positive,0.9776,Pre Covid
2134,331,Unknown,Economy Class,Airbus A380,2x4x2,0,2014-08-05,Germany,1.0,3.0,2.0,1.0,,,5.0,,,,,,0,Historical (Pre-2015),Positive,0.2651,Pre Covid
2135,331,Unknown,Economy Class,Airbus A340,2x4x2,0,2014-08-02,United States,4.0,2.0,2.0,1.0,,,2.0,,,,,,0,Historical (Pre-2015),Positive,0.9248,Pre Covid
2136,331,Unknown,Economy Class,Boeing 747,3x4x3,0,2014-07-24,Brazil,5.0,3.0,1.0,5.0,,,2.0,,,,,,0,Historical (Pre-2015),Negative,-0.7351,Pre Covid
2137,331,Unknown,Economy Class,Airbus A380,3x4x3,0,2014-07-24,Finland,2.0,2.0,2.0,4.0,,,4.0,,,,,,0,Historical (Pre-2015),Positive,0.9199,Pre Covid
2138,331,Unknown,Economy Class,Boeing 747,3x4x3,0,2014-07-24,Unknown,1.0,1.0,1.0,1.0,,,1.0,,,,,,0,Historical (Pre-2015),Negative,-0.0516,Pre Covid
2139,331,Unknown,Economy Class,Airbus A340,2x4x2,0,2014-07-24,Canada,1.0,1.0,1.0,2.0,,,3.0,,,,,,0,Historical (Pre-2015),Positive,0.9018,Pre Covid
2140,331,Unknown,Economy Class,Boeing 747,3x4x3,0,2014-07-24,Brazil,1.0,1.0,1.0,3.0,,,2.0,,,,,,0,Historical (Pre-2015),Negative,-0.434,Pre Covid
2141,331,Unknown,Economy Class,Airbus A380,3x3x3,0,2014-07-24,United States,1.0,1.0,1.0,1.0,,,3.0,,,,,,0,Historical (Pre-2015),Positive,0.8074,Pre Covid
2142,331,Unknown,Economy Class,Airbus A380,3x4x3,0,2014-03-03,Australia,3.0,3.0,3.0,2.0,,,3.0,,,,,,0,Historical (Pre-2015),Positive,0.5864,Pre Covid
2143,331,Unknown,Economy Class,Airbus A380,3x4x3,0,2014-03-03,South Africa,1.0,1.0,1.0,1.0,,,2.0,,,,,,0,Historical (Pre-2015),Negative,-0.6549,Pre Covid
2144,331,Unknown,Economy Class,Boeing 747,3x4x3,0,2014-03-03,Canada,4.0,4.0,3.0,4.0,,,4.0,,,,,,1,Historical (Pre-2015),Positive,0.0754,Pre Covid
2145,331,Unknown,Economy Class,Boeing 747,3x4x3,0,2014-01-13,United States,2.0,3.0,2.0,2.0,,,3.0,,,,,,0,Historical (Pre-2015),Negative,-0.5267,Pre Covid
2146,331,Unknown,Economy Class,Airbus A340,2x4x2,0,2014-01-10,Germany,1.0,2.0,1.0,1.0,,,1.0,,,,,,0,Historical (Pre-2015),Negative,-0.7986,Pre Covid
2147,331,Unknown,Economy Class,Airbus A340,2x4x2,0,2014-01-10,China,4.0,4.0,4.0,3.0,,,4.0,,,,,,1,Historical (Pre-2015),Positive,0.9813,Pre Covid
2148,331,Unknown,Economy Class,Boeing 747,3x4x3,0,2014-01-10,United States,1.0,1.0,1.0,1.0,,,2.0,,,,,,0,Historical (Pre-2015),Negative,-0.5574,Pre Covid
2149,331,Unknown,Economy Class,Boeing 747,3x4x3,0,2014-01-10,United States,3.0,4.0,3.0,5.0,,,5.0,,,,,,1,Historical (Pre-2015),Negative,-0.3345,Pre Covid
2150,331,Unknown,Economy Class,Airbus A340,2x4x2,0,2014-01-10,Germany,2.0,2.0,2.0,2.0,,,2.0,,,,,,0,Historical (Pre-2015),Negative,-0.2708,Pre Covid
2151,331,Unknown,Economy Class,Airbus A380,3x4x3,0,2014-01-10,United States,1.0,2.0,2.0,1.0,,,1.0,,,,,,0,Historical (Pre-2015),Negative,-0.836,Pre Covid
2152,331,Unknown,Economy Class,Boeing 747,3x4x3,0,2014-01-10,Taiwan,3.0,3.0,3.0,2.0,,,4.0,,,,,,1,Historical (Pre-2015),Positive,0.7196,Pre Covid
2153,331,Unknown,Economy Class,Airbus A321,3x3,0,2014-01-10,China,5.0,4.0,5.0,4.0,,,3.0,,,,,,1,Historical (Pre-2015),Positive,0.9589,Pre Covid
2154,331,Unknown,Economy Class,Airbus A340,2x4x2,0,2013-04-20,Finland,2.0,1.0,4.0,2.0,,,2.0,,,,,,0,Historical (Pre-2015),Negative,-0.765,Pre Covid
2155,331,Unknown,Economy Class,Airbus A340,2x4x2,0,2013-04-20,United States,1.0,1.0,1.0,1.0,,,3.0,,,,,,0,Historical (Pre-2015),Negative,-0.8396,Pre Covid
2156,331,Unknown,Economy Class,Airbus A340,2x4x2,0,2013-04-20,Ireland,4.0,4.0,4.0,4.0,,,4.0,,,,,,1,Historical (Pre-2015),Positive,0.6997,Pre Covid
2157,331,Unknown,Economy Class,Airbus A330,2x4x2,0,2013-02-24,Germany,1.0,1.0,2.0,1.0,,,4.0,,,,,,0,Historical (Pre-2015),Negative,-0.0642,Pre Covid
2158,331,Unknown,Economy Class,Airbus A321,3x3,0,2013-02-24,Germany,5.0,4.0,4.0,4.0,,,,,,,,,1,Historical (Pre-2015),Positive,0.883,Pre Covid
2159,331,Unknown,Economy Class,Airbus A340,2x4x2,0,2013-02-24,Canada,2.0,1.0,3.0,1.0,,,4.0,,,,,,0,Historical (Pre-2015),Neutral,0.0414,Pre Covid
2160,331,Unknown,Economy Class,Airbus A380,3x4x3,0,2013-01-23,Australia,1.0,1.0,1.0,2.0,,,3.0,,,,,,0,Historical (Pre-2015),Negative,-0.6486,Pre Covid
2161,331,Unknown,Economy Class,Airbus A340,2x4x2,0,2012-09-17,Canada,1.0,2.0,2.0,2.0,,,2.0,,,,,,0,Historical (Pre-2015),Negative,-0.9154,Pre Covid
2162,331,Unknown,Economy Class,Unknown,2x2,0,2012-09-09,Switzerland,3.0,2.0,1.0,1.0,,,,,,,,,0,Historical (Pre-2015),Positive,0.5429,Pre Covid
2163,331,Unknown,Economy Class,Airbus A380,3x4x3,0,2011-10-22,Germany,2.0,3.0,3.0,2.0,,,4.0,,,,,,0,Historical (Pre-2015),Positive,0.8852,Pre Covid
2164,331,Unknown,Economy Class,Airbus A340,2x4x2,0,2011-09-05,Italy,1.0,2.0,1.0,3.0,,,3.0,,,,,,0,Historical (Pre-2015),Negative,-0.5209,Pre Covid
2165,331,Unknown,Economy Class,Boeing 747,3x4x3,0,2011-07-31,Romania,1.0,2.0,2.0,1.0,,,,,,,,,0,Historical (Pre-2015),Negative,-0.9109,Pre Covid
2166,331,Unknown,Economy Class,Boeing 747,3x4x3,0,2011-07-28,Finland,1.0,2.0,3.0,1.0,,,1.0,,,,,,0,Historical (Pre-2015),Negative,-0.9445,Pre Covid
2167,331,Unknown,Economy Class,Boeing 747,3x4x3,0,2011-05-21,United States,1.0,1.0,1.0,1.0,,,1.0,,,,,,0,Historical (Pre-2015),Negative,-0.2514,Pre Covid
2168,331,Unknown,Economy Class,Airbus A380,3x4x3,0,2011-04-05,United States,4.0,4.0,3.0,4.0,,,5.0,,,,,,1,Historical (Pre-2015),Positive,0.6808,Pre Covid
2169,331,Unknown,Economy Class,Airbus A340,2x4x2,0,2011-04-05,Finland,4.0,4.0,4.0,4.0,,,4.0,,,,,,1,Historical (Pre-2015),Negative,-0.5719,Pre Covid
2170,331,Unknown,Economy Class,Unknown,2x3x2,0,2010-08-26,Taiwan,1.0,1.0,1.0,1.0,,,1.0,,,,,,0,Historical (Pre-2015),Negative,-0.4002,Pre Covid
2171,331,Unknown,Economy Class,Airbus A340,2x3x2,0,2010-06-30,United States,1.0,1.0,1.0,1.0,,,2.0,,,,,,0,Historical (Pre-2015),Negative,-0.2617,Pre Covid
2172,331,Unknown,Economy Class,Airbus A340,3x4x3,0,2009-12-14,Brazil,3.0,1.0,3.0,2.0,,,1.0,,,,,,0,Historical (Pre-2015),Negative,-0.912,Pre Covid
2173,331,Unknown,Economy Class,Unknown,3x4x3,0,2009-12-04,Israel,1.0,3.0,1.0,2.0,,,1.0,,,,,,0,Historical (Pre-2015),Positive,0.507,Pre Covid
2174,331,Unknown,Economy Class,Airbus A340,2x4x2,0,2009-12-04,Sweden,1.0,3.0,2.0,1.0,,,3.0,,,,,,0,Historical (Pre-2015),Negative,-0.6808,Pre Covid
2175,331,Unknown,Economy Class,Airbus A340,2x4x2,0,2009-12-04,Japan,3.0,3.0,4.0,4.0,,,4.0,,,,,,1,Historical (Pre-2015),Positive,0.197,Pre Covid
2176,331,Unknown,Economy Class,Unknown,3x4x3,0,2009-09-20,Finland,2.0,3.0,3.0,2.0,,,2.0,,,,,,1,Historical (Pre-2015),Negative,-0.0516,Pre Covid
2177,331,Unknown,Economy Class,Unknown,3x4x3,0,2009-08-14,United States,3.0,2.0,3.0,3.0,,,3.0,,,,,,1,Historical (Pre-2015),Positive,0.7579,Pre Covid
2178,331,Unknown,Economy Class,Unknown,3x4x3,0,2009-01-13,United States,1.0,2.0,1.0,1.0,,,2.0,,,,,,0,Historical (Pre-2015),Negative,-0.7579,Pre Covid
2179,331,Unknown,Economy Class,Unknown,3x4x3,0,2009-01-07,Norway,1.0,1.0,2.0,1.0,,,1.0,,,,,,0,Historical (Pre-2015),Negative,-0.9483,Pre Covid
2186,353,Business,Economy Class,Airbus A330,2x4x2,1,2018-12-22,Greece,3.0,1.0,2.0,2.0,2.0,1.0,1.0,,,,,,0,Modern (2015-Present),Negative,-0.9322,Pre Covid
2187,353,Solo Leisure,Economy Class,Airbus A320,3x3,0,2016-06-01,Australia,4.0,4.0,5.0,5.0,5.0,4.0,5.0,,,,,,1,Modern (2015-Present),Positive,0.9853,Pre Covid
2188,311,Couple Leisure,Economy Class,Boeing 787,3x3x3,0,2016-03-06,United States,1.0,1.0,1.0,1.0,1.0,3.0,3.0,,,,,,0,Modern (2015-Present),Negative,-0.972,Pre Covid
2189,311,Unknown,Economy Class,Boeing 787,3x3x3,0,2014-01-10,Uruguay,2.0,3.0,1.0,2.0,,,4.0,,,,,,0,Historical (Pre-2015),Negative,-0.7897,Pre Covid
2190,380,Family Leisure,Premium Economy,Boeing 787,2x3x2,0,2020-03-17,United Kingdom,4.0,3.0,4.0,5.0,3.0,3.0,4.0,,,,,,1,Modern (2015-Present),Positive,0.7717,Covid
2191,380,Leisure,Business Class,Boeing 787,2x3x2,1,2019-07-27,United States,,,,,2.0,,,2.0,2.0,3.0,3.0,2.0,0,Modern (2015-Present),Negative,-0.296,Pre Covid
2192,380,Business,Economy Class,Boeing 737,3x3,1,2018-12-03,Spain,5.0,5.0,5.0,5.0,5.0,,5.0,,,,,,1,Modern (2015-Present),Positive,0.6501,Pre Covid
2193,380,Couple Leisure,Economy Class,Boeing 787,3x3x3,1,2018-03-10,United Kingdom,1.0,1.0,1.0,2.0,1.0,,3.0,,,,,,0,Modern (2015-Present),Positive,0.5713,Pre Covid
2194,380,Couple Leisure,Economy Class,Boeing 787,3x3x3,0,2017-10-30,United States,2.0,2.0,1.0,1.0,2.0,2.0,2.0,,,,,,1,Modern (2015-Present),Positive,0.5994,Pre Covid
2195,380,Couple Leisure,Premium Economy,Boeing 787,2x3x2,0,2017-10-03,United Kingdom,5.0,3.0,4.0,4.0,5.0,4.0,5.0,,,,,,1,Modern (2015-Present),Negative,-0.7322,Pre Covid
2196,380,Couple Leisure,Premium Economy,Airbus A330,unknown,0,2017-05-02,United Kingdom,1.0,1.0,1.0,1.0,1.0,,,,,,,,0,Modern (2015-Present),Positive,0.8769,Pre Covid
2197,380,Solo Leisure,Premium Economy,Boeing 787,2x3x2,0,2016-12-07,United States,4.0,4.0,4.0,4.0,4.0,4.0,4.0,,,,,,1,Modern (2015-Present),Positive,0.4154,Pre Covid
2198,380,Business,Premium Economy,Boeing 787,2x3x2,0,2016-10-02,Germany,5.0,5.0,5.0,4.0,4.0,4.0,4.0,,,,,,1,Modern (2015-Present),Positive,0.9802,Pre Covid
2199,380,Couple Leisure,Economy Class,Boeing 737,3x3,0,2016-09-25,Netherlands,4.0,4.0,4.0,4.0,4.0,,,,,,,,1,Modern (2015-Present),Positive,0.8591,Pre Covid
2200,380,Solo Leisure,Economy Class,Boeing 737,3x3,0,2016-07-18,Indonesia,4.0,4.0,4.0,4.0,4.0,,,,,,,,1,Modern (2015-Present),Positive,0.9001,Pre Covid
2201,380,Solo Leisure,Economy Class,Boeing 787,3x3x3,0,2016-04-18,United Kingdom,4.0,4.0,4.0,4.0,4.0,5.0,4.0,,,,,,1,Modern (2015-Present),Positive,0.9516,Pre Covid
2202,380,Couple Leisure,Premium Economy,Boeing 787,2x3x2,0,2016-03-24,United Kingdom,5.0,5.0,5.0,5.0,5.0,5.0,3.0,,,,,,1,Modern (2015-Present),Positive,0.9698,Pre Covid
2203,380,Solo Leisure,Economy Class,Boeing 787,3x3x3,0,2016-02-09,United Kingdom,5.0,5.0,5.0,5.0,5.0,5.0,5.0,,,,,,1,Modern (2015-Present),Positive,0.939,Pre Covid
2204,380,Couple Leisure,Economy Class,Boeing 787,3x3x3,0,2015-12-19,United States,4.0,3.0,4.0,4.0,4.0,4.0,4.0,,,,,,1,Modern (2015-Present),Positive,0.9655,Pre Covid
2205,380,Unknown,Economy Class,Boeing 787,2x4x2,0,2014-11-19,United States,4.0,5.0,4.0,4.0,,,4.0,,,,,,1,Historical (Pre-2015),Positive,0.9188,Pre Covid
2206,399,Solo Leisure,Economy Class,Boeing 737,3x3,1,2019-04-11,Japan,1.0,1.0,1.0,1.0,1.0,,,,,,,,0,Modern (2015-Present),Negative,-0.1027,Pre Covid
2207,340,Business,Business Class,Boeing 737,2x2,1,2019-12-03,Malawi,,,,,1.0,1.0,,1.0,2.0,3.0,3.0,3.0,0,Modern (2015-Present),Negative,-0.7351,Pre Covid
2208,395,Solo Leisure,Economy Class,Airbus A320,3x3,1,2025-12-11,United Arab Emirates,5.0,1.0,4.0,5.0,4.0,,,,,,,,1,Modern (2015-Present),Negative,-0.8126,After Covid
2209,395,Family Leisure,Premium Economy,Boeing 777,2x2x2,1,2020-02-08,United Kingdom,4.0,4.0,4.0,3.0,1.0,,,,,,,,0,Modern (2015-Present),Positive,0.3391,Covid
2210,395,Business,Economy Class,Airbus A320,3x3,0,2017-06-21,United Arab Emirates,2.0,2.0,3.0,1.0,1.0,1.0,1.0,,,,,,0,Modern (2015-Present),Positive,0.4767,Pre Covid
2211,395,Family Leisure,Economy Class,Boeing 777,3x3x3,0,2016-08-10,United Kingdom,3.0,2.0,4.0,2.0,2.0,,3.0,,,,,,0,Modern (2015-Present),Negative,-0.5803,Pre Covid
2212,395,Family Leisure,Economy Class,Boeing 777,3x3x3,0,2015-08-25,United Kingdom,2.0,2.0,2.0,2.0,1.0,,1.0,,,,,,0,Modern (2015-Present),Negative,-0.8514,Pre Covid
2213,393,Family Leisure,Economy Class,Airbus A321,3x3,1,2023-04-25,Iceland,4.0,4.0,4.0,2.0,2.0,,,,,,,,1,Modern (2015-Present),Positive,0.7783,After Covid
2214,393,Couple Leisure,Economy Class,Airbus A321,3x3,1,2022-09-23,Sweden,4.0,3.0,4.0,3.0,4.0,5.0,,,,,,,1,Modern (2015-Present),Negative,-0.0817,After Covid
2215,400,Couple Leisure,Economy Class,Boeing 737,3x3,1,2021-06-13,Canada,4.0,4.0,4.0,3.0,4.0,,,,,,,,1,Modern (2015-Present),Positive,0.894,Covid
2216,400,Solo Leisure,Economy Class,Boeing 737,3x3,0,2015-11-17,Greece,4.0,4.0,3.0,3.0,2.0,,,,,,,,1,Modern (2015-Present),Positive,0.128,Pre Covid
2217,400,Solo Leisure,Economy Class,Boeing 737,3x3,0,2015-11-13,United Kingdom,5.0,5.0,5.0,5.0,5.0,,4.0,,,,,,1,Modern (2015-Present),Positive,0.4215,Pre Covid
2218,413,Family Leisure,Economy Class,Boeing 777,3x4x3,1,2019-08-12,United Kingdom,2.0,1.0,1.0,1.0,1.0,,1.0,,,,,,0,Modern (2015-Present),Negative,-0.3716,Pre Covid
2219,413,Business,Premium Economy,Boeing 777,2x2x2,1,2018-11-21,United States,5.0,1.0,5.0,5.0,5.0,1.0,1.0,,,,,,0,Modern (2015-Present),Negative,-0.5256,Pre Covid
2220,386,Leisure,Business Class,Boeing 787,2x2x2,1,2022-04-22,Australia,,,,,5.0,5.0,,5.0,5.0,5.0,5.0,5.0,1,Modern (2015-Present),Positive,0.9117,After Covid
2221,386,Leisure,Business Class,Boeing 787,2x2x2,1,2020-04-19,United Kingdom,,,,,4.0,5.0,,5.0,5.0,5.0,5.0,4.0,1,Modern (2015-Present),Positive,0.9441,Covid
2222,386,Business,Economy Class,Airbus A330,2x3x2,1,2018-05-12,United Kingdom,3.0,4.0,4.0,3.0,3.0,3.0,2.0,,,,,,1,Modern (2015-Present),Positive,0.5859,Pre Covid
2223,386,Family Leisure,Economy Class,Boeing 787,3x3x3,1,2018-02-25,Canada,5.0,4.0,4.0,5.0,5.0,5.0,5.0,,,,,,1,Modern (2015-Present),Positive,0.9231,Pre Covid
2224,386,Family Leisure,Economy Class,Other Aircraft,2x2,0,2017-08-18,Pakistan,4.0,4.0,4.0,3.0,3.0,,5.0,,,,,,1,Modern (2015-Present),Positive,0.7684,Pre Covid
2225,386,Business,Economy Class,Boeing 737,3x3,0,2017-07-23,Saudi Arabia,3.0,3.0,2.0,4.0,3.0,,,,,,,,0,Modern (2015-Present),Negative,-0.2263,Pre Covid
2226,386,Family Leisure,Economy Class,Airbus A330,2x4x2,0,2016-06-15,United Kingdom,4.0,4.0,5.0,5.0,4.0,,5.0,,,,,,1,Modern (2015-Present),Positive,0.9655,Pre Covid
2227,386,Couple Leisure,Economy Class,Airbus A330,2x4x2,0,2016-01-01,Switzerland,4.0,3.0,4.0,5.0,4.0,4.0,4.0,,,,,,1,Modern (2015-Present),Negative,-0.7952,Pre Covid
2228,386,Unknown,Economy Class,Airbus A330,2x4x2,0,2014-07-25,United States,5.0,4.0,4.0,4.0,,,5.0,,,,,,1,Historical (Pre-2015),Positive,0.9287,Pre Covid
2229,422,Solo Leisure,Economy Class,Boeing 737,3x3,1,2021-03-22,Australia,4.0,3.0,4.0,4.0,4.0,,,,,,,,1,Modern (2015-Present),Neutral,0.0,Covid
2230,414,Business,Business Class,Boeing 737,2x2,1,2025-11-25,Australia,,,,,1.0,1.0,,1.0,1.0,1.0,1.0,1.0,0,Modern (2015-Present),Negative,-0.6249,After Covid
2231,414,Couple Leisure,Premium Economy,Airbus A380,2x3x2,0,2025-10-05,Australia,4.0,4.0,4.0,4.0,5.0,4.0,4.0,,,,,,1,Modern (2015-Present),Positive,0.9402,After Covid
2232,414,Leisure,Business Class,Airbus A330,1x2x1,1,2022-09-29,Australia,,,,,4.0,4.0,,3.0,1.0,3.0,5.0,1.0,0,Modern (2015-Present),Negative,-0.9558,After Covid
2233,414,Business,First Class,Airbus A380,1x1x1,1,2020-01-08,Australia,,,,,5.0,5.0,,5.0,5.0,5.0,5.0,5.0,1,Modern (2015-Present),Positive,0.9225,Covid
2234,414,Solo Leisure,Economy Class,Boeing 787,unknown,1,2019-12-08,Pakistan,5.0,4.0,4.0,4.0,5.0,5.0,5.0,,,,,,1,Modern (2015-Present),Positive,0.9583,Pre Covid
2235,414,Leisure,Business Class,Airbus A330,1x2x1,1,2019-10-21,Australia,,,,,4.0,,,5.0,5.0,5.0,5.0,4.0,1,Modern (2015-Present),Positive,0.8437,Pre Covid
2236,414,Leisure,Business Class,Airbus A330,1x2x1,1,2019-10-20,Australia,,,,,5.0,5.0,,3.0,5.0,4.0,5.0,1.0,0,Modern (2015-Present),Positive,0.7184,Pre Covid
2237,414,Family Leisure,Economy Class,Airbus A330,unknown,0,2019-10-07,Australia,1.0,1.0,2.0,3.0,1.0,1.0,3.0,,,,,,1,Modern (2015-Present),Positive,0.939,Pre Covid
2238,414,Leisure,Business Class,Boeing 737,2x2,1,2019-10-01,Australia,,,,,1.0,,,2.0,3.0,4.0,1.0,1.0,0,Modern (2015-Present),Neutral,0.0237,Pre Covid
2239,414,Solo Leisure,Economy Class,Airbus A330,2x4x2,1,2019-07-22,New Zealand,5.0,4.0,5.0,5.0,5.0,4.0,5.0,,,,,,1,Modern (2015-Present),Positive,0.9531,Pre Covid
2240,414,Solo Leisure,Economy Class,Airbus A380,3x4x3,1,2019-05-19,United States,1.0,1.0,1.0,1.0,1.0,,3.0,,,,,,0,Modern (2015-Present),Positive,0.9559,Pre Covid
2241,414,Leisure,Business Class,Airbus A380,2x2x2,1,2019-03-03,United States,,,,,3.0,4.0,,5.0,5.0,5.0,4.0,3.0,1,Modern (2015-Present),Positive,0.9713,Pre Covid
2242,414,Couple Leisure,Economy Class,Boeing 737,3x3,1,2019-02-11,Spain,3.0,1.0,1.0,1.0,1.0,1.0,1.0,,,,,,0,Modern (2015-Present),Negative,-0.3846,Pre Covid
2243,414,Couple Leisure,Economy Class,Boeing 737,3x3,0,2018-01-02,New Zealand,3.0,1.0,3.0,3.0,4.0,4.0,4.0,,,,,,1,Modern (2015-Present),Positive,0.859,Pre Covid
2244,414,Solo Leisure,Economy Class,Boeing 747,3x4x3,1,2017-12-01,Australia,2.0,3.0,1.0,1.0,2.0,,1.0,,,,,,0,Modern (2015-Present),Positive,0.5539,Pre Covid
2245,414,Couple Leisure,Economy Class,Airbus A380,3x4x3,0,2017-11-01,New Zealand,3.0,3.0,3.0,2.0,3.0,4.0,4.0,,,,,,0,Modern (2015-Present),Positive,0.8639,Pre Covid
2246,414,Couple Leisure,Economy Class,Boeing 737,3x3,0,2017-10-17,Australia,1.0,1.0,2.0,1.0,2.0,4.0,4.0,,,,,,0,Modern (2015-Present),Negative,-0.7841,Pre Covid
2247,414,Couple Leisure,Economy Class,Airbus A330,2x4x2,0,2017-04-16,United Kingdom,1.0,1.0,2.0,2.0,2.0,1.0,3.0,,,,,,0,Modern (2015-Present),Negative,-0.5719,Pre Covid
2248,414,Solo Leisure,Premium Economy,Airbus A380,2x3x2,0,2016-12-06,United Kingdom,5.0,4.0,4.0,5.0,5.0,5.0,4.0,,,,,,1,Modern (2015-Present),Positive,0.9711,Pre Covid
2249,414,Solo Leisure,Economy Class,Boeing 737,3x3,0,2016-10-19,Hong Kong,3.0,3.0,4.0,4.0,2.0,3.0,4.0,,,,,,1,Modern (2015-Present),Positive,0.891,Pre Covid
2250,414,Couple Leisure,Economy Class,Boeing 737,3x3,0,2016-08-22,Australia,5.0,5.0,5.0,2.0,1.0,,,,,,,,1,Modern (2015-Present),Positive,0.8834,Pre Covid
2251,414,Family Leisure,Economy Class,Boeing 747,3x4x3,0,2016-07-17,United States,1.0,3.0,1.0,3.0,4.0,4.0,3.0,,,,,,0,Modern (2015-Present),Positive,0.5789,Pre Covid
2252,414,Business,Premium Economy,Airbus A380,2x3x2,0,2016-07-15,Australia,5.0,5.0,5.0,5.0,5.0,5.0,4.0,,,,,,1,Modern (2015-Present),Positive,0.9725,Pre Covid
2253,414,Family Leisure,Economy Class,Airbus A330,2x4x2,0,2016-04-26,Australia,4.0,4.0,3.0,5.0,4.0,5.0,5.0,,,,,,1,Modern (2015-Present),Positive,0.975,Pre Covid
2254,414,Couple Leisure,Premium Economy,Airbus A380,2x3x2,0,2016-03-06,Australia,4.0,3.0,4.0,3.0,3.0,4.0,3.0,,,,,,1,Modern (2015-Present),Positive,0.2966,Pre Covid
2255,414,Solo Leisure,Premium Economy,Boeing 747,2x4x2,0,2016-02-20,United Kingdom,5.0,5.0,5.0,5.0,5.0,5.0,5.0,,,,,,1,Modern (2015-Present),Positive,0.7003,Pre Covid
2256,414,Solo Leisure,Premium Economy,Airbus A380,2x3x2,0,2016-02-12,Hong Kong,5.0,3.0,5.0,4.0,5.0,5.0,4.0,,,,,,1,Modern (2015-Present),Positive,0.9868,Pre Covid
2257,414,Solo Leisure,Economy Class,Boeing 747,3x4x3,0,2016-01-25,Hong Kong,5.0,5.0,5.0,5.0,5.0,1.0,5.0,,,,,,1,Modern (2015-Present),Positive,0.9727,Pre Covid
2258,414,Couple Leisure,Economy Class,Boeing 737,3x3,0,2016-01-11,Australia,1.0,1.0,1.0,4.0,3.0,3.0,3.0,,,,,,0,Modern (2015-Present),Negative,-0.3818,Pre Covid
2259,414,Couple Leisure,Economy Class,Airbus A380,2x3x2,0,2016-01-11,Germany,5.0,4.0,4.0,4.0,1.0,3.0,3.0,,,,,,0,Modern (2015-Present),Negative,-0.391,Pre Covid
2260,414,Family Leisure,Economy Class,Airbus A330,2x4x2,0,2016-01-09,Malaysia,1.0,1.0,2.0,2.0,4.0,4.0,3.0,,,,,,0,Modern (2015-Present),Negative,-0.7633,Pre Covid
2261,414,Solo Leisure,Premium Economy,Airbus A330,2x4x2,0,2015-11-30,United Kingdom,2.0,4.0,3.0,3.0,3.0,4.0,4.0,,,,,,0,Modern (2015-Present),Negative,-0.2482,Pre Covid
2262,414,Solo Leisure,Economy Class,Airbus A380,3x4x3,0,2015-11-26,Hungary,5.0,5.0,5.0,4.0,4.0,5.0,5.0,,,,,,1,Modern (2015-Present),Positive,0.8154,Pre Covid
2263,414,Couple Leisure,Economy Class,Boeing 737,3x3,0,2015-11-23,United Kingdom,1.0,1.0,1.0,2.0,1.0,,,,,,,,0,Modern (2015-Present),Negative,-0.2192,Pre Covid
2264,414,Business,Premium Economy,Airbus A380,2x3x2,0,2015-11-23,Australia,5.0,5.0,5.0,4.0,5.0,,3.0,,,,,,1,Modern (2015-Present),Positive,0.9771,Pre Covid
2265,414,Couple Leisure,Economy Class,Boeing 747,3x4x3,0,2015-10-21,Australia,4.0,3.0,4.0,3.0,3.0,,4.0,,,,,,1,Modern (2015-Present),Positive,0.7312,Pre Covid
2266,414,Couple Leisure,Economy Class,Airbus A380,3x4x3,0,2015-09-08,United Kingdom,2.0,2.0,2.0,2.0,3.0,3.0,4.0,,,,,,0,Modern (2015-Present),Positive,0.8034,Pre Covid
2267,414,Solo Leisure,Economy Class,Airbus A330,2x4x2,0,2015-08-13,Australia,1.0,1.0,1.0,1.0,1.0,,,,,,,,0,Modern (2015-Present),Negative,-0.2023,Pre Covid
2268,414,Family Leisure,Premium Economy,Boeing 747,2x4x2,0,2015-07-05,Australia,4.0,3.0,4.0,2.0,4.0,4.0,4.0,,,,,,1,Modern (2015-Present),Positive,0.9638,Pre Covid
2269,414,Solo Leisure,Premium Economy,Airbus A380,2x3x2,0,2015-06-11,Australia,4.0,4.0,4.0,4.0,,,5.0,,,,,,1,Modern (2015-Present),Positive,0.9698,Pre Covid
2270,414,Unknown,Premium Economy,Airbus A380,2x4x2,0,2015-05-30,United Kingdom,3.0,3.0,4.0,2.0,,,3.0,,,,,,0,Modern (2015-Present),Positive,0.4749,Pre Covid
2271,414,Unknown,Economy Class,Airbus A380,3x4x3,0,2015-05-30,United States,1.0,1.0,3.0,3.0,,,3.0,,,,,,0,Modern (2015-Present),Negative,-0.927,Pre Covid
2272,414,Unknown,Economy Class,Airbus A330,2x4x2,0,2015-03-29,Australia,2.0,3.0,2.0,3.0,,,1.0,,,,,,0,Modern (2015-Present),Negative,-0.4601,Pre Covid
2273,414,Unknown,Economy Class,Airbus A380,3x4x3,0,2015-03-29,United Kingdom,2.0,2.0,2.0,2.0,,,3.0,,,,,,0,Modern (2015-Present),Positive,0.7465,Pre Covid
2274,414,Unknown,Premium Economy,Airbus A380,2x3x2,0,2015-03-01,United States,5.0,5.0,5.0,4.0,,,5.0,,,,,,1,Modern (2015-Present),Positive,0.9307,Pre Covid
2275,414,Unknown,Economy Class,Boeing 747,3x4x3,0,2015-01-28,Australia,2.0,3.0,2.0,2.0,,,3.0,,,,,,0,Modern (2015-Present),Positive,0.9368,Pre Covid
2276,414,Unknown,Economy Class,Airbus A380,3x4x3,0,2015-01-28,France,4.0,4.0,5.0,4.0,,,4.0,,,,,,1,Modern (2015-Present),Positive,0.872,Pre Covid
2277,414,Unknown,Premium Economy,Boeing 747,2x4x2,0,2014-11-19,Australia,5.0,5.0,4.0,5.0,,,5.0,,,,,,1,Historical (Pre-2015),Positive,0.7077,Pre Covid
2278,414,Unknown,Premium Economy,Boeing 747,2x4x2,0,2014-11-19,South Africa,5.0,4.0,5.0,5.0,,,4.0,,,,,,1,Historical (Pre-2015),Positive,0.9796,Pre Covid
2279,414,Unknown,Premium Economy,Airbus A380,2x3x2,0,2014-11-19,Australia,5.0,4.0,5.0,5.0,,,5.0,,,,,,1,Historical (Pre-2015),Positive,0.9821,Pre Covid
2280,414,Unknown,Economy Class,Airbus A380,2x4x2,0,2014-08-02,Australia,1.0,1.0,1.0,1.0,,,1.0,,,,,,0,Historical (Pre-2015),Negative,-0.1027,Pre Covid
2281,414,Unknown,Premium Economy,Airbus A380,2x3x2,0,2014-08-02,Australia,3.0,1.0,3.0,3.0,,,5.0,,,,,,0,Historical (Pre-2015),Negative,-0.3952,Pre Covid
2282,414,Unknown,Economy Class,Airbus A380,2x4x2,0,2014-07-25,Australia,3.0,3.0,2.0,1.0,,,2.0,,,,,,0,Historical (Pre-2015),Negative,-0.5423,Pre Covid
2283,414,Unknown,Economy Class,Airbus A380,3x4x3,0,2014-07-25,Australia,2.0,1.0,4.0,1.0,,,2.0,,,,,,0,Historical (Pre-2015),Positive,0.6652,Pre Covid
2284,414,Unknown,Economy Class,Airbus A380,2x4x2,0,2014-03-11,Australia,5.0,3.0,3.0,5.0,,,5.0,,,,,,0,Historical (Pre-2015),Positive,0.6124,Pre Covid
2285,414,Unknown,Premium Economy,Boeing 747,2x4x2,0,2014-01-13,Australia,2.0,3.0,4.0,1.0,,,2.0,,,,,,0,Historical (Pre-2015),Positive,0.6384,Pre Covid
2286,414,Unknown,Premium Economy,Boeing 747,2x4x2,0,2014-01-13,Australia,5.0,4.0,4.0,1.0,,,5.0,,,,,,0,Historical (Pre-2015),Positive,0.8308,Pre Covid
2287,414,Unknown,Economy Class,Boeing 747,3x4x3,0,2014-01-13,Australia,4.0,2.0,3.0,3.0,,,5.0,,,,,,1,Historical (Pre-2015),Positive,0.8988,Pre Covid
2288,414,Unknown,Economy Class,Airbus A330,2x4x2,0,2014-01-13,Australia,3.0,4.0,3.0,3.0,,,3.0,,,,,,1,Historical (Pre-2015),Negative,-0.0772,Pre Covid
2289,414,Unknown,Economy Class,Airbus A380,3x4x3,0,2014-01-13,Australia,5.0,5.0,5.0,4.0,,,4.0,,,,,,1,Historical (Pre-2015),Positive,0.9516,Pre Covid
2290,414,Unknown,Economy Class,Airbus A380,3x4x3,0,2014-01-13,Australia,3.0,2.0,2.0,1.0,,,3.0,,,,,,0,Historical (Pre-2015),Positive,0.6124,Pre Covid
2291,414,Unknown,Premium Economy,Airbus A380,2x4x2,0,2014-01-13,United States,5.0,5.0,4.0,4.0,,,5.0,,,,,,1,Historical (Pre-2015),Positive,0.9253,Pre Covid
2292,414,Unknown,Premium Economy,Airbus A380,2x3x2,0,2014-01-13,Australia,5.0,5.0,5.0,4.0,,,5.0,,,,,,1,Historical (Pre-2015),Negative,-0.7691,Pre Covid
2293,414,Unknown,Economy Class,Airbus A380,3x4x3,0,2014-01-13,United Kingdom,3.0,4.0,4.0,4.0,,,3.0,,,,,,1,Historical (Pre-2015),Positive,0.9728,Pre Covid
2294,414,Unknown,Economy Class,Airbus A380,3x4x3,0,2014-01-13,Austria,4.0,5.0,4.0,5.0,,,5.0,,,,,,1,Historical (Pre-2015),Positive,0.8624,Pre Covid
2295,414,Unknown,Economy Class,Airbus A380,3x4x3,0,2014-01-13,United Kingdom,1.0,2.0,3.0,2.0,,,4.0,,,,,,0,Historical (Pre-2015),Positive,0.3919,Pre Covid
2296,414,Unknown,Economy Class,Airbus A380,3x4x3,0,2013-04-20,United Kingdom,1.0,3.0,3.0,1.0,,,1.0,,,,,,0,Historical (Pre-2015),Negative,-0.8295,Pre Covid
2297,414,Unknown,Economy Class,Airbus A380,2x3x2,0,2013-04-20,Australia,1.0,3.0,3.0,4.0,,,3.0,,,,,,0,Historical (Pre-2015),Positive,0.8314,Pre Covid
2298,414,Unknown,Premium Economy,Boeing 747,2x4x2,0,2013-04-20,United States,4.0,5.0,4.0,5.0,,,4.0,,,,,,1,Historical (Pre-2015),Positive,0.9198,Pre Covid
2299,414,Unknown,Premium Economy,Airbus A380,2x3x2,0,2013-02-16,United Kingdom,3.0,5.0,2.0,1.0,,,2.0,,,,,,0,Historical (Pre-2015),Negative,-0.845,Pre Covid
2300,414,Unknown,Economy Class,Airbus A380,3x4x3,0,2013-02-15,Australia,1.0,4.0,1.0,1.0,,,2.0,,,,,,0,Historical (Pre-2015),Positive,0.8429,Pre Covid
2301,414,Unknown,Economy Class,Airbus A380,3x4x3,0,2013-02-15,United Kingdom,4.0,4.0,4.0,3.0,,,3.0,,,,,,1,Historical (Pre-2015),Positive,0.742,Pre Covid
2302,414,Unknown,Premium Economy,Airbus A380,2x3x2,0,2013-01-23,United Kingdom,4.0,5.0,4.0,5.0,,,5.0,,,,,,1,Historical (Pre-2015),Negative,-0.1904,Pre Covid
2303,414,Unknown,Economy Class,Boeing 747,3x4x3,0,2013-01-23,United Kingdom,3.0,5.0,4.0,4.0,,,5.0,,,,,,1,Historical (Pre-2015),Positive,0.3699,Pre Covid
2304,414,Unknown,Economy Class,Airbus A380,3x4x3,0,2013-01-23,United Kingdom,4.0,5.0,4.0,5.0,,,5.0,,,,,,1,Historical (Pre-2015),Positive,0.8485,Pre Covid
2305,414,Unknown,Economy Class,Airbus A380,3x4x3,0,2013-01-03,United Kingdom,5.0,5.0,4.0,3.0,,,5.0,,,,,,1,Historical (Pre-2015),Positive,0.9657,Pre Covid
2306,414,Unknown,Economy Class,Boeing 747,3x4x3,0,2013-01-01,New Zealand,3.0,3.0,5.0,4.0,,,3.0,,,,,,1,Historical (Pre-2015),Positive,0.5719,Pre Covid
2307,414,Unknown,Economy Class,Airbus A380,3x3x3,0,2013-01-01,New Zealand,3.0,4.0,3.0,4.0,,,5.0,,,,,,1,Historical (Pre-2015),Positive,0.9517,Pre Covid
2308,414,Unknown,Economy Class,Boeing 747,3x4x3,0,2012-12-03,United Kingdom,1.0,3.0,3.0,1.0,,,1.0,,,,,,0,Historical (Pre-2015),Negative,-0.7003,Pre Covid
2309,414,Unknown,Economy Class,Airbus A380,3x4x3,0,2011-10-26,Australia,3.0,4.0,4.0,2.0,,,2.0,,,,,,0,Historical (Pre-2015),Negative,-0.9628,Pre Covid
2310,414,Unknown,Economy Class,Airbus A380,3x4x3,0,2011-10-22,Australia,2.0,3.0,3.0,1.0,,,4.0,,,,,,0,Historical (Pre-2015),Negative,-0.8663,Pre Covid
2311,414,Unknown,Economy Class,Airbus A380,3x4x3,0,2011-09-19,Australia,1.0,3.0,4.0,1.0,,,3.0,,,,,,0,Historical (Pre-2015),Positive,0.9136,Pre Covid
2312,414,Unknown,Premium Economy,Boeing 747,2x4x2,0,2011-07-28,United Kingdom,5.0,5.0,5.0,4.0,,,3.0,,,,,,1,Historical (Pre-2015),Positive,0.9458,Pre Covid
2313,414,Unknown,Economy Class,Boeing 747,2x4x2,0,2011-07-28,Australia,2.0,3.0,2.0,2.0,,,1.0,,,,,,0,Historical (Pre-2015),Negative,-0.8555,Pre Covid
2314,414,Unknown,Economy Class,Airbus A330,2x5x2,0,2011-06-03,United States,3.0,3.0,3.0,3.0,,,4.0,,,,,,0,Historical (Pre-2015),Positive,0.9041,Pre Covid
2315,414,Unknown,Premium Economy,Airbus A380,3x4x3,0,2011-05-26,United Kingdom,5.0,3.0,2.0,4.0,,,4.0,,,,,,0,Historical (Pre-2015),Positive,0.5118,Pre Covid
2316,414,Unknown,Premium Economy,Airbus A380,3x4x3,0,2011-05-10,Australia,1.0,3.0,3.0,1.0,,,4.0,,,,,,0,Historical (Pre-2015),Neutral,-0.0129,Pre Covid
2317,414,Unknown,Premium Economy,Airbus A380,2x3x2,0,2011-04-17,Australia,4.0,4.0,4.0,5.0,,,5.0,,,,,,0,Historical (Pre-2015),Positive,0.1624,Pre Covid
2318,414,Unknown,Economy Class,Airbus A380,3x4x3,0,2010-08-14,Australia,5.0,4.0,4.0,5.0,,,5.0,,,,,,1,Historical (Pre-2015),Positive,0.908,Pre Covid
2319,414,Unknown,Economy Class,Airbus A380,3x4x3,0,2010-07-17,New Zealand,2.0,4.0,2.0,2.0,,,1.0,,,,,,0,Historical (Pre-2015),Positive,0.34,Pre Covid
2320,414,Unknown,Economy Class,Airbus A330,2x4x2,0,2010-02-01,Australia,4.0,3.0,2.0,5.0,,,5.0,,,,,,1,Historical (Pre-2015),Negative,-0.1779,Pre Covid
2321,414,Unknown,Premium Economy,Airbus A380,2x3x2,0,2010-02-01,Australia,5.0,4.0,5.0,5.0,,,5.0,,,,,,1,Historical (Pre-2015),Positive,0.7543,Pre Covid
2322,414,Unknown,Economy Class,Airbus A380,3x4x3,0,2009-12-04,Australia,5.0,4.0,4.0,4.0,,,4.0,,,,,,1,Historical (Pre-2015),Positive,0.836,Pre Covid
2323,414,Unknown,Premium Economy,Airbus A380,2x3x2,0,2009-12-04,United Kingdom,4.0,3.0,4.0,1.0,,,4.0,,,,,,0,Historical (Pre-2015),Negative,-0.1655,Pre Covid
2324,414,Unknown,Premium Economy,Airbus A380,3x4x3,0,2009-11-11,Australia,1.0,1.0,1.0,1.0,,,2.0,,,,,,0,Historical (Pre-2015),Negative,-0.8807,Pre Covid
2325,414,Unknown,Premium Economy,Unknown,2x4x2,0,2009-11-10,United Kingdom,5.0,5.0,5.0,4.0,,,5.0,,,,,,1,Historical (Pre-2015),Positive,0.9594,Pre Covid
2326,414,Unknown,Economy Class,Unknown,2x4x2,0,2009-11-10,Australia,4.0,4.0,5.0,5.0,,,5.0,,,,,,1,Historical (Pre-2015),Positive,0.9788,Pre Covid
2327,414,Unknown,Premium Economy,Airbus A380,2x3x2,0,2009-10-14,United Kingdom,5.0,4.0,4.0,4.0,,,5.0,,,,,,1,Historical (Pre-2015),Positive,0.9655,Pre Covid
2328,414,Unknown,Economy Class,Unknown,3x4x3,0,2009-10-06,United Kingdom,4.0,3.0,3.0,3.0,,,3.0,,,,,,1,Historical (Pre-2015),Positive,0.9505,Pre Covid
2329,414,Unknown,Economy Class,Unknown,3x4x3,0,2009-08-17,United States,1.0,3.0,2.0,3.0,,,2.0,,,,,,0,Historical (Pre-2015),Negative,-0.4568,Pre Covid
2330,414,Unknown,Premium Economy,Unknown,2x4x2,0,2009-06-08,Australia,5.0,5.0,5.0,4.0,,,5.0,,,,,,1,Historical (Pre-2015),Positive,0.8584,Pre Covid
2331,414,Unknown,Economy Class,Airbus A380,3x4x3,0,2009-02-07,Australia,2.0,3.0,2.0,2.0,,,4.0,,,,,,0,Historical (Pre-2015),Positive,0.5845,Pre Covid
2332,415,Couple Leisure,Economy Class,Boeing 717,2x3,0,2017-04-18,Australia,1.0,1.0,2.0,2.0,1.0,,,,,,,,0,Modern (2015-Present),Negative,-0.948,Pre Covid
2333,362,Couple Leisure,Economy Class,Boeing 737,3x3,1,2019-10-09,Australia,3.0,3.0,4.0,4.0,3.0,,,,,,,,1,Modern (2015-Present),Positive,0.5574,Pre Covid
2334,362,Business,Economy Class,Boeing 737,3x3,1,2019-07-20,Indonesia,3.0,3.0,3.0,1.0,3.0,,,,,,,,1,Modern (2015-Present),Negative,-0.7814,Pre Covid
2335,362,Business,Economy Class,Boeing 737,3x3,1,2018-07-27,Indonesia,3.0,4.0,3.0,3.0,4.0,,,,,,,,1,Modern (2015-Present),Positive,0.1984,Pre Covid
2336,341,Couple Leisure,Economy Class,Boeing 737,3x3,0,2025-04-15,Australia,3.0,5.0,4.0,3.0,3.0,5.0,,,,,,,0,Modern (2015-Present),Negative,-0.2374,After Covid
2337,341,Couple Leisure,Economy Class,Airbus A350,3x3x3,1,2023-12-06,United Kingdom,5.0,4.0,3.0,5.0,2.0,5.0,5.0,,,,,,1,Modern (2015-Present),Positive,0.4576,After Covid
2338,341,Leisure,Business Class,Airbus A330,2x2x2,1,2023-07-03,Australia,,,,,1.0,1.0,,1.0,2.0,1.0,2.0,1.0,0,Modern (2015-Present),Negative,-0.9628,After Covid
2339,341,Leisure,Business Class,Boeing 737,2x2,0,2023-04-14,Australia,,,,,5.0,5.0,,3.0,5.0,4.0,5.0,5.0,1,Modern (2015-Present),Negative,-0.1623,After Covid
2340,341,Business,Economy Class,Boeing 737,3x3,1,2023-02-11,Malaysia,4.0,3.0,4.0,4.0,3.0,4.0,,,,,,,1,Modern (2015-Present),Positive,0.6652,After Covid
2341,341,Business,Economy Class,Airbus A350,3x3x3,1,2022-11-10,Malaysia,3.0,4.0,4.0,4.0,3.0,4.0,4.0,,,,,,1,Modern (2015-Present),Positive,0.8779,After Covid
2342,341,Leisure,Business Class,Boeing 737,2x2,1,2022-05-10,Malaysia,,,,,2.0,2.0,,2.0,3.0,2.0,2.0,2.0,0,Modern (2015-Present),Negative,-0.8854,After Covid
2343,341,Solo Leisure,Economy Class,Boeing 737,3x3,1,2021-12-25,Malaysia,4.0,1.0,4.0,4.0,4.0,4.0,4.0,,,,,,1,Modern (2015-Present),Positive,0.2144,Covid
2344,341,Leisure,Business Class,Airbus A330,1x2x1,0,2019-08-04,New Zealand,,,,,1.0,,,1.0,3.0,1.0,2.0,1.0,0,Modern (2015-Present),Negative,-0.4682,Pre Covid
2345,341,Business,Economy Class,Airbus A330,2x4x2,1,2019-07-07,Malaysia,1.0,2.0,2.0,2.0,1.0,,2.0,,,,,,0,Modern (2015-Present),Negative,-0.7897,Pre Covid
2346,341,Leisure,Business Class,Airbus A350,1x2x1,1,2019-03-16,United Kingdom,,,,,3.0,2.0,,2.0,1.0,1.0,1.0,3.0,0,Modern (2015-Present),Positive,0.241,Pre Covid
2347,341,Leisure,Business Class,Airbus A350,1x2x1,1,2019-03-16,United Kingdom,,,,,4.0,4.0,,5.0,5.0,5.0,5.0,5.0,1,Modern (2015-Present),Positive,0.7845,Pre Covid
2348,341,Family Leisure,Economy Class,Airbus A350,unknown,0,2019-03-09,Malaysia,5.0,5.0,5.0,5.0,4.0,5.0,5.0,,,,,,1,Modern (2015-Present),Positive,0.8581,Pre Covid
2349,341,Family Leisure,Economy Class,Airbus A330,2x4x2,0,2018-12-22,Malaysia,5.0,4.0,5.0,5.0,4.0,2.0,3.0,,,,,,1,Modern (2015-Present),Positive,0.9937,Pre Covid
2350,341,Family Leisure,Economy Class,Airbus A330,2x4x2,1,2018-06-25,Malaysia,4.0,5.0,4.0,4.0,4.0,4.0,4.0,,,,,,1,Modern (2015-Present),Positive,0.8271,Pre Covid
2351,341,Family Leisure,Economy Class,Airbus A350,unknown,1,2018-04-24,Malaysia,5.0,4.0,4.0,5.0,3.0,4.0,4.0,,,,,,1,Modern (2015-Present),Positive,0.9686,Pre Covid
2352,341,Solo Leisure,Economy Class,Airbus A350,3x3x3,0,2018-03-21,United Kingdom,1.0,3.0,3.0,4.0,2.0,2.0,1.0,,,,,,0,Modern (2015-Present),Positive,0.5848,Pre Covid
2353,341,Solo Leisure,Economy Class,Airbus A380,3x4x3,1,2018-02-04,Malaysia,4.0,5.0,5.0,5.0,3.0,3.0,4.0,,,,,,1,Modern (2015-Present),Positive,0.8221,Pre Covid
2354,341,Solo Leisure,Economy Class,Airbus A330,2x4x2,0,2017-12-16,Malaysia,5.0,5.0,5.0,5.0,4.0,5.0,5.0,,,,,,1,Modern (2015-Present),Positive,0.93,Pre Covid
2355,341,Solo Leisure,Economy Class,Boeing 737,3x3,1,2017-12-06,Australia,4.0,3.0,3.0,3.0,3.0,,,,,,,,1,Modern (2015-Present),Positive,0.4779,Pre Covid
2356,341,Couple Leisure,Economy Class,Airbus A330,2x4x2,0,2017-05-16,Netherlands,4.0,3.0,3.0,4.0,4.0,4.0,3.0,,,,,,1,Modern (2015-Present),Positive,0.8268,Pre Covid
2357,341,Couple Leisure,Economy Class,Boeing 737,3x3,0,2017-05-15,Netherlands,4.0,2.0,3.0,3.0,3.0,4.0,4.0,,,,,,1,Modern (2015-Present),Positive,0.8957,Pre Covid
2358,341,Solo Leisure,Economy Class,Boeing 737,3x3,0,2017-04-18,Russian Federation,4.0,1.0,3.0,4.0,4.0,,,,,,,,1,Modern (2015-Present),Negative,-0.9068,Pre Covid
2359,341,Solo Leisure,Economy Class,Airbus A330,2x4x2,0,2017-02-02,Australia,4.0,4.0,3.0,4.0,4.0,4.0,4.0,,,,,,1,Modern (2015-Present),Positive,0.9359,Pre Covid
2360,341,Business,Economy Class,Boeing 737,unknown,0,2016-11-19,Malaysia,3.0,3.0,3.0,3.0,2.0,5.0,4.0,,,,,,1,Modern (2015-Present),Positive,0.9209,Pre Covid
2361,341,Solo Leisure,Economy Class,Boeing 737,3x3,0,2016-09-09,Singapore,3.0,4.0,3.0,3.0,4.0,4.0,4.0,,,,,,1,Modern (2015-Present),Positive,0.4442,Pre Covid
2362,341,Family Leisure,Economy Class,Boeing 737,3x3,0,2016-07-27,Malaysia,5.0,4.0,5.0,3.0,4.0,4.0,5.0,,,,,,1,Modern (2015-Present),Positive,0.4208,Pre Covid
2363,341,Solo Leisure,Economy Class,Boeing 737,3x3,0,2016-03-07,Malaysia,3.0,3.0,4.0,3.0,4.0,3.0,4.0,,,,,,1,Modern (2015-Present),Positive,0.9535,Pre Covid
2364,341,Solo Leisure,Economy Class,Boeing 737,3x3,0,2016-03-04,Malaysia,2.0,2.0,2.0,3.0,2.0,,,,,,,,0,Modern (2015-Present),Negative,-0.128,Pre Covid
2365,341,Couple Leisure,Economy Class,Airbus A380,2x4x2,0,2015-12-31,United Kingdom,4.0,4.0,3.0,4.0,5.0,4.0,4.0,,,,,,0,Modern (2015-Present),Positive,0.6956,Pre Covid
2366,341,Solo Leisure,Economy Class,Airbus A380,2x4x2,0,2015-11-25,Malaysia,5.0,4.0,4.0,4.0,5.0,4.0,5.0,,,,,,1,Modern (2015-Present),Positive,0.714,Pre Covid
2367,341,Solo Leisure,Economy Class,Boeing 777,unknown,0,2015-07-23,Bangladesh,5.0,4.0,4.0,4.0,4.0,,3.0,,,,,,1,Modern (2015-Present),Positive,0.6908,Pre Covid
2368,341,Solo Leisure,Premium Economy,Airbus A330,2x2x2,0,2015-06-28,Australia,5.0,5.0,5.0,4.0,3.0,5.0,5.0,,,,,,1,Modern (2015-Present),Negative,-0.6765,Pre Covid
2369,341,Family Leisure,Economy Class,Boeing 777,2x5x2,0,2015-06-23,Singapore,4.0,3.0,4.0,4.0,3.0,4.0,3.0,,,,,,1,Modern (2015-Present),Positive,0.0516,Pre Covid
2370,341,Unknown,Economy Class,Boeing 737,3x3,0,2015-06-03,Taiwan,4.0,3.0,4.0,2.0,,,5.0,,,,,,1,Modern (2015-Present),Positive,0.9717,Pre Covid
2371,341,Unknown,Economy Class,Airbus A330,2x4x2,0,2014-11-19,United Arab Emirates,2.0,5.0,3.0,3.0,,,3.0,,,,,,0,Historical (Pre-2015),Negative,-0.0813,Pre Covid
2372,341,Unknown,Economy Class,Boeing 777,2x5x2,0,2014-11-19,Singapore,3.0,2.0,2.0,4.0,,,1.0,,,,,,1,Historical (Pre-2015),Positive,0.8065,Pre Covid
2373,341,Unknown,Economy Class,Boeing 737,3x4x3,0,2014-11-19,India,5.0,5.0,5.0,4.0,,,4.0,,,,,,1,Historical (Pre-2015),Positive,0.9907,Pre Covid
2374,341,Unknown,Economy Class,Airbus A380,2x4x2,0,2014-11-19,United Kingdom,3.0,3.0,3.0,4.0,,,4.0,,,,,,1,Historical (Pre-2015),Positive,0.2732,Pre Covid
2375,341,Unknown,Economy Class,Airbus A380,3x4x3,0,2014-03-03,United Kingdom,5.0,5.0,4.0,5.0,,,2.0,,,,,,0,Historical (Pre-2015),Positive,0.5703,Pre Covid
2376,341,Unknown,Economy Class,Unknown,3x3,0,2014-01-13,Malaysia,3.0,3.0,3.0,3.0,,,3.0,,,,,,1,Historical (Pre-2015),Negative,-0.3273,Pre Covid
2377,341,Unknown,Economy Class,Airbus A380,3x4x3,0,2014-01-13,China,4.0,5.0,5.0,4.0,,,5.0,,,,,,1,Historical (Pre-2015),Positive,0.9349,Pre Covid
2378,341,Unknown,Economy Class,Boeing 777,2x5x2,0,2013-04-25,New Zealand,4.0,3.0,3.0,3.0,,,2.0,,,,,,0,Historical (Pre-2015),Negative,-0.8344,Pre Covid
2379,341,Unknown,Economy Class,Airbus A380,3x4x3,0,2013-01-22,United Kingdom,5.0,3.0,4.0,4.0,,,5.0,,,,,,1,Historical (Pre-2015),Negative,-0.6861,Pre Covid
2380,341,Unknown,Economy Class,Boeing 747,3x4x3,0,2011-10-22,Australia,3.0,1.0,2.0,2.0,,,1.0,,,,,,0,Historical (Pre-2015),Negative,-0.4767,Pre Covid
2381,341,Unknown,Economy Class,Airbus A330,2x4x2,0,2011-05-19,Australia,2.0,3.0,3.0,3.0,,,1.0,,,,,,0,Historical (Pre-2015),Positive,0.8261,Pre Covid
2382,341,Unknown,Economy Class,Boeing 737,3x3,0,2011-04-05,Singapore,3.0,4.0,3.0,3.0,,,4.0,,,,,,1,Historical (Pre-2015),Positive,0.8452,Pre Covid
2383,341,Unknown,Economy Class,Boeing 747,3x4x3,0,2010-02-07,Netherlands,4.0,3.0,2.0,2.0,,,3.0,,,,,,0,Historical (Pre-2015),Positive,0.3657,Pre Covid
2384,341,Unknown,Economy Class,Unknown,2x4x2,0,2009-12-07,Australia,4.0,4.0,4.0,4.0,,,4.0,,,,,,1,Historical (Pre-2015),Positive,0.2508,Pre Covid
2387,416,Couple Leisure,Economy Class,Boeing 777,2x4x2,1,2026-02-16,Italy,5.0,5.0,5.0,5.0,4.0,4.0,3.0,,,,,,1,Modern (2015-Present),Positive,0.9169,After Covid
2388,416,Leisure,Business Class,Boeing 787,1x2x1,1,2024-07-18,United States,,,,,5.0,5.0,,5.0,5.0,5.0,5.0,5.0,1,Modern (2015-Present),Positive,0.9595,After Covid
2389,416,Leisure,Business Class,Boeing 777,1x2x1,1,2024-07-18,United States,,,,,5.0,5.0,,5.0,5.0,5.0,5.0,5.0,1,Modern (2015-Present),Positive,0.9485,After Covid
2390,416,Family Leisure,Economy Class,Boeing 787,3x3x3,1,2024-06-03,United Kingdom,5.0,4.0,5.0,4.0,5.0,5.0,5.0,,,,,,1,Modern (2015-Present),Positive,0.936,After Covid
2391,416,Family Leisure,Economy Class,Boeing 777,3x4x3,1,2024-06-03,United Kingdom,5.0,4.0,5.0,4.0,5.0,4.0,3.0,,,,,,1,Modern (2015-Present),Positive,0.9403,After Covid
2392,416,Leisure,Business Class,Boeing 777,2x2x2,1,2024-01-12,Switzerland,,,,,1.0,2.0,,1.0,1.0,1.0,1.0,1.0,0,Modern (2015-Present),Negative,-0.6249,After Covid
2393,416,Business,Economy Class,Airbus A330,2x4x2,1,2023-10-27,Nepal,5.0,5.0,5.0,4.0,5.0,,4.0,,,,,,1,Modern (2015-Present),Positive,0.936,After Covid
2394,416,Leisure,Business Class,Airbus A350,1x2x1,1,2023-09-19,South Africa,,,,,5.0,5.0,,5.0,5.0,5.0,5.0,5.0,1,Modern (2015-Present),Positive,0.9657,After Covid
2395,416,Solo Leisure,Economy Class,Boeing 777,3x4x3,1,2023-07-13,India,2.0,4.0,2.0,3.0,3.0,1.0,3.0,,,,,,0,Modern (2015-Present),Negative,-0.8442,After Covid
2396,416,Business,Business Class,Boeing 787,1x2x1,1,2023-06-04,Germany,,,,,3.0,5.0,,5.0,4.0,5.0,5.0,5.0,1,Modern (2015-Present),Positive,0.9595,After Covid
2397,416,Business,Business Class,Airbus A350,1x2x1,1,2023-06-04,Germany,,,,,1.0,5.0,,1.0,1.0,1.0,3.0,1.0,0,Modern (2015-Present),Positive,0.3218,After Covid
2398,416,Business,Business Class,Boeing 777,1x2x1,1,2023-05-13,Germany,,,,,5.0,5.0,,5.0,4.0,5.0,5.0,5.0,1,Modern (2015-Present),Positive,0.7264,After Covid
2399,416,Business,Business Class,Airbus A350,1x2x1,1,2023-05-13,Germany,,,,,1.0,2.0,,2.0,4.0,2.0,3.0,5.0,0,Modern (2015-Present),Positive,0.9142,After Covid
2400,416,Business,Economy Class,Boeing 787,3x3x3,1,2023-01-14,Netherlands,4.0,3.0,4.0,4.0,2.0,3.0,5.0,,,,,,1,Modern (2015-Present),Positive,0.9425,After Covid
2401,416,Business,Economy Class,Airbus A350,3x3x3,1,2022-10-03,Indonesia,5.0,5.0,4.0,5.0,1.0,3.0,3.0,,,,,,1,Modern (2015-Present),Positive,0.4927,After Covid
2402,416,Leisure,Business Class,Boeing 777,1x2x1,0,2022-05-26,Sweden,,,,,5.0,5.0,,5.0,5.0,5.0,5.0,5.0,1,Modern (2015-Present),Positive,0.7717,After Covid
2403,416,Leisure,Business Class,Airbus A350,1x2x1,1,2021-11-16,Hong Kong,,,,,5.0,5.0,,5.0,5.0,5.0,5.0,5.0,1,Modern (2015-Present),Positive,0.7717,Covid
2404,416,Solo Leisure,Economy Class,Airbus A350,3x3x3,1,2021-06-24,United States,5.0,5.0,4.0,4.0,4.0,5.0,5.0,,,,,,1,Modern (2015-Present),Positive,0.765,Covid
2405,416,Business,Business Class,Boeing 777,1x2x1,1,2021-04-17,Belgium,,,,,5.0,5.0,,5.0,5.0,5.0,5.0,5.0,1,Modern (2015-Present),Positive,0.9053,Covid
2406,416,Business,Economy Class,Airbus A350,3x3x3,1,2020-08-25,Indonesia,5.0,5.0,5.0,5.0,5.0,5.0,5.0,,,,,,1,Modern (2015-Present),Positive,0.9246,Covid
2407,416,Family Leisure,Economy Class,Airbus A350,2x3x2,1,2020-08-11,Spain,4.0,5.0,5.0,4.0,5.0,5.0,5.0,,,,,,1,Modern (2015-Present),Positive,0.9183,Covid
2408,416,Leisure,Business Class,Airbus A319,1x2x1,1,2020-05-02,Switzerland,,,,,5.0,5.0,,5.0,5.0,5.0,5.0,5.0,1,Modern (2015-Present),Positive,0.9543,Covid
2409,416,Couple Leisure,Economy Class,Airbus A320,3x3,1,2020-01-02,Italy,4.0,4.0,4.0,4.0,4.0,4.0,2.0,,,,,,1,Modern (2015-Present),Negative,-0.0772,Covid
2410,416,Solo Leisure,Economy Class,Airbus A350,3x3x3,1,2019-12-28,Malaysia,5.0,3.0,5.0,5.0,5.0,5.0,5.0,,,,,,1,Modern (2015-Present),Positive,0.9325,Pre Covid
2411,416,Family Leisure,Economy Class,Boeing 777,3x3x3,1,2019-08-31,United Kingdom,4.0,4.0,1.0,1.0,4.0,4.0,4.0,,,,,,1,Modern (2015-Present),Positive,0.9742,Pre Covid
2412,416,Family Leisure,Economy Class,Boeing 777,3x4x3,0,2019-07-08,United States,5.0,4.0,5.0,4.0,4.0,4.0,5.0,,,,,,1,Modern (2015-Present),Positive,0.9788,Pre Covid
2413,416,Family Leisure,Economy Class,Boeing 777,3x4x3,1,2019-06-26,Jordan,5.0,5.0,5.0,4.0,5.0,5.0,5.0,,,,,,1,Modern (2015-Present),Positive,0.9798,Pre Covid
2414,416,Business,Business Class,Airbus A350,unknown,1,2019-05-22,Bangladesh,,,,,5.0,5.0,,4.0,5.0,4.0,5.0,5.0,1,Modern (2015-Present),Positive,0.9677,Pre Covid
2415,416,Business,Business Class,Boeing 777,2x2x2,1,2019-03-04,Netherlands,,,,,2.0,3.0,,1.0,2.0,2.0,3.0,1.0,0,Modern (2015-Present),Negative,-0.4201,Pre Covid
2416,416,Business,Business Class,Airbus A350,1x2x1,1,2019-02-27,Singapore,,,,,5.0,5.0,,5.0,5.0,5.0,4.0,5.0,1,Modern (2015-Present),Positive,0.933,Pre Covid
2417,416,Couple Leisure,Economy Class,Boeing 777,3x4x3,1,2018-10-09,United Kingdom,5.0,3.0,1.0,2.0,1.0,5.0,5.0,,,,,,1,Modern (2015-Present),Negative,-0.6131,Pre Covid
2418,416,Couple Leisure,Economy Class,Airbus A380,3x4x3,1,2018-08-24,United Kingdom,4.0,4.0,4.0,4.0,4.0,4.0,5.0,,,,,,1,Modern (2015-Present),Positive,0.9375,Pre Covid
2419,416,Solo Leisure,Economy Class,Airbus A330,2x4x2,1,2018-05-11,United Kingdom,2.0,1.0,1.0,2.0,1.0,,1.0,,,,,,0,Modern (2015-Present),Negative,-0.6908,Pre Covid
2420,416,Family Leisure,Economy Class,Boeing 787,3x3x3,1,2018-04-08,Australia,5.0,4.0,5.0,4.0,3.0,5.0,5.0,,,,,,1,Modern (2015-Present),Positive,0.957,Pre Covid
2421,416,Couple Leisure,Economy Class,Boeing 787,3x3x3,0,2018-03-14,United Kingdom,4.0,4.0,3.0,2.0,4.0,,3.0,,,,,,1,Modern (2015-Present),Positive,0.9213,Pre Covid
2422,416,Solo Leisure,Economy Class,Airbus A330,unknown,0,2018-03-08,Greece,4.0,3.0,4.0,3.0,4.0,,4.0,,,,,,1,Modern (2015-Present),Positive,0.9928,Pre Covid
2423,416,Family Leisure,Economy Class,Airbus A320,3x3,1,2018-03-02,Georgia,4.0,4.0,5.0,4.0,5.0,5.0,5.0,,,,,,1,Modern (2015-Present),Positive,0.816,Pre Covid
2424,416,Family Leisure,Economy Class,Airbus A330,2x4x2,1,2018-02-25,Georgia,4.0,5.0,5.0,4.0,5.0,5.0,5.0,,,,,,1,Modern (2015-Present),Negative,-0.7099,Pre Covid
2425,416,Solo Leisure,Economy Class,Boeing 787,3x3x3,1,2017-12-06,United Kingdom,3.0,4.0,4.0,2.0,5.0,5.0,,,,,,,1,Modern (2015-Present),Positive,0.3166,Pre Covid
2426,416,Couple Leisure,Economy Class,Boeing 777,3x4x3,0,2017-10-17,Australia,3.0,3.0,1.0,1.0,3.0,5.0,4.0,,,,,,0,Modern (2015-Present),Negative,-0.2263,Pre Covid
2427,416,Solo Leisure,Economy Class,Airbus A330,2x4x2,0,2017-10-15,United Arab Emirates,4.0,5.0,4.0,4.0,5.0,5.0,4.0,,,,,,1,Modern (2015-Present),Positive,0.9607,Pre Covid
2428,416,Solo Leisure,Economy Class,Boeing 787,3x3x3,0,2017-08-17,Spain,2.0,3.0,2.0,2.0,2.0,4.0,4.0,,,,,,0,Modern (2015-Present),Negative,-0.2732,Pre Covid
2429,416,Business,Economy Class,Airbus A380,3x3x3,0,2017-07-28,United Kingdom,4.0,5.0,5.0,5.0,5.0,5.0,5.0,,,,,,1,Modern (2015-Present),Positive,0.9458,Pre Covid
2430,416,Solo Leisure,Economy Class,Boeing 777,3x3x3,0,2017-07-18,Australia,5.0,5.0,5.0,5.0,5.0,2.0,5.0,,,,,,1,Modern (2015-Present),Positive,0.8608,Pre Covid
2431,416,Family Leisure,Economy Class,Unknown,3x4x3,0,2017-06-11,Australia,5.0,5.0,4.0,5.0,4.0,2.0,5.0,,,,,,1,Modern (2015-Present),Positive,0.5104,Pre Covid
2432,416,Solo Leisure,Economy Class,Boeing 787,3x3x3,0,2017-04-03,Italy,3.0,3.0,2.0,2.0,1.0,1.0,2.0,,,,,,0,Modern (2015-Present),Positive,0.8405,Pre Covid
2433,416,Couple Leisure,Economy Class,Boeing 787,3x3x3,0,2017-03-17,Singapore,1.0,4.0,2.0,4.0,1.0,5.0,5.0,,,,,,0,Modern (2015-Present),Negative,-0.2755,Pre Covid
2434,416,Couple Leisure,Economy Class,Airbus A320,3x3,0,2017-03-05,South Africa,4.0,3.0,3.0,3.0,3.0,,1.0,,,,,,0,Modern (2015-Present),Positive,0.9061,Pre Covid
2435,416,Solo Leisure,Economy Class,Boeing 777,3x3x3,0,2017-01-14,Malaysia,4.0,4.0,5.0,4.0,4.0,4.0,5.0,,,,,,1,Modern (2015-Present),Positive,0.9656,Pre Covid
2436,416,Couple Leisure,Economy Class,Airbus A380,3x4x3,0,2016-11-12,Australia,2.0,3.0,4.0,3.0,4.0,5.0,5.0,,,,,,0,Modern (2015-Present),Positive,0.802,Pre Covid
2437,416,Solo Leisure,Economy Class,Boeing 787,3x3x3,0,2016-11-04,Denmark,1.0,4.0,2.0,2.0,4.0,4.0,4.0,,,,,,0,Modern (2015-Present),Negative,-0.1776,Pre Covid
2438,416,Solo Leisure,Economy Class,Boeing 777,unknown,0,2016-07-28,India,4.0,5.0,5.0,4.0,5.0,5.0,4.0,,,,,,1,Modern (2015-Present),Positive,0.9648,Pre Covid
2439,416,Family Leisure,Economy Class,Airbus A350,3x3x3,0,2016-07-17,Australia,5.0,5.0,5.0,5.0,5.0,5.0,5.0,,,,,,1,Modern (2015-Present),Positive,0.9922,Pre Covid
2440,416,Couple Leisure,Economy Class,Boeing 777,3x4x3,0,2016-07-15,United Kingdom,5.0,5.0,4.0,3.0,3.0,3.0,3.0,,,,,,1,Modern (2015-Present),Positive,0.9686,Pre Covid
2441,416,Solo Leisure,Economy Class,Boeing 777,3x4x3,0,2016-07-09,Oman,5.0,5.0,3.0,2.0,3.0,3.0,4.0,,,,,,0,Modern (2015-Present),Positive,0.5563,Pre Covid
2442,416,Solo Leisure,Economy Class,Airbus A380,2x4x2,0,2016-07-08,Spain,5.0,4.0,4.0,4.0,5.0,3.0,4.0,,,,,,1,Modern (2015-Present),Positive,0.9606,Pre Covid
2443,416,Couple Leisure,Economy Class,Boeing 787,3x3x3,0,2016-05-22,United Kingdom,2.0,4.0,2.0,3.0,1.0,4.0,4.0,,,,,,0,Modern (2015-Present),Negative,-0.5423,Pre Covid
2444,416,Solo Leisure,Economy Class,Boeing 777,3x3x3,0,2016-05-21,Bahrain,5.0,5.0,5.0,5.0,3.0,3.0,5.0,,,,,,1,Modern (2015-Present),Positive,0.9884,Pre Covid
2445,416,Solo Leisure,Economy Class,Airbus A380,3x4x3,0,2016-05-18,United Kingdom,4.0,4.0,4.0,4.0,2.0,4.0,4.0,,,,,,1,Modern (2015-Present),Positive,0.9365,Pre Covid
2446,416,Family Leisure,Economy Class,Boeing 777,unknown,0,2016-04-14,Australia,4.0,5.0,4.0,4.0,5.0,5.0,5.0,,,,,,1,Modern (2015-Present),Positive,0.9584,Pre Covid
2447,416,Solo Leisure,Economy Class,Airbus A350,3x3x3,0,2016-04-03,Austria,5.0,5.0,5.0,5.0,5.0,,5.0,,,,,,1,Modern (2015-Present),Positive,0.8868,Pre Covid
2448,416,Solo Leisure,Economy Class,Boeing 777,unknown,0,2016-04-03,Austria,5.0,5.0,1.0,1.0,3.0,,3.0,,,,,,0,Modern (2015-Present),Positive,0.9669,Pre Covid
2449,416,Family Leisure,Economy Class,Airbus A330,unknown,0,2016-03-07,United Kingdom,4.0,5.0,4.0,5.0,4.0,,5.0,,,,,,1,Modern (2015-Present),Positive,0.9432,Pre Covid
2450,416,Couple Leisure,Economy Class,Airbus A380,3x4x3,0,2016-02-28,Indonesia,4.0,5.0,4.0,5.0,5.0,5.0,5.0,,,,,,1,Modern (2015-Present),Positive,0.9978,Pre Covid
2451,416,Couple Leisure,Economy Class,Airbus A380,3x4x3,0,2016-02-26,Slovakia,5.0,5.0,5.0,5.0,5.0,5.0,5.0,,,,,,1,Modern (2015-Present),Positive,0.2574,Pre Covid
2452,416,Solo Leisure,Economy Class,Airbus A350,3x3x3,0,2016-02-12,United Kingdom,5.0,5.0,5.0,5.0,5.0,5.0,5.0,,,,,,1,Modern (2015-Present),Positive,0.8151,Pre Covid
2453,416,Business,Economy Class,Boeing 777,3x4x3,0,2016-02-08,Australia,2.0,3.0,2.0,2.0,1.0,5.0,4.0,,,,,,1,Modern (2015-Present),Positive,0.6059,Pre Covid
2454,416,Solo Leisure,Economy Class,Airbus A350,unknown,0,2016-02-07,United Kingdom,4.0,5.0,5.0,5.0,5.0,,5.0,,,,,,1,Modern (2015-Present),Positive,0.9624,Pre Covid
2455,416,Couple Leisure,Premium Economy,Boeing 777,3x3x3,0,2015-11-09,United States,5.0,5.0,3.0,4.0,4.0,5.0,5.0,,,,,,1,Modern (2015-Present),Positive,0.9938,Pre Covid
2456,416,Solo Leisure,Economy Class,Boeing 777,3x3x3,0,2015-10-29,Australia,5.0,4.0,5.0,5.0,5.0,5.0,5.0,,,,,,1,Modern (2015-Present),Positive,0.9931,Pre Covid
2457,416,Solo Leisure,Economy Class,Boeing 787,3x3x3,0,2015-10-29,United Kingdom,4.0,5.0,4.0,3.0,3.0,3.0,5.0,,,,,,1,Modern (2015-Present),Positive,0.807,Pre Covid
2458,416,Solo Leisure,Premium Economy,Boeing 787,1x2x1,0,2015-09-19,United Kingdom,5.0,5.0,5.0,5.0,5.0,5.0,5.0,,,,,,1,Modern (2015-Present),Positive,0.9769,Pre Covid
2459,416,Family Leisure,Economy Class,Boeing 777,3x3x3,0,2015-09-01,United States,5.0,5.0,4.0,5.0,5.0,5.0,5.0,,,,,,1,Modern (2015-Present),Positive,0.8858,Pre Covid
2460,416,Solo Leisure,Economy Class,Airbus A350,3x3x3,0,2015-08-12,Australia,5.0,5.0,5.0,4.0,4.0,5.0,5.0,,,,,,1,Modern (2015-Present),Positive,0.872,Pre Covid
2461,416,Solo Leisure,Economy Class,Boeing 787,3x3x3,0,2015-07-27,United Kingdom,5.0,3.0,4.0,4.0,4.0,4.0,4.0,,,,,,1,Modern (2015-Present),Positive,0.9826,Pre Covid
2462,416,Solo Leisure,Economy Class,Boeing 777,3x3x3,0,2015-06-20,Australia,4.0,4.0,4.0,4.0,4.0,4.0,4.0,,,,,,1,Modern (2015-Present),Positive,0.8402,Pre Covid
2463,416,Solo Leisure,Economy Class,Boeing 777,3x3x3,0,2015-06-15,Brazil,4.0,4.0,4.0,4.0,4.0,3.0,4.0,,,,,,1,Modern (2015-Present),Positive,0.9468,Pre Covid
2464,416,Solo Leisure,Economy Class,Boeing 787,3x3x3,0,2015-06-14,United Kingdom,1.0,3.0,1.0,4.0,2.0,4.0,4.0,,,,,,1,Modern (2015-Present),Neutral,0.0,Pre Covid
2465,416,Unknown,Economy Class,Boeing 777,3x3x3,0,2015-06-04,United States,5.0,4.0,5.0,3.0,,,4.0,,,,,,1,Modern (2015-Present),Positive,0.5719,Pre Covid
2466,416,Unknown,Economy Class,Boeing 787,3x3x3,0,2015-06-03,Sweden,1.0,3.0,1.0,3.0,,,4.0,,,,,,0,Modern (2015-Present),Positive,0.6696,Pre Covid
2467,416,Unknown,Economy Class,Boeing 777,3x3x3,0,2015-05-30,Australia,5.0,5.0,5.0,5.0,,,4.0,,,,,,1,Modern (2015-Present),Negative,-0.56,Pre Covid
2468,416,Unknown,Economy Class,Airbus A380,2x4x2,0,2015-02-05,Australia,5.0,5.0,5.0,5.0,,,5.0,,,,,,1,Modern (2015-Present),Positive,0.7902,Pre Covid
2469,416,Unknown,Economy Class,Airbus A380,2x4x2,0,2015-01-28,France,4.0,5.0,5.0,5.0,,,5.0,,,,,,1,Modern (2015-Present),Positive,0.9545,Pre Covid
2470,416,Unknown,Economy Class,Airbus A321,3x3,0,2015-01-28,United Kingdom,1.0,2.0,2.0,2.0,,,3.0,,,,,,0,Modern (2015-Present),Neutral,0.0,Pre Covid
2471,416,Unknown,Economy Class,Boeing 787,3x3x3,0,2015-01-28,Belgium,2.0,2.0,1.0,2.0,,,3.0,,,,,,0,Modern (2015-Present),Positive,0.3384,Pre Covid
2472,416,Unknown,Economy Class,Boeing 777,3x3x3,0,2015-01-21,United Kingdom,4.0,1.0,3.0,3.0,,,2.0,,,,,,0,Modern (2015-Present),Negative,-0.6256,Pre Covid
2473,416,Unknown,Economy Class,Boeing 777,3x3x3,0,2014-11-19,Argentina,5.0,4.0,4.0,5.0,,,5.0,,,,,,1,Historical (Pre-2015),Positive,0.9126,Pre Covid
2474,416,Unknown,Economy Class,Boeing 787,3x3x3,0,2014-11-19,United Kingdom,2.0,2.0,1.0,1.0,,,3.0,,,,,,0,Historical (Pre-2015),Positive,0.4201,Pre Covid
2475,416,Unknown,Economy Class,Boeing 787,3x3x3,0,2014-08-12,United Kingdom,2.0,2.0,1.0,1.0,,,3.0,,,,,,0,Historical (Pre-2015),Positive,0.9299,Pre Covid
2476,416,Unknown,Economy Class,Boeing 777,3x3x3,0,2014-07-28,China,5.0,5.0,5.0,5.0,,,3.0,,,,,,1,Historical (Pre-2015),Positive,0.2263,Pre Covid
2477,416,Unknown,Economy Class,Boeing 787,3x3x3,0,2014-07-21,Singapore,2.0,4.0,3.0,3.0,,,5.0,,,,,,0,Historical (Pre-2015),Negative,-0.4257,Pre Covid
2478,416,Unknown,Economy Class,Boeing 787,3x3x3,0,2014-07-18,Australia,1.0,4.0,3.0,3.0,,,3.0,,,,,,0,Historical (Pre-2015),Positive,0.5346,Pre Covid
2479,416,Unknown,Economy Class,Boeing 787,3x3x3,0,2014-07-15,India,2.0,2.0,1.0,3.0,,,4.0,,,,,,0,Historical (Pre-2015),Negative,-0.1295,Pre Covid
2480,416,Unknown,Economy Class,Boeing 777,3x3x3,0,2014-01-12,Austria,5.0,5.0,5.0,5.0,,,5.0,,,,,,1,Historical (Pre-2015),Positive,0.9476,Pre Covid
2481,416,Unknown,Economy Class,Boeing 787,3x3x3,0,2014-01-12,Austria,5.0,5.0,5.0,5.0,,,5.0,,,,,,1,Historical (Pre-2015),Positive,0.927,Pre Covid
2482,416,Unknown,Economy Class,Airbus A330,2x4x2,0,2014-01-12,Nigeria,4.0,4.0,4.0,4.0,,,3.0,,,,,,1,Historical (Pre-2015),Positive,0.9689,Pre Covid
2483,416,Unknown,Economy Class,Boeing 777,3x3x3,0,2014-01-12,Austria,5.0,5.0,5.0,5.0,,,5.0,,,,,,1,Historical (Pre-2015),Positive,0.5402,Pre Covid
2484,416,Unknown,Economy Class,Airbus A330,2x4x2,0,2014-01-12,Germany,4.0,3.0,3.0,4.0,,,4.0,,,,,,1,Historical (Pre-2015),Neutral,0.0,Pre Covid
2485,416,Unknown,Economy Class,Airbus A330,2x4x2,0,2014-01-12,Oman,4.0,4.0,5.0,4.0,,,4.0,,,,,,1,Historical (Pre-2015),Positive,0.891,Pre Covid
2486,416,Unknown,Economy Class,Boeing 777,3x3x3,0,2014-01-12,Vietnam,5.0,5.0,5.0,5.0,,,5.0,,,,,,1,Historical (Pre-2015),Positive,0.9476,Pre Covid
2487,416,Unknown,Economy Class,Airbus A321,3x3,0,2013-02-15,Australia,3.0,4.0,4.0,3.0,,,4.0,,,,,,1,Historical (Pre-2015),Positive,0.6784,Pre Covid
2488,416,Unknown,Economy Class,Boeing 777,3x3x3,0,2012-12-24,Sweden,5.0,5.0,5.0,5.0,,,4.0,,,,,,1,Historical (Pre-2015),Positive,0.8402,Pre Covid
2489,416,Unknown,Economy Class,Boeing 787,3x3x3,0,2012-12-23,United Kingdom,3.0,4.0,4.0,2.0,,,4.0,,,,,,0,Historical (Pre-2015),Positive,0.4493,Pre Covid
2490,416,Unknown,Economy Class,Boeing 777,3x3x3,0,2012-09-17,Spain,5.0,4.0,5.0,4.0,,,5.0,,,,,,1,Historical (Pre-2015),Positive,0.9743,Pre Covid
2491,416,Unknown,Economy Class,Boeing 777,3x3x3,0,2012-09-09,United Kingdom,5.0,5.0,5.0,5.0,,,5.0,,,,,,1,Historical (Pre-2015),Positive,0.9538,Pre Covid
2492,416,Unknown,Economy Class,Airbus A320,3x3,0,2011-10-22,Slovakia,5.0,5.0,4.0,5.0,,,4.0,,,,,,1,Historical (Pre-2015),Positive,0.9116,Pre Covid
2493,416,Unknown,Economy Class,Boeing 777,3x3x3,0,2011-08-10,Canada,5.0,4.0,5.0,5.0,,,4.0,,,,,,1,Historical (Pre-2015),Positive,0.9245,Pre Covid
2494,416,Unknown,Economy Class,Boeing 777,2x4x2,0,2011-06-09,United Kingdom,5.0,4.0,4.0,5.0,,,5.0,,,,,,1,Historical (Pre-2015),Neutral,0.0,Pre Covid
2495,416,Unknown,Economy Class,Airbus A340,2x4x2,0,2010-10-25,United Kingdom,5.0,5.0,5.0,5.0,,,5.0,,,,,,1,Historical (Pre-2015),Positive,0.5106,Pre Covid
2496,416,Unknown,Economy Class,Airbus A340,2x4x2,0,2010-09-22,Netherlands,5.0,4.0,4.0,4.0,,,4.0,,,,,,1,Historical (Pre-2015),Positive,0.9431,Pre Covid
2497,416,Unknown,Economy Class,Airbus A340,2x4x2,0,2010-08-08,France,4.0,4.0,4.0,4.0,,,4.0,,,,,,1,Historical (Pre-2015),Neutral,-0.0444,Pre Covid
2498,416,Unknown,Economy Class,Airbus A330,2x4x2,0,2010-07-31,Nepal,4.0,4.0,4.0,4.0,,,4.0,,,,,,1,Historical (Pre-2015),Positive,0.8503,Pre Covid
2499,416,Unknown,Economy Class,Unknown,3x3x3,0,2010-06-30,United Kingdom,4.0,4.0,4.0,4.0,,,4.0,,,,,,1,Historical (Pre-2015),Positive,0.5106,Pre Covid
2500,416,Unknown,Economy Class,Airbus A340,2x4x2,0,2010-06-06,France,5.0,4.0,5.0,4.0,,,5.0,,,,,,1,Historical (Pre-2015),Positive,0.9295,Pre Covid
2501,416,Unknown,Economy Class,Airbus A330,2x4x2,0,2010-05-26,Singapore,4.0,4.0,5.0,5.0,,,5.0,,,,,,1,Historical (Pre-2015),Positive,0.8508,Pre Covid
2502,416,Unknown,Economy Class,Airbus A330,2x4x2,0,2009-11-10,United Kingdom,5.0,5.0,5.0,4.0,,,5.0,,,,,,1,Historical (Pre-2015),Positive,0.8922,Pre Covid
2506,405,Family Leisure,Economy Class,Airbus A330,3x3x3,1,2025-09-01,Philippines,5.0,5.0,5.0,5.0,4.0,5.0,5.0,,,,,,0,Modern (2015-Present),Positive,0.2263,After Covid
2507,405,Solo Leisure,Economy Class,Airbus A321,3x3,1,2024-10-15,Australia,4.0,3.0,1.0,4.0,2.0,2.0,4.0,,,,,,0,Modern (2015-Present),Negative,-0.6121,After Covid
2508,405,Leisure,Business Class,Boeing 777,2x3x2,1,2024-06-04,Canada,,,,,2.0,1.0,,1.0,1.0,1.0,2.0,1.0,0,Modern (2015-Present),Negative,-0.8126,After Covid
2509,405,Solo Leisure,Economy Class,Boeing 777,3x4x3,1,2022-10-03,Canada,3.0,3.0,3.0,2.0,3.0,1.0,1.0,,,,,,0,Modern (2015-Present),Negative,-0.8394,After Covid
2510,405,Business,Business Class,Airbus A350,1x2x1,1,2022-07-05,Australia,,,,,3.0,2.0,,1.0,1.0,5.0,5.0,3.0,0,Modern (2015-Present),Negative,-0.9766,After Covid
2511,405,Business,Economy Class,Airbus A321,3x3,1,2020-02-14,Philippines,5.0,4.0,5.0,5.0,4.0,,5.0,,,,,,1,Modern (2015-Present),Positive,0.8074,Covid
2512,405,Business,Business Class,Airbus A321,2x2,1,2019-09-12,Philippines,,,,,4.0,5.0,,5.0,5.0,5.0,5.0,4.0,1,Modern (2015-Present),Positive,0.765,Pre Covid
2513,405,Business,Economy Class,Airbus A320,3x3,1,2019-08-24,Philippines,5.0,4.0,4.0,4.0,3.0,,,,,,,,1,Modern (2015-Present),Positive,0.2876,Pre Covid
2514,405,Solo Leisure,Economy Class,Airbus A350,3x3x3,1,2019-06-22,Philippines,4.0,4.0,4.0,4.0,4.0,4.0,4.0,,,,,,1,Modern (2015-Present),Positive,0.9524,Pre Covid
2515,405,Leisure,Business Class,Boeing 777,2x2x2,1,2019-06-18,United States,,,,,1.0,1.0,,1.0,2.0,1.0,4.0,3.0,0,Modern (2015-Present),Positive,0.7569,Pre Covid
2516,405,Leisure,Business Class,Airbus A350,2x2x2,0,2019-06-17,Canada,,,,,5.0,5.0,,5.0,5.0,5.0,5.0,5.0,1,Modern (2015-Present),Positive,0.9806,Pre Covid
2517,405,Solo Leisure,Economy Class,Airbus A330,3x3x3,1,2019-06-10,Saudi Arabia,5.0,5.0,5.0,5.0,5.0,5.0,,,,,,,1,Modern (2015-Present),Positive,0.9043,Pre Covid
2518,405,Solo Leisure,Economy Class,Airbus A330,3x3x3,1,2019-06-10,Saudi Arabia,5.0,5.0,5.0,5.0,5.0,5.0,,,,,,,1,Modern (2015-Present),Positive,0.6892,Pre Covid
2519,405,Business,Economy Class,Airbus A330,2x3x2,1,2019-05-16,Philippines,2.0,2.0,4.0,1.0,1.0,,4.0,,,,,,1,Modern (2015-Present),Negative,-0.4767,Pre Covid
2520,405,Business,Premium Economy,Airbus A321,3x3,1,2019-02-19,Philippines,5.0,4.0,5.0,4.0,3.0,,,,,,,,1,Modern (2015-Present),Positive,0.6808,Pre Covid
2521,405,Business,Economy Class,Airbus A330,2x4x2,1,2018-12-30,Philippines,5.0,4.0,5.0,4.0,1.0,1.0,4.0,,,,,,1,Modern (2015-Present),Positive,0.6372,Pre Covid
2522,405,Business,Economy Class,Airbus A321,3x3,1,2018-10-27,Philippines,4.0,3.0,4.0,4.0,1.0,,,,,,,,1,Modern (2015-Present),Positive,0.5563,Pre Covid
2523,405,Solo Leisure,Economy Class,Boeing 777,3x4x3,1,2018-03-14,United States,4.0,3.0,1.0,1.0,1.0,,4.0,,,,,,1,Modern (2015-Present),Positive,0.1603,Pre Covid
2524,405,Solo Leisure,Premium Economy,Airbus A330,3x3x3,0,2017-09-23,Saudi Arabia,5.0,4.0,4.0,5.0,5.0,,,,,,,,1,Modern (2015-Present),Positive,0.8674,Pre Covid
2525,405,Family Leisure,Economy Class,Airbus A320,3x3,0,2017-05-03,Philippines,4.0,4.0,4.0,3.0,3.0,,3.0,,,,,,1,Modern (2015-Present),Positive,0.9876,Pre Covid
2526,405,Solo Leisure,Economy Class,Airbus A330,3x3x3,0,2017-03-28,Australia,2.0,2.0,2.0,3.0,1.0,,,,,,,,0,Modern (2015-Present),Negative,-0.4577,Pre Covid
2527,405,Unknown,Economy Class,Boeing 747,3x4x3,0,2012-12-03,United States,2.0,2.0,2.0,2.0,,,2.0,,,,,,0,Historical (Pre-2015),Neutral,0.0345,Pre Covid
2529,433,Solo Leisure,Economy Class,Airbus A320,3x3,1,2025-09-13,United Kingdom,3.0,4.0,4.0,2.0,3.0,,,,,,,,1,Modern (2015-Present),Positive,0.7556,After Covid
2530,433,Business,Business Class,Airbus A320,2x2,1,2023-07-22,United Kingdom,,,,,1.0,1.0,,1.0,1.0,1.0,1.0,1.0,0,Modern (2015-Present),Negative,-0.1027,After Covid
2531,433,Couple Leisure,Premium Economy,Airbus A320,3x3,1,2022-08-27,Australia,1.0,1.0,1.0,1.0,1.0,,,,,,,,0,Modern (2015-Present),Negative,-0.4689,After Covid
2532,433,Family Leisure,Premium Economy,Airbus A350,2x4x2,1,2022-06-08,United States,4.0,3.0,1.0,2.0,3.0,4.0,4.0,,,,,,0,Modern (2015-Present),Negative,-0.1744,After Covid
2533,433,Solo Leisure,Economy Class,Airbus A320,3x3,1,2021-04-16,Germany,4.0,4.0,5.0,5.0,4.0,4.0,,,,,,,1,Modern (2015-Present),Positive,0.862,Covid
2534,433,Solo Leisure,Economy Class,Boeing 737,3x3,1,2020-01-06,Norway,3.0,4.0,4.0,4.0,5.0,,,,,,,,1,Modern (2015-Present),Positive,0.9664,Covid
2535,433,Family Leisure,Economy Class,Airbus A319,3x3,0,2017-06-03,United Kingdom,3.0,1.0,3.0,4.0,5.0,,,,,,,,1,Modern (2015-Present),Positive,0.6245,Pre Covid
2536,433,Couple Leisure,Economy Class,Boeing 737,3x3,0,2016-03-13,Singapore,3.0,3.0,3.0,3.0,1.0,2.0,,,,,,,1,Modern (2015-Present),Positive,0.9259,Pre Covid
2537,433,Business,Premium Economy,Boeing 737,3x3,0,2016-01-31,United States,2.0,2.0,2.0,1.0,2.0,,,,,,,,1,Modern (2015-Present),Positive,0.6757,Pre Covid
2538,433,Business,Premium Economy,Airbus A330,2x3x2,0,2015-11-03,Sweden,5.0,4.0,5.0,5.0,4.0,5.0,5.0,,,,,,1,Modern (2015-Present),Positive,0.9387,Pre Covid
2539,433,Solo Leisure,Economy Class,Airbus A330,2x4x2,0,2015-08-02,Belgium,5.0,5.0,4.0,4.0,5.0,5.0,5.0,,,,,,1,Modern (2015-Present),Positive,0.9169,Pre Covid
2540,433,Couple Leisure,Economy Class,Airbus A340,2x4x2,0,2015-07-20,United States,1.0,2.0,2.0,2.0,1.0,,,,,,,,0,Modern (2015-Present),Negative,-0.4404,Pre Covid
2541,433,Unknown,Premium Economy,Airbus A340,2x3x2,0,2015-01-30,United States,3.0,4.0,4.0,4.0,,,4.0,,,,,,1,Modern (2015-Present),Positive,0.8752,Pre Covid
2542,433,Unknown,Economy Class,Airbus A340,3x4x3,0,2014-11-19,United States,1.0,1.0,1.0,1.0,,,1.0,,,,,,0,Historical (Pre-2015),Negative,-0.9256,Pre Covid
2543,433,Unknown,Economy Class,Airbus A330,2x4x2,0,2011-09-19,United States,1.0,2.0,1.0,3.0,,,3.0,,,,,,0,Historical (Pre-2015),Negative,-0.3427,Pre Covid
2544,433,Unknown,Economy Class,Airbus A330,2x4x2,0,2011-04-05,Denmark,2.0,2.0,3.0,2.0,,,3.0,,,,,,0,Historical (Pre-2015),Neutral,0.0,Pre Covid
2546,385,Family Leisure,Economy Class,Unknown,2x2,0,2015-08-06,Greece,5.0,4.0,4.0,4.0,5.0,,,,,,,,1,Modern (2015-Present),Positive,0.9292,Pre Covid
2547,429,Business,Economy Class,Boeing 737,3x3,1,2023-05-21,Nigeria,1.0,1.0,1.0,1.0,1.0,1.0,1.0,,,,,,0,Modern (2015-Present),Negative,-0.9215,After Covid
2548,431,Leisure,Business Class,Airbus A320,2x2,1,2019-10-25,Australia,,,,,4.0,,,2.0,4.0,5.0,3.0,3.0,1,Modern (2015-Present),Positive,0.3998,Pre Covid
2549,431,Solo Leisure,Economy Class,Boeing 737,3x3,1,2018-11-15,Russian Federation,2.0,3.0,2.0,3.0,5.0,,,,,,,,0,Modern (2015-Present),Negative,-0.3482,Pre Covid
2550,435,Solo Leisure,Economy Class,Airbus A320,3x3,0,2016-10-03,Portugal,3.0,3.0,3.0,4.0,2.0,,1.0,,,,,,0,Modern (2015-Present),Negative,-0.7269,Pre Covid
2551,435,Couple Leisure,Economy Class,Unknown,2x4x2,0,2016-02-01,United States,1.0,1.0,1.0,1.0,1.0,,1.0,,,,,,0,Modern (2015-Present),Positive,0.3181,Pre Covid
2552,427,Family Leisure,Economy Class,Boeing 787,unknown,0,2017-11-07,Australia,3.0,3.0,1.0,1.0,2.0,2.0,2.0,,,,,,0,Modern (2015-Present),Negative,-0.9467,Pre Covid
2553,427,Couple Leisure,Economy Class,Boeing 787,3x3x3,0,2017-06-30,Australia,4.0,5.0,1.0,2.0,1.0,4.0,5.0,,,,,,0,Modern (2015-Present),Positive,0.9543,Pre Covid
2554,427,Family Leisure,Economy Class,Boeing 787,3x3x3,0,2015-10-14,United Kingdom,5.0,4.0,4.0,4.0,4.0,4.0,4.0,,,,,,1,Modern (2015-Present),Negative,-0.3818,Pre Covid
2555,427,Unknown,Economy Class,Boeing 787,3x3x3,0,2014-11-19,United Kingdom,5.0,4.0,4.0,4.0,,,4.0,,,,,,1,Historical (Pre-2015),Positive,0.9821,Pre Covid
2556,427,Unknown,Economy Class,Boeing 777,3x3x3,0,2013-04-20,Unknown,5.0,4.0,4.0,2.0,,,4.0,,,,,,0,Historical (Pre-2015),Positive,0.8369,Pre Covid
2557,427,Unknown,Unknown,Boeing 777,3x3x3,0,2011-06-10,Australia,1.0,3.0,4.0,2.0,,,3.0,,,,,,0,Historical (Pre-2015),Negative,-0.6997,Pre Covid
2558,427,Unknown,Unknown,Boeing 767,2x4x2,0,2011-06-05,New Zealand,1.0,1.0,3.0,1.0,,,1.0,,,,,,0,Historical (Pre-2015),Negative,-0.7269,Pre Covid
2559,427,Unknown,Unknown,Boeing 777,3x3x3,0,2010-10-24,Australia,4.0,4.0,4.0,4.0,,,3.0,,,,,,1,Historical (Pre-2015),Positive,0.8074,Pre Covid
2561,456,Business,Business Class,Boeing 737,2x2,1,2019-11-25,Poland,,,,,1.0,,,1.0,2.0,4.0,1.0,1.0,0,Modern (2015-Present),Negative,-0.9586,Pre Covid
2562,456,Family Leisure,Economy Class,Boeing 737,3x3,1,2019-02-19,Malaysia,3.0,4.0,4.0,4.0,4.0,,,,,,,,1,Modern (2015-Present),Positive,0.7506,Pre Covid
2563,456,Solo Leisure,Economy Class,Airbus A320,3x3,1,2018-03-31,United Kingdom,4.0,3.0,3.0,3.0,3.0,,,,,,,,1,Modern (2015-Present),Positive,0.9152,Pre Covid
2564,456,Family Leisure,Economy Class,Boeing 737,3x3,0,2017-11-06,Indonesia,2.0,3.0,4.0,3.0,5.0,,,,,,,,0,Modern (2015-Present),Positive,0.3847,Pre Covid
2565,456,Business,Economy Class,Boeing 737,3x3,0,2016-12-19,Singapore,1.0,1.0,1.0,1.0,1.0,3.0,,,,,,,0,Modern (2015-Present),Negative,-0.8674,Pre Covid
2566,456,Solo Leisure,Economy Class,Airbus A320,3x3,0,2016-01-06,Australia,4.0,4.0,4.0,4.0,4.0,,,,,,,,1,Modern (2015-Present),Positive,0.9062,Pre Covid
2567,456,Solo Leisure,Economy Class,Airbus A320,3x3,0,2015-06-18,Indonesia,4.0,4.0,5.0,4.0,4.0,,3.0,,,,,,1,Modern (2015-Present),Positive,0.9324,Pre Covid
2568,456,Unknown,Economy Class,Airbus A320,3x3,0,2015-01-28,Singapore,5.0,4.0,5.0,3.0,,,4.0,,,,,,1,Modern (2015-Present),Positive,0.9611,Pre Covid
2569,447,Solo Leisure,Economy Class,Boeing 777,2x4x2,1,2023-09-24,Netherlands,3.0,1.0,1.0,2.0,2.0,1.0,1.0,,,,,,0,Modern (2015-Present),Negative,-0.869,After Covid
2570,447,Solo Leisure,Economy Class,Boeing 787,3x3x3,1,2022-07-14,Germany,4.0,4.0,4.0,4.0,3.0,4.0,3.0,,,,,,1,Modern (2015-Present),Positive,0.862,After Covid
2571,447,Solo Leisure,Economy Class,Boeing 777,3x3x3,1,2019-06-22,Canada,5.0,5.0,5.0,5.0,5.0,5.0,5.0,,,,,,1,Modern (2015-Present),Positive,0.8773,Pre Covid
2572,447,Solo Leisure,Economy Class,Airbus A321,3x3,0,2016-07-18,Saudi Arabia,4.0,3.0,4.0,3.0,2.0,,3.0,,,,,,1,Modern (2015-Present),Positive,0.9432,Pre Covid
2573,447,Family Leisure,Economy Class,Boeing 777,3x3x3,0,2016-07-17,Malaysia,3.0,5.0,4.0,1.0,4.0,3.0,3.0,,,,,,0,Modern (2015-Present),Positive,0.4927,Pre Covid
2574,447,Solo Leisure,Economy Class,Boeing 777,3x3x3,0,2016-01-21,Saudi Arabia,5.0,5.0,5.0,5.0,5.0,5.0,5.0,,,,,,1,Modern (2015-Present),Positive,0.9604,Pre Covid
2575,447,Solo Leisure,Economy Class,Boeing 777,3x4x3,0,2016-01-09,Saudi Arabia,5.0,4.0,5.0,4.0,4.0,4.0,5.0,,,,,,1,Modern (2015-Present),Positive,0.8685,Pre Covid
2576,447,Family Leisure,Economy Class,Airbus A320,3x3,0,2015-12-29,Saudi Arabia,5.0,4.0,4.0,4.0,4.0,,,,,,,,1,Modern (2015-Present),Positive,0.9243,Pre Covid
2577,447,Couple Leisure,Economy Class,Boeing 777,3x3x3,0,2015-08-02,India,5.0,4.0,5.0,5.0,4.0,3.0,4.0,,,,,,1,Modern (2015-Present),Positive,0.9069,Pre Covid
2578,447,Unknown,Economy Class,Boeing 777,3x4x3,0,2013-01-10,United States,3.0,3.0,3.0,3.0,,,3.0,,,,,,1,Historical (Pre-2015),Positive,0.7096,Pre Covid
2579,447,Unknown,Economy Class,Unknown,3x3,0,2009-09-12,Saudi Arabia,1.0,2.0,3.0,3.0,,,,,,,,,0,Historical (Pre-2015),Negative,-0.4767,Pre Covid
2580,447,Unknown,Economy Class,Other Aircraft,2x2,0,2009-09-12,Saudi Arabia,4.0,3.0,3.0,3.0,,,,,,,,,1,Historical (Pre-2015),Positive,0.7269,Pre Covid
2581,428,Solo Leisure,Economy Class,Boeing 787,3x3x3,1,2019-12-28,Malaysia,4.0,4.0,2.0,3.0,4.0,5.0,2.0,,,,,,0,Modern (2015-Present),Negative,-0.8516,Pre Covid
2582,428,Family Leisure,Economy Class,Airbus A320,3x3,0,2017-02-03,Jordan,5.0,5.0,5.0,4.0,5.0,5.0,5.0,,,,,,1,Modern (2015-Present),Positive,0.8828,Pre Covid
2583,428,Business,Economy Class,Airbus A320,3x3,0,2016-08-19,India,4.0,3.0,4.0,4.0,3.0,,4.0,,,,,,1,Modern (2015-Present),Positive,0.7906,Pre Covid
2584,428,Unknown,Economy Class,Airbus A330,3x4x3,0,2014-11-19,Hong Kong,3.0,4.0,4.0,3.0,,,4.0,,,,,,1,Historical (Pre-2015),Neutral,-0.0258,Pre Covid
2585,428,Unknown,Economy Class,Unknown,2x4x2,0,2009-01-19,Italy,4.0,4.0,3.0,4.0,,,3.0,,,,,,1,Historical (Pre-2015),Positive,0.8402,Pre Covid
2586,458,Leisure,Business Class,Airbus A350,1x2x1,0,2026-04-28,Australia,4.0,4.0,4.0,4.0,4.0,4.0,4.0,5.0,5.0,4.0,4.0,4.0,1,Modern (2015-Present),Positive,0.8299,After Covid
2587,458,Leisure,Business Class,Boeing 777,1x2x1,0,2025-10-30,New Zealand,,,,,4.0,,,2.0,3.0,4.0,3.0,4.0,0,Modern (2015-Present),Positive,0.2502,After Covid
2588,458,Couple Leisure,Economy Class,Airbus A350,unknown,0,2025-07-07,United Kingdom,1.0,1.0,1.0,2.0,3.0,3.0,3.0,,,,,,0,Modern (2015-Present),Positive,0.8522,After Covid
2589,458,Leisure,Business Class,Airbus A380,1x2x1,1,2025-04-18,Australia,,,,,3.0,4.0,,1.0,4.0,1.0,3.0,2.0,0,Modern (2015-Present),Positive,0.9301,After Covid
2590,458,Leisure,Business Class,Airbus A380,1x2x1,1,2025-04-18,Philippines,,,,,2.0,2.0,,1.0,1.0,1.0,1.0,1.0,0,Modern (2015-Present),Positive,0.4325,After Covid
2591,458,Couple Leisure,Premium Economy,Airbus A350,2x4x2,0,2024-09-13,Australia,4.0,4.0,4.0,4.0,3.0,4.0,4.0,,,,,,1,Modern (2015-Present),Positive,0.7962,After Covid
2592,458,Family Leisure,Economy Class,Airbus A350,3x3x3,1,2024-07-06,Singapore,2.0,2.0,2.0,2.0,2.0,,2.0,,,,,,0,Modern (2015-Present),Negative,-0.9184,After Covid
2593,458,Solo Leisure,Economy Class,Airbus A350,3x3x3,1,2024-04-29,Spain,1.0,1.0,1.0,1.0,1.0,,1.0,,,,,,0,Modern (2015-Present),Positive,0.2732,After Covid
2594,458,Solo Leisure,Economy Class,Boeing 737,3x3,1,2024-04-29,Spain,2.0,2.0,1.0,2.0,1.0,,1.0,,,,,,0,Modern (2015-Present),Negative,-0.2838,After Covid
2595,458,Leisure,Business Class,Airbus A380,1x2x1,1,2023-11-29,Indonesia,,,,,3.0,4.0,,4.0,5.0,3.0,3.0,3.0,1,Modern (2015-Present),Positive,0.9866,After Covid
2596,458,Family Leisure,Economy Class,Airbus A380,3x4x3,0,2023-09-05,New Zealand,2.0,2.0,2.0,3.0,2.0,4.0,3.0,,,,,,0,Modern (2015-Present),Negative,-0.4235,After Covid
2597,458,Business,Business Class,Airbus A380,1x2x1,1,2023-07-28,Australia,,,,,3.0,3.0,,1.0,1.0,3.0,1.0,1.0,0,Modern (2015-Present),Negative,-0.8884,After Covid
2598,458,Business,First Class,Airbus A380,1x1,1,2023-06-02,Switzerland,,,,,4.0,5.0,,3.0,3.0,4.0,5.0,4.0,0,Modern (2015-Present),Negative,-0.8722,After Covid
2599,458,Business,Business Class,Airbus A380,1x2x1,1,2023-05-29,United States,,,,,3.0,2.0,,1.0,1.0,2.0,2.0,3.0,0,Modern (2015-Present),Negative,-0.7687,After Covid
2600,458,Solo Leisure,Economy Class,Airbus A350,3x3x3,1,2023-03-11,United Kingdom,1.0,2.0,1.0,1.0,2.0,2.0,3.0,,,,,,0,Modern (2015-Present),Negative,-0.6705,After Covid
2601,458,Couple Leisure,Economy Class,Airbus A380,3x4x3,1,2023-02-24,Unknown,1.0,4.0,4.0,3.0,4.0,4.0,4.0,,,,,,0,Modern (2015-Present),Negative,-0.4767,After Covid
2602,458,Business,Business Class,Airbus A350,1x2x1,1,2022-12-05,Singapore,,,,,5.0,4.0,,2.0,2.0,3.0,1.0,4.0,0,Modern (2015-Present),Negative,-0.5019,After Covid
2603,458,Leisure,Business Class,Airbus A380,1x2x1,1,2022-11-12,Austria,,,,,2.0,3.0,,1.0,2.0,1.0,1.0,3.0,0,Modern (2015-Present),Negative,-0.3875,After Covid
2604,458,Family Leisure,Economy Class,Boeing 787,3x3x3,0,2020-06-05,Singapore,3.0,3.0,3.0,4.0,4.0,5.0,5.0,,,,,,1,Modern (2015-Present),Positive,0.4767,Covid
2605,458,Business,Economy Class,Boeing 787,3x3x3,1,2020-02-12,Australia,4.0,3.0,1.0,2.0,3.0,3.0,3.0,,,,,,0,Modern (2015-Present),Neutral,-0.0369,Covid
2606,458,Couple Leisure,Premium Economy,Airbus A350,2x4x2,1,2020-02-07,Australia,3.0,3.0,1.0,4.0,2.0,5.0,5.0,,,,,,0,Modern (2015-Present),Negative,-0.9527,Covid
2607,458,Solo Leisure,Economy Class,Boeing 777,3x4x3,1,2020-02-02,Indonesia,5.0,4.0,4.0,4.0,5.0,5.0,3.0,,,,,,1,Modern (2015-Present),Positive,0.7096,Covid
2608,458,Solo Leisure,Economy Class,Boeing 777,3x4x3,0,2020-01-21,Australia,1.0,3.0,1.0,1.0,1.0,4.0,4.0,,,,,,1,Modern (2015-Present),Positive,0.5267,Covid
2609,458,Solo Leisure,Economy Class,Airbus A380,3x4x3,0,2020-01-21,Australia,5.0,1.0,5.0,5.0,1.0,5.0,5.0,,,,,,1,Modern (2015-Present),Positive,0.891,Covid
2610,458,Couple Leisure,Premium Economy,Airbus A350,2x4x2,1,2020-01-21,Australia,1.0,1.0,1.0,1.0,1.0,3.0,4.0,,,,,,0,Modern (2015-Present),Positive,0.1796,Covid
2611,458,Family Leisure,Economy Class,Boeing 777,3x3x3,1,2019-12-02,Singapore,5.0,5.0,5.0,5.0,5.0,5.0,5.0,,,,,,1,Modern (2015-Present),Positive,0.9627,Pre Covid
2612,458,Solo Leisure,Economy Class,Airbus A350,3x3x3,0,2019-10-07,Singapore,1.0,1.0,1.0,3.0,1.0,4.0,2.0,,,,,,0,Modern (2015-Present),Negative,-0.9172,Pre Covid
2613,458,Family Leisure,Economy Class,Boeing 787,3x3x3,1,2019-07-07,Thailand,4.0,3.0,1.0,2.0,3.0,3.0,3.0,,,,,,0,Modern (2015-Present),Positive,0.9556,Pre Covid
2614,458,Leisure,Business Class,Airbus A380,1x2x1,1,2019-05-27,United States,,,,,5.0,5.0,,5.0,5.0,5.0,5.0,5.0,1,Modern (2015-Present),Positive,0.996,Pre Covid
2615,458,Business,Business Class,Airbus A350,1x2x1,1,2019-05-22,Australia,,,,,1.0,4.0,,1.0,1.0,1.0,3.0,2.0,0,Modern (2015-Present),Negative,-0.9155,Pre Covid
2616,458,Solo Leisure,Premium Economy,Airbus A350,2x4x2,1,2019-04-30,Australia,5.0,4.0,5.0,4.0,5.0,5.0,5.0,,,,,,1,Modern (2015-Present),Positive,0.7841,Pre Covid
2617,458,Couple Leisure,Premium Economy,Airbus A380,2x4x2,1,2019-04-28,Australia,3.0,3.0,4.0,1.0,2.0,,3.0,,,,,,1,Modern (2015-Present),Negative,-0.9418,Pre Covid
2618,458,Solo Leisure,Premium Economy,Airbus A350,2x4x2,1,2019-03-02,China,3.0,3.0,3.0,3.0,1.0,,5.0,,,,,,1,Modern (2015-Present),Positive,0.2248,Pre Covid
2619,458,Family Leisure,Economy Class,Airbus A350,3x3x3,1,2019-02-19,Malaysia,4.0,5.0,4.0,4.0,5.0,5.0,5.0,,,,,,1,Modern (2015-Present),Positive,0.8832,Pre Covid
2620,458,Solo Leisure,Economy Class,Airbus A330,2x4x2,1,2019-02-19,Malaysia,4.0,3.0,4.0,4.0,4.0,,3.0,,,,,,1,Modern (2015-Present),Positive,0.4404,Pre Covid
2621,458,Family Leisure,Economy Class,Airbus A350,3x3x3,1,2019-02-10,Malaysia,5.0,5.0,5.0,5.0,5.0,5.0,5.0,,,,,,1,Modern (2015-Present),Positive,0.8555,Pre Covid
2622,458,Solo Leisure,Economy Class,Boeing 777,3x3x3,1,2018-12-27,Malaysia,5.0,5.0,5.0,5.0,5.0,5.0,5.0,,,,,,1,Modern (2015-Present),Positive,0.977,Pre Covid
2623,458,Couple Leisure,Premium Economy,Boeing 777,2x4x2,1,2018-11-23,United Kingdom,1.0,1.0,1.0,2.0,1.0,4.0,3.0,,,,,,0,Modern (2015-Present),Positive,0.8709,Pre Covid
2624,458,Business,Economy Class,Airbus A350,3x3x3,1,2018-11-23,Philippines,5.0,4.0,5.0,4.0,4.0,4.0,5.0,,,,,,1,Modern (2015-Present),Positive,0.8225,Pre Covid
2625,458,Family Leisure,Premium Economy,Airbus A350,2x4x2,1,2018-11-05,Australia,2.0,1.0,1.0,1.0,2.0,4.0,4.0,,,,,,0,Modern (2015-Present),Positive,0.785,Pre Covid
2626,458,Solo Leisure,Economy Class,Airbus A380,3x4x3,0,2018-09-30,United States,4.0,5.0,5.0,4.0,5.0,4.0,5.0,,,,,,1,Modern (2015-Present),Positive,0.4297,Pre Covid
2627,458,Business,Economy Class,Boeing 787,3x3,1,2018-08-12,Philippines,5.0,4.0,4.0,5.0,5.0,5.0,5.0,,,,,,1,Modern (2015-Present),Neutral,-0.0258,Pre Covid
2628,458,Solo Leisure,Premium Economy,Airbus A380,2x4x2,1,2018-06-09,United States,4.0,4.0,4.0,4.0,4.0,3.0,4.0,,,,,,1,Modern (2015-Present),Positive,0.9273,Pre Covid
2629,458,Family Leisure,Economy Class,Airbus A330,2x4x2,1,2018-05-29,Malaysia,3.0,2.0,3.0,3.0,3.0,3.0,2.0,,,,,,1,Modern (2015-Present),Positive,0.9153,Pre Covid
2630,458,Couple Leisure,Premium Economy,Airbus A350,2x4x2,0,2018-02-03,Netherlands,2.0,2.0,2.0,3.0,2.0,4.0,4.0,,,,,,0,Modern (2015-Present),Positive,0.7955,Pre Covid
2631,458,Business,Economy Class,Boeing 777,3x3x3,0,2017-10-29,Singapore,4.0,4.0,4.0,5.0,4.0,,4.0,,,,,,1,Modern (2015-Present),Positive,0.9742,Pre Covid
2632,458,Business,Premium Economy,Boeing 777,2x4x2,0,2017-09-23,United States,4.0,3.0,3.0,3.0,4.0,4.0,4.0,,,,,,1,Modern (2015-Present),Positive,0.4703,Pre Covid
2633,458,Family Leisure,Economy Class,Airbus A330,2x4x2,0,2017-08-08,Taiwan,5.0,5.0,4.0,4.0,5.0,5.0,2.0,,,,,,1,Modern (2015-Present),Positive,0.8122,Pre Covid
2634,458,Solo Leisure,Economy Class,Airbus A330,unknown,0,2017-08-07,Guatemala,5.0,5.0,5.0,5.0,5.0,5.0,5.0,,,,,,1,Modern (2015-Present),Positive,0.8874,Pre Covid
2635,458,Solo Leisure,Premium Economy,Boeing 777,2x4x2,0,2017-08-02,Hong Kong,4.0,3.0,4.0,4.0,4.0,4.0,4.0,,,,,,1,Modern (2015-Present),Positive,0.9637,Pre Covid
2636,458,Solo Leisure,Economy Class,Boeing 777,3x3x3,0,2017-05-25,Singapore,2.0,1.0,1.0,3.0,3.0,,1.0,,,,,,0,Modern (2015-Present),Negative,-0.7283,Pre Covid
2637,458,Solo Leisure,Economy Class,Boeing 777,3x3x3,0,2017-04-18,Russian Federation,3.0,5.0,5.0,4.0,4.0,,3.0,,,,,,1,Modern (2015-Present),Positive,0.9455,Pre Covid
2638,458,Solo Leisure,Economy Class,Airbus A350,3x3x3,0,2017-02-22,United Kingdom,1.0,1.0,1.0,1.0,1.0,5.0,3.0,,,,,,0,Modern (2015-Present),Negative,-0.8805,Pre Covid
2639,458,Couple Leisure,Premium Economy,Boeing 777,2x4x2,0,2017-02-05,Norway,4.0,4.0,4.0,4.0,4.0,5.0,2.0,,,,,,0,Modern (2015-Present),Positive,0.8821,Pre Covid
2640,458,Couple Leisure,Premium Economy,Airbus A380,2x4x2,0,2017-01-08,United States,5.0,5.0,5.0,5.0,4.0,5.0,4.0,,,,,,1,Modern (2015-Present),Positive,0.852,Pre Covid
2641,458,Solo Leisure,Economy Class,Airbus A350,3x3x3,0,2016-11-15,Netherlands,4.0,3.0,4.0,3.0,4.0,4.0,4.0,,,,,,1,Modern (2015-Present),Positive,0.8145,Pre Covid
2642,458,Solo Leisure,Economy Class,Boeing 777,3x3x3,0,2016-08-21,Hong Kong,4.0,4.0,4.0,4.0,3.0,4.0,4.0,,,,,,1,Modern (2015-Present),Positive,0.8654,Pre Covid
2643,458,Solo Leisure,Premium Economy,Boeing 777,2x4x2,0,2016-06-10,New Zealand,4.0,3.0,3.0,3.0,2.0,5.0,5.0,,,,,,1,Modern (2015-Present),Positive,0.1576,Pre Covid
2644,458,Solo Leisure,Premium Economy,Airbus A380,2x4x2,0,2016-05-12,Australia,5.0,5.0,5.0,5.0,5.0,5.0,5.0,,,,,,1,Modern (2015-Present),Positive,0.9522,Pre Covid
2645,458,Solo Leisure,Economy Class,Airbus A380,3x4x3,0,2016-04-21,Australia,4.0,5.0,5.0,5.0,4.0,5.0,5.0,,,,,,1,Modern (2015-Present),Positive,0.9661,Pre Covid
2646,458,Family Leisure,Economy Class,Boeing 777,3x3x3,0,2016-02-13,Indonesia,5.0,5.0,4.0,4.0,3.0,3.0,3.0,,,,,,1,Modern (2015-Present),Positive,0.9607,Pre Covid
2647,458,Family Leisure,Economy Class,Boeing 777,3x3x3,0,2015-11-09,Singapore,4.0,5.0,4.0,5.0,5.0,4.0,5.0,,,,,,1,Modern (2015-Present),Positive,0.8501,Pre Covid
2648,458,Couple Leisure,Economy Class,Airbus A380,3x4x3,0,2015-09-15,Australia,2.0,3.0,3.0,3.0,2.0,3.0,3.0,,,,,,1,Modern (2015-Present),Positive,0.9619,Pre Covid
2649,458,Family Leisure,Economy Class,Boeing 777,3x3,0,2015-08-26,United Kingdom,1.0,1.0,1.0,1.0,3.0,,5.0,,,,,,0,Modern (2015-Present),Negative,-0.8727,Pre Covid
2650,458,Couple Leisure,Economy Class,Boeing 777,3x4x3,0,2015-08-19,New Zealand,5.0,4.0,4.0,4.0,1.0,,1.0,,,,,,0,Modern (2015-Present),Positive,0.5194,Pre Covid
2651,458,Family Leisure,Economy Class,Airbus A380,3x4x3,0,2015-08-15,Australia,1.0,2.0,1.0,3.0,2.0,5.0,5.0,,,,,,1,Modern (2015-Present),Positive,0.7783,Pre Covid
2652,458,Solo Leisure,Economy Class,Airbus A330,2x4x2,0,2015-07-25,Malaysia,5.0,5.0,5.0,5.0,5.0,3.0,4.0,,,,,,1,Modern (2015-Present),Negative,-0.5468,Pre Covid
2653,458,Solo Leisure,Economy Class,Boeing 777,3x3x3,0,2015-07-25,Malaysia,5.0,4.0,5.0,5.0,5.0,,3.0,,,,,,1,Modern (2015-Present),Positive,0.1779,Pre Covid
2654,458,Family Leisure,Economy Class,Airbus A380,3x4x3,0,2015-07-15,United States,4.0,3.0,4.0,3.0,3.0,4.0,4.0,,,,,,1,Modern (2015-Present),Positive,0.9099,Pre Covid
2655,458,Family Leisure,Economy Class,Airbus A380,3x4x3,0,2015-07-13,Singapore,5.0,5.0,5.0,5.0,5.0,5.0,5.0,,,,,,1,Modern (2015-Present),Positive,0.7184,Pre Covid
2656,458,Family Leisure,Economy Class,Boeing 777,3x3x3,0,2015-07-09,Australia,2.0,2.0,2.0,3.0,2.0,2.0,2.0,,,,,,1,Modern (2015-Present),Positive,0.9245,Pre Covid
2657,458,Family Leisure,Economy Class,Boeing 777,3x3x3,0,2015-06-22,Singapore,5.0,4.0,4.0,4.0,4.0,5.0,5.0,,,,,,1,Modern (2015-Present),Positive,0.9732,Pre Covid
2658,458,Solo Leisure,Economy Class,Airbus A330,2x4x2,0,2015-06-18,Indonesia,5.0,4.0,5.0,4.0,4.0,4.0,4.0,,,,,,1,Modern (2015-Present),Positive,0.9149,Pre Covid
2659,458,Solo Leisure,Economy Class,Airbus A380,3x4x3,0,2015-06-17,Australia,4.0,4.0,4.0,5.0,5.0,5.0,5.0,,,,,,1,Modern (2015-Present),Positive,0.9307,Pre Covid
2660,458,Family Leisure,Economy Class,Airbus A330,2x4x2,0,2015-06-13,Singapore,4.0,3.0,3.0,3.0,4.0,5.0,5.0,,,,,,1,Modern (2015-Present),Positive,0.4215,Pre Covid
2661,458,Unknown,Economy Class,Boeing 777,3x3x3,0,2015-01-28,Canada,1.0,2.0,1.0,2.0,,,2.0,,,,,,0,Modern (2015-Present),Positive,0.1154,Pre Covid
2662,458,Unknown,Economy Class,Airbus A380,3x4x3,0,2014-11-19,Hong Kong,3.0,3.0,3.0,3.0,,,5.0,,,,,,1,Historical (Pre-2015),Positive,0.8744,Pre Covid
2663,458,Unknown,Economy Class,Boeing 777,3x3x3,0,2014-11-19,Singapore,2.0,1.0,1.0,2.0,,,4.0,,,,,,0,Historical (Pre-2015),Positive,0.077,Pre Covid
2664,458,Unknown,Economy Class,Boeing 777,3x3x3,0,2014-03-03,India,4.0,3.0,4.0,4.0,,,3.0,,,,,,1,Historical (Pre-2015),Positive,0.8553,Pre Covid
2665,458,Unknown,Economy Class,Airbus A380,3x3x3,0,2014-01-13,United Kingdom,4.0,4.0,3.0,4.0,,,4.0,,,,,,0,Historical (Pre-2015),Negative,-0.3136,Pre Covid
2666,458,Unknown,Economy Class,Airbus A380,3x4x3,0,2014-01-12,United Kingdom,5.0,2.0,3.0,3.0,,,4.0,,,,,,0,Historical (Pre-2015),Negative,-0.2151,Pre Covid
2667,458,Unknown,Economy Class,Airbus A330,2x4x2,0,2014-01-12,Vietnam,5.0,4.0,5.0,5.0,,,5.0,,,,,,1,Historical (Pre-2015),Positive,0.926,Pre Covid
2668,458,Unknown,Economy Class,Airbus A380,2x4x2,0,2013-04-20,Australia,3.0,3.0,3.0,2.0,,,5.0,,,,,,1,Historical (Pre-2015),Positive,0.9527,Pre Covid
2669,458,Unknown,Economy Class,Airbus A380,3x4x3,0,2013-01-22,Australia,4.0,3.0,4.0,3.0,,,3.0,,,,,,1,Historical (Pre-2015),Positive,0.9709,Pre Covid
2670,458,Unknown,Economy Class,Airbus A380,3x4x3,0,2013-01-18,United Kingdom,2.0,4.0,3.0,1.0,,,3.0,,,,,,0,Historical (Pre-2015),Negative,-0.3804,Pre Covid
2671,458,Unknown,Economy Class,Airbus A380,2x4x2,0,2013-01-01,Australia,3.0,3.0,2.0,2.0,,,3.0,,,,,,0,Historical (Pre-2015),Positive,0.6622,Pre Covid
2672,458,Unknown,Economy Class,Airbus A380,3x4x3,0,2012-12-24,France,2.0,1.0,2.0,1.0,,,3.0,,,,,,0,Historical (Pre-2015),Negative,-0.7708,Pre Covid
2673,458,Unknown,Economy Class,Airbus A380,3x4x3,0,2011-10-22,United Kingdom,1.0,1.0,1.0,1.0,,,3.0,,,,,,0,Historical (Pre-2015),Negative,-0.7443,Pre Covid
2674,458,Unknown,Economy Class,Boeing 777,3x3x3,0,2011-10-22,Singapore,3.0,1.0,2.0,3.0,,,4.0,,,,,,0,Historical (Pre-2015),Negative,-0.5261,Pre Covid
2675,458,Unknown,Economy Class,Airbus A330,2x4x2,0,2011-10-22,Indonesia,4.0,3.0,4.0,4.0,,,4.0,,,,,,1,Historical (Pre-2015),Negative,-0.4599,Pre Covid
2676,458,Unknown,Economy Class,Airbus A380,3x3x3,0,2011-09-05,Singapore,3.0,1.0,4.0,3.0,,,4.0,,,,,,0,Historical (Pre-2015),Negative,-0.8996,Pre Covid
2677,458,Unknown,Economy Class,Boeing 777,3x3x3,0,2011-07-28,New Zealand,4.0,4.0,3.0,4.0,,,5.0,,,,,,1,Historical (Pre-2015),Positive,0.8477,Pre Covid
2678,458,Unknown,Economy Class,Airbus A330,2x4x2,0,2011-05-23,South Africa,1.0,3.0,3.0,2.0,,,5.0,,,,,,0,Historical (Pre-2015),Negative,-0.3818,Pre Covid
2679,458,Unknown,Economy Class,Airbus A380,3x4x3,0,2011-05-23,United Kingdom,4.0,4.0,4.0,4.0,,,5.0,,,,,,1,Historical (Pre-2015),Positive,0.8217,Pre Covid
2680,458,Unknown,Economy Class,Airbus A330,2x4x2,0,2011-04-06,Singapore,2.0,3.0,3.0,4.0,,,2.0,,,,,,0,Historical (Pre-2015),Negative,-0.5714,Pre Covid
2681,458,Unknown,Economy Class,Boeing 747,3x4x3,0,2011-04-05,United States,3.0,3.0,3.0,2.0,,,3.0,,,,,,0,Historical (Pre-2015),Positive,0.3612,Pre Covid
2682,458,Unknown,Economy Class,Boeing 777,3x3x3,0,2011-04-05,Canada,2.0,3.0,4.0,3.0,,,4.0,,,,,,0,Historical (Pre-2015),Positive,0.743,Pre Covid
2683,458,Unknown,Economy Class,Airbus A380,2x4x2,0,2010-12-15,Australia,2.0,4.0,4.0,1.0,,,5.0,,,,,,0,Historical (Pre-2015),Positive,0.8367,Pre Covid
2684,458,Unknown,Economy Class,Airbus A380,2x4x2,0,2010-12-15,Australia,3.0,3.0,2.0,2.0,,,4.0,,,,,,0,Historical (Pre-2015),Negative,-0.5574,Pre Covid
2685,458,Unknown,Economy Class,Airbus A380,2x4x2,0,2010-06-22,Singapore,2.0,2.0,3.0,3.0,,,3.0,,,,,,0,Historical (Pre-2015),Negative,-0.43,Pre Covid
2686,458,Unknown,Economy Class,Airbus A380,2x4x2,0,2010-06-06,United Kingdom,3.0,3.0,4.0,3.0,,,5.0,,,,,,1,Historical (Pre-2015),Positive,0.6258,Pre Covid
2687,458,Unknown,Economy Class,Airbus A380,2x4x2,0,2010-01-14,Australia,5.0,3.0,2.0,5.0,,,4.0,,,,,,1,Historical (Pre-2015),Negative,-0.6342,Pre Covid
2688,458,Unknown,Economy Class,Unknown,3x3x3,0,2010-01-14,Australia,4.0,4.0,4.0,3.0,,,2.0,,,,,,1,Historical (Pre-2015),Positive,0.5313,Pre Covid
2689,458,Unknown,Economy Class,Airbus A380,2x4x2,0,2010-01-11,United Kingdom,4.0,3.0,3.0,4.0,,,4.0,,,,,,1,Historical (Pre-2015),Positive,0.8049,Pre Covid
2690,458,Unknown,Economy Class,Airbus A380,2x4x2,0,2010-01-11,Australia,2.0,3.0,3.0,2.0,,,3.0,,,,,,0,Historical (Pre-2015),Negative,-0.8966,Pre Covid
2691,458,Unknown,Economy Class,Unknown,3x3x3,0,2010-01-11,Australia,1.0,2.0,3.0,4.0,,,3.0,,,,,,0,Historical (Pre-2015),Positive,0.3612,Pre Covid
2692,458,Unknown,Economy Class,Unknown,3x3x3,0,2010-01-10,United Kingdom,4.0,3.0,4.0,3.0,,,3.0,,,,,,0,Historical (Pre-2015),Positive,0.7908,Pre Covid
2693,458,Unknown,Economy Class,Airbus A330,2x4x2,0,2009-12-04,United Kingdom,2.0,3.0,2.0,2.0,,,3.0,,,,,,0,Historical (Pre-2015),Negative,-0.1779,Pre Covid
2694,458,Unknown,Economy Class,Airbus A380,2x4x2,0,2009-12-04,Australia,3.0,3.0,3.0,3.0,,,4.0,,,,,,0,Historical (Pre-2015),Positive,0.3017,Pre Covid
2695,458,Unknown,Economy Class,Unknown,3x4x3,0,2009-12-04,United States,4.0,4.0,3.0,4.0,,,4.0,,,,,,1,Historical (Pre-2015),Positive,0.888,Pre Covid
2696,458,Unknown,Economy Class,Airbus A380,3x4x3,0,2009-11-10,Germany,3.0,4.0,3.0,1.0,,,3.0,,,,,,0,Historical (Pre-2015),Negative,-0.6766,Pre Covid
2697,458,Unknown,Economy Class,Airbus A330,2x4x2,0,2009-11-10,Australia,2.0,2.0,3.0,2.0,,,3.0,,,,,,0,Historical (Pre-2015),Negative,-0.0521,Pre Covid
2698,458,Unknown,Economy Class,Airbus A380,2x4x2,0,2009-10-12,Australia,3.0,2.0,3.0,4.0,,,4.0,,,,,,1,Historical (Pre-2015),Positive,0.7024,Pre Covid
2699,458,Unknown,Economy Class,Boeing 777,3x3x3,0,2009-10-06,Singapore,3.0,2.0,3.0,3.0,,,,,,,,,0,Historical (Pre-2015),Negative,-0.4391,Pre Covid
2700,458,Unknown,Economy Class,Airbus A380,2x4x2,0,2009-09-20,Hong Kong,5.0,5.0,5.0,5.0,,,5.0,,,,,,0,Historical (Pre-2015),Positive,0.6411,Pre Covid
2701,458,Unknown,Economy Class,Airbus A380,2x4x2,0,2009-03-03,New Zealand,3.0,4.0,5.0,4.0,,,5.0,,,,,,1,Historical (Pre-2015),Positive,0.8133,Pre Covid
2702,458,Unknown,Economy Class,Boeing 777,3x3x3,0,2009-01-19,New Zealand,5.0,3.0,5.0,5.0,,,5.0,,,,,,1,Historical (Pre-2015),Neutral,0.0,Pre Covid
2703,458,Unknown,Economy Class,Airbus A380,3x4x3,0,2009-01-13,Austria,5.0,4.0,5.0,5.0,,,5.0,,,,,,1,Historical (Pre-2015),Negative,-0.5574,Pre Covid
2704,475,Couple Leisure,Economy Class,Airbus A330,2x4x2,1,2018-12-27,South Africa,1.0,3.0,3.0,3.0,3.0,4.0,4.0,,,,,,0,Modern (2015-Present),Positive,0.6386,Pre Covid
2705,475,Couple Leisure,Economy Class,Airbus A340,2x4x2,0,2017-01-08,South Africa,1.0,5.0,1.0,4.0,3.0,,2.0,,,,,,0,Modern (2015-Present),Negative,-0.7612,Pre Covid
2706,475,Couple Leisure,Economy Class,Airbus A330,2x4x2,0,2016-07-18,Australia,3.0,3.0,1.0,3.0,1.0,2.0,1.0,,,,,,0,Modern (2015-Present),Positive,0.3081,Pre Covid
2707,475,Unknown,Economy Class,Airbus A340,2x4x2,0,2015-05-30,United States,1.0,2.0,2.0,1.0,,,1.0,,,,,,0,Modern (2015-Present),Negative,-0.8908,Pre Covid
2708,475,Unknown,Economy Class,Airbus A340,2x4x2,0,2014-11-19,United States,3.0,4.0,4.0,3.0,,,5.0,,,,,,1,Historical (Pre-2015),Positive,0.5353,Pre Covid
2709,475,Unknown,Economy Class,Airbus A340,2x4x2,0,2014-01-12,South Africa,5.0,3.0,5.0,4.0,,,4.0,,,,,,1,Historical (Pre-2015),Positive,0.9377,Pre Covid
2710,475,Unknown,Economy Class,Airbus A330,2x4x2,0,2014-01-12,South Africa,3.0,4.0,4.0,5.0,,,5.0,,,,,,1,Historical (Pre-2015),Positive,0.9682,Pre Covid
2711,475,Unknown,Economy Class,Airbus A340,2x4x2,0,2010-09-22,United Kingdom,4.0,3.0,2.0,5.0,,,,,,,,,1,Historical (Pre-2015),Positive,0.9411,Pre Covid
2712,475,Unknown,Economy Class,Airbus A340,2x4x2,0,2010-09-21,Netherlands,4.0,3.0,4.0,4.0,,,3.0,,,,,,1,Historical (Pre-2015),Positive,0.8807,Pre Covid
2713,479,Leisure,Business Class,Boeing 737,2x2,1,2019-08-18,Thailand,,,,,1.0,,,3.0,3.0,3.0,3.0,1.0,1,Modern (2015-Present),Negative,-0.1063,Pre Covid
2714,479,Solo Leisure,Economy Class,Boeing 737,unknown,1,2019-07-27,India,5.0,5.0,5.0,5.0,3.0,,,,,,,,1,Modern (2015-Present),Positive,0.9349,Pre Covid
2715,479,Business,Economy Class,Unknown,2x2,0,2016-12-15,Qatar,3.0,3.0,4.0,4.0,3.0,,,,,,,,1,Modern (2015-Present),Negative,-0.7815,Pre Covid
2716,479,Solo Leisure,Economy Class,Unknown,2x2,0,2016-12-04,India,4.0,3.0,4.0,3.0,3.0,,,,,,,,1,Modern (2015-Present),Positive,0.8126,Pre Covid
2717,479,Business,Economy Class,Boeing 737,3x3,0,2016-11-16,India,1.0,3.0,3.0,3.0,3.0,,,,,,,,1,Modern (2015-Present),Positive,0.8074,Pre Covid
2718,479,Solo Leisure,Economy Class,Boeing 737,3x3,0,2015-11-29,India,1.0,3.0,2.0,2.0,2.0,,,,,,,,0,Modern (2015-Present),Positive,0.8625,Pre Covid
2719,480,Family Leisure,Economy Class,Airbus A320,3x3,1,2023-01-14,United States,3.0,1.0,2.0,3.0,2.0,,,,,,,,0,Modern (2015-Present),Positive,0.586,After Covid
2720,480,Couple Leisure,Premium Economy,Airbus A320,3x3,1,2022-05-27,United States,1.0,1.0,1.0,1.0,2.0,,,,,,,,1,Modern (2015-Present),Positive,0.8496,After Covid
2721,480,Couple Leisure,Premium Economy,Airbus A320,2x2,1,2022-05-20,United States,3.0,1.0,4.0,2.0,1.0,,,,,,,,1,Modern (2015-Present),Positive,0.9017,After Covid
2722,480,Family Leisure,Economy Class,Airbus A320,3x3,1,2022-05-16,United States,1.0,1.0,2.0,2.0,1.0,,,,,,,,1,Modern (2015-Present),Positive,0.9567,After Covid
2723,480,Solo Leisure,Economy Class,Airbus A320,3x3,1,2021-11-16,United States,3.0,1.0,2.0,1.0,1.0,,,,,,,,0,Modern (2015-Present),Positive,0.6187,Covid
2724,480,Family Leisure,Economy Class,Airbus A320,3x3,1,2021-09-21,United States,1.0,1.0,1.0,2.0,1.0,,,,,,,,0,Modern (2015-Present),Negative,-0.895,Covid
2725,480,Solo Leisure,Economy Class,Airbus A320,3x3,1,2019-03-23,United States,1.0,1.0,1.0,1.0,1.0,1.0,1.0,,,,,,0,Modern (2015-Present),Negative,-0.8727,Pre Covid
2726,480,Solo Leisure,Economy Class,Airbus A320,3x3,0,2019-03-10,United States,1.0,1.0,1.0,1.0,1.0,,,,,,,,0,Modern (2015-Present),Positive,0.5673,Pre Covid
2727,480,Solo Leisure,Economy Class,Airbus A320,3x3,1,2018-03-06,United States,1.0,1.0,1.0,1.0,1.0,,,,,,,,0,Modern (2015-Present),Negative,-0.1258,Pre Covid
2728,480,Couple Leisure,Economy Class,Airbus A320,3x3,1,2018-01-20,United States,5.0,1.0,3.0,4.0,4.0,,,,,,,,1,Modern (2015-Present),Positive,0.8953,Pre Covid
2729,480,Family Leisure,Economy Class,Airbus A319,3x3,1,2017-12-14,United States,1.0,1.0,1.0,1.0,1.0,,1.0,,,,,,0,Modern (2015-Present),Negative,-0.5562,Pre Covid
2730,480,Solo Leisure,Economy Class,Airbus A319,3x3,1,2017-11-21,United States,4.0,1.0,4.0,4.0,4.0,,,,,,,,1,Modern (2015-Present),Negative,-0.4411,Pre Covid
2731,480,Solo Leisure,Economy Class,Airbus A320,3x3,0,2017-01-09,United States,4.0,4.0,4.0,3.0,3.0,,,,,,,,1,Modern (2015-Present),Positive,0.9246,Pre Covid
2732,480,Business,Economy Class,Unknown,3x3,0,2016-04-03,United States,1.0,1.0,1.0,2.0,1.0,,,,,,,,0,Modern (2015-Present),Negative,-0.8553,Pre Covid
2733,480,Couple Leisure,Economy Class,Airbus A320,3x3,0,2015-10-21,United States,1.0,1.0,1.0,1.0,1.0,,,,,,,,0,Modern (2015-Present),Negative,-0.3382,Pre Covid
2734,480,Couple Leisure,Economy Class,Airbus A320,3x3,0,2015-09-02,United States,2.0,1.0,2.0,3.0,2.0,,,,,,,,0,Modern (2015-Present),Neutral,0.0227,Pre Covid
2735,480,Solo Leisure,Economy Class,Airbus A319,3x3,0,2015-07-01,United States,2.0,3.0,3.0,3.0,5.0,,,,,,,,1,Modern (2015-Present),Positive,0.1814,Pre Covid
2736,480,Solo Leisure,Economy Class,Airbus A319,3x3,0,2015-06-28,United States,3.0,2.0,2.0,5.0,3.0,,,,,,,,1,Modern (2015-Present),Positive,0.967,Pre Covid
2737,480,Unknown,Economy Class,Airbus A319,3x3,0,2013-01-03,United States,1.0,2.0,2.0,1.0,,,2.0,,,,,,0,Historical (Pre-2015),Positive,0.6038,Pre Covid
2738,483,Business,Economy Class,Boeing 737,3x3,1,2018-07-27,Indonesia,4.0,4.0,4.0,3.0,4.0,,,,,,,,1,Modern (2015-Present),Positive,0.2401,Pre Covid
2739,483,Family Leisure,Economy Class,Boeing 737,3x3,0,2017-01-06,Indonesia,1.0,2.0,4.0,2.0,4.0,,,,,,,,0,Modern (2015-Present),Negative,-0.8108,Pre Covid
2740,460,Solo Leisure,Economy Class,Airbus A320,unknown,1,2025-12-17,United Kingdom,,,,,1.0,,,,,,,,0,Modern (2015-Present),Negative,-0.8518,After Covid
2741,488,Solo Leisure,Economy Class,Boeing 737,3x3,0,2019-07-26,Israel,5.0,4.0,5.0,5.0,4.0,5.0,,,,,,,1,Modern (2015-Present),Positive,0.5859,Pre Covid
2742,488,Solo Leisure,Economy Class,Boeing 737,3x3,1,2018-01-08,United States,4.0,4.0,4.0,4.0,5.0,,,,,,,,1,Modern (2015-Present),Positive,0.9365,Pre Covid
2743,430,Solo Leisure,Economy Class,Boeing 737,3x3,1,2023-05-02,United Kingdom,5.0,1.0,3.0,5.0,4.0,,,,,,,,1,Modern (2015-Present),Positive,0.187,After Covid
2744,430,Solo Leisure,Economy Class,Boeing 737,3x3,1,2023-05-02,United Kingdom,5.0,1.0,4.0,5.0,5.0,,,,,,,,1,Modern (2015-Present),Positive,0.7003,After Covid
2745,430,Couple Leisure,Economy Class,Boeing 737,3x3,0,2023-03-03,United Kingdom,1.0,1.0,1.0,1.0,1.0,,,,,,,,0,Modern (2015-Present),Positive,0.573,After Covid
2746,430,Family Leisure,Economy Class,Boeing 737,3x3,0,2022-07-04,Ireland,4.0,1.0,4.0,3.0,2.0,,,,,,,,1,Modern (2015-Present),Positive,0.8617,After Covid
2747,430,Couple Leisure,Economy Class,Boeing 737,3x3,1,2022-03-13,Ireland,1.0,1.0,1.0,1.0,1.0,1.0,1.0,,,,,,0,Modern (2015-Present),Negative,-0.7713,After Covid
2748,430,Family Leisure,Economy Class,Boeing 737,3x3,1,2021-08-19,Ireland,3.0,5.0,3.0,5.0,4.0,,,,,,,,1,Modern (2015-Present),Positive,0.8546,Covid
2749,430,Solo Leisure,Economy Class,Boeing 737,3x3,1,2019-11-25,Canada,3.0,1.0,2.0,2.0,1.0,,,,,,,,1,Modern (2015-Present),Negative,-0.6966,Pre Covid
2750,430,Business,Economy Class,Boeing 737,3x3,1,2019-11-14,Spain,1.0,1.0,1.0,1.0,1.0,,,,,,,,0,Modern (2015-Present),Negative,-0.9231,Pre Covid
2751,430,Couple Leisure,Economy Class,Boeing 737,3x3,0,2019-11-06,United Kingdom,2.0,1.0,1.0,3.0,1.0,,,,,,,,0,Modern (2015-Present),Positive,0.09,Pre Covid
2752,430,Solo Leisure,Economy Class,Boeing 737,3x3,1,2019-05-20,United States,4.0,2.0,3.0,5.0,2.0,,,,,,,,1,Modern (2015-Present),Neutral,-0.025,Pre Covid
2753,430,Solo Leisure,Economy Class,Boeing 737,3x3,1,2019-05-17,Greece,1.0,1.0,1.0,1.0,1.0,,,,,,,,0,Modern (2015-Present),Positive,0.5323,Pre Covid
2754,430,Solo Leisure,Economy Class,Boeing 737,3x3,1,2019-05-11,Canada,1.0,1.0,1.0,1.0,1.0,,,,,,,,0,Modern (2015-Present),Positive,0.5984,Pre Covid
2755,430,Solo Leisure,Economy Class,Boeing 737,3x3,0,2018-08-12,Germany,3.0,1.0,3.0,4.0,1.0,,,,,,,,0,Modern (2015-Present),Negative,-0.9149,Pre Covid
2756,430,Couple Leisure,Economy Class,Boeing 737,3x3,1,2017-12-24,Israel,3.0,1.0,1.0,1.0,1.0,,,,,,,,0,Modern (2015-Present),Negative,-0.9316,Pre Covid
2757,430,Couple Leisure,Economy Class,Boeing 737,3x3,1,2017-11-29,United Kingdom,2.0,1.0,2.0,2.0,1.0,,,,,,,,0,Modern (2015-Present),Positive,0.8004,Pre Covid
2758,430,Couple Leisure,Economy Class,Boeing 737,3x3,0,2017-11-17,Spain,1.0,1.0,1.0,2.0,1.0,,,,,,,,0,Modern (2015-Present),Negative,-0.808,Pre Covid
2759,430,Family Leisure,Economy Class,Boeing 737,3x3,0,2017-08-07,United Kingdom,1.0,1.0,1.0,2.0,1.0,,,,,,,,0,Modern (2015-Present),Negative,-0.8315,Pre Covid
2760,430,Couple Leisure,Economy Class,Boeing 737,3x3,0,2017-07-23,United Kingdom,1.0,1.0,1.0,1.0,1.0,,,,,,,,0,Modern (2015-Present),Negative,-0.8128,Pre Covid
2761,430,Couple Leisure,Economy Class,Boeing 737,3x3,0,2017-04-25,United Kingdom,1.0,1.0,1.0,4.0,1.0,,,,,,,,0,Modern (2015-Present),Negative,-0.8631,Pre Covid
2762,430,Couple Leisure,Economy Class,Boeing 737,3x3,0,2015-12-31,Poland,1.0,1.0,2.0,1.0,1.0,,,,,,,,0,Modern (2015-Present),Negative,-0.6124,Pre Covid
2763,430,Couple Leisure,Economy Class,Boeing 737,3x3,0,2015-11-21,United Kingdom,4.0,1.0,3.0,4.0,1.0,,,,,,,,1,Modern (2015-Present),Positive,0.6597,Pre Covid
2764,430,Couple Leisure,Economy Class,Boeing 737,3x3,0,2015-11-03,Greece,4.0,5.0,2.0,3.0,5.0,,,,,,,,1,Modern (2015-Present),Positive,0.1494,Pre Covid
2765,430,Solo Leisure,Economy Class,Boeing 737,3x3,0,2015-10-23,United Kingdom,1.0,5.0,2.0,2.0,2.0,,,,,,,,0,Modern (2015-Present),Negative,-0.7776,Pre Covid
2766,430,Solo Leisure,Economy Class,Boeing 737,3x3,0,2015-10-21,Philippines,1.0,1.0,1.0,1.0,1.0,,,,,,,,0,Modern (2015-Present),Negative,-0.4019,Pre Covid
2767,430,Solo Leisure,Economy Class,Boeing 737,3x3,0,2015-08-11,Greece,2.0,1.0,3.0,3.0,2.0,,,,,,,,1,Modern (2015-Present),Negative,-0.296,Pre Covid
2768,430,Solo Leisure,Economy Class,Boeing 737,3x3,0,2015-08-02,United Kingdom,1.0,1.0,1.0,1.0,1.0,,,,,,,,0,Modern (2015-Present),Negative,-0.0752,Pre Covid
2769,430,Solo Leisure,Economy Class,Boeing 737,3x3,0,2015-08-02,United States,5.0,1.0,4.0,5.0,5.0,,,,,,,,1,Modern (2015-Present),Positive,0.5719,Pre Covid
2770,430,Family Leisure,Economy Class,Boeing 737,3x3,0,2015-07-11,Canada,4.0,1.0,3.0,5.0,3.0,,,,,,,,1,Modern (2015-Present),Positive,0.4019,Pre Covid
2771,430,Unknown,Economy Class,Boeing 737,3x3,0,2014-01-24,United Kingdom,5.0,1.0,5.0,1.0,,,1.0,,,,,,0,Historical (Pre-2015),Negative,-0.3523,Pre Covid
2772,430,Unknown,Economy Class,Boeing 737,3x3,0,2014-01-12,United Kingdom,3.0,1.0,2.0,2.0,,,,,,,,,0,Historical (Pre-2015),Negative,-0.7717,Pre Covid
2773,468,Solo Leisure,Economy Class,Airbus A320,3x3,0,2016-10-03,United Kingdom,5.0,3.0,4.0,5.0,5.0,,,,,,,,1,Modern (2015-Present),Positive,0.8805,Pre Covid
2774,477,Family Leisure,Economy Class,Boeing 737,3x3,0,2021-11-19,United States,1.0,1.0,1.0,3.0,3.0,1.0,1.0,,,,,,0,Modern (2015-Present),Negative,-0.2124,Covid
2775,477,Solo Leisure,Economy Class,Boeing 737,3x3,0,2019-01-08,Canada,4.0,2.0,3.0,4.0,3.0,,,,,,,,1,Modern (2015-Present),Positive,0.7807,Pre Covid
2776,477,Couple Leisure,Economy Class,Boeing 737,3x3,0,2018-12-22,United States,1.0,1.0,1.0,1.0,1.0,,,,,,,,0,Modern (2015-Present),Negative,-0.3478,Pre Covid
2777,477,Couple Leisure,Economy Class,Boeing 737,3x3,0,2018-10-01,United States,5.0,4.0,5.0,5.0,5.0,,5.0,,,,,,1,Modern (2015-Present),Positive,0.3195,Pre Covid
2778,477,Couple Leisure,Economy Class,Boeing 737,3x3,0,2017-10-03,United States,1.0,1.0,1.0,1.0,2.0,,,,,,,,0,Modern (2015-Present),Positive,0.3612,Pre Covid
2779,477,Solo Leisure,Economy Class,Boeing 737,3x3,0,2016-08-26,United States,4.0,4.0,4.0,4.0,5.0,5.0,,,,,,,1,Modern (2015-Present),Positive,0.9624,Pre Covid
2780,477,Solo Leisure,Economy Class,Boeing 737,3x3,0,2016-08-11,United States,5.0,3.0,4.0,3.0,3.0,,,,,,,,1,Modern (2015-Present),Positive,0.9799,Pre Covid
2781,477,Family Leisure,Economy Class,Boeing 737,3x3,0,2016-06-27,United States,1.0,1.0,1.0,1.0,1.0,,,,,,,,0,Modern (2015-Present),Positive,0.854,Pre Covid
2782,477,Family Leisure,Economy Class,Boeing 737,3x3,0,2016-04-19,United States,3.0,1.0,2.0,3.0,2.0,,,,,,,,1,Modern (2015-Present),Positive,0.8442,Pre Covid
2783,477,Solo Leisure,Economy Class,Boeing 737,3x3,0,2016-03-19,United States,1.0,1.0,1.0,2.0,1.0,,,,,,,,0,Modern (2015-Present),Positive,0.5579,Pre Covid
2784,477,Couple Leisure,Economy Class,Boeing 737,3x3,0,2016-02-08,United States,1.0,1.0,1.0,1.0,1.0,,,,,,,,0,Modern (2015-Present),Negative,-0.9408,Pre Covid
2785,477,Solo Leisure,Economy Class,Boeing 737,3x3,0,2016-01-24,United States,4.0,4.0,2.0,3.0,3.0,,,,,,,,1,Modern (2015-Present),Neutral,-0.0258,Pre Covid
2786,477,Family Leisure,Economy Class,Boeing 737,3x3,0,2015-12-05,United States,2.0,2.0,1.0,1.0,1.0,,,,,,,,0,Modern (2015-Present),Negative,-0.9131,Pre Covid
2787,496,Leisure,First Class,Airbus A340,1x2x1,1,2025-04-25,Switzerland,,,,,5.0,5.0,,5.0,5.0,5.0,5.0,4.0,1,Modern (2015-Present),Positive,0.9892,After Covid
2788,496,Couple Leisure,Economy Class,Boeing 777,3x4x3,0,2024-10-03,United States,2.0,2.0,1.0,1.0,1.0,,3.0,,,,,,0,Modern (2015-Present),Positive,0.6267,After Covid
2789,496,Leisure,Business Class,Boeing 777,2x1x2,0,2024-02-27,United States,,,,,1.0,3.0,,3.0,3.0,3.0,3.0,2.0,0,Modern (2015-Present),Negative,-0.9229,After Covid
2790,496,Solo Leisure,Economy Class,Boeing 777,3x4x3,1,2023-11-28,United States,1.0,2.0,1.0,1.0,1.0,,1.0,,,,,,0,Modern (2015-Present),Positive,0.7603,After Covid
2791,496,Solo Leisure,Economy Class,Boeing 777,3x4x3,1,2023-06-02,United States,1.0,1.0,1.0,1.0,1.0,2.0,5.0,,,,,,0,Modern (2015-Present),Positive,0.8126,After Covid
2792,496,Couple Leisure,Economy Class,Boeing 777,3x4x3,1,2022-11-22,United States,1.0,1.0,2.0,2.0,2.0,1.0,5.0,,,,,,0,Modern (2015-Present),Positive,0.6078,After Covid
2793,496,Couple Leisure,Economy Class,Airbus A330,2x4x2,1,2022-08-04,United States,1.0,1.0,1.0,1.0,1.0,1.0,1.0,,,,,,0,Modern (2015-Present),Negative,-0.9345,After Covid
2794,496,Business,Economy Class,Boeing 777,3x4x3,1,2019-12-23,Thailand,1.0,2.0,1.0,2.0,1.0,,2.0,,,,,,0,Modern (2015-Present),Negative,-0.966,Pre Covid
2795,496,Business,Economy Class,Airbus A340,2x4x2,1,2019-12-04,United Kingdom,1.0,1.0,4.0,2.0,4.0,,1.0,,,,,,0,Modern (2015-Present),Positive,0.9022,Pre Covid
2796,496,Solo Leisure,Economy Class,Boeing 777,3x4x3,1,2019-05-20,Hong Kong,5.0,3.0,1.0,2.0,2.0,5.0,5.0,,,,,,0,Modern (2015-Present),Neutral,0.0258,Pre Covid
2797,496,Leisure,Business Class,Airbus A340,2x2x2,1,2019-04-12,Belgium,,,,,4.0,4.0,,4.0,4.0,3.0,4.0,2.0,1,Modern (2015-Present),Positive,0.8553,Pre Covid
2798,496,Leisure,Business Class,Boeing 777,1x2x2,1,2019-04-03,Brazil,,,,,5.0,5.0,,5.0,5.0,4.0,5.0,5.0,1,Modern (2015-Present),Negative,-0.4927,Pre Covid
2799,496,Solo Leisure,Economy Class,Boeing 777,3x4x3,1,2019-01-08,France,2.0,1.0,1.0,1.0,1.0,3.0,1.0,,,,,,0,Modern (2015-Present),Negative,-0.9548,Pre Covid
2800,496,Business,Economy Class,Airbus A340,2x4x2,1,2018-04-18,China,1.0,2.0,2.0,2.0,1.0,,1.0,,,,,,0,Modern (2015-Present),Negative,-0.9624,Pre Covid
2801,496,Family Leisure,Economy Class,Airbus A340,2x4x2,0,2017-09-13,United States,1.0,1.0,1.0,3.0,,,1.0,,,,,,0,Modern (2015-Present),Positive,0.3898,Pre Covid
2802,496,Couple Leisure,Economy Class,Boeing 777,3x4x3,0,2017-05-16,Netherlands,4.0,3.0,1.0,3.0,3.0,5.0,5.0,,,,,,1,Modern (2015-Present),Positive,0.7579,Pre Covid
2803,496,Couple Leisure,Economy Class,Airbus A320,3x3,0,2017-05-16,Netherlands,4.0,3.0,4.0,4.0,3.0,,4.0,,,,,,1,Modern (2015-Present),Positive,0.0507,Pre Covid
2804,496,Couple Leisure,Economy Class,Boeing 777,3x4x3,0,2017-05-07,Singapore,2.0,3.0,3.0,2.0,4.0,5.0,5.0,,,,,,1,Modern (2015-Present),Positive,0.4417,Pre Covid
2805,496,Solo Leisure,Economy Class,Unknown,2x3,0,2017-03-13,Switzerland,4.0,3.0,5.0,5.0,4.0,,,,,,,,1,Modern (2015-Present),Positive,0.9645,Pre Covid
2806,496,Couple Leisure,Economy Class,Airbus A340,2x4x2,0,2016-10-22,Austria,1.0,1.0,2.0,1.0,1.0,,1.0,,,,,,0,Modern (2015-Present),Negative,-0.9352,Pre Covid
2807,496,Family Leisure,Economy Class,Airbus A330,2x4x2,0,2016-09-06,Germany,4.0,5.0,4.0,4.0,5.0,,3.0,,,,,,1,Modern (2015-Present),Positive,0.8535,Pre Covid
2808,496,Solo Leisure,Economy Class,Boeing 777,3x4x3,0,2016-08-17,Germany,1.0,2.0,1.0,2.0,3.0,4.0,2.0,,,,,,0,Modern (2015-Present),Negative,-0.476,Pre Covid
2809,496,Couple Leisure,Economy Class,Airbus A319,3x3,0,2016-04-03,Denmark,1.0,1.0,1.0,1.0,1.0,,,,,,,,0,Modern (2015-Present),Negative,-0.9672,Pre Covid
2810,496,Family Leisure,Economy Class,Airbus A330,2x4x2,0,2015-11-03,Germany,3.0,2.0,2.0,2.0,3.0,2.0,3.0,,,,,,1,Modern (2015-Present),Positive,0.9603,Pre Covid
2811,496,Business,Economy Class,Unknown,2x3,0,2015-10-21,United Kingdom,3.0,3.0,3.0,3.0,3.0,,,,,,,,1,Modern (2015-Present),Positive,0.5106,Pre Covid
2812,496,Couple Leisure,Economy Class,Airbus A340,2x4x2,0,2015-09-14,United Kingdom,3.0,3.0,3.0,3.0,3.0,,1.0,,,,,,1,Modern (2015-Present),Positive,0.8174,Pre Covid
2813,496,Business,Economy Class,Airbus A330,2x4x2,0,2015-09-10,United States,5.0,5.0,5.0,5.0,5.0,,5.0,,,,,,1,Modern (2015-Present),Positive,0.8312,Pre Covid
2814,496,Solo Leisure,Economy Class,Airbus A320,3x3,0,2015-08-28,Switzerland,5.0,4.0,4.0,4.0,1.0,,,,,,,,1,Modern (2015-Present),Positive,0.6249,Pre Covid
2815,496,Unknown,Economy Class,Unknown,2x3,0,2015-05-30,Switzerland,3.0,3.0,4.0,2.0,,,1.0,,,,,,0,Modern (2015-Present),Negative,-0.6249,Pre Covid
2816,496,Unknown,Economy Class,Airbus A319,3x3,0,2015-05-30,United Kingdom,1.0,1.0,2.0,1.0,,,1.0,,,,,,0,Modern (2015-Present),Positive,0.8547,Pre Covid
2817,496,Unknown,Economy Class,Airbus A340,2x4x2,0,2014-11-19,Switzerland,1.0,1.0,1.0,1.0,,,3.0,,,,,,0,Historical (Pre-2015),Negative,-0.9538,Pre Covid
2818,496,Unknown,Economy Class,Airbus A320,3x3,0,2014-11-19,Switzerland,4.0,4.0,4.0,4.0,,,5.0,,,,,,1,Historical (Pre-2015),Positive,0.9153,Pre Covid
2819,496,Unknown,Economy Class,Airbus A330,2x4x2,0,2014-11-19,Switzerland,4.0,4.0,4.0,4.0,,,4.0,,,,,,1,Historical (Pre-2015),Positive,0.8826,Pre Covid
2820,496,Unknown,Economy Class,Airbus A340,2x4x2,0,2014-11-19,Australia,1.0,2.0,1.0,2.0,,,1.0,,,,,,0,Historical (Pre-2015),Negative,-0.5095,Pre Covid
2821,496,Unknown,Economy Class,Airbus A330,2x4x2,0,2014-07-23,Spain,1.0,1.0,1.0,1.0,,,2.0,,,,,,0,Historical (Pre-2015),Negative,-0.6613,Pre Covid
2822,496,Unknown,Economy Class,Airbus A340,2x4x2,0,2014-07-23,Spain,1.0,1.0,1.0,2.0,,,3.0,,,,,,0,Historical (Pre-2015),Negative,-0.6185,Pre Covid
2823,496,Unknown,Economy Class,Airbus A340,2x4x2,0,2014-07-23,Switzerland,1.0,1.0,1.0,1.0,,,1.0,,,,,,0,Historical (Pre-2015),Negative,-0.9439,Pre Covid
2824,496,Unknown,Economy Class,Airbus A340,2x4x2,0,2014-07-23,United Kingdom,1.0,1.0,1.0,2.0,,,3.0,,,,,,0,Historical (Pre-2015),Negative,-0.961,Pre Covid
2825,496,Unknown,Economy Class,Airbus A340,2x4x2,0,2014-07-23,Switzerland,1.0,1.0,2.0,2.0,,,2.0,,,,,,0,Historical (Pre-2015),Negative,-0.8633,Pre Covid
2826,496,Unknown,Economy Class,Airbus A321,3x3,0,2014-07-23,United States,1.0,1.0,5.0,1.0,,,4.0,,,,,,0,Historical (Pre-2015),Positive,0.1952,Pre Covid
2827,496,Unknown,Economy Class,Airbus A340,2x4x2,0,2014-07-19,Greece,1.0,1.0,1.0,1.0,,,1.0,,,,,,0,Historical (Pre-2015),Neutral,0.0,Pre Covid
2828,496,Unknown,Economy Class,Airbus A330,2x4x2,0,2014-03-03,Austria,1.0,1.0,1.0,2.0,,,2.0,,,,,,0,Historical (Pre-2015),Negative,-0.1531,Pre Covid
2829,496,Unknown,Economy Class,Airbus A340,2x4x2,0,2014-01-12,United Kingdom,4.0,4.0,4.0,4.0,,,4.0,,,,,,1,Historical (Pre-2015),Positive,0.9109,Pre Covid
2830,496,Unknown,Economy Class,Airbus A340,2x4x2,0,2013-04-20,United States,2.0,3.0,2.0,1.0,,,2.0,,,,,,0,Historical (Pre-2015),Negative,-0.4391,Pre Covid
2831,496,Unknown,Economy Class,Airbus A340,2x2x2,0,2013-04-20,New Zealand,1.0,1.0,1.0,1.0,,,1.0,,,,,,0,Historical (Pre-2015),Negative,-0.8316,Pre Covid
2832,496,Unknown,Economy Class,Airbus A340,2x4x2,0,2013-04-20,Oman,3.0,3.0,4.0,3.0,,,4.0,,,,,,1,Historical (Pre-2015),Positive,0.5742,Pre Covid
2833,496,Unknown,Economy Class,Airbus A340,2x2x2,0,2013-02-24,Australia,1.0,2.0,2.0,1.0,,,1.0,,,,,,0,Historical (Pre-2015),Negative,-0.7936,Pre Covid
2834,496,Unknown,Economy Class,Airbus A340,2x3x2,0,2013-01-10,Luxembourg,1.0,2.0,3.0,1.0,,,3.0,,,,,,0,Historical (Pre-2015),Negative,-0.34,Pre Covid
2835,496,Unknown,Economy Class,Airbus A340,2x4x2,0,2011-10-22,Switzerland,2.0,2.0,1.0,2.0,,,3.0,,,,,,0,Historical (Pre-2015),Positive,0.5719,Pre Covid
2836,496,Unknown,Economy Class,Airbus A330,2x4x2,0,2011-08-10,United States,4.0,4.0,3.0,4.0,,,4.0,,,,,,1,Historical (Pre-2015),Positive,0.7227,Pre Covid
2837,496,Unknown,Economy Class,Airbus A340,2x4x2,0,2011-07-10,South Africa,3.0,3.0,4.0,3.0,,,1.0,,,,,,0,Historical (Pre-2015),Negative,-0.3612,Pre Covid
2838,496,Unknown,Economy Class,Airbus A340,2x4x2,0,2010-08-13,Switzerland,1.0,3.0,2.0,1.0,,,3.0,,,,,,0,Historical (Pre-2015),Positive,0.2344,Pre Covid
2839,496,Unknown,Economy Class,Airbus A330,2x4x2,0,2010-07-02,Switzerland,2.0,3.0,2.0,4.0,,,4.0,,,,,,0,Historical (Pre-2015),Negative,-0.34,Pre Covid
2840,496,Unknown,Economy Class,Airbus A340,2x4x2,0,2010-01-19,Ireland,1.0,1.0,3.0,3.0,,,1.0,,,,,,0,Historical (Pre-2015),Positive,0.5574,Pre Covid
2841,496,Unknown,Economy Class,Airbus A340,2x4x2,0,2009-10-15,United States,1.0,2.0,2.0,3.0,,,3.0,,,,,,0,Historical (Pre-2015),Negative,-0.2714,Pre Covid
2842,496,Unknown,Economy Class,Airbus A330,2x4x2,0,2009-01-09,Germany,1.0,1.0,1.0,3.0,,,4.0,,,,,,0,Historical (Pre-2015),Negative,-0.5423,Pre Covid
2847,507,Business,Business Class,Airbus A321,3x3,1,2024-07-20,Switzerland,,,,,1.0,,,1.0,1.0,1.0,1.0,1.0,0,Modern (2015-Present),Negative,-0.9128,After Covid
2848,507,Solo Leisure,Economy Class,Airbus A321,3x3,1,2023-11-06,United States,5.0,4.0,1.0,1.0,1.0,,5.0,,,,,,0,Modern (2015-Present),Positive,0.447,After Covid
2849,507,Business,Business Class,Airbus A330,1x2x1,1,2019-12-08,Switzerland,,,,,2.0,2.0,,1.0,1.0,2.0,2.0,1.0,0,Modern (2015-Present),Negative,-0.8519,Pre Covid
2850,507,Solo Leisure,Economy Class,Airbus A320,3x3,1,2019-04-25,United Kingdom,5.0,5.0,5.0,5.0,4.0,5.0,,,,,,,1,Modern (2015-Present),Positive,0.8505,Pre Covid
2851,507,Couple Leisure,Economy Class,Airbus A330,2x4x2,0,2019-01-11,United Kingdom,2.0,1.0,2.0,3.0,3.0,,1.0,,,,,,0,Modern (2015-Present),Negative,-0.9212,Pre Covid
2852,507,Family Leisure,Economy Class,Airbus A320,3x3,1,2018-06-05,Portugal,1.0,3.0,1.0,1.0,1.0,,,,,,,,0,Modern (2015-Present),Negative,-0.7841,Pre Covid
2853,507,Solo Leisure,Economy Class,Airbus A340,2x4x2,1,2018-01-09,United Kingdom,1.0,1.0,1.0,2.0,2.0,,,,,,,,0,Modern (2015-Present),Negative,-0.8312,Pre Covid
2854,507,Couple Leisure,Premium Economy,Airbus A319,3x3,1,2017-12-13,Portugal,1.0,1.0,1.0,3.0,1.0,,,,,,,,0,Modern (2015-Present),Positive,0.0978,Pre Covid
2855,507,Business,Premium Economy,Airbus A319,3x3,0,2017-03-12,Switzerland,1.0,1.0,1.0,1.0,1.0,1.0,1.0,,,,,,0,Modern (2015-Present),Negative,-0.9361,Pre Covid
2856,507,Solo Leisure,Economy Class,Airbus A320,3x3,0,2016-03-02,Australia,3.0,3.0,3.0,3.0,3.0,,1.0,,,,,,1,Modern (2015-Present),Positive,0.7096,Pre Covid
2857,507,Couple Leisure,Economy Class,Airbus A319,3x3,0,2015-09-20,United Kingdom,4.0,3.0,3.0,3.0,3.0,,,,,,,,1,Modern (2015-Present),Positive,0.9772,Pre Covid
2858,507,Family Leisure,Economy Class,Airbus A320,3x3,0,2015-08-20,Portugal,1.0,1.0,1.0,2.0,3.0,,3.0,,,,,,1,Modern (2015-Present),Negative,-0.8975,Pre Covid
2859,507,Unknown,Economy Class,Airbus A330,2x4x2,0,2015-05-30,United Kingdom,4.0,4.0,4.0,4.0,,,4.0,,,,,,1,Modern (2015-Present),Positive,0.9655,Pre Covid
2860,507,Unknown,Economy Class,Airbus A330,2x4x2,0,2014-03-10,Brazil,1.0,1.0,1.0,2.0,,,1.0,,,,,,0,Historical (Pre-2015),Negative,-0.5106,Pre Covid
2861,507,Unknown,Economy Class,Airbus A340,2x4x2,0,2011-04-05,Brazil,4.0,3.0,4.0,3.0,,,2.0,,,,,,1,Historical (Pre-2015),Positive,0.8074,Pre Covid
2862,448,Solo Leisure,Economy Class,Boeing 787,3x4x3,1,2026-03-02,Australia,1.0,2.0,1.0,1.0,1.0,,,,,,,,0,Modern (2015-Present),Negative,-0.7193,After Covid
2863,448,Solo Leisure,Economy Class,Airbus A320,2x2,0,2022-03-23,Australia,4.0,4.0,3.0,4.0,3.0,,,,,,,,1,Modern (2015-Present),Positive,0.9334,After Covid
2864,448,Couple Leisure,Premium Economy,Boeing 787,2x4x2,1,2019-09-08,Malaysia,1.0,1.0,1.0,1.0,1.0,,,,,,,,0,Modern (2015-Present),Positive,0.5764,Pre Covid
2865,448,Couple Leisure,Economy Class,Airbus A320,3x3,1,2018-11-16,Thailand,3.0,1.0,1.0,1.0,1.0,,,,,,,,0,Modern (2015-Present),Negative,-0.5346,Pre Covid
2866,448,Business,Premium Economy,Boeing 787,2x3x2,1,2018-01-14,Australia,2.0,2.0,2.0,3.0,1.0,,,,,,,,0,Modern (2015-Present),Negative,-0.741,Pre Covid
2867,448,Couple Leisure,Economy Class,Boeing 787,3x3x3,0,2017-02-15,Singapore,3.0,2.0,2.0,2.0,2.0,,,,,,,,1,Modern (2015-Present),Positive,0.7759,Pre Covid
2868,448,Solo Leisure,Economy Class,Boeing 787,3x3x3,0,2016-11-18,Thailand,4.0,4.0,4.0,4.0,4.0,,,,,,,,1,Modern (2015-Present),Positive,0.9161,Pre Covid
2869,448,Couple Leisure,Premium Economy,Boeing 787,2x3x2,0,2016-09-24,Australia,5.0,4.0,4.0,4.0,3.0,5.0,,,,,,,1,Modern (2015-Present),Positive,0.9652,Pre Covid
2870,448,Family Leisure,Premium Economy,Boeing 787,2x3x2,0,2016-07-25,Singapore,5.0,4.0,4.0,4.0,5.0,5.0,,,,,,,1,Modern (2015-Present),Positive,0.7338,Pre Covid
2871,448,Solo Leisure,Economy Class,Boeing 787,3x3x3,0,2016-04-19,Australia,4.0,3.0,4.0,4.0,4.0,,,,,,,,1,Modern (2015-Present),Positive,0.9557,Pre Covid
2872,448,Business,Premium Economy,Boeing 787,2x2x2,0,2015-12-07,United Kingdom,4.0,4.0,3.0,4.0,2.0,,,,,,,,1,Modern (2015-Present),Positive,0.6122,Pre Covid
2873,448,Family Leisure,Economy Class,Boeing 787,3x3x3,0,2015-09-18,Australia,5.0,5.0,4.0,4.0,3.0,5.0,,,,,,,1,Modern (2015-Present),Positive,0.6588,Pre Covid
2874,439,Solo Leisure,Economy Class,Airbus A350,3x3x3,1,2024-01-21,United States,2.0,4.0,2.0,1.0,3.0,5.0,4.0,,,,,,0,Modern (2015-Present),Negative,-0.8723,After Covid
2875,518,Family Leisure,Economy Class,Airbus A330,2x4x2,1,2018-12-31,Thailand,1.0,1.0,2.0,2.0,1.0,1.0,1.0,,,,,,0,Modern (2015-Present),Negative,-0.3612,Pre Covid
2876,499,Solo Leisure,Economy Class,Airbus A330,2x4x2,1,2026-03-05,Australia,1.0,1.0,1.0,1.0,3.0,1.0,,,,,,,0,Modern (2015-Present),Negative,-0.923,After Covid
2877,508,Solo Leisure,Economy Class,Unknown,1x2,0,2021-04-12,Mexico,5.0,5.0,5.0,4.0,4.0,1.0,1.0,,,,,,1,Modern (2015-Present),Positive,0.9753,Covid
2878,505,Couple Leisure,Economy Class,Boeing 777,3x4x3,0,2016-04-03,Germany,3.0,3.0,3.0,3.0,3.0,2.0,2.0,,,,,,1,Modern (2015-Present),Positive,0.836,Pre Covid
2879,505,Business,Economy Class,Airbus A320,3x3,0,2015-11-21,United States,3.0,3.0,3.0,3.0,3.0,,3.0,,,,,,1,Modern (2015-Present),Positive,0.7819,Pre Covid
2880,505,Unknown,Economy Class,Boeing 777,3x4x3,0,2014-03-10,Austria,1.0,3.0,2.0,3.0,,,4.0,,,,,,0,Historical (Pre-2015),Negative,-0.5859,Pre Covid
2881,521,Solo Leisure,Economy Class,Airbus A320,3x3,0,2023-06-30,United Kingdom,1.0,2.0,1.0,2.0,2.0,1.0,1.0,,,,,,0,Modern (2015-Present),Negative,-0.6096,After Covid
2882,521,Couple Leisure,Economy Class,Airbus A320,3x3,1,2020-02-26,Australia,5.0,5.0,5.0,5.0,5.0,5.0,,,,,,,1,Modern (2015-Present),Positive,0.9627,Covid
2883,521,Solo Leisure,Economy Class,Airbus A320,3x3,1,2018-03-05,Malaysia,4.0,4.0,4.0,4.0,4.0,,,,,,,,1,Modern (2015-Present),Positive,0.9096,Pre Covid
2884,521,Couple Leisure,Economy Class,Airbus A320,3x3,0,2017-05-30,United Kingdom,1.0,1.0,3.0,3.0,1.0,,1.0,,,,,,0,Modern (2015-Present),Negative,-0.9035,Pre Covid
2885,519,Family Leisure,Economy Class,Boeing 777,3x3x3,0,2024-04-28,Denmark,5.0,5.0,5.0,5.0,5.0,5.0,5.0,,,,,,1,Modern (2015-Present),Positive,0.9432,After Covid
2886,519,Solo Leisure,Economy Class,Boeing 777,3x3x3,1,2022-06-06,United Kingdom,3.0,1.0,3.0,2.0,4.0,3.0,2.0,,,,,,0,Modern (2015-Present),Negative,-0.0943,After Covid
2887,519,Couple Leisure,Economy Class,Boeing 777,3x3x3,1,2020-02-24,Malaysia,4.0,3.0,4.0,4.0,4.0,4.0,4.0,,,,,,1,Modern (2015-Present),Positive,0.4563,Covid
2888,519,Family Leisure,Economy Class,Boeing 747,3x4x3,1,2019-04-27,Australia,4.0,1.0,4.0,4.0,2.0,,1.0,,,,,,1,Modern (2015-Present),Positive,0.6284,Pre Covid
2889,519,Solo Leisure,Economy Class,Boeing 777,3x3x3,1,2018-03-06,Australia,5.0,4.0,5.0,5.0,4.0,,3.0,,,,,,1,Modern (2015-Present),Positive,0.9278,Pre Covid
2890,519,Couple Leisure,Economy Class,Boeing 777,3x3x3,1,2017-11-19,Netherlands,4.0,3.0,4.0,3.0,4.0,,,,,,,,1,Modern (2015-Present),Positive,0.6994,Pre Covid
2891,519,Solo Leisure,Economy Class,Airbus A350,3x3x3,0,2017-10-28,Thailand,5.0,5.0,5.0,5.0,5.0,5.0,5.0,,,,,,1,Modern (2015-Present),Positive,0.962,Pre Covid
2892,519,Family Leisure,Economy Class,Airbus A330,2x4x2,0,2017-09-11,United Arab Emirates,2.0,2.0,2.0,3.0,1.0,4.0,3.0,,,,,,0,Modern (2015-Present),Negative,-0.9886,Pre Covid
2893,519,Solo Leisure,Economy Class,Boeing 777,3x3x3,0,2017-06-14,Russian Federation,4.0,4.0,5.0,4.0,4.0,,2.0,,,,,,1,Modern (2015-Present),Positive,0.945,Pre Covid
2894,519,Family Leisure,Economy Class,Boeing 777,3x4x3,0,2017-06-12,Thailand,3.0,3.0,3.0,4.0,4.0,4.0,4.0,,,,,,1,Modern (2015-Present),Positive,0.5938,Pre Covid
2895,519,Couple Leisure,Economy Class,Airbus A350,3x3x3,0,2017-06-11,Germany,5.0,4.0,3.0,4.0,4.0,5.0,5.0,,,,,,1,Modern (2015-Present),Positive,0.9123,Pre Covid
2896,519,Solo Leisure,Economy Class,Boeing 777,3x3x3,0,2017-06-04,Bangladesh,4.0,4.0,3.0,4.0,4.0,,4.0,,,,,,1,Modern (2015-Present),Positive,0.8885,Pre Covid
2897,519,Solo Leisure,Economy Class,Boeing 777,3x4x3,0,2017-05-30,Bangladesh,4.0,3.0,2.0,3.0,3.0,2.0,3.0,,,,,,1,Modern (2015-Present),Positive,0.8885,Pre Covid
2898,519,Couple Leisure,Economy Class,Airbus A330,2x3x2,0,2016-02-25,United Kingdom,3.0,3.0,3.0,3.0,3.0,3.0,3.0,,,,,,0,Modern (2015-Present),Negative,-0.8181,Pre Covid
2899,519,Solo Leisure,Economy Class,Airbus A380,3x4x3,0,2016-01-02,Thailand,2.0,2.0,2.0,3.0,3.0,4.0,4.0,,,,,,1,Modern (2015-Present),Positive,0.8949,Pre Covid
2900,519,Solo Leisure,Economy Class,Boeing 777,3x3x3,0,2015-07-12,Malaysia,4.0,5.0,5.0,5.0,5.0,5.0,4.0,,,,,,1,Modern (2015-Present),Positive,0.9282,Pre Covid
2901,519,Unknown,Economy Class,Boeing 747,3x4x3,0,2014-01-12,United Kingdom,1.0,2.0,1.0,4.0,,,2.0,,,,,,0,Historical (Pre-2015),Negative,-0.944,Pre Covid
2902,519,Unknown,Economy Class,Boeing 747,3x4x3,0,2014-01-12,Sweden,4.0,4.0,1.0,3.0,,,3.0,,,,,,0,Historical (Pre-2015),Negative,-0.8881,Pre Covid
2903,519,Unknown,Economy Class,Boeing 777,3x3x3,0,2014-01-12,Singapore,4.0,3.0,4.0,4.0,,,4.0,,,,,,1,Historical (Pre-2015),Positive,0.8999,Pre Covid
2904,519,Unknown,Economy Class,Boeing 747,3x4x3,0,2013-04-20,Switzerland,5.0,5.0,4.0,5.0,,,3.0,,,,,,1,Historical (Pre-2015),Positive,0.9355,Pre Covid
2905,519,Unknown,Economy Class,Boeing 747,3x4x3,0,2013-02-15,Australia,3.0,4.0,3.0,2.0,,,3.0,,,,,,0,Historical (Pre-2015),Positive,0.8427,Pre Covid
2906,519,Unknown,Economy Class,Boeing 747,3x4x3,0,2011-09-19,United Kingdom,3.0,3.0,3.0,3.0,,,1.0,,,,,,0,Historical (Pre-2015),Positive,0.1531,Pre Covid
2907,519,Unknown,Economy Class,Airbus A330,2x4x2,0,2011-07-28,Australia,2.0,2.0,3.0,3.0,,,,,,,,,0,Historical (Pre-2015),Negative,-0.4612,Pre Covid
2908,519,Unknown,Economy Class,Boeing 747,3x4x3,0,2011-04-06,United Kingdom,4.0,4.0,4.0,4.0,,,1.0,,,,,,0,Historical (Pre-2015),Positive,0.8558,Pre Covid
2909,519,Unknown,Economy Class,Unknown,2x4x2,0,2010-08-28,Thailand,5.0,4.0,4.0,5.0,,,5.0,,,,,,1,Historical (Pre-2015),Positive,0.9756,Pre Covid
2910,519,Unknown,Economy Class,Unknown,3x4x3,0,2009-03-03,United Kingdom,4.0,5.0,3.0,4.0,,,1.0,,,,,,1,Historical (Pre-2015),Positive,0.6115,Pre Covid
2914,492,Couple Leisure,Economy Class,Boeing 737,3x3,1,2022-06-25,Canada,1.0,1.0,3.0,2.0,1.0,,,,,,,,0,Modern (2015-Present),Negative,-0.7124,After Covid
2915,492,Couple Leisure,Economy Class,Boeing 737,3x3,1,2020-01-31,Canada,1.0,1.0,1.0,1.0,1.0,1.0,1.0,,,,,,0,Modern (2015-Present),Negative,-0.5733,Covid
2916,492,Couple Leisure,Economy Class,Boeing 737,3x3,1,2019-10-21,Canada,1.0,1.0,3.0,3.0,1.0,1.0,1.0,,,,,,0,Modern (2015-Present),Negative,-0.5279,Pre Covid
2917,492,Couple Leisure,Economy Class,Boeing 737,3x3,0,2019-05-06,Canada,1.0,1.0,2.0,2.0,1.0,,,,,,,,0,Modern (2015-Present),Negative,-0.3818,Pre Covid
2918,492,Solo Leisure,Premium Economy,Boeing 737,unknown,0,2019-01-07,Canada,5.0,5.0,5.0,5.0,5.0,,,,,,,,1,Modern (2015-Present),Positive,0.2115,Pre Covid
2919,492,Solo Leisure,Premium Economy,Boeing 737,3x3,1,2018-01-25,Canada,2.0,1.0,1.0,2.0,1.0,2.0,1.0,,,,,,0,Modern (2015-Present),Negative,-0.7676,Pre Covid
2920,492,Couple Leisure,Economy Class,Boeing 737,3x3,0,2016-04-18,Canada,1.0,1.0,1.0,1.0,2.0,2.0,1.0,,,,,,0,Modern (2015-Present),Positive,0.2769,Pre Covid
2921,492,Family Leisure,Premium Economy,Boeing 737,3x3,0,2015-07-29,Canada,4.0,3.0,3.0,4.0,3.0,3.0,3.0,,,,,,0,Modern (2015-Present),Negative,-0.9561,Pre Covid
2922,492,Unknown,Economy Class,Boeing 737,3x3,0,2014-01-12,Canada,4.0,1.0,2.0,2.0,,,2.0,,,,,,0,Historical (Pre-2015),Positive,0.1761,Pre Covid
2923,482,Couple Leisure,Economy Class,Airbus A330,2x4x2,1,2023-03-05,United Arab Emirates,1.0,1.0,2.0,2.0,3.0,3.0,1.0,,,,,,0,Modern (2015-Present),Positive,0.5288,After Covid
2924,482,Leisure,Business Class,Airbus A320,2x2,1,2019-03-31,Australia,,,,,1.0,1.0,,1.0,1.0,1.0,1.0,1.0,0,Modern (2015-Present),Positive,0.4317,Pre Covid
2925,482,Family Leisure,Economy Class,Airbus A320,3x3,1,2018-05-21,India,1.0,1.0,1.0,2.0,3.0,1.0,1.0,,,,,,0,Modern (2015-Present),Positive,0.3832,Pre Covid
2926,482,Solo Leisure,Economy Class,Airbus A330,2x4x2,1,2018-04-16,Australia,3.0,3.0,3.0,3.0,3.0,,3.0,,,,,,0,Modern (2015-Present),Positive,0.9179,Pre Covid
2927,482,Business,Economy Class,Airbus A330,2x4x2,0,2016-11-18,Sri Lanka,3.0,3.0,3.0,3.0,3.0,4.0,3.0,,,,,,1,Modern (2015-Present),Positive,0.612,Pre Covid
2928,482,Family Leisure,Economy Class,Airbus A330,2x4x2,0,2016-04-18,Thailand,5.0,4.0,4.0,4.0,4.0,3.0,3.0,,,,,,1,Modern (2015-Present),Positive,0.8807,Pre Covid
2930,522,Family Leisure,Economy Class,Airbus A321,3x3,0,2019-08-06,United Kingdom,4.0,1.0,5.0,4.0,5.0,,4.0,,,,,,1,Modern (2015-Present),Positive,0.8319,Pre Covid
2931,522,Couple Leisure,Economy Class,Airbus A321,3x3,1,2019-05-11,United Kingdom,5.0,5.0,5.0,5.0,5.0,,5.0,,,,,,1,Modern (2015-Present),Positive,0.8588,Pre Covid
2932,522,Couple Leisure,Economy Class,Airbus A330,2x4x2,1,2018-10-20,United Kingdom,4.0,3.0,3.0,4.0,4.0,4.0,4.0,,,,,,1,Modern (2015-Present),Negative,-0.97,Pre Covid
2933,522,Couple Leisure,Economy Class,Airbus A321,3x3,0,2018-10-12,United Kingdom,1.0,1.0,1.0,1.0,1.0,,,,,,,,0,Modern (2015-Present),Negative,-0.8922,Pre Covid
2934,522,Couple Leisure,Economy Class,Airbus A321,3x3,0,2018-10-01,United Kingdom,1.0,1.0,1.0,2.0,1.0,,,,,,,,0,Modern (2015-Present),Negative,-0.659,Pre Covid
2935,522,Couple Leisure,Economy Class,Airbus A321,3x3,1,2018-09-16,United Kingdom,1.0,1.0,3.0,2.0,2.0,,,,,,,,0,Modern (2015-Present),Negative,-0.7321,Pre Covid
2936,522,Family Leisure,Economy Class,Airbus A330,2x4x2,0,2018-08-15,United Kingdom,4.0,1.0,1.0,2.0,2.0,,3.0,,,,,,0,Modern (2015-Present),Negative,-0.8292,Pre Covid
2937,522,Couple Leisure,Economy Class,Airbus A321,3x3,1,2018-04-20,United Kingdom,1.0,1.0,1.0,2.0,1.0,,2.0,,,,,,0,Modern (2015-Present),Positive,0.886,Pre Covid
2938,522,Couple Leisure,Economy Class,Boeing 757,3x3,1,2018-04-04,United Kingdom,1.0,2.0,3.0,2.0,1.0,,2.0,,,,,,1,Modern (2015-Present),Positive,0.8908,Pre Covid
2939,522,Solo Leisure,Economy Class,Airbus A321,3x3,0,2018-03-14,United Kingdom,1.0,1.0,4.0,2.0,1.0,,,,,,,,0,Modern (2015-Present),Negative,-0.9467,Pre Covid
2940,522,Couple Leisure,Economy Class,Airbus A320,3x3,1,2017-12-01,United Kingdom,1.0,1.0,1.0,1.0,1.0,,,,,,,,0,Modern (2015-Present),Negative,-0.4118,Pre Covid
2941,522,Couple Leisure,Economy Class,Airbus A321,3x3,1,2017-11-24,United Kingdom,1.0,2.0,1.0,2.0,1.0,,3.0,,,,,,0,Modern (2015-Present),Negative,-0.9216,Pre Covid
2942,522,Solo Leisure,Economy Class,Airbus A321,3x3,1,2017-11-19,Cyprus,1.0,2.0,1.0,2.0,1.0,,3.0,,,,,,0,Modern (2015-Present),Positive,0.9719,Pre Covid
2943,522,Couple Leisure,Economy Class,Airbus A321,3x3,0,2017-11-07,United Kingdom,1.0,2.0,1.0,2.0,1.0,,,,,,,,0,Modern (2015-Present),Negative,-0.4604,Pre Covid
2944,522,Couple Leisure,Economy Class,Airbus A321,3x3,0,2017-10-03,United Kingdom,2.0,1.0,3.0,1.0,1.0,1.0,1.0,,,,,,0,Modern (2015-Present),Negative,-0.5256,Pre Covid
2945,522,Solo Leisure,Economy Class,Airbus A330,2x4x2,0,2017-09-28,United Kingdom,1.0,1.0,1.0,1.0,1.0,1.0,1.0,,,,,,0,Modern (2015-Present),Positive,0.2734,Pre Covid
2946,522,Family Leisure,Economy Class,Airbus A321,3x3,0,2017-08-31,United Kingdom,2.0,1.0,2.0,2.0,2.0,,2.0,,,,,,1,Modern (2015-Present),Positive,0.4485,Pre Covid
2947,522,Couple Leisure,Premium Economy,Airbus A330,2x2x2,0,2017-05-13,United Kingdom,5.0,5.0,5.0,5.0,5.0,5.0,5.0,,,,,,1,Modern (2015-Present),Positive,0.9233,Pre Covid
2948,522,Couple Leisure,Economy Class,Airbus A321,3x3,0,2017-03-16,United Kingdom,1.0,1.0,1.0,2.0,1.0,,,,,,,,0,Modern (2015-Present),Positive,0.9794,Pre Covid
2949,522,Couple Leisure,Premium Economy,Airbus A330,2x4x2,0,2017-03-16,United Kingdom,2.0,1.0,2.0,2.0,2.0,,,,,,,,0,Modern (2015-Present),Positive,0.5187,Pre Covid
2950,522,Family Leisure,Economy Class,Airbus A330,2x4x2,0,2016-10-19,United Kingdom,5.0,5.0,5.0,4.0,1.0,5.0,5.0,,,,,,1,Modern (2015-Present),Positive,0.629,Pre Covid
2951,522,Couple Leisure,Economy Class,Airbus A321,3x3,0,2016-09-25,United Kingdom,1.0,1.0,4.0,3.0,3.0,,1.0,,,,,,0,Modern (2015-Present),Neutral,-0.0498,Pre Covid
2952,522,Family Leisure,Economy Class,Airbus A330,2x4x2,0,2016-07-29,United Kingdom,4.0,1.0,5.0,4.0,5.0,,5.0,,,,,,1,Modern (2015-Present),Positive,0.9862,Pre Covid
2953,522,Solo Leisure,Economy Class,Airbus A330,2x4x2,0,2016-05-26,United Kingdom,4.0,3.0,3.0,3.0,3.0,,4.0,,,,,,0,Modern (2015-Present),Negative,-0.7278,Pre Covid
2954,522,Couple Leisure,Economy Class,Airbus A330,2x4x2,0,2015-11-17,United Kingdom,5.0,5.0,5.0,5.0,5.0,5.0,5.0,,,,,,1,Modern (2015-Present),Positive,0.975,Pre Covid
2955,522,Couple Leisure,Premium Economy,Airbus A330,2x3x2,0,2015-10-26,United States,5.0,5.0,4.0,5.0,5.0,,5.0,,,,,,1,Modern (2015-Present),Positive,0.8016,Pre Covid
2956,522,Family Leisure,Economy Class,Airbus A321,3x3,0,2015-10-25,United Kingdom,4.0,4.0,4.0,5.0,3.0,,5.0,,,,,,1,Modern (2015-Present),Positive,0.9273,Pre Covid
2957,522,Couple Leisure,Economy Class,Boeing 737,3x3,0,2015-09-28,United Kingdom,1.0,1.0,1.0,1.0,1.0,,,,,,,,0,Modern (2015-Present),Negative,-0.8155,Pre Covid
2958,522,Couple Leisure,Economy Class,Boeing 737,3x3,0,2015-09-21,United Kingdom,1.0,1.0,1.0,2.0,1.0,,1.0,,,,,,0,Modern (2015-Present),Negative,-0.5083,Pre Covid
2959,522,Family Leisure,Economy Class,Boeing 757,3x3,0,2015-07-08,United Kingdom,5.0,1.0,4.0,4.0,3.0,,,,,,,,1,Modern (2015-Present),Positive,0.9217,Pre Covid
2960,522,Unknown,Economy Class,Boeing 757,3x3,0,2015-05-30,United Kingdom,1.0,2.0,2.0,1.0,,,1.0,,,,,,0,Modern (2015-Present),Negative,-0.3581,Pre Covid
2961,522,Unknown,Economy Class,Boeing 757,3x3,0,2015-05-30,United Kingdom,1.0,1.0,1.0,1.0,,,1.0,,,,,,0,Modern (2015-Present),Negative,-0.93,Pre Covid
2962,522,Unknown,Economy Class,Boeing 757,3x3,0,2015-05-30,United Kingdom,1.0,3.0,3.0,1.0,,,1.0,,,,,,0,Modern (2015-Present),Negative,-0.5256,Pre Covid
2963,522,Unknown,Economy Class,Airbus A330,2x4x2,0,2015-03-29,United Kingdom,1.0,5.0,5.0,2.0,,,4.0,,,,,,0,Modern (2015-Present),Negative,-0.7227,Pre Covid
2964,522,Unknown,Economy Class,Boeing 757,3x3,0,2014-08-12,United Kingdom,1.0,1.0,2.0,1.0,,,1.0,,,,,,0,Historical (Pre-2015),Negative,-0.3843,Pre Covid
2965,522,Unknown,Economy Class,Boeing 757,3x3,0,2014-08-05,United Kingdom,1.0,1.0,2.0,1.0,,,2.0,,,,,,0,Historical (Pre-2015),Negative,-0.1629,Pre Covid
2966,522,Unknown,Economy Class,Boeing 757,3x3,0,2014-07-18,United Kingdom,1.0,1.0,1.0,1.0,,,1.0,,,,,,0,Historical (Pre-2015),Negative,-0.899,Pre Covid
2967,522,Unknown,Economy Class,Boeing 757,3x3,0,2014-03-03,United Kingdom,1.0,2.0,2.0,1.0,,,1.0,,,,,,0,Historical (Pre-2015),Negative,-0.9176,Pre Covid
2968,522,Unknown,Economy Class,Boeing 757,3x3,0,2014-01-12,United Kingdom,1.0,1.0,2.0,2.0,,,1.0,,,,,,0,Historical (Pre-2015),Negative,-0.9212,Pre Covid
2969,522,Unknown,Economy Class,Boeing 757,3x3,0,2014-01-12,United Kingdom,1.0,1.0,1.0,1.0,,,1.0,,,,,,0,Historical (Pre-2015),Negative,-0.3825,Pre Covid
2970,522,Unknown,Economy Class,Airbus A320,3x3,0,2014-01-12,United Kingdom,1.0,1.0,3.0,2.0,,,,,,,,,0,Historical (Pre-2015),Negative,-0.0772,Pre Covid
2971,522,Unknown,Economy Class,Boeing 757,3x3,0,2013-02-15,United Kingdom,1.0,1.0,2.0,1.0,,,4.0,,,,,,0,Historical (Pre-2015),Positive,0.6486,Pre Covid
2972,522,Unknown,Economy Class,Boeing 757,3x3,0,2013-01-02,United Kingdom,1.0,1.0,3.0,2.0,,,4.0,,,,,,0,Historical (Pre-2015),Positive,0.9386,Pre Covid
2973,522,Unknown,Economy Class,Boeing 757,3x3,0,2012-09-17,United Kingdom,1.0,1.0,1.0,2.0,,,,,,,,,0,Historical (Pre-2015),Negative,-0.8396,Pre Covid
2974,522,Unknown,Economy Class,Airbus A330,2x4x2,0,2011-10-22,United Kingdom,1.0,1.0,3.0,2.0,,,,,,,,,0,Historical (Pre-2015),Negative,-0.7906,Pre Covid
2975,522,Unknown,Economy Class,Airbus A330,3x3x3,0,2011-10-22,United Kingdom,1.0,1.0,1.0,1.0,,,3.0,,,,,,0,Historical (Pre-2015),Positive,0.2388,Pre Covid
2976,522,Unknown,Economy Class,Boeing 757,3x3,0,2011-09-19,United Kingdom,1.0,1.0,1.0,1.0,,,2.0,,,,,,0,Historical (Pre-2015),Negative,-0.4507,Pre Covid
2977,522,Unknown,Economy Class,Boeing 757,3x3,0,2011-09-05,United Kingdom,1.0,2.0,3.0,3.0,,,4.0,,,,,,0,Historical (Pre-2015),Positive,0.4417,Pre Covid
2978,522,Unknown,Economy Class,Airbus A330,3x3x3,0,2011-06-09,United Kingdom,1.0,3.0,1.0,1.0,,,1.0,,,,,,0,Historical (Pre-2015),Negative,-0.7932,Pre Covid
2979,522,Unknown,Economy Class,Boeing 757,3x3,0,2011-05-18,United Kingdom,1.0,2.0,3.0,1.0,,,,,,,,,0,Historical (Pre-2015),Neutral,0.0,Pre Covid
2980,522,Unknown,Economy Class,Airbus A330,2x3x2,0,2011-05-02,United Kingdom,1.0,1.0,1.0,1.0,,,1.0,,,,,,0,Historical (Pre-2015),Neutral,0.0,Pre Covid
2981,522,Unknown,Economy Class,Boeing 757,3x3,0,2010-09-21,United Kingdom,1.0,2.0,3.0,2.0,,,,,,,,,0,Historical (Pre-2015),Negative,-0.3162,Pre Covid
2982,522,Unknown,Economy Class,Airbus A330,2x3x3,0,2009-03-03,United Kingdom,3.0,3.0,3.0,3.0,,,3.0,,,,,,1,Historical (Pre-2015),Neutral,-0.0009,Pre Covid
2987,529,Solo Leisure,Economy Class,Airbus A320,3x3,0,2017-08-02,Australia,3.0,1.0,4.0,2.0,3.0,,,,,,,,0,Modern (2015-Present),Negative,-0.9092,Pre Covid
2988,470,Family Leisure,Economy Class,Boeing 737,3x3,1,2020-02-26,Czech Republic,1.0,2.0,2.0,1.0,1.0,,,,,,,,0,Modern (2015-Present),Negative,-0.7079,Covid
2989,470,Family Leisure,Economy Class,Boeing 737,3x3,0,2019-11-21,Czech Republic,1.0,3.0,2.0,2.0,3.0,,,,,,,,0,Modern (2015-Present),Negative,-0.5842,Pre Covid
2990,470,Solo Leisure,Economy Class,Boeing 737,3x3,1,2019-07-21,Czech Republic,1.0,1.0,3.0,4.0,1.0,,,,,,,,0,Modern (2015-Present),Negative,-0.8429,Pre Covid
2991,470,Family Leisure,Economy Class,Boeing 737,3x3,1,2017-11-20,Slovakia,1.0,2.0,2.0,2.0,2.0,,,,,,,,0,Modern (2015-Present),Negative,-0.4877,Pre Covid
2992,525,Family Leisure,Economy Class,Boeing 757,3x3,0,2017-11-19,United Kingdom,1.0,1.0,1.0,2.0,3.0,,,,,,,,0,Modern (2015-Present),Negative,-0.3384,Pre Covid
2993,525,Couple Leisure,Economy Class,Boeing 757,3x3,0,2017-04-15,Unknown,1.0,2.0,3.0,2.0,2.0,,2.0,,,,,,0,Modern (2015-Present),Positive,0.3375,Pre Covid
2994,525,Couple Leisure,Economy Class,Boeing 787,3x3x3,0,2016-12-23,United Kingdom,3.0,1.0,1.0,1.0,1.0,1.0,1.0,,,,,,0,Modern (2015-Present),Negative,-0.9795,Pre Covid
2995,525,Couple Leisure,Premium Economy,Boeing 757,3x3,0,2016-07-26,United Kingdom,1.0,3.0,1.0,3.0,2.0,,,,,,,,0,Modern (2015-Present),Negative,-0.8129,Pre Covid
2996,525,Couple Leisure,Premium Economy,Boeing 787,2x3x2,0,2016-05-10,United Kingdom,4.0,4.0,4.0,4.0,4.0,4.0,4.0,,,,,,1,Modern (2015-Present),Positive,0.0936,Pre Covid
2997,525,Family Leisure,Economy Class,Boeing 757,3x3,0,2016-03-08,United Kingdom,1.0,1.0,1.0,1.0,1.0,,,,,,,,0,Modern (2015-Present),Negative,-0.8669,Pre Covid
2998,525,Couple Leisure,Premium Economy,Boeing 787,2x3x2,0,2016-02-14,United Kingdom,5.0,1.0,5.0,5.0,3.0,5.0,5.0,,,,,,1,Modern (2015-Present),Negative,-0.9736,Pre Covid
2999,525,Solo Leisure,Economy Class,Boeing 787,3x3x3,0,2015-11-17,United Kingdom,5.0,5.0,2.0,2.0,3.0,,5.0,,,,,,1,Modern (2015-Present),Positive,0.9556,Pre Covid
3000,525,Couple Leisure,Economy Class,Boeing 787,3x3x3,0,2015-10-08,United Kingdom,4.0,4.0,1.0,1.0,2.0,1.0,3.0,,,,,,0,Modern (2015-Present),Positive,0.4763,Pre Covid
3001,525,Family Leisure,Economy Class,Boeing 737,3x3,0,2015-09-22,United Kingdom,4.0,3.0,4.0,3.0,2.0,,3.0,,,,,,1,Modern (2015-Present),Positive,0.7574,Pre Covid
3002,525,Couple Leisure,Economy Class,Boeing 757,3x3,0,2015-09-17,United Kingdom,4.0,4.0,3.0,3.0,1.0,,,,,,,,1,Modern (2015-Present),Positive,0.812,Pre Covid
3003,525,Family Leisure,Economy Class,Boeing 737,3x3,0,2015-08-18,United Kingdom,5.0,3.0,4.0,3.0,3.0,,4.0,,,,,,1,Modern (2015-Present),Positive,0.8514,Pre Covid
3004,525,Family Leisure,Economy Class,Boeing 757,3x3,0,2015-08-16,United Kingdom,4.0,3.0,3.0,3.0,3.0,,,,,,,,1,Modern (2015-Present),Positive,0.9099,Pre Covid
3005,525,Solo Leisure,Economy Class,Boeing 737,3x3,0,2015-06-11,United Kingdom,5.0,5.0,5.0,5.0,,,5.0,,,,,,1,Modern (2015-Present),Positive,0.9041,Pre Covid
3006,510,Solo Leisure,Economy Class,Boeing 737,3x3,1,2023-07-05,United Kingdom,1.0,1.0,1.0,1.0,1.0,,,,,,,,0,Modern (2015-Present),Negative,-0.6915,After Covid
3007,510,Family Leisure,Economy Class,Boeing 787,3x3x3,0,2022-02-03,United Kingdom,5.0,4.0,4.0,4.0,4.0,4.0,4.0,,,,,,1,Modern (2015-Present),Positive,0.958,After Covid
3008,510,Couple Leisure,Economy Class,Boeing 787,3x3x3,0,2020-04-19,United Kingdom,2.0,3.0,3.0,3.0,2.0,,3.0,,,,,,0,Modern (2015-Present),Positive,0.9463,Covid
3009,510,Family Leisure,Economy Class,Boeing 757,3x3,1,2019-07-23,United Kingdom,5.0,4.0,2.0,1.0,5.0,,,,,,,,1,Modern (2015-Present),Positive,0.8516,Pre Covid
3010,510,Couple Leisure,Economy Class,Boeing 737,3x3,0,2019-02-19,United Kingdom,2.0,1.0,1.0,1.0,1.0,,,,,,,,0,Modern (2015-Present),Positive,0.7538,Pre Covid
3011,510,Couple Leisure,Economy Class,Boeing 787,3x3x3,1,2018-05-25,United Kingdom,4.0,4.0,4.0,4.0,5.0,5.0,5.0,,,,,,1,Modern (2015-Present),Positive,0.4922,Pre Covid
3012,510,Couple Leisure,Economy Class,Boeing 737,3x3,1,2018-04-01,United Kingdom,1.0,1.0,1.0,1.0,1.0,1.0,1.0,,,,,,0,Modern (2015-Present),Positive,0.25,Pre Covid
3013,512,Couple Leisure,Economy Class,Boeing 737,3x3,0,2016-01-07,United Kingdom,5.0,1.0,2.0,1.0,2.0,,4.0,,,,,,1,Modern (2015-Present),Negative,-0.2469,Pre Covid
3014,511,Couple Leisure,Economy Class,Boeing 737,3x3,0,2023-09-18,Belgium,5.0,2.0,5.0,5.0,5.0,,,,,,,,1,Modern (2015-Present),Positive,0.6369,After Covid
3015,511,Couple Leisure,Economy Class,Boeing 787,3x3x3,1,2021-10-13,Belgium,1.0,3.0,1.0,1.0,3.0,3.0,4.0,,,,,,0,Modern (2015-Present),Negative,-0.9626,Covid
3016,511,Family Leisure,Economy Class,Boeing 737,3x3,0,2017-09-23,Belgium,2.0,5.0,4.0,4.0,4.0,,,,,,,,1,Modern (2015-Present),Positive,0.883,Pre Covid
3017,538,Couple Leisure,Economy Class,Airbus A320,3x3,0,2017-01-03,Tunisia,5.0,5.0,3.0,3.0,3.0,,,,,,,,1,Modern (2015-Present),Positive,0.8216,Pre Covid
3018,545,Solo Leisure,Economy Class,Boeing 737,3x3,0,2018-08-12,Georgia,1.0,1.0,3.0,2.0,2.0,,,,,,,,0,Modern (2015-Present),Negative,-0.3708,Pre Covid
3019,545,Solo Leisure,Economy Class,Boeing 737,3x3,1,2018-04-04,Finland,1.0,1.0,1.0,1.0,1.0,,,,,,,,0,Modern (2015-Present),Negative,-0.6599,Pre Covid
3020,545,Solo Leisure,Economy Class,Boeing 737,3x3,0,2016-02-20,United States,4.0,5.0,4.0,4.0,3.0,,,,,,,,1,Modern (2015-Present),Positive,0.631,Pre Covid
3021,545,Business,Economy Class,Boeing 737,3x3,0,2015-06-14,Ukraine,1.0,1.0,2.0,1.0,1.0,,,,,,,,0,Modern (2015-Present),Negative,-0.5426,Pre Covid
3022,539,Business,Economy Class,Airbus A350,3x4x3,1,2024-03-16,Slovenia,2.0,3.0,1.0,4.0,2.0,4.0,4.0,,,,,,1,Modern (2015-Present),Positive,0.1147,After Covid
3023,539,Couple Leisure,Economy Class,Airbus A321,3x3,1,2024-02-19,Serbia,1.0,1.0,1.0,1.0,1.0,,,,,,,,0,Modern (2015-Present),Negative,-0.439,After Covid
3024,539,Leisure,Business Class,Boeing 777,2x2x2,1,2023-09-29,United States,,,,,1.0,1.0,,1.0,1.0,2.0,2.0,1.0,0,Modern (2015-Present),Negative,-0.8709,After Covid
3025,539,Leisure,Business Class,Boeing 787,1x2x1,1,2023-09-03,Australia,,,,,4.0,5.0,,4.0,3.0,3.0,4.0,4.0,0,Modern (2015-Present),Negative,-0.5719,After Covid
3026,539,Business,Economy Class,Airbus A330,2x4x2,1,2023-08-08,United Arab Emirates,1.0,1.0,1.0,1.0,1.0,1.0,1.0,,,,,,0,Modern (2015-Present),Negative,-0.9492,After Covid
3027,539,Leisure,Business Class,Boeing 777,2x3x2,0,2023-06-04,United Kingdom,,,,,5.0,5.0,,5.0,5.0,5.0,5.0,3.0,1,Modern (2015-Present),Positive,0.9364,After Covid
3028,539,Couple Leisure,Economy Class,Boeing 737,3x3,1,2021-08-18,Bosnia And Herzegovina,3.0,4.0,3.0,3.0,3.0,3.0,3.0,,,,,,0,Modern (2015-Present),Negative,-0.5423,Covid
3029,539,Family Leisure,Economy Class,Airbus A320,3x3,1,2020-09-02,Bosnia And Herzegovina,1.0,1.0,1.0,1.0,1.0,1.0,1.0,,,,,,0,Modern (2015-Present),Negative,-0.9542,Covid
3030,539,Business,Economy Class,Boeing 777,3x3x3,1,2019-11-28,South Korea,1.0,2.0,2.0,3.0,2.0,,3.0,,,,,,0,Modern (2015-Present),Positive,0.079,Pre Covid
3031,539,Business,Business Class,Airbus A321,2x2,1,2019-09-25,Germany,,,,,2.0,,,1.0,1.0,1.0,1.0,1.0,0,Modern (2015-Present),Negative,-0.6908,Pre Covid
3032,539,Business,Business Class,Boeing 737,2x2,1,2019-08-10,France,,,,,1.0,5.0,,1.0,1.0,1.0,1.0,1.0,0,Modern (2015-Present),Negative,-0.6643,Pre Covid
3033,539,Solo Leisure,Economy Class,Airbus A330,2x4x2,1,2019-07-08,Canada,4.0,3.0,3.0,3.0,3.0,3.0,2.0,,,,,,1,Modern (2015-Present),Positive,0.8858,Pre Covid
3034,539,Couple Leisure,Economy Class,Airbus A330,2x4x2,1,2019-04-20,United Kingdom,1.0,2.0,2.0,1.0,1.0,1.0,4.0,,,,,,0,Modern (2015-Present),Negative,-0.8104,Pre Covid
3035,539,Solo Leisure,Economy Class,Boeing 777,3x3x3,1,2019-04-20,Unknown,4.0,4.0,4.0,4.0,4.0,4.0,4.0,,,,,,1,Modern (2015-Present),Positive,0.9441,Pre Covid
3036,539,Business,Business Class,Airbus A330,2x2x2,0,2019-03-14,Qatar,,,,,2.0,3.0,,1.0,1.0,3.0,3.0,1.0,0,Modern (2015-Present),Negative,-0.9666,Pre Covid
3037,539,Business,Business Class,Boeing 777,2x3x2,1,2019-03-09,Belgium,,,,,5.0,5.0,,5.0,4.0,5.0,5.0,3.0,1,Modern (2015-Present),Positive,0.2686,Pre Covid
3038,539,Business,Economy Class,Airbus A321,3x3,1,2017-11-26,Unknown,2.0,4.0,2.0,2.0,2.0,,4.0,,,,,,1,Modern (2015-Present),Negative,-0.7579,Pre Covid
3039,539,Business,Economy Class,Airbus A321,3x3,0,2017-10-17,United Kingdom,4.0,4.0,4.0,4.0,4.0,,4.0,,,,,,1,Modern (2015-Present),Positive,0.8665,Pre Covid
3040,539,Solo Leisure,Economy Class,Airbus A330,2x4x2,0,2016-07-20,United States,4.0,4.0,4.0,5.0,4.0,5.0,4.0,,,,,,1,Modern (2015-Present),Positive,0.8315,Pre Covid
3041,539,Business,Economy Class,Airbus A330,2x4x2,0,2016-07-17,Indonesia,4.0,4.0,4.0,5.0,4.0,4.0,4.0,,,,,,1,Modern (2015-Present),Positive,0.3612,Pre Covid
3042,539,Solo Leisure,Economy Class,Airbus A340,2x4x2,0,2016-05-18,Vietnam,2.0,3.0,3.0,3.0,3.0,3.0,3.0,,,,,,0,Modern (2015-Present),Positive,0.2181,Pre Covid
3043,539,Business,Economy Class,Airbus A320,3x3,0,2016-03-28,Canada,2.0,2.0,3.0,2.0,1.0,,1.0,,,,,,1,Modern (2015-Present),Positive,0.2055,Pre Covid
3044,539,Solo Leisure,Premium Economy,Airbus A321,3x3,0,2016-02-25,Belgium,5.0,5.0,5.0,5.0,4.0,4.0,5.0,,,,,,1,Modern (2015-Present),Positive,0.9149,Pre Covid
3045,539,Solo Leisure,Economy Class,Airbus A321,3x3,0,2016-02-12,Germany,5.0,5.0,5.0,5.0,5.0,5.0,5.0,,,,,,1,Modern (2015-Present),Positive,0.9402,Pre Covid
3046,539,Solo Leisure,Premium Economy,Boeing 737,2x2,0,2016-01-27,United States,5.0,1.0,2.0,4.0,1.0,,1.0,,,,,,0,Modern (2015-Present),Positive,0.9109,Pre Covid
3047,539,Business,Economy Class,Boeing 737,3x3,0,2016-01-18,Germany,4.0,3.0,4.0,4.0,4.0,,,,,,,,1,Modern (2015-Present),Negative,-0.5131,Pre Covid
3048,539,Business,Economy Class,Airbus A321,3x3,0,2015-12-20,Germany,1.0,4.0,4.0,4.0,1.0,,4.0,,,,,,1,Modern (2015-Present),Positive,0.9649,Pre Covid
3049,539,Business,Economy Class,Airbus A330,2x4x2,0,2015-12-19,Germany,1.0,3.0,4.0,4.0,1.0,,1.0,,,,,,1,Modern (2015-Present),Positive,0.978,Pre Covid
3050,539,Family Leisure,Economy Class,Airbus A330,2x4x2,0,2015-09-09,Nigeria,3.0,2.0,2.0,2.0,1.0,,1.0,,,,,,0,Modern (2015-Present),Negative,-0.3786,Pre Covid
3051,539,Family Leisure,Economy Class,Airbus A330,2x4x2,0,2015-09-03,Nigeria,3.0,2.0,2.0,2.0,1.0,,1.0,,,,,,0,Modern (2015-Present),Positive,0.7644,Pre Covid
3052,539,Solo Leisure,Premium Economy,Boeing 777,unknown,0,2015-07-21,Bangladesh,5.0,5.0,5.0,5.0,5.0,5.0,5.0,,,,,,1,Modern (2015-Present),Positive,0.6901,Pre Covid
3053,539,Business,Economy Class,Boeing 737,3x3,0,2015-06-28,Ireland,1.0,1.0,2.0,2.0,2.0,,1.0,,,,,,0,Modern (2015-Present),Negative,-0.7549,Pre Covid
3054,539,Unknown,Premium Economy,Airbus A330,2x4x2,0,2015-03-29,Austria,2.0,3.0,2.0,3.0,,,4.0,,,,,,0,Modern (2015-Present),Negative,-0.2449,Pre Covid
3055,539,Unknown,Premium Economy,Boeing 777,2x3x2,0,2014-03-03,United Arab Emirates,5.0,2.0,4.0,4.0,,,4.0,,,,,,0,Historical (Pre-2015),Neutral,0.039,Pre Covid
3056,539,Unknown,Premium Economy,Airbus A320,3x3,0,2014-01-12,United Kingdom,3.0,2.0,3.0,2.0,,,,,,,,,1,Historical (Pre-2015),Positive,0.9365,Pre Covid
3057,539,Unknown,Premium Economy,Airbus A321,3x3,0,2014-01-12,United Kingdom,4.0,4.0,4.0,2.0,,,4.0,,,,,,1,Historical (Pre-2015),Positive,0.8256,Pre Covid
3058,539,Unknown,Economy Class,Unknown,3x3x3,0,2010-06-06,United States,2.0,3.0,3.0,3.0,,,4.0,,,,,,1,Historical (Pre-2015),Neutral,-0.0258,Pre Covid
3059,539,Unknown,Economy Class,Airbus A330,2x4x2,0,2010-01-11,Germany,2.0,3.0,3.0,3.0,,,4.0,,,,,,0,Historical (Pre-2015),Neutral,0.037,Pre Covid
3060,539,Unknown,Economy Class,Airbus A330,2x4x2,0,2009-02-07,Unknown,4.0,4.0,3.0,4.0,,,4.0,,,,,,1,Historical (Pre-2015),Positive,0.5767,Pre Covid
3061,541,Family Leisure,Economy Class,Boeing 737,3x3,0,2015-08-12,United States,1.0,1.0,1.0,1.0,2.0,,,,,,,,0,Modern (2015-Present),Negative,-0.0891,Pre Covid
3062,542,Family Leisure,Economy Class,Boeing 757,3x3,0,2015-09-17,United States,1.0,4.0,1.0,2.0,1.0,,1.0,,,,,,0,Modern (2015-Present),Positive,0.0839,Pre Covid
3063,542,Solo Leisure,Economy Class,Airbus A319,unknown,0,2015-06-24,Canada,2.0,2.0,1.0,1.0,1.0,,,,,,,,0,Modern (2015-Present),Negative,-0.3804,Pre Covid
3064,542,Unknown,Economy Class,Airbus A330,2x4x2,0,2015-02-04,United States,3.0,1.0,3.0,3.0,,,2.0,,,,,,0,Modern (2015-Present),Neutral,0.0,Pre Covid
3065,542,Unknown,Economy Class,Boeing 757,3x3,0,2014-10-27,United States,1.0,1.0,2.0,1.0,,,1.0,,,,,,0,Historical (Pre-2015),Negative,-0.9801,Pre Covid
3066,542,Unknown,Economy Class,Airbus A321,3x3,0,2014-03-03,United States,1.0,1.0,1.0,1.0,,,1.0,,,,,,0,Historical (Pre-2015),Negative,-0.9764,Pre Covid
3067,542,Unknown,Economy Class,Airbus A330,2x4x2,0,2011-10-22,United States,1.0,1.0,1.0,2.0,,,2.0,,,,,,0,Historical (Pre-2015),Negative,-0.8883,Pre Covid
3068,542,Unknown,Economy Class,Airbus A330,2x4x2,0,2011-10-22,United Kingdom,1.0,2.0,3.0,1.0,,,2.0,,,,,,0,Historical (Pre-2015),Neutral,0.0387,Pre Covid
3069,542,Unknown,Economy Class,Airbus A330,2x4x2,0,2011-06-06,United Kingdom,1.0,1.0,2.0,1.0,,,,,,,,,0,Historical (Pre-2015),Negative,-0.6697,Pre Covid
3070,542,Unknown,Economy Class,Airbus A330,2x4x2,0,2011-05-20,United Kingdom,1.0,1.0,2.0,1.0,,,3.0,,,,,,0,Historical (Pre-2015),Negative,-0.4391,Pre Covid
3071,542,Unknown,Economy Class,Airbus A330,2x4x2,0,2011-04-30,United States,1.0,1.0,1.0,2.0,,,3.0,,,,,,0,Historical (Pre-2015),Negative,-0.4914,Pre Covid
3072,542,Unknown,Economy Class,Airbus A330,2x4x2,0,2011-04-06,Italy,1.0,1.0,1.0,4.0,,,5.0,,,,,,0,Historical (Pre-2015),Negative,-0.5562,Pre Covid
3073,542,Unknown,Economy Class,Airbus A330,2x4x2,0,2010-12-15,United States,4.0,3.0,4.0,4.0,,,5.0,,,,,,1,Historical (Pre-2015),Positive,0.9636,Pre Covid
3074,542,Unknown,Economy Class,Airbus A330,2x4x2,0,2010-09-21,United States,1.0,1.0,3.0,1.0,,,4.0,,,,,,0,Historical (Pre-2015),Negative,-0.4956,Pre Covid
3075,542,Unknown,Economy Class,Airbus A330,2x4x2,0,2010-02-13,United States,1.0,1.0,2.0,2.0,,,2.0,,,,,,0,Historical (Pre-2015),Negative,-0.8519,Pre Covid
3076,542,Unknown,Economy Class,Airbus A330,2x4x2,0,2010-01-14,United Kingdom,1.0,2.0,2.0,3.0,,,3.0,,,,,,0,Historical (Pre-2015),Positive,0.0516,Pre Covid
3077,542,Unknown,Economy Class,Airbus A330,2x4x2,0,2010-01-01,United States,1.0,2.0,3.0,3.0,,,2.0,,,,,,0,Historical (Pre-2015),Negative,-0.862,Pre Covid
3078,542,Unknown,Economy Class,Boeing 757,3x3,0,2010-01-01,United States,1.0,3.0,2.0,2.0,,,3.0,,,,,,0,Historical (Pre-2015),Positive,0.4945,Pre Covid
3079,547,Solo Leisure,Premium Economy,Boeing 787,3x3x3,1,2026-02-16,United States,2.0,2.0,2.0,2.0,4.0,5.0,5.0,,,,,,0,Modern (2015-Present),Negative,-0.7885,After Covid
3080,547,Couple Leisure,Economy Class,Boeing 777,3x4x3,1,2025-07-29,Malaysia,3.0,1.0,3.0,3.0,5.0,5.0,4.0,,,,,,0,Modern (2015-Present),Positive,0.7057,After Covid
3081,547,Family Leisure,Economy Class,Boeing 787,3x3x3,1,2024-01-01,United States,3.0,3.0,4.0,5.0,5.0,5.0,5.0,,,,,,1,Modern (2015-Present),Positive,0.8462,After Covid
3082,547,Business,First Class,Boeing 737,2x2,1,2023-06-04,United States,,,,,1.0,,,1.0,1.0,1.0,1.0,1.0,0,Modern (2015-Present),Positive,0.9037,After Covid
3083,547,Business,Economy Class,Boeing 737,3x3,0,2022-12-18,United States,3.0,1.0,1.0,1.0,2.0,1.0,3.0,,,,,,0,Modern (2015-Present),Positive,0.7826,After Covid
3084,547,Couple Leisure,Economy Class,Boeing 737,3x3,1,2022-05-10,United States,1.0,1.0,1.0,1.0,1.0,,,,,,,,0,Modern (2015-Present),Positive,0.6486,After Covid
3085,547,Business,Economy Class,Boeing 737,3x3,1,2022-03-29,United States,1.0,1.0,1.0,1.0,3.0,3.0,3.0,,,,,,0,Modern (2015-Present),Negative,-0.8454,After Covid
3086,547,Leisure,Business Class,Boeing 787,1x2x1,1,2021-07-04,United States,,,,,1.0,2.0,,1.0,2.0,1.0,1.0,2.0,0,Modern (2015-Present),Negative,-0.5829,Covid
3087,547,Business,First Class,Other Aircraft,1x2,1,2021-02-09,United States,,,,,2.0,2.0,,3.0,2.0,3.0,3.0,2.0,1,Modern (2015-Present),Positive,0.9419,Covid
3088,547,Family Leisure,Economy Class,Boeing 767,2x4x2,0,2020-02-24,Poland,4.0,4.0,4.0,4.0,4.0,4.0,5.0,,,,,,1,Modern (2015-Present),Positive,0.765,Covid
3089,547,Business,Business Class,Boeing 737,2x2,1,2020-01-12,Brazil,,,,,1.0,4.0,,1.0,1.0,1.0,1.0,1.0,0,Modern (2015-Present),Positive,0.1298,Covid
3090,547,Couple Leisure,Economy Class,Boeing 757,3x3,1,2019-08-08,United Kingdom,3.0,2.0,3.0,2.0,2.0,,,,,,,,0,Modern (2015-Present),Negative,-0.1511,Pre Covid
3091,547,Leisure,Business Class,Boeing 777,2x2x2,1,2019-06-27,United States,,,,,5.0,5.0,,5.0,5.0,5.0,5.0,4.0,1,Modern (2015-Present),Positive,0.8176,Pre Covid
3092,547,Family Leisure,Premium Economy,Boeing 737,3x3,0,2019-05-12,United States,4.0,2.0,3.0,3.0,2.0,4.0,4.0,,,,,,1,Modern (2015-Present),Positive,0.9446,Pre Covid
3093,547,Business,Premium Economy,Boeing 787,2x3x2,1,2019-03-16,United States,5.0,5.0,5.0,4.0,3.0,3.0,5.0,,,,,,1,Modern (2015-Present),Positive,0.9266,Pre Covid
3094,547,Solo Leisure,Premium Economy,Boeing 777,2x4x2,1,2019-03-03,United States,5.0,5.0,5.0,5.0,4.0,5.0,5.0,,,,,,1,Modern (2015-Present),Positive,0.7506,Pre Covid
3095,547,Couple Leisure,Economy Class,Unknown,3x3,1,2019-01-31,United States,1.0,1.0,1.0,2.0,1.0,,,,,,,,0,Modern (2015-Present),Negative,-0.1849,Pre Covid
3096,547,Family Leisure,Premium Economy,Boeing 757,3x3,1,2018-11-17,United States,3.0,1.0,3.0,2.0,2.0,,,,,,,,1,Modern (2015-Present),Positive,0.9455,Pre Covid
3097,547,Solo Leisure,Premium Economy,Boeing 737,2x2,1,2018-10-23,Canada,2.0,2.0,2.0,2.0,1.0,3.0,1.0,,,,,,0,Modern (2015-Present),Negative,-0.2732,Pre Covid
3098,547,Couple Leisure,Economy Class,Boeing 737,3x3,1,2018-09-19,United States,2.0,1.0,1.0,1.0,1.0,,,,,,,,0,Modern (2015-Present),Negative,-0.5563,Pre Covid
3099,547,Business,Premium Economy,Airbus A320,3x3,1,2018-06-26,United States,4.0,3.0,3.0,3.0,3.0,,,,,,,,1,Modern (2015-Present),Negative,-0.2561,Pre Covid
3100,547,Business,Economy Class,Boeing 777,3x4x3,1,2018-02-09,United States,1.0,1.0,1.0,1.0,4.0,3.0,3.0,,,,,,0,Modern (2015-Present),Negative,-0.3369,Pre Covid
3101,547,Business,Economy Class,Airbus A319,3x3,0,2017-11-13,United States,2.0,2.0,2.0,2.0,2.0,1.0,1.0,,,,,,0,Modern (2015-Present),Positive,0.5994,Pre Covid
3102,547,Couple Leisure,Premium Economy,Boeing 777,3x4x3,0,2017-10-12,United States,3.0,1.0,1.0,1.0,1.0,,,,,,,,0,Modern (2015-Present),Negative,-0.928,Pre Covid
3103,547,Family Leisure,Economy Class,Boeing 767,2x3x2,0,2017-08-31,United Kingdom,2.0,2.0,1.0,1.0,1.0,,,,,,,,0,Modern (2015-Present),Negative,-0.6483,Pre Covid
3104,547,Family Leisure,Premium Economy,Boeing 747,3x4x3,0,2017-08-15,United States,3.0,2.0,2.0,3.0,1.0,1.0,1.0,,,,,,0,Modern (2015-Present),Positive,0.7814,Pre Covid
3105,547,Solo Leisure,Economy Class,Boeing 767,2x3x2,0,2017-05-18,United States,4.0,4.0,4.0,5.0,4.0,,5.0,,,,,,1,Modern (2015-Present),Positive,0.8824,Pre Covid
3106,547,Solo Leisure,Premium Economy,Boeing 747,3x4x3,0,2017-03-16,Argentina,4.0,3.0,4.0,4.0,4.0,4.0,,,,,,,1,Modern (2015-Present),Positive,0.3427,Pre Covid
3107,547,Family Leisure,Economy Class,Boeing 777,3x3x3,0,2017-02-25,New Zealand,1.0,1.0,1.0,1.0,1.0,,,,,,,,0,Modern (2015-Present),Negative,-0.825,Pre Covid
3108,547,Family Leisure,Premium Economy,Boeing 787,3x3x3,0,2017-01-20,United States,3.0,3.0,4.0,4.0,4.0,3.0,2.0,,,,,,1,Modern (2015-Present),Positive,0.9066,Pre Covid
3109,547,Solo Leisure,Economy Class,Unknown,2x2,0,2016-12-17,Canada,4.0,3.0,3.0,4.0,4.0,,,,,,,,1,Modern (2015-Present),Positive,0.867,Pre Covid
3110,547,Solo Leisure,Economy Class,Airbus A320,3x3,0,2016-12-15,United States,1.0,1.0,2.0,2.0,1.0,,,,,,,,0,Modern (2015-Present),Negative,-0.6245,Pre Covid
3111,547,Business,Economy Class,Boeing 737,3x3,0,2016-10-30,United States,1.0,1.0,1.0,1.0,1.0,,,,,,,,0,Modern (2015-Present),Negative,-0.4956,Pre Covid
3112,547,Family Leisure,Economy Class,Boeing 737,3x3,0,2016-10-30,United States,1.0,1.0,1.0,1.0,1.0,,1.0,,,,,,0,Modern (2015-Present),Negative,-0.7427,Pre Covid
3113,547,Business,Economy Class,Boeing 737,3x3,0,2016-09-07,United States,1.0,1.0,1.0,5.0,1.0,,,,,,,,0,Modern (2015-Present),Positive,0.9105,Pre Covid
3114,547,Family Leisure,Economy Class,Boeing 737,3x3,0,2016-06-01,United States,1.0,1.0,1.0,1.0,1.0,1.0,2.0,,,,,,0,Modern (2015-Present),Negative,-0.516,Pre Covid
3115,547,Solo Leisure,Premium Economy,Boeing 747,3x4x3,0,2016-06-01,Canada,1.0,1.0,2.0,1.0,3.0,3.0,1.0,,,,,,0,Modern (2015-Present),Positive,0.523,Pre Covid
3116,547,Couple Leisure,Economy Class,Boeing 777,3x3x3,0,2016-05-18,Vietnam,4.0,4.0,4.0,3.0,3.0,3.0,3.0,,,,,,1,Modern (2015-Present),Positive,0.631,Pre Covid
3117,547,Couple Leisure,Economy Class,Boeing 737,3x3,0,2016-04-25,United States,3.0,1.0,2.0,1.0,2.0,,,,,,,,0,Modern (2015-Present),Positive,0.7257,Pre Covid
3118,547,Business,Premium Economy,Boeing 747,3x4x3,0,2016-04-23,Germany,3.0,2.0,1.0,4.0,2.0,,,,,,,,0,Modern (2015-Present),Positive,0.2732,Pre Covid
3119,547,Family Leisure,Economy Class,Boeing 787,3x3x3,0,2016-03-07,United States,4.0,3.0,4.0,4.0,3.0,5.0,4.0,,,,,,1,Modern (2015-Present),Positive,0.9755,Pre Covid
3120,547,Business,Economy Class,Unknown,2x2,0,2016-02-28,United States,1.0,1.0,1.0,1.0,2.0,,,,,,,,0,Modern (2015-Present),Negative,-0.47,Pre Covid
3121,547,Business,Economy Class,Boeing 737,3x3,0,2016-02-25,United States,1.0,1.0,1.0,1.0,1.0,,2.0,,,,,,0,Modern (2015-Present),Negative,-0.9506,Pre Covid
3122,547,Solo Leisure,Economy Class,Boeing 737,3x3,0,2016-02-12,United States,1.0,1.0,1.0,1.0,1.0,,,,,,,,0,Modern (2015-Present),Positive,0.6815,Pre Covid
3123,547,Business,Economy Class,Boeing 777,3x3x3,0,2016-02-02,United States,4.0,3.0,2.0,1.0,2.0,4.0,3.0,,,,,,0,Modern (2015-Present),Negative,-0.8563,Pre Covid
3124,547,Family Leisure,Economy Class,Boeing 737,3x3,0,2015-12-31,United States,1.0,1.0,1.0,2.0,1.0,,,,,,,,0,Modern (2015-Present),Positive,0.1932,Pre Covid
3125,547,Couple Leisure,Premium Economy,Boeing 737,3x3,0,2015-12-19,United States,3.0,1.0,3.0,3.0,3.0,,,,,,,,0,Modern (2015-Present),Negative,-0.3933,Pre Covid
3126,547,Family Leisure,Economy Class,Boeing 757,3x3,0,2015-11-04,United Kingdom,5.0,5.0,5.0,5.0,5.0,5.0,5.0,,,,,,1,Modern (2015-Present),Positive,0.8555,Pre Covid
3127,547,Solo Leisure,Economy Class,Boeing 737,3x3,0,2015-11-03,United States,2.0,2.0,2.0,3.0,3.0,3.0,,,,,,,0,Modern (2015-Present),Positive,0.8402,Pre Covid
3128,547,Solo Leisure,Economy Class,Boeing 747,3x4x3,0,2015-10-26,United States,1.0,1.0,3.0,1.0,1.0,1.0,1.0,,,,,,0,Modern (2015-Present),Positive,0.1983,Pre Covid
3129,547,Couple Leisure,Premium Economy,Unknown,3x3,0,2015-10-21,United States,1.0,1.0,1.0,1.0,1.0,,,,,,,,0,Modern (2015-Present),Negative,-0.3222,Pre Covid
3130,547,Couple Leisure,Premium Economy,Airbus A320,3x3,0,2015-10-10,United States,1.0,1.0,1.0,1.0,1.0,,,,,,,,0,Modern (2015-Present),Negative,-0.8126,Pre Covid
3131,547,Business,Economy Class,Boeing 737,3x3,0,2015-10-08,Canada,1.0,1.0,1.0,1.0,1.0,4.0,3.0,,,,,,0,Modern (2015-Present),Negative,-0.7935,Pre Covid
3132,547,Business,Economy Class,Boeing 737,3x3,0,2015-10-05,United States,1.0,1.0,1.0,1.0,1.0,,,,,,,,0,Modern (2015-Present),Negative,-0.8968,Pre Covid
3133,547,Couple Leisure,Premium Economy,Airbus A320,3x3,0,2015-10-04,United States,1.0,1.0,1.0,1.0,1.0,,,,,,,,0,Modern (2015-Present),Negative,-0.7906,Pre Covid
3134,547,Solo Leisure,Economy Class,Boeing 737,3x3,0,2015-09-10,United States,1.0,1.0,1.0,1.0,1.0,,,,,,,,0,Modern (2015-Present),Positive,0.4627,Pre Covid
3135,547,Family Leisure,Premium Economy,Boeing 737,3x3,0,2015-09-08,United States,5.0,3.0,4.0,4.0,4.0,5.0,5.0,,,,,,1,Modern (2015-Present),Positive,0.7457,Pre Covid
3136,547,Business,Economy Class,Boeing 747,3x4x3,0,2015-08-06,United Kingdom,2.0,1.0,1.0,2.0,3.0,,1.0,,,,,,0,Modern (2015-Present),Positive,0.987,Pre Covid
3137,547,Family Leisure,Premium Economy,Boeing 767,2x3x2,0,2015-08-02,United States,2.0,4.0,4.0,3.0,2.0,1.0,1.0,,,,,,0,Modern (2015-Present),Negative,-0.2903,Pre Covid
3138,547,Family Leisure,Economy Class,Airbus A320,3x3,0,2015-07-27,United States,1.0,1.0,1.0,1.0,2.0,,,,,,,,0,Modern (2015-Present),Negative,-0.9587,Pre Covid
3139,547,Business,Premium Economy,Boeing 737,3x3,0,2015-07-17,United States,3.0,3.0,2.0,3.0,1.0,5.0,1.0,,,,,,1,Modern (2015-Present),Positive,0.5584,Pre Covid
3140,547,Family Leisure,Premium Economy,Boeing 747,3x4x3,0,2015-07-16,New Zealand,5.0,4.0,5.0,4.0,4.0,,3.0,,,,,,1,Modern (2015-Present),Positive,0.9769,Pre Covid
3141,547,Couple Leisure,Premium Economy,Boeing 787,3x3x3,0,2015-06-30,Brazil,3.0,1.0,1.0,3.0,3.0,3.0,5.0,,,,,,0,Modern (2015-Present),Negative,-0.6581,Pre Covid
3142,547,Couple Leisure,Economy Class,Unknown,2x2,0,2015-06-19,United States,1.0,1.0,1.0,1.0,1.0,,,,,,,,0,Modern (2015-Present),Negative,-0.8264,Pre Covid
3143,547,Unknown,Premium Economy,Boeing 737,3x4x3,0,2015-06-04,United States,3.0,3.0,2.0,3.0,,,1.0,,,,,,0,Modern (2015-Present),Negative,-0.5267,Pre Covid
3144,547,Unknown,Premium Economy,Boeing 787,3x4x3,0,2015-05-31,United States,2.0,1.0,1.0,1.0,,,1.0,,,,,,0,Modern (2015-Present),Negative,-0.8428,Pre Covid
3145,547,Unknown,Premium Economy,Airbus A320,3x3,0,2015-05-30,United States,5.0,1.0,1.0,5.0,,,1.0,,,,,,0,Modern (2015-Present),Positive,0.4417,Pre Covid
3146,547,Unknown,Economy Class,Boeing 787,3x3x3,0,2015-05-30,Australia,2.0,1.0,2.0,2.0,,,1.0,,,,,,0,Modern (2015-Present),Negative,-0.8105,Pre Covid
3147,547,Unknown,Economy Class,Boeing 747,3x4x3,0,2015-05-30,United States,1.0,2.0,1.0,1.0,,,1.0,,,,,,0,Modern (2015-Present),Negative,-0.7547,Pre Covid
3148,547,Unknown,Premium Economy,Boeing 737,3x3,0,2015-05-30,Canada,5.0,3.0,3.0,4.0,,,1.0,,,,,,0,Modern (2015-Present),Negative,-0.3267,Pre Covid
3149,547,Unknown,Premium Economy,Boeing 757,3x3,0,2015-04-02,Germany,2.0,1.0,3.0,3.0,,,4.0,,,,,,0,Modern (2015-Present),Negative,-0.862,Pre Covid
3150,547,Unknown,Economy Class,Unknown,1x2,0,2015-03-29,United States,1.0,1.0,1.0,1.0,,,1.0,,,,,,0,Modern (2015-Present),Negative,-0.8851,Pre Covid
3151,547,Unknown,Economy Class,Airbus A320,3x3,0,2015-03-01,United States,1.0,1.0,2.0,1.0,,,1.0,,,,,,0,Modern (2015-Present),Positive,0.9338,Pre Covid
3152,547,Unknown,Premium Economy,Airbus A319,3x3,0,2015-02-04,United States,5.0,4.0,2.0,4.0,,,1.0,,,,,,0,Modern (2015-Present),Positive,0.0788,Pre Covid
3153,547,Unknown,Premium Economy,Boeing 747,3x4x3,0,2015-01-28,Norway,1.0,1.0,1.0,1.0,,,1.0,,,,,,0,Modern (2015-Present),Neutral,-0.0,Pre Covid
3154,547,Unknown,Premium Economy,Boeing 737,3x3,0,2015-01-28,United States,1.0,1.0,1.0,1.0,,,1.0,,,,,,0,Modern (2015-Present),Negative,-0.9756,Pre Covid
3155,547,Unknown,Economy Class,Boeing 767,2x3x2,0,2014-11-19,Germany,3.0,2.0,4.0,4.0,,,2.0,,,,,,1,Historical (Pre-2015),Positive,0.5959,Pre Covid
3156,547,Unknown,Economy Class,Airbus A320,3x4x3,0,2014-11-19,United States,2.0,2.0,2.0,3.0,,,1.0,,,,,,0,Historical (Pre-2015),Positive,0.9217,Pre Covid
3157,547,Unknown,Premium Economy,Other Aircraft,2x2,0,2014-11-19,United States,4.0,3.0,2.0,4.0,,,1.0,,,,,,1,Historical (Pre-2015),Positive,0.875,Pre Covid
3158,547,Unknown,Economy Class,Boeing 737,3x3,0,2014-11-19,United States,1.0,2.0,1.0,1.0,,,1.0,,,,,,0,Historical (Pre-2015),Negative,-0.7684,Pre Covid
3159,547,Unknown,Economy Class,Unknown,2x2,0,2014-11-19,United States,1.0,2.0,2.0,1.0,,,1.0,,,,,,0,Historical (Pre-2015),Positive,0.223,Pre Covid
3160,547,Unknown,Premium Economy,Boeing 777,3x3x3,0,2014-11-19,Hong Kong,1.0,1.0,1.0,1.0,,,1.0,,,,,,0,Historical (Pre-2015),Negative,-0.3203,Pre Covid
3161,547,Unknown,Premium Economy,Boeing 777,3x4x3,0,2014-11-19,United States,4.0,2.0,2.0,2.0,,,3.0,,,,,,0,Historical (Pre-2015),Negative,-0.9308,Pre Covid
3162,547,Unknown,Economy Class,Airbus A320,3x3,0,2014-08-02,United States,1.0,1.0,1.0,1.0,,,1.0,,,,,,0,Historical (Pre-2015),Positive,0.3818,Pre Covid
3163,547,Unknown,Economy Class,Boeing 747,3x4x3,0,2014-07-25,Thailand,1.0,2.0,2.0,1.0,,,1.0,,,,,,0,Historical (Pre-2015),Negative,-0.6809,Pre Covid
3164,547,Unknown,Premium Economy,Boeing 777,3x3x3,0,2014-07-25,United States,4.0,2.0,1.0,2.0,,,3.0,,,,,,1,Historical (Pre-2015),Positive,0.0534,Pre Covid
3165,547,Unknown,Economy Class,Unknown,2x2,0,2014-07-25,United States,1.0,1.0,1.0,1.0,,,1.0,,,,,,0,Historical (Pre-2015),Negative,-0.6786,Pre Covid
3166,547,Unknown,Premium Economy,Unknown,2x2,0,2014-03-11,United States,5.0,3.0,3.0,3.0,,,1.0,,,,,,1,Historical (Pre-2015),Positive,0.8375,Pre Covid
3167,547,Unknown,Economy Class,Boeing 757,3x3,0,2014-03-11,United Kingdom,1.0,3.0,2.0,1.0,,,4.0,,,,,,0,Historical (Pre-2015),Positive,0.5916,Pre Covid
3168,547,Unknown,Economy Class,Airbus A320,3x3,0,2014-01-13,Canada,1.0,2.0,2.0,1.0,,,1.0,,,,,,0,Historical (Pre-2015),Positive,0.7071,Pre Covid
3169,547,Unknown,Premium Economy,Airbus A320,3x3,0,2014-01-13,United States,3.0,1.0,3.0,2.0,,,1.0,,,,,,0,Historical (Pre-2015),Negative,-0.9592,Pre Covid
3170,547,Unknown,Economy Class,Airbus A320,3x3,0,2013-10-12,United States,1.0,1.0,1.0,1.0,,,1.0,,,,,,0,Historical (Pre-2015),Positive,0.2023,Pre Covid
3171,547,Unknown,Premium Economy,Airbus A320,3x3,0,2013-10-12,United States,1.0,2.0,2.0,2.0,,,4.0,,,,,,0,Historical (Pre-2015),Negative,-0.5766,Pre Covid
3172,547,Unknown,Premium Economy,Boeing 757,3x3,0,2013-10-12,United States,5.0,5.0,4.0,5.0,,,5.0,,,,,,1,Historical (Pre-2015),Positive,0.6124,Pre Covid
3173,547,Unknown,Economy Class,Unknown,2x2,0,2013-10-12,Australia,4.0,3.0,4.0,4.0,,,,,,,,,1,Historical (Pre-2015),Positive,0.7798,Pre Covid
3174,547,Unknown,Economy Class,Unknown,1x2,0,2013-10-12,Australia,4.0,4.0,5.0,5.0,,,,,,,,,1,Historical (Pre-2015),Negative,-0.2244,Pre Covid
3175,547,Unknown,Economy Class,Boeing 757,3x3,0,2013-02-15,Japan,3.0,3.0,3.0,3.0,,,5.0,,,,,,1,Historical (Pre-2015),Positive,0.8869,Pre Covid
3176,547,Unknown,Economy Class,Boeing 737,3x3,0,2013-01-01,United States,2.0,2.0,1.0,1.0,,,2.0,,,,,,0,Historical (Pre-2015),Negative,-0.92,Pre Covid
3177,547,Unknown,Economy Class,Boeing 747,3x4x3,0,2011-07-10,United States,5.0,4.0,4.0,4.0,,,3.0,,,,,,1,Historical (Pre-2015),Positive,0.7906,Pre Covid
3178,547,Unknown,Premium Economy,Boeing 777,2x4x2,0,2010-06-30,United States,2.0,3.0,3.0,3.0,,,1.0,,,,,,0,Historical (Pre-2015),Positive,0.7065,Pre Covid
3181,557,Solo Leisure,Economy Class,Airbus A319,3x3,0,2015-12-22,Germany,5.0,3.0,3.0,3.0,3.0,1.0,5.0,,,,,,1,Modern (2015-Present),Positive,0.9636,Pre Covid
3182,557,Unknown,Economy Class,Airbus A320,3x3x2,0,2014-03-03,United States,4.0,4.0,4.0,4.0,,,5.0,,,,,,1,Historical (Pre-2015),Negative,-0.3815,Pre Covid
3183,557,Unknown,Economy Class,Airbus A320,3x3,0,2013-10-12,United States,1.0,1.0,3.0,1.0,,,1.0,,,,,,0,Historical (Pre-2015),Positive,0.6724,Pre Covid
3184,555,Couple Leisure,Economy Class,Airbus A320,3x3,1,2023-04-13,Canada,2.0,2.0,3.0,2.0,2.0,,,,,,,,1,Modern (2015-Present),Negative,-0.6705,After Covid
3185,555,Solo Leisure,Economy Class,Airbus A321,3x3,1,2021-01-29,Vietnam,2.0,3.0,4.0,5.0,3.0,1.0,1.0,,,,,,1,Modern (2015-Present),Negative,-0.3421,Covid
3186,555,Couple Leisure,Economy Class,Airbus A320,3x3,0,2016-02-19,Canada,4.0,3.0,4.0,4.0,4.0,,,,,,,,1,Modern (2015-Present),Positive,0.8826,Pre Covid
3187,550,Couple Leisure,Economy Class,Boeing 757,3x3,0,2018-03-01,United Kingdom,1.0,1.0,1.0,1.0,3.0,,1.0,,,,,,0,Modern (2015-Present),Negative,-0.3919,Pre Covid
3188,534,Unknown,Economy Class,Unknown,2x5x2,0,2010-07-17,United States,3.0,3.0,3.0,3.0,,,2.0,,,,,,0,Historical (Pre-2015),Positive,0.4749,Pre Covid
3189,556,Couple Leisure,Economy Class,Airbus A321,3x3,1,2019-04-03,Taiwan,5.0,2.0,2.0,5.0,1.0,,,,,,,,0,Modern (2015-Present),Negative,-0.4713,Pre Covid
3190,556,Solo Leisure,Economy Class,Airbus A321,3x3,0,2017-08-25,Japan,3.0,2.0,3.0,2.0,2.0,,1.0,,,,,,1,Modern (2015-Present),Negative,-0.3597,Pre Covid
3191,556,Family Leisure,Economy Class,Airbus A321,3x3,0,2017-08-24,Japan,3.0,3.0,3.0,2.0,1.0,,1.0,,,,,,1,Modern (2015-Present),Positive,0.1531,Pre Covid
3192,556,Solo Leisure,Economy Class,Airbus A321,3x3,0,2017-08-21,Japan,3.0,3.0,3.0,2.0,3.0,,1.0,,,,,,1,Modern (2015-Present),Negative,-0.5719,Pre Covid
3193,556,Solo Leisure,Economy Class,Boeing 787,3x3x3,0,2017-08-21,Japan,5.0,4.0,5.0,4.0,5.0,5.0,5.0,,,,,,1,Modern (2015-Present),Positive,0.9565,Pre Covid
3194,556,Solo Leisure,Economy Class,Airbus A321,3x3,0,2017-01-08,United States,3.0,3.0,2.0,2.0,2.0,,,,,,,,1,Modern (2015-Present),Positive,0.5785,Pre Covid
3195,556,Family Leisure,Premium Economy,Boeing 787,2x3x2,0,2016-08-07,Vietnam,5.0,5.0,5.0,5.0,5.0,5.0,5.0,,,,,,1,Modern (2015-Present),Positive,0.7346,Pre Covid
3196,556,Family Leisure,Economy Class,Boeing 787,3x3x3,0,2016-07-09,Norway,5.0,4.0,4.0,4.0,4.0,5.0,5.0,,,,,,1,Modern (2015-Present),Positive,0.8928,Pre Covid
3197,556,Solo Leisure,Premium Economy,Boeing 787,2x3x2,0,2016-04-19,Vietnam,5.0,5.0,5.0,5.0,5.0,5.0,5.0,,,,,,1,Modern (2015-Present),Positive,0.9003,Pre Covid
3198,556,Family Leisure,Premium Economy,Boeing 787,2x2x2,0,2015-11-05,Vietnam,5.0,4.0,5.0,4.0,5.0,4.0,4.0,,,,,,1,Modern (2015-Present),Positive,0.8442,Pre Covid
3199,556,Business,Economy Class,Airbus A330,2x4x2,0,2015-09-08,Cambodia,4.0,3.0,3.0,3.0,3.0,,2.0,,,,,,1,Modern (2015-Present),Positive,0.5106,Pre Covid
3201,528,Couple Leisure,Economy Class,Airbus A320,3x3,0,2016-11-26,United States,1.0,1.0,3.0,3.0,3.0,,,,,,,,1,Modern (2015-Present),Positive,0.9444,Pre Covid
3202,528,Solo Leisure,Economy Class,Airbus A320,3x3,0,2015-09-17,Singapore,3.0,4.0,4.0,3.0,3.0,,,,,,,,1,Modern (2015-Present),Positive,0.5158,Pre Covid
3203,528,Solo Leisure,Economy Class,Airbus A320,3x3,0,2015-07-10,Australia,4.0,1.0,4.0,4.0,3.0,,,,,,,,1,Modern (2015-Present),Positive,0.93,Pre Covid
3204,528,Unknown,Economy Class,Airbus A320,3x3,0,2013-02-28,Australia,3.0,4.0,4.0,3.0,,,,,,,,,1,Historical (Pre-2015),Positive,0.9664,Pre Covid
3205,560,Leisure,Business Class,Airbus A321,2x2,1,2022-01-06,India,,,,,4.0,4.0,,4.0,4.0,4.0,5.0,4.0,1,Modern (2015-Present),Positive,0.4019,After Covid
3206,560,Leisure,Business Class,Airbus A321,2x2,1,2021-08-29,India,,,,,4.0,5.0,,5.0,5.0,4.0,5.0,4.0,1,Modern (2015-Present),Positive,0.9809,Covid
3207,560,Solo Leisure,Premium Economy,Airbus A320,3x3,1,2020-02-06,United States,5.0,5.0,5.0,5.0,5.0,,,,,,,,1,Modern (2015-Present),Positive,0.6808,Covid
3208,560,Business,Economy Class,Airbus A320,3x3,0,2017-07-05,India,5.0,5.0,5.0,5.0,5.0,,,,,,,,1,Modern (2015-Present),Positive,0.9403,Pre Covid
3209,560,Business,Economy Class,Airbus A320,3x3,0,2016-10-03,India,5.0,5.0,5.0,5.0,4.0,,,,,,,,1,Modern (2015-Present),Positive,0.5106,Pre Covid
3210,560,Solo Leisure,Premium Economy,Airbus A320,unknown,0,2016-09-25,India,5.0,5.0,5.0,5.0,5.0,,,,,,,,1,Modern (2015-Present),Positive,0.9062,Pre Covid
3211,560,Solo Leisure,Economy Class,Airbus A320,3x3,0,2016-07-17,India,4.0,4.0,4.0,3.0,3.0,,,,,,,,1,Modern (2015-Present),Positive,0.9272,Pre Covid
3212,560,Family Leisure,Economy Class,Airbus A320,3x3,0,2016-05-22,United Kingdom,5.0,3.0,4.0,2.0,5.0,,,,,,,,1,Modern (2015-Present),Positive,0.7003,Pre Covid
3213,560,Family Leisure,Premium Economy,Airbus A320,unknown,0,2016-05-12,India,5.0,5.0,5.0,5.0,5.0,5.0,,,,,,,1,Modern (2015-Present),Positive,0.9381,Pre Covid
3214,560,Solo Leisure,Premium Economy,Airbus A320,3x3,0,2016-02-24,United Kingdom,5.0,5.0,5.0,5.0,4.0,,,,,,,,1,Modern (2015-Present),Positive,0.9682,Pre Covid
3215,565,Family Leisure,Economy Class,Boeing 717,3x2,1,2019-08-16,Switzerland,5.0,4.0,4.0,5.0,1.0,,,,,,,,1,Modern (2015-Present),Positive,0.7964,Pre Covid
3216,565,Couple Leisure,Economy Class,Boeing 717,2x3,0,2017-06-11,Greece,5.0,5.0,5.0,5.0,5.0,,,,,,,,1,Modern (2015-Present),Positive,0.2023,Pre Covid
3217,559,Family Leisure,Economy Class,Boeing 737,3x3,1,2023-08-11,Australia,1.0,2.0,1.0,2.0,3.0,,,,,,,,0,Modern (2015-Present),Negative,-0.6013,After Covid
3218,559,Business,Economy Class,Boeing 737,3x3,1,2022-08-07,Australia,2.0,1.0,1.0,1.0,1.0,1.0,1.0,,,,,,0,Modern (2015-Present),Negative,-0.2539,After Covid
3219,559,Business,Business Class,Boeing 737,2x2,1,2019-09-23,Australia,,,,,4.0,5.0,,4.0,4.0,4.0,4.0,3.0,1,Modern (2015-Present),Positive,0.9524,Pre Covid
3220,559,Couple Leisure,Economy Class,Boeing 737,3x3,0,2017-08-27,Australia,1.0,3.0,2.0,1.0,1.0,,,,,,,,0,Modern (2015-Present),Positive,0.4767,Pre Covid
3221,559,Couple Leisure,Economy Class,Boeing 737,3x3,0,2017-08-24,Slovakia,1.0,1.0,2.0,3.0,3.0,,,,,,,,0,Modern (2015-Present),Positive,0.8625,Pre Covid
3222,559,Couple Leisure,Premium Economy,Boeing 777,2x4x2,0,2017-05-02,Australia,4.0,3.0,5.0,4.0,3.0,4.0,3.0,,,,,,1,Modern (2015-Present),Positive,0.9845,Pre Covid
3223,559,Solo Leisure,Economy Class,Boeing 737,3x3,0,2017-01-20,United States,3.0,2.0,3.0,3.0,3.0,,,,,,,,1,Modern (2015-Present),Neutral,0.0,Pre Covid
3224,559,Couple Leisure,Premium Economy,Boeing 777,2x4x2,0,2015-12-22,Australia,4.0,4.0,4.0,3.0,3.0,4.0,4.0,,,,,,1,Modern (2015-Present),Positive,0.9838,Pre Covid
3225,559,Solo Leisure,Economy Class,Boeing 737,3x3,0,2015-11-26,United States,1.0,1.0,1.0,1.0,3.0,,,,,,,,0,Modern (2015-Present),Negative,-0.9051,Pre Covid
3226,559,Solo Leisure,Premium Economy,Boeing 737,unknown,0,2015-11-23,Australia,1.0,3.0,2.0,1.0,2.0,,,,,,,,0,Modern (2015-Present),Positive,0.9147,Pre Covid
3227,559,Solo Leisure,Economy Class,Other Aircraft,2x2,0,2015-10-29,Australia,4.0,4.0,5.0,5.0,3.0,,,,,,,,1,Modern (2015-Present),Positive,0.7003,Pre Covid
3228,559,Unknown,Premium Economy,Boeing 737,3x3,0,2015-01-28,Australia,4.0,2.0,4.0,2.0,,,1.0,,,,,,1,Modern (2015-Present),Positive,0.7003,Pre Covid
3229,559,Unknown,Premium Economy,Boeing 777,3x3,0,2014-01-13,Australia,4.0,1.0,5.0,4.0,,,1.0,,,,,,1,Historical (Pre-2015),Positive,0.394,Pre Covid
3230,559,Unknown,Premium Economy,Boeing 777,2x4x2,0,2013-01-18,United States,5.0,5.0,4.0,4.0,,,4.0,,,,,,1,Historical (Pre-2015),Positive,0.9977,Pre Covid
3231,559,Unknown,Economy Class,Boeing 777,3x3x3,0,2011-09-19,Australia,5.0,5.0,4.0,4.0,,,4.0,,,,,,1,Historical (Pre-2015),Neutral,-0.0129,Pre Covid
3232,559,Unknown,Premium Economy,Unknown,2x4x2,0,2010-11-20,Australia,4.0,3.0,4.0,4.0,,,4.0,,,,,,0,Historical (Pre-2015),Positive,0.3581,Pre Covid
3233,569,Leisure,Business Class,Airbus A330,2x2x2,0,2024-07-27,United States,,,,,3.0,,,5.0,3.0,5.0,5.0,2.0,0,Modern (2015-Present),Positive,0.7321,After Covid
3234,570,Family Leisure,Economy Class,Boeing 737,3x3,1,2025-12-19,Canada,1.0,1.0,1.0,1.0,1.0,1.0,1.0,,,,,,0,Modern (2015-Present),Negative,-0.8792,After Covid
3235,570,Family Leisure,Economy Class,Boeing 737,3x3,0,2024-10-14,Canada,1.0,1.0,1.0,1.0,1.0,,,,,,,,0,Modern (2015-Present),Negative,-0.9405,After Covid
3236,570,Couple Leisure,Economy Class,Boeing 737,3x3,0,2024-06-21,United States,1.0,1.0,1.0,1.0,1.0,,,,,,,,0,Modern (2015-Present),Negative,-0.8479,After Covid
3237,570,Couple Leisure,Economy Class,Boeing 737,3x3,0,2024-05-13,Canada,1.0,1.0,2.0,2.0,1.0,,,,,,,,0,Modern (2015-Present),Negative,-0.517,After Covid
3238,570,Couple Leisure,Economy Class,Boeing 787,3x3x3,1,2023-10-19,United Kingdom,1.0,3.0,1.0,3.0,3.0,5.0,4.0,,,,,,0,Modern (2015-Present),Positive,0.6124,After Covid
3239,570,Solo Leisure,Economy Class,Boeing 737,3x3,1,2020-01-09,Canada,1.0,1.0,1.0,1.0,2.0,,,,,,,,0,Modern (2015-Present),Positive,0.5905,Covid
3240,570,Solo Leisure,Economy Class,Unknown,2x2,1,2019-08-18,Canada,1.0,1.0,1.0,1.0,5.0,,,,,,,,0,Modern (2015-Present),Positive,0.2748,Pre Covid
3241,570,Solo Leisure,Premium Economy,Boeing 767,2x2x2,0,2019-06-17,Canada,5.0,4.0,4.0,3.0,4.0,4.0,,,,,,,1,Modern (2015-Present),Positive,0.9091,Pre Covid
3242,570,Business,Economy Class,Boeing 737,3x3,0,2019-05-12,Canada,1.0,1.0,4.0,3.0,2.0,5.0,,,,,,,0,Modern (2015-Present),Positive,0.5267,Pre Covid
3243,570,Family Leisure,Economy Class,Boeing 737,3x3,1,2019-03-28,Canada,3.0,2.0,3.0,2.0,1.0,2.0,1.0,,,,,,0,Modern (2015-Present),Positive,0.9625,Pre Covid
3244,570,Solo Leisure,Economy Class,Unknown,2x2,1,2018-12-17,Canada,1.0,1.0,1.0,1.0,1.0,,,,,,,,0,Modern (2015-Present),Negative,-0.8099,Pre Covid
3245,570,Family Leisure,Premium Economy,Boeing 737,2x2,0,2017-08-25,Canada,5.0,4.0,3.0,3.0,4.0,5.0,5.0,,,,,,1,Modern (2015-Present),Positive,0.9186,Pre Covid
3246,570,Solo Leisure,Premium Economy,Boeing 737,2x2,0,2016-11-15,Canada,4.0,5.0,5.0,5.0,4.0,,3.0,,,,,,1,Modern (2015-Present),Positive,0.9754,Pre Covid
3247,570,Solo Leisure,Premium Economy,Boeing 737,2x2,0,2016-11-13,Canada,5.0,5.0,5.0,5.0,5.0,5.0,,,,,,,1,Modern (2015-Present),Negative,-0.296,Pre Covid
3248,570,Couple Leisure,Premium Economy,Boeing 737,3x3,0,2016-01-31,Canada,3.0,1.0,2.0,2.0,1.0,1.0,1.0,,,,,,0,Modern (2015-Present),Positive,0.8953,Pre Covid
3249,573,Family Leisure,Economy Class,Boeing 737,3x3,1,2019-02-07,Venezuela,4.0,1.0,4.0,4.0,4.0,,,,,,,,1,Modern (2015-Present),Positive,0.8176,Pre Covid
3250,535,Business,Economy Class,Boeing 737,3x3,1,2023-05-24,Germany,4.0,2.0,3.0,2.0,1.0,,,,,,,,1,Modern (2015-Present),Positive,0.8221,After Covid
3251,535,Solo Leisure,Economy Class,Boeing 737,3x3,0,2017-08-11,Netherlands,1.0,3.0,2.0,3.0,3.0,,,,,,,,0,Modern (2015-Present),Negative,-0.1179,Pre Covid
3252,558,Couple Leisure,Economy Class,Boeing 787,3x3x3,1,2025-11-04,United Kingdom,1.0,2.0,1.0,2.0,1.0,1.0,3.0,,,,,,0,Modern (2015-Present),Negative,-0.7645,After Covid
3253,558,Business,Economy Class,Airbus A330,2x4x2,1,2025-06-23,United States,4.0,4.0,5.0,4.0,4.0,5.0,5.0,,,,,,1,Modern (2015-Present),Positive,0.8689,After Covid
3254,558,Business,Business Class,Boeing 787,1x1x1,1,2024-10-29,India,,,,,2.0,3.0,,1.0,1.0,1.0,2.0,1.0,0,Modern (2015-Present),Negative,-0.9085,After Covid
3255,558,Business,Business Class,Airbus A330,1x2x1,0,2024-08-11,United States,,,,,1.0,1.0,,2.0,2.0,1.0,2.0,1.0,0,Modern (2015-Present),Negative,-0.8922,After Covid
3256,558,Couple Leisure,Premium Economy,Airbus A330,2x4x2,1,2022-01-06,United Kingdom,4.0,3.0,3.0,3.0,1.0,,2.0,,,,,,0,Modern (2015-Present),Positive,0.3624,After Covid
3257,558,Leisure,Business Class,Airbus A350,1x2x1,1,2022-01-01,United States,,,,,3.0,5.0,,5.0,4.0,5.0,5.0,4.0,1,Modern (2015-Present),Positive,0.9766,After Covid
3258,558,Leisure,Business Class,Boeing 787,1x1x1,1,2021-12-31,United States,,,,,3.0,1.0,,5.0,5.0,5.0,5.0,1.0,1,Modern (2015-Present),Positive,0.9134,Covid
3259,558,Solo Leisure,Premium Economy,Boeing 787,2x3x2,1,2021-01-27,United Kingdom,5.0,4.0,4.0,5.0,3.0,5.0,3.0,,,,,,1,Modern (2015-Present),Positive,0.5346,Covid
3260,558,Family Leisure,Premium Economy,Boeing 747,2x4x2,0,2019-09-07,United Kingdom,1.0,1.0,1.0,1.0,1.0,1.0,1.0,,,,,,0,Modern (2015-Present),Negative,-0.7906,Pre Covid
3261,558,Couple Leisure,Premium Economy,Airbus A340,2x4x2,0,2019-05-31,United States,2.0,2.0,1.0,3.0,3.0,3.0,3.0,,,,,,0,Modern (2015-Present),Negative,-0.1508,Pre Covid
3262,558,Family Leisure,Premium Economy,Boeing 747,3x4x3,1,2019-03-30,United Kingdom,5.0,2.0,4.0,5.0,4.0,5.0,5.0,,,,,,1,Modern (2015-Present),Negative,-0.9376,Pre Covid
3263,558,Couple Leisure,Premium Economy,Boeing 747,2x2,0,2018-12-30,United Kingdom,2.0,1.0,5.0,5.0,4.0,4.0,4.0,,,,,,1,Modern (2015-Present),Positive,0.921,Pre Covid
3264,558,Couple Leisure,Economy Class,Boeing 747,3x4x3,1,2018-09-20,United Kingdom,5.0,1.0,1.0,4.0,2.0,,4.0,,,,,,0,Modern (2015-Present),Neutral,0.0,Pre Covid
3265,558,Family Leisure,Economy Class,Boeing 787,3x3x3,0,2018-08-18,United Kingdom,2.0,2.0,2.0,3.0,3.0,2.0,3.0,,,,,,0,Modern (2015-Present),Negative,-0.8737,Pre Covid
3266,558,Solo Leisure,Economy Class,Airbus A330,2x4x2,0,2017-07-20,United Kingdom,4.0,3.0,2.0,3.0,3.0,3.0,4.0,,,,,,0,Modern (2015-Present),Negative,-0.6803,Pre Covid
3267,558,Couple Leisure,Economy Class,Boeing 787,3x3x3,0,2017-03-30,United Kingdom,2.0,1.0,2.0,1.0,1.0,,1.0,,,,,,0,Modern (2015-Present),Positive,0.2826,Pre Covid
3268,558,Business,Premium Economy,Airbus A340,2x3x2,0,2017-03-26,United States,3.0,3.0,3.0,3.0,4.0,1.0,2.0,,,,,,1,Modern (2015-Present),Positive,0.9771,Pre Covid
3269,558,Family Leisure,Economy Class,Boeing 787,3x3x3,0,2017-02-28,United Kingdom,1.0,1.0,1.0,1.0,1.0,2.0,1.0,,,,,,0,Modern (2015-Present),Negative,-0.7501,Pre Covid
3270,558,Couple Leisure,Economy Class,Airbus A330,2x4x2,0,2017-02-22,United Kingdom,1.0,2.0,2.0,3.0,1.0,,1.0,,,,,,0,Modern (2015-Present),Negative,-0.914,Pre Covid
3271,558,Couple Leisure,Economy Class,Boeing 787,3x3x3,0,2016-11-28,United Kingdom,2.0,3.0,1.0,1.0,3.0,4.0,2.0,,,,,,0,Modern (2015-Present),Negative,-0.9403,Pre Covid
3272,558,Family Leisure,Economy Class,Boeing 747,3x4x3,0,2016-10-18,United Kingdom,1.0,1.0,1.0,1.0,1.0,,,,,,,,0,Modern (2015-Present),Neutral,0.0276,Pre Covid
3273,558,Couple Leisure,Economy Class,Boeing 747,3x4x3,0,2016-10-17,United Kingdom,2.0,2.0,1.0,3.0,1.0,1.0,3.0,,,,,,0,Modern (2015-Present),Positive,0.886,Pre Covid
3274,558,Family Leisure,Premium Economy,Boeing 747,2x2,0,2016-08-29,United Kingdom,4.0,4.0,4.0,4.0,4.0,4.0,4.0,,,,,,0,Modern (2015-Present),Positive,0.3818,Pre Covid
3275,558,Couple Leisure,Economy Class,Boeing 787,3x3x3,0,2016-07-25,United Kingdom,2.0,2.0,2.0,2.0,2.0,,2.0,,,,,,0,Modern (2015-Present),Negative,-0.598,Pre Covid
3276,558,Couple Leisure,Economy Class,Airbus A340,2x4x2,0,2016-06-14,United Kingdom,1.0,2.0,2.0,3.0,1.0,,2.0,,,,,,0,Modern (2015-Present),Positive,0.3436,Pre Covid
3277,558,Couple Leisure,Economy Class,Airbus A330,2x4x2,0,2016-05-01,United States,1.0,1.0,2.0,1.0,3.0,,1.0,,,,,,0,Modern (2015-Present),Positive,0.3182,Pre Covid
3278,558,Couple Leisure,Premium Economy,Boeing 787,2x4x2,0,2016-03-30,United Kingdom,4.0,4.0,4.0,4.0,4.0,4.0,4.0,,,,,,0,Modern (2015-Present),Negative,-0.9526,Pre Covid
3279,558,Couple Leisure,Economy Class,Boeing 747,3x4x3,0,2016-03-25,United Kingdom,1.0,1.0,1.0,2.0,3.0,,,,,,,,0,Modern (2015-Present),Negative,-0.9125,Pre Covid
3280,558,Solo Leisure,Economy Class,Boeing 787,3x3x3,0,2016-03-04,United Kingdom,1.0,2.0,1.0,2.0,1.0,4.0,3.0,,,,,,0,Modern (2015-Present),Negative,-0.9114,Pre Covid
3281,558,Couple Leisure,Economy Class,Boeing 787,3x3x3,0,2016-02-19,United Kingdom,1.0,2.0,1.0,1.0,1.0,,3.0,,,,,,0,Modern (2015-Present),Negative,-0.9371,Pre Covid
3282,558,Couple Leisure,Economy Class,Airbus A340,2x4x2,0,2016-01-30,United Kingdom,2.0,2.0,1.0,2.0,1.0,4.0,4.0,,,,,,0,Modern (2015-Present),Positive,0.4891,Pre Covid
3283,558,Couple Leisure,Economy Class,Airbus A340,2x4x2,0,2016-01-10,United Kingdom,5.0,3.0,1.0,4.0,3.0,,2.0,,,,,,0,Modern (2015-Present),Negative,-0.6751,Pre Covid
3284,558,Business,Economy Class,Boeing 747,3x4x3,0,2016-01-09,United Kingdom,1.0,1.0,1.0,1.0,2.0,1.0,2.0,,,,,,0,Modern (2015-Present),Negative,-0.2147,Pre Covid
3285,558,Family Leisure,Economy Class,Boeing 747,3x4x3,0,2015-12-23,United Kingdom,1.0,1.0,3.0,3.0,3.0,,1.0,,,,,,0,Modern (2015-Present),Negative,-0.9612,Pre Covid
3286,558,Couple Leisure,Premium Economy,Airbus A340,2x3x2,0,2015-12-20,United Kingdom,4.0,4.0,5.0,4.0,3.0,,4.0,,,,,,1,Modern (2015-Present),Positive,0.9636,Pre Covid
3287,558,Family Leisure,Economy Class,Boeing 747,3x4x3,0,2015-12-12,United Kingdom,1.0,2.0,2.0,2.0,1.0,1.0,1.0,,,,,,0,Modern (2015-Present),Negative,-0.9758,Pre Covid
3288,558,Solo Leisure,Economy Class,Airbus A330,2x4x2,0,2015-12-12,United States,1.0,2.0,1.0,3.0,3.0,4.0,4.0,,,,,,1,Modern (2015-Present),Positive,0.6444,Pre Covid
3289,558,Couple Leisure,Economy Class,Boeing 747,3x4x3,0,2015-12-01,United Kingdom,3.0,1.0,3.0,2.0,2.0,,1.0,,,,,,1,Modern (2015-Present),Positive,0.823,Pre Covid
3290,558,Couple Leisure,Premium Economy,Boeing 747,2x4x2,0,2015-11-25,United Kingdom,2.0,3.0,3.0,3.0,3.0,4.0,4.0,,,,,,0,Modern (2015-Present),Neutral,0.0,Pre Covid
3291,558,Couple Leisure,Premium Economy,Boeing 747,2x2,0,2015-11-21,United Kingdom,4.0,4.0,5.0,5.0,4.0,,5.0,,,,,,1,Modern (2015-Present),Positive,0.91,Pre Covid
3292,558,Couple Leisure,Premium Economy,Boeing 747,2x4x2,0,2015-11-06,United Kingdom,1.0,2.0,3.0,3.0,2.0,,2.0,,,,,,0,Modern (2015-Present),Negative,-0.7398,Pre Covid
3293,558,Couple Leisure,Economy Class,Boeing 747,3x4x3,0,2015-10-14,United Kingdom,3.0,2.0,1.0,3.0,3.0,4.0,4.0,,,,,,0,Modern (2015-Present),Negative,-0.9576,Pre Covid
3294,558,Solo Leisure,Premium Economy,Boeing 787,2x3x2,0,2015-10-11,New Zealand,3.0,2.0,4.0,4.0,3.0,4.0,4.0,,,,,,1,Modern (2015-Present),Positive,0.8517,Pre Covid
3295,558,Solo Leisure,Economy Class,Boeing 747,3x3,0,2015-10-03,New Zealand,3.0,3.0,1.0,2.0,1.0,2.0,2.0,,,,,,0,Modern (2015-Present),Negative,-0.5429,Pre Covid
3296,558,Business,Economy Class,Airbus A340,2x4x2,0,2015-09-30,United States,1.0,2.0,2.0,1.0,2.0,,3.0,,,,,,0,Modern (2015-Present),Positive,0.3147,Pre Covid
3297,558,Couple Leisure,Economy Class,Boeing 747,3x4x3,0,2015-09-27,Ireland,1.0,1.0,1.0,1.0,1.0,2.0,3.0,,,,,,0,Modern (2015-Present),Negative,-0.8402,Pre Covid
3298,558,Couple Leisure,Economy Class,Boeing 747,2x4x2,0,2015-09-22,United Kingdom,1.0,2.0,2.0,2.0,2.0,,2.0,,,,,,1,Modern (2015-Present),Negative,-0.8214,Pre Covid
3299,558,Family Leisure,Economy Class,Boeing 747,3x3,0,2015-09-20,United Kingdom,5.0,5.0,5.0,4.0,5.0,,5.0,,,,,,1,Modern (2015-Present),Positive,0.9794,Pre Covid
3300,558,Solo Leisure,Premium Economy,Boeing 747,2x4x2,0,2015-09-08,United States,5.0,5.0,5.0,4.0,5.0,,5.0,,,,,,1,Modern (2015-Present),Positive,0.718,Pre Covid
3301,558,Solo Leisure,Economy Class,Airbus A340,2x4x2,0,2015-09-01,United States,1.0,1.0,1.0,1.0,3.0,3.0,2.0,,,,,,0,Modern (2015-Present),Negative,-0.6901,Pre Covid
3302,558,Couple Leisure,Premium Economy,Boeing 747,2x4x2,0,2015-08-26,United Kingdom,4.0,4.0,4.0,4.0,4.0,,4.0,,,,,,1,Modern (2015-Present),Positive,0.9423,Pre Covid
3303,558,Couple Leisure,Premium Economy,Boeing 747,2x4x2,0,2015-08-12,United Kingdom,1.0,1.0,3.0,2.0,2.0,1.0,2.0,,,,,,0,Modern (2015-Present),Negative,-0.3392,Pre Covid
3304,558,Couple Leisure,Economy Class,Airbus A330,2x4x2,0,2015-07-20,United States,3.0,2.0,2.0,3.0,3.0,,3.0,,,,,,1,Modern (2015-Present),Positive,0.8845,Pre Covid
3305,558,Solo Leisure,Economy Class,Boeing 747,3x3,0,2015-06-20,United Kingdom,1.0,1.0,1.0,3.0,2.0,2.0,2.0,,,,,,0,Modern (2015-Present),Positive,0.9559,Pre Covid
3306,558,Couple Leisure,Economy Class,Airbus A320,3x3,0,2015-06-19,United Kingdom,4.0,3.0,4.0,5.0,3.0,,,,,,,,1,Modern (2015-Present),Positive,0.4518,Pre Covid
3307,558,Unknown,Economy Class,Airbus A340,2x4x2,0,2015-05-30,South Africa,1.0,1.0,1.0,1.0,,,1.0,,,,,,0,Modern (2015-Present),Negative,-0.9767,Pre Covid
3308,558,Unknown,Economy Class,Airbus A340,2x4x2,0,2015-05-30,China,1.0,1.0,1.0,1.0,,,3.0,,,,,,0,Modern (2015-Present),Negative,-0.6472,Pre Covid
3309,558,Unknown,Premium Economy,Airbus A330,2x3x2,0,2015-05-30,United Kingdom,4.0,4.0,4.0,4.0,,,4.0,,,,,,1,Modern (2015-Present),Positive,0.9445,Pre Covid
3310,558,Unknown,Premium Economy,Boeing 747,2x4x2,0,2015-05-30,United Kingdom,5.0,4.0,5.0,4.0,,,4.0,,,,,,1,Modern (2015-Present),Positive,0.8775,Pre Covid
3311,558,Unknown,Premium Economy,Boeing 747,2x4x2,0,2015-05-30,United Kingdom,1.0,1.0,3.0,1.0,,,1.0,,,,,,0,Modern (2015-Present),Negative,-0.8271,Pre Covid
3312,558,Unknown,Premium Economy,Boeing 747,2x4x2,0,2015-05-30,United Kingdom,1.0,2.0,3.0,1.0,,,1.0,,,,,,0,Modern (2015-Present),Negative,-0.6249,Pre Covid
3313,558,Unknown,Premium Economy,Boeing 747,2x4x2,0,2015-04-02,New Zealand,2.0,2.0,3.0,1.0,,,3.0,,,,,,0,Modern (2015-Present),Positive,0.7845,Pre Covid
3314,558,Unknown,Economy Class,Boeing 747,2x4x2,0,2015-03-29,United Kingdom,1.0,1.0,1.0,1.0,,,1.0,,,,,,0,Modern (2015-Present),Negative,-0.9829,Pre Covid
3315,558,Unknown,Economy Class,Unknown,2x4x2,0,2015-03-01,United Kingdom,1.0,2.0,2.0,2.0,,,3.0,,,,,,0,Modern (2015-Present),Negative,-0.9531,Pre Covid
3316,558,Unknown,Economy Class,Boeing 747,3x4x3,0,2015-02-21,United Kingdom,3.0,1.0,1.0,2.0,,,1.0,,,,,,0,Modern (2015-Present),Negative,-0.6428,Pre Covid
3317,558,Unknown,Premium Economy,Airbus A340,2x3x2,0,2015-02-09,Australia,3.0,2.0,3.0,2.0,,,1.0,,,,,,0,Modern (2015-Present),Negative,-0.5566,Pre Covid
3318,558,Unknown,Premium Economy,Airbus A330,2x3x2,0,2015-02-04,United Kingdom,4.0,4.0,4.0,4.0,,,4.0,,,,,,0,Modern (2015-Present),Positive,0.9348,Pre Covid
3319,558,Unknown,Premium Economy,Boeing 747,2x3x2,0,2015-02-04,United Kingdom,4.0,4.0,5.0,4.0,,,4.0,,,,,,1,Modern (2015-Present),Positive,0.8995,Pre Covid
3320,558,Unknown,Premium Economy,Boeing 747,3x3x3,0,2015-01-28,United Kingdom,1.0,1.0,1.0,1.0,,,2.0,,,,,,0,Modern (2015-Present),Negative,-0.7089,Pre Covid
3321,558,Unknown,Economy Class,Airbus A340,2x4x2,0,2015-01-28,South Africa,1.0,1.0,1.0,1.0,,,2.0,,,,,,0,Modern (2015-Present),Positive,0.4932,Pre Covid
3322,558,Unknown,Economy Class,Airbus A340,2x4x2,0,2015-01-28,United Kingdom,1.0,1.0,1.0,1.0,,,2.0,,,,,,0,Modern (2015-Present),Positive,0.2909,Pre Covid
3323,558,Unknown,Economy Class,Boeing 747,3x4x3,0,2015-01-28,United Kingdom,2.0,2.0,2.0,2.0,,,2.0,,,,,,0,Modern (2015-Present),Negative,-0.9265,Pre Covid
3324,558,Unknown,Economy Class,Boeing 747,2x4x2,0,2015-01-28,United States,1.0,3.0,1.0,1.0,,,2.0,,,,,,0,Modern (2015-Present),Negative,-0.8938,Pre Covid
3325,558,Unknown,Economy Class,Boeing 747,3x4x3,0,2015-01-28,United Kingdom,4.0,4.0,4.0,4.0,,,2.0,,,,,,1,Modern (2015-Present),Positive,0.9567,Pre Covid
3326,558,Unknown,Premium Economy,Boeing 747,2x4x2,0,2014-11-19,United Kingdom,1.0,3.0,3.0,2.0,,,3.0,,,,,,0,Historical (Pre-2015),Positive,0.9659,Pre Covid
3327,558,Unknown,Economy Class,Boeing 747,3x4x3,0,2014-11-19,United Kingdom,1.0,1.0,1.0,1.0,,,2.0,,,,,,0,Historical (Pre-2015),Negative,-0.8074,Pre Covid
3328,558,Unknown,Economy Class,Boeing 747,3x4x3,0,2014-11-19,United Kingdom,1.0,3.0,1.0,1.0,,,1.0,,,,,,0,Historical (Pre-2015),Negative,-0.9599,Pre Covid
3329,558,Unknown,Premium Economy,Boeing 747,2x4x2,0,2014-07-25,United States,1.0,1.0,1.0,1.0,,,1.0,,,,,,0,Historical (Pre-2015),Negative,-0.4754,Pre Covid
3330,558,Unknown,Economy Class,Boeing 747,3x4x3,0,2014-07-18,United Kingdom,2.0,2.0,2.0,2.0,,,4.0,,,,,,0,Historical (Pre-2015),Positive,0.9765,Pre Covid
3331,558,Unknown,Premium Economy,Boeing 747,2x4x2,0,2014-07-18,United Kingdom,4.0,4.0,4.0,4.0,,,4.0,,,,,,1,Historical (Pre-2015),Positive,0.983,Pre Covid
3332,558,Unknown,Economy Class,Airbus A330,2x4x2,0,2014-07-18,United Kingdom,3.0,2.0,2.0,2.0,,,3.0,,,,,,0,Historical (Pre-2015),Positive,0.9005,Pre Covid
3333,558,Unknown,Premium Economy,Boeing 747,2x4x2,0,2014-03-03,United Kingdom,5.0,5.0,5.0,5.0,,,5.0,,,,,,1,Historical (Pre-2015),Positive,0.8824,Pre Covid
3334,558,Unknown,Economy Class,Unknown,2x4x2,0,2014-01-29,Australia,1.0,2.0,1.0,1.0,,,2.0,,,,,,0,Historical (Pre-2015),Positive,0.3952,Pre Covid
3335,558,Unknown,Economy Class,Airbus A340,2x4x2,0,2014-01-13,United Kingdom,1.0,1.0,1.0,1.0,,,1.0,,,,,,0,Historical (Pre-2015),Negative,-0.7096,Pre Covid
3336,558,Unknown,Economy Class,Boeing 747,2x4x2,0,2014-01-13,United Kingdom,1.0,1.0,1.0,1.0,,,3.0,,,,,,0,Historical (Pre-2015),Negative,-0.6274,Pre Covid
3337,558,Unknown,Economy Class,Boeing 747,3x4x3,0,2014-01-13,United Kingdom,1.0,1.0,1.0,1.0,,,3.0,,,,,,0,Historical (Pre-2015),Negative,-0.8104,Pre Covid
3338,558,Unknown,Economy Class,Boeing 747,3x4x3,0,2013-10-12,United Kingdom,2.0,2.0,2.0,2.0,,,3.0,,,,,,0,Historical (Pre-2015),Positive,0.9791,Pre Covid
3339,558,Unknown,Premium Economy,Boeing 747,3x4x3,0,2013-10-12,United States,4.0,4.0,5.0,5.0,,,3.0,,,,,,1,Historical (Pre-2015),Positive,0.8707,Pre Covid
3340,558,Unknown,Premium Economy,Boeing 747,2x4x2,0,2013-10-12,United Kingdom,2.0,3.0,3.0,3.0,,,3.0,,,,,,0,Historical (Pre-2015),Negative,-0.9408,Pre Covid
3341,558,Unknown,Economy Class,Airbus A330,2x3x2,0,2013-04-20,United Kingdom,3.0,4.0,4.0,3.0,,,4.0,,,,,,0,Historical (Pre-2015),Positive,0.9633,Pre Covid
3342,558,Unknown,Economy Class,Airbus A340,2x4x2,0,2013-04-20,United Kingdom,4.0,3.0,4.0,4.0,,,4.0,,,,,,1,Historical (Pre-2015),Positive,0.9723,Pre Covid
3343,558,Unknown,Economy Class,Boeing 747,3x4x3,0,2013-04-20,United States,1.0,2.0,2.0,1.0,,,2.0,,,,,,0,Historical (Pre-2015),Negative,-0.7902,Pre Covid
3344,558,Unknown,Economy Class,Airbus A340,2x4x2,0,2013-04-20,Belgium,2.0,3.0,1.0,1.0,,,2.0,,,,,,0,Historical (Pre-2015),Negative,-0.7172,Pre Covid
3345,558,Unknown,Economy Class,Boeing 747,3x4x3,0,2013-02-24,United States,2.0,2.0,3.0,1.0,,,1.0,,,,,,0,Historical (Pre-2015),Negative,-0.4576,Pre Covid
3346,558,Unknown,Premium Economy,Boeing 747,2x2x2,0,2013-02-15,United States,4.0,4.0,4.0,4.0,,,4.0,,,,,,1,Historical (Pre-2015),Positive,0.8448,Pre Covid
3347,558,Unknown,Economy Class,Boeing 747,3x3,0,2013-01-22,United Kingdom,4.0,3.0,2.0,3.0,,,3.0,,,,,,0,Historical (Pre-2015),Negative,-0.5719,Pre Covid
3348,558,Unknown,Economy Class,Boeing 747,3x4x3,0,2013-01-18,United Kingdom,2.0,2.0,2.0,3.0,,,3.0,,,,,,0,Historical (Pre-2015),Positive,0.5485,Pre Covid
3349,558,Unknown,Economy Class,Airbus A340,2x4x2,0,2013-01-01,United Kingdom,2.0,2.0,2.0,2.0,,,3.0,,,,,,0,Historical (Pre-2015),Negative,-0.9193,Pre Covid
3350,558,Unknown,Premium Economy,Unknown,2x4x2,0,2013-01-01,United States,2.0,2.0,3.0,2.0,,,1.0,,,,,,0,Historical (Pre-2015),Positive,0.6732,Pre Covid
3351,558,Unknown,Premium Economy,Boeing 747,2x4x2,0,2013-01-01,United Kingdom,4.0,3.0,3.0,3.0,,,3.0,,,,,,0,Historical (Pre-2015),Positive,0.3025,Pre Covid
3352,558,Unknown,Economy Class,Boeing 747,3x5x3,0,2012-09-09,United Kingdom,1.0,2.0,2.0,1.0,,,3.0,,,,,,0,Historical (Pre-2015),Negative,-0.7836,Pre Covid
3353,558,Unknown,Economy Class,Airbus A340,2x4x2,0,2011-10-26,United Kingdom,1.0,2.0,1.0,2.0,,,3.0,,,,,,0,Historical (Pre-2015),Negative,-0.296,Pre Covid
3354,558,Unknown,Economy Class,Airbus A340,2x4x2,0,2011-10-22,United Kingdom,1.0,2.0,1.0,1.0,,,1.0,,,,,,0,Historical (Pre-2015),Negative,-0.101,Pre Covid
3355,558,Unknown,Economy Class,Airbus A340,2x4x2,0,2011-10-22,United Kingdom,1.0,1.0,1.0,1.0,,,1.0,,,,,,0,Historical (Pre-2015),Negative,-0.9024,Pre Covid
3356,558,Unknown,Economy Class,Airbus A340,2x4x2,0,2011-10-22,Australia,2.0,2.0,1.0,2.0,,,2.0,,,,,,0,Historical (Pre-2015),Positive,0.5157,Pre Covid
3357,558,Unknown,Economy Class,Airbus A340,2x3x2,0,2011-09-19,Australia,3.0,3.0,4.0,3.0,,,2.0,,,,,,0,Historical (Pre-2015),Positive,0.4685,Pre Covid
3358,558,Unknown,Premium Economy,Boeing 747,2x4x2,0,2011-09-05,United Kingdom,3.0,3.0,3.0,2.0,,,1.0,,,,,,0,Historical (Pre-2015),Negative,-0.296,Pre Covid
3359,558,Unknown,Economy Class,Airbus A340,2x4x2,0,2011-09-05,Hong Kong,1.0,2.0,3.0,3.0,,,2.0,,,,,,0,Historical (Pre-2015),Negative,-0.4019,Pre Covid
3360,558,Unknown,Economy Class,Boeing 747,3x4x3,0,2011-09-05,United Kingdom,2.0,2.0,2.0,2.0,,,3.0,,,,,,0,Historical (Pre-2015),Neutral,0.0,Pre Covid
3361,558,Unknown,Premium Economy,Airbus A340,2x3x2,0,2011-09-05,United Kingdom,3.0,2.0,2.0,3.0,,,3.0,,,,,,0,Historical (Pre-2015),Negative,-0.5213,Pre Covid
3362,558,Unknown,Economy Class,Boeing 747,2x2,0,2011-08-10,United Kingdom,2.0,3.0,1.0,2.0,,,2.0,,,,,,0,Historical (Pre-2015),Negative,-0.9122,Pre Covid
3363,558,Unknown,Premium Economy,Airbus A340,2x3x2,0,2011-06-10,United Kingdom,4.0,4.0,4.0,4.0,,,4.0,,,,,,1,Historical (Pre-2015),Positive,0.3182,Pre Covid
3364,558,Unknown,Premium Economy,Boeing 747,2x3x2,0,2011-06-06,United Kingdom,4.0,3.0,4.0,3.0,,,4.0,,,,,,0,Historical (Pre-2015),Negative,-0.091,Pre Covid
3365,558,Unknown,Economy Class,Boeing 747,2x4x2,0,2011-06-05,United Kingdom,1.0,1.0,1.0,1.0,,,1.0,,,,,,0,Historical (Pre-2015),Neutral,0.0258,Pre Covid
3366,558,Unknown,Economy Class,Boeing 747,2x4x2,0,2011-04-09,United Kingdom,1.0,2.0,1.0,3.0,,,1.0,,,,,,0,Historical (Pre-2015),Negative,-0.2263,Pre Covid
3367,558,Unknown,Economy Class,Boeing 747,3x3,0,2011-04-05,United Kingdom,2.0,1.0,1.0,1.0,,,2.0,,,,,,0,Historical (Pre-2015),Negative,-0.8883,Pre Covid
3368,558,Unknown,Economy Class,Boeing 747,3x4x3,0,2011-04-05,United Kingdom,3.0,1.0,2.0,2.0,,,1.0,,,,,,0,Historical (Pre-2015),Negative,-0.8778,Pre Covid
3369,558,Unknown,Economy Class,Boeing 747,3x4x3,0,2011-01-03,Ireland,1.0,1.0,1.0,2.0,,,1.0,,,,,,0,Historical (Pre-2015),Positive,0.8057,Pre Covid
3370,558,Unknown,Economy Class,Airbus A340,2x4x2,0,2010-12-05,United Kingdom,1.0,2.0,2.0,2.0,,,3.0,,,,,,0,Historical (Pre-2015),Negative,-0.1935,Pre Covid
3371,558,Unknown,Premium Economy,Airbus A340,2x4x2,0,2010-11-21,Australia,3.0,3.0,3.0,2.0,,,3.0,,,,,,0,Historical (Pre-2015),Negative,-0.6391,Pre Covid
3372,558,Unknown,Economy Class,Unknown,3x4x3,0,2010-09-21,United Kingdom,3.0,4.0,4.0,3.0,,,3.0,,,,,,1,Historical (Pre-2015),Negative,-0.2068,Pre Covid
3373,558,Unknown,Economy Class,Unknown,3x4x3,0,2010-08-09,Ireland,1.0,1.0,1.0,2.0,,,1.0,,,,,,0,Historical (Pre-2015),Negative,-0.296,Pre Covid
3374,558,Unknown,Economy Class,Unknown,3x4x3,0,2010-07-25,United Kingdom,2.0,2.0,2.0,1.0,,,2.0,,,,,,0,Historical (Pre-2015),Negative,-0.8481,Pre Covid
3375,558,Unknown,Economy Class,Airbus A340,2x4x2,0,2010-06-06,United Kingdom,1.0,3.0,1.0,4.0,,,1.0,,,,,,0,Historical (Pre-2015),Negative,-0.448,Pre Covid
3376,558,Unknown,Economy Class,Boeing 747,3x4x3,0,2010-05-26,New Zealand,2.0,1.0,1.0,2.0,,,1.0,,,,,,0,Historical (Pre-2015),Negative,-0.9551,Pre Covid
3377,558,Unknown,Economy Class,Airbus A340,2x4x2,0,2009-12-17,Australia,3.0,4.0,3.0,3.0,,,2.0,,,,,,0,Historical (Pre-2015),Negative,-0.2546,Pre Covid
3378,558,Unknown,Economy Class,Airbus A340,2x4x2,0,2009-10-18,United Kingdom,3.0,3.0,3.0,3.0,,,4.0,,,,,,0,Historical (Pre-2015),Negative,-0.9534,Pre Covid
3379,558,Unknown,Economy Class,Airbus A340,2x4x2,0,2009-03-03,United States,1.0,3.0,3.0,4.0,,,2.0,,,,,,0,Historical (Pre-2015),Negative,-0.7449,Pre Covid
3380,577,Couple Leisure,Economy Class,Airbus A330,2x4x2,0,2016-09-26,United States,1.0,2.0,1.0,3.0,1.0,,1.0,,,,,,0,Modern (2015-Present),Negative,-0.8813,Pre Covid
3381,575,Solo Leisure,Economy Class,Airbus A320,3x3,0,2024-05-14,Bulgaria,1.0,1.0,1.0,1.0,1.0,,,,,,,,0,Modern (2015-Present),Negative,-0.6238,After Covid
3382,575,Solo Leisure,Economy Class,Airbus A321,3x3,1,2023-10-25,United Kingdom,1.0,1.0,1.0,1.0,1.0,,,,,,,,1,Modern (2015-Present),Positive,0.7009,After Covid
3383,575,Couple Leisure,Economy Class,Airbus A320,3x3,1,2023-08-16,Romania,5.0,1.0,4.0,4.0,1.0,,,,,,,,1,Modern (2015-Present),Neutral,-0.0258,After Covid
3384,575,Couple Leisure,Economy Class,Airbus A320,3x3,0,2023-07-02,Romania,5.0,2.0,4.0,4.0,4.0,,,,,,,,1,Modern (2015-Present),Negative,-0.3241,After Covid
3385,575,Family Leisure,Economy Class,Airbus A321,3x3,1,2023-06-19,Israel,2.0,1.0,2.0,2.0,1.0,,,,,,,,0,Modern (2015-Present),Negative,-0.3612,After Covid
3386,575,Solo Leisure,Economy Class,Airbus A321,3x3,0,2022-07-18,United Kingdom,2.0,1.0,4.0,3.0,2.0,,,,,,,,1,Modern (2015-Present),Positive,0.9558,After Covid
3387,575,Solo Leisure,Economy Class,Airbus A321,3x3,0,2020-08-11,United Kingdom,3.0,1.0,5.0,4.0,2.0,,,,,,,,1,Modern (2015-Present),Negative,-0.6587,Covid
3388,575,Solo Leisure,Economy Class,Airbus A321,3x3,0,2020-07-16,United Kingdom,4.0,1.0,5.0,4.0,2.0,,,,,,,,1,Modern (2015-Present),Positive,0.6245,Covid
3389,575,Solo Leisure,Economy Class,Airbus A320,3x3,1,2020-06-28,United Kingdom,5.0,4.0,5.0,5.0,5.0,,,,,,,,1,Modern (2015-Present),Positive,0.9551,Covid
3390,575,Couple Leisure,Economy Class,Airbus A320,3x3,1,2020-01-02,United Kingdom,1.0,1.0,1.0,1.0,1.0,1.0,1.0,,,,,,0,Modern (2015-Present),Negative,-0.9298,Covid
3391,575,Business,Economy Class,Airbus A320,3x3,1,2019-10-16,United Kingdom,1.0,1.0,1.0,1.0,1.0,,,,,,,,0,Modern (2015-Present),Negative,-0.6245,Pre Covid
3392,575,Couple Leisure,Economy Class,Airbus A320,3x3,1,2019-10-07,Latvia,1.0,1.0,3.0,1.0,1.0,,,,,,,,0,Modern (2015-Present),Negative,-0.8402,Pre Covid
3393,575,Business,Economy Class,Airbus A321,3x3,1,2019-09-29,Romania,2.0,1.0,2.0,3.0,3.0,,,,,,,,1,Modern (2015-Present),Neutral,0.0258,Pre Covid
3394,575,Couple Leisure,Economy Class,Airbus A320,3x3,1,2019-07-15,Estonia,1.0,1.0,1.0,1.0,1.0,1.0,1.0,,,,,,0,Modern (2015-Present),Negative,-0.9316,Pre Covid
3395,575,Couple Leisure,Economy Class,Airbus A321,3x3,1,2019-05-25,Netherlands,5.0,1.0,4.0,5.0,3.0,,,,,,,,1,Modern (2015-Present),Positive,0.6808,Pre Covid
3396,575,Solo Leisure,Economy Class,Airbus A320,3x3,0,2019-02-16,United Kingdom,1.0,1.0,2.0,3.0,2.0,,,,,,,,0,Modern (2015-Present),Negative,-0.2023,Pre Covid
3397,575,Couple Leisure,Economy Class,Airbus A320,3x3,1,2018-02-14,Austria,4.0,5.0,4.0,4.0,4.0,,,,,,,,1,Modern (2015-Present),Positive,0.7823,Pre Covid
3398,575,Couple Leisure,Economy Class,Airbus A320,3x3,1,2018-01-19,Spain,1.0,1.0,1.0,1.0,1.0,,,,,,,,0,Modern (2015-Present),Negative,-0.0772,Pre Covid
3399,575,Solo Leisure,Economy Class,Airbus A321,3x3,0,2017-08-24,Netherlands,3.0,1.0,2.0,1.0,3.0,,,,,,,,1,Modern (2015-Present),Negative,-0.7906,Pre Covid
3400,575,Solo Leisure,Economy Class,Airbus A320,3x3,0,2017-07-29,United Kingdom,1.0,1.0,1.0,1.0,1.0,,,,,,,,0,Modern (2015-Present),Negative,-0.5348,Pre Covid
3401,575,Family Leisure,Economy Class,Airbus A320,3x3,0,2017-07-23,Germany,3.0,3.0,4.0,1.0,2.0,,,,,,,,1,Modern (2015-Present),Positive,0.7918,Pre Covid
3402,575,Solo Leisure,Economy Class,Airbus A320,3x3,0,2016-07-27,Poland,2.0,1.0,1.0,1.0,3.0,,,,,,,,0,Modern (2015-Present),Positive,0.9597,Pre Covid
3403,575,Couple Leisure,Economy Class,Airbus A320,3x3,0,2015-12-01,Spain,1.0,1.0,1.0,1.0,1.0,,,,,,,,0,Modern (2015-Present),Positive,0.0772,Pre Covid
3404,575,Couple Leisure,Economy Class,Airbus A320,3x3,0,2015-08-30,United Kingdom,1.0,3.0,3.0,2.0,1.0,,,,,,,,0,Modern (2015-Present),Negative,-0.7645,Pre Covid
3405,568,Solo Leisure,Economy Class,Airbus A330,2x4x2,1,2018-06-09,United States,3.0,3.0,3.0,3.0,2.0,4.0,,,,,,,0,Modern (2015-Present),Negative,-0.2406,Pre Covid
3406,568,Couple Leisure,Economy Class,Airbus A330,2x4x2,0,2017-08-31,United States,4.0,1.0,3.0,3.0,3.0,,,,,,,,1,Modern (2015-Present),Positive,0.7994,Pre Covid
3407,568,Couple Leisure,Premium Economy,Airbus A330,2x4x2,0,2017-07-17,United States,2.0,3.0,2.0,1.0,2.0,4.0,,,,,,,0,Modern (2015-Present),Negative,-0.9214,Pre Covid
3408,568,Couple Leisure,Economy Class,Airbus A321,2x4x2,0,2017-03-05,United States,1.0,1.0,1.0,1.0,1.0,1.0,,,,,,,0,Modern (2015-Present),Positive,0.7574,Pre Covid
3409,568,Solo Leisure,Economy Class,Airbus A330,2x4x2,0,2017-01-07,United States,5.0,5.0,5.0,5.0,5.0,5.0,,,,,,,1,Modern (2015-Present),Positive,0.9731,Pre Covid
3410,568,Couple Leisure,Economy Class,Airbus A321,3x3,0,2015-11-13,United States,3.0,1.0,1.0,4.0,2.0,3.0,,,,,,,1,Modern (2015-Present),Negative,-0.484,Pre Covid
3411,568,Couple Leisure,Premium Economy,Airbus A321,3x3,0,2015-11-05,Mexico,5.0,5.0,4.0,5.0,5.0,,,,,,,,1,Modern (2015-Present),Positive,0.9764,Pre Covid
3412,564,Couple Leisure,Economy Class,Airbus A320,3x3,1,2025-05-17,United States,1.0,1.0,1.0,2.0,1.0,,,,,,,,0,Modern (2015-Present),Negative,-0.765,After Covid
3413,564,Solo Leisure,Economy Class,Airbus A321,3x3,0,2020-02-20,Mexico,1.0,2.0,1.0,2.0,2.0,,,,,,,,0,Modern (2015-Present),Negative,-0.9245,Covid
3414,564,Business,Economy Class,Airbus A320,3x3,1,2019-08-13,United States,1.0,1.0,1.0,1.0,1.0,,,,,,,,0,Modern (2015-Present),Negative,-0.6991,Pre Covid
3415,567,Business,Economy Class,Airbus A320,3x3,1,2019-09-23,Belgium,1.0,1.0,1.0,1.0,2.0,,,,,,,,0,Modern (2015-Present),Negative,-0.1027,Pre Covid
3416,567,Family Leisure,Economy Class,Airbus A321,3x3,0,2019-08-06,Spain,1.0,1.0,3.0,3.0,3.0,,,,,,,,1,Modern (2015-Present),Negative,-0.2116,Pre Covid
3417,567,Solo Leisure,Economy Class,Airbus A320,3x3,1,2018-10-31,Bahrain,1.0,1.0,1.0,2.0,1.0,,,,,,,,0,Modern (2015-Present),Negative,-0.6143,Pre Covid
3418,567,Business,Economy Class,Airbus A320,3x3,1,2018-10-21,United Kingdom,1.0,1.0,3.0,3.0,1.0,,,,,,,,0,Modern (2015-Present),Negative,-0.9001,Pre Covid
3419,567,Couple Leisure,Economy Class,Airbus A320,3x3,1,2018-05-29,Spain,1.0,1.0,1.0,1.0,1.0,1.0,1.0,,,,,,0,Modern (2015-Present),Negative,-0.7131,Pre Covid
3420,567,Family Leisure,Economy Class,Unknown,3x3,1,2018-05-08,United Kingdom,1.0,1.0,1.0,1.0,1.0,,,,,,,,0,Modern (2015-Present),Negative,-0.9317,Pre Covid
3421,567,Solo Leisure,Economy Class,Airbus A320,3x3,1,2018-05-01,Netherlands,4.0,1.0,3.0,3.0,2.0,,,,,,,,0,Modern (2015-Present),Negative,-0.4589,Pre Covid
3422,567,Solo Leisure,Economy Class,Airbus A320,3x3,0,2017-10-29,France,1.0,1.0,1.0,1.0,2.0,,,,,,,,0,Modern (2015-Present),Negative,-0.2263,Pre Covid
3423,567,Family Leisure,Economy Class,Airbus A320,3x3,0,2017-07-23,Israel,3.0,2.0,3.0,3.0,2.0,,,,,,,,1,Modern (2015-Present),Positive,0.9423,Pre Covid
3424,567,Business,Economy Class,Airbus A320,3x3,0,2016-12-15,Spain,1.0,1.0,1.0,1.0,1.0,,,,,,,,0,Modern (2015-Present),Negative,-0.9224,Pre Covid
3425,567,Family Leisure,Economy Class,Airbus A320,3x3,0,2016-06-09,United Kingdom,3.0,3.0,3.0,3.0,2.0,,,,,,,,1,Modern (2015-Present),Negative,-0.3042,Pre Covid
3426,567,Couple Leisure,Economy Class,Airbus A320,3x3,0,2016-06-01,United Kingdom,1.0,1.0,3.0,3.0,2.0,,,,,,,,0,Modern (2015-Present),Negative,-0.4491,Pre Covid
3427,567,Business,Economy Class,Airbus A321,3x3,0,2016-03-04,Spain,1.0,1.0,3.0,5.0,3.0,,,,,,,,0,Modern (2015-Present),Positive,0.4779,Pre Covid
3428,567,Couple Leisure,Economy Class,Airbus A319,3x3,0,2016-02-19,Switzerland,1.0,3.0,2.0,1.0,2.0,,,,,,,,1,Modern (2015-Present),Positive,0.0516,Pre Covid
3429,567,Couple Leisure,Economy Class,Airbus A320,3x3,0,2015-11-17,United Kingdom,4.0,4.0,4.0,4.0,4.0,,,,,,,,1,Modern (2015-Present),Positive,0.927,Pre Covid
3430,567,Business,Economy Class,Airbus A321,3x3,0,2015-10-13,Spain,1.0,1.0,1.0,1.0,1.0,1.0,,,,,,,0,Modern (2015-Present),Negative,-0.7168,Pre Covid
3431,567,Couple Leisure,Economy Class,Airbus A320,3x3,0,2015-08-06,United Kingdom,1.0,1.0,1.0,1.0,1.0,,,,,,,,0,Modern (2015-Present),Negative,-0.6444,Pre Covid
3432,583,Leisure,Business Class,Boeing 787,1x2x1,1,2023-07-01,United States,,,,,5.0,5.0,,5.0,5.0,5.0,5.0,5.0,1,Modern (2015-Present),Positive,0.9631,After Covid
3433,563,Couple Leisure,Economy Class,Airbus A320,3x3,0,2016-04-19,South Africa,1.0,1.0,3.0,2.0,1.0,,,,,,,,0,Modern (2015-Present),Negative,-0.9174,Pre Covid
3434,419,Business,Business Class,Boeing 737,unknown,1,2026-05-28,Cyprus,,,,,2.0,4.0,,1.0,1.0,2.0,,,0,Modern (2015-Present),Negative,-0.4423,After Covid
3435,419,Solo Leisure,Economy Class,Other Aircraft,2x2,1,2025-10-05,Australia,1.0,1.0,1.0,1.0,1.0,,,,,,,,0,Modern (2015-Present),Negative,-0.5809,After Covid
3436,419,Couple Leisure,Economy Class,Boeing 787,3x3x3,1,2023-09-07,United States,1.0,1.0,2.0,1.0,1.0,,1.0,,,,,,0,Modern (2015-Present),Positive,0.9264,After Covid
3437,419,Couple Leisure,Economy Class,Boeing 737,3x3,1,2018-09-07,United Kingdom,1.0,1.0,2.0,1.0,1.0,2.0,,,,,,,0,Modern (2015-Present),Negative,-0.3321,Pre Covid
3438,419,Couple Leisure,Economy Class,Other Aircraft,2x2,0,2016-08-16,Switzerland,3.0,3.0,3.0,3.0,2.0,,,,,,,,0,Modern (2015-Present),Negative,-0.7277,Pre Covid
3439,419,Solo Leisure,Economy Class,Unknown,2x2,0,2016-07-30,United States,3.0,5.0,4.0,4.0,3.0,,,,,,,,1,Modern (2015-Present),Positive,0.9555,Pre Covid
3440,419,Solo Leisure,Economy Class,Boeing 787,3x3x3,0,2015-09-02,United Kingdom,3.0,3.0,3.0,2.0,4.0,4.0,4.0,,,,,,1,Modern (2015-Present),Positive,0.1901,Pre Covid
3441,419,Couple Leisure,Economy Class,Boeing 787,3x3x3,0,2015-08-06,Canada,3.0,2.0,1.0,1.0,3.0,3.0,3.0,,,,,,0,Modern (2015-Present),Negative,-0.8726,Pre Covid
3442,419,Solo Leisure,Economy Class,Boeing 787,3x3x3,0,2015-06-23,Poland,1.0,4.0,2.0,2.0,4.0,5.0,5.0,,,,,,1,Modern (2015-Present),Positive,0.0634,Pre Covid
3443,419,Unknown,Economy Class,Boeing 787,3x3x3,0,2013-01-01,United Kingdom,3.0,3.0,3.0,3.0,,,4.0,,,,,,0,Historical (Pre-2015),Positive,0.802,Pre Covid
3444,419,Unknown,Economy Class,Boeing 767,2x4x2,0,2011-07-28,United States,2.0,3.0,2.0,2.0,,,1.0,,,,,,0,Historical (Pre-2015),Negative,-0.5311,Pre Covid
3445,419,Unknown,Economy Class,Boeing 767,2x3x2,0,2010-01-11,United States,2.0,3.0,3.0,2.0,,,2.0,,,,,,0,Historical (Pre-2015),Negative,-0.8342,Pre Covid
3446,419,Leisure,Business Class,Airbus A350,1x2x1,0,2026-04-28,Australia,4.0,4.0,4.0,4.0,4.0,4.0,4.0,5.0,5.0,4.0,4.0,4.0,1,Modern (2015-Present),Positive,0.8299,After Covid
3447,419,Leisure,Business Class,Boeing 777,1x2x1,0,2025-10-30,New Zealand,,,,,4.0,,,2.0,3.0,4.0,3.0,4.0,0,Modern (2015-Present),Positive,0.2502,After Covid
3448,419,Couple Leisure,Economy Class,Airbus A350,unknown,0,2025-07-07,United Kingdom,1.0,1.0,1.0,2.0,3.0,3.0,3.0,,,,,,0,Modern (2015-Present),Positive,0.8522,After Covid
3449,419,Leisure,Business Class,Airbus A380,1x2x1,1,2025-04-18,Australia,,,,,3.0,4.0,,1.0,4.0,1.0,3.0,2.0,0,Modern (2015-Present),Positive,0.9301,After Covid
3450,419,Leisure,Business Class,Airbus A380,1x2x1,1,2025-04-18,Philippines,,,,,2.0,2.0,,1.0,1.0,1.0,1.0,1.0,0,Modern (2015-Present),Positive,0.4325,After Covid
3451,419,Couple Leisure,Premium Economy,Airbus A350,2x4x2,0,2024-09-13,Australia,4.0,4.0,4.0,4.0,3.0,4.0,4.0,,,,,,1,Modern (2015-Present),Positive,0.7962,After Covid
3452,419,Family Leisure,Economy Class,Airbus A350,3x3x3,1,2024-07-06,Singapore,2.0,2.0,2.0,2.0,2.0,,2.0,,,,,,0,Modern (2015-Present),Negative,-0.9184,After Covid
3453,419,Solo Leisure,Economy Class,Airbus A350,3x3x3,1,2024-04-29,Spain,1.0,1.0,1.0,1.0,1.0,,1.0,,,,,,0,Modern (2015-Present),Positive,0.2732,After Covid
3454,419,Solo Leisure,Economy Class,Boeing 737,3x3,1,2024-04-29,Spain,2.0,2.0,1.0,2.0,1.0,,1.0,,,,,,0,Modern (2015-Present),Negative,-0.2838,After Covid
3455,419,Leisure,Business Class,Airbus A380,1x2x1,1,2023-11-29,Indonesia,,,,,3.0,4.0,,4.0,5.0,3.0,3.0,3.0,1,Modern (2015-Present),Positive,0.9866,After Covid
3456,419,Family Leisure,Economy Class,Airbus A380,3x4x3,0,2023-09-05,New Zealand,2.0,2.0,2.0,3.0,2.0,4.0,3.0,,,,,,0,Modern (2015-Present),Negative,-0.4235,After Covid
3457,419,Business,Business Class,Airbus A380,1x2x1,1,2023-07-28,Australia,,,,,3.0,3.0,,1.0,1.0,3.0,1.0,1.0,0,Modern (2015-Present),Negative,-0.8884,After Covid
3458,419,Business,First Class,Airbus A380,1x1,1,2023-06-02,Switzerland,,,,,4.0,5.0,,3.0,3.0,4.0,5.0,4.0,0,Modern (2015-Present),Negative,-0.8722,After Covid
3459,419,Business,Business Class,Airbus A380,1x2x1,1,2023-05-29,United States,,,,,3.0,2.0,,1.0,1.0,2.0,2.0,3.0,0,Modern (2015-Present),Negative,-0.7687,After Covid
3460,419,Solo Leisure,Economy Class,Airbus A350,3x3x3,1,2023-03-11,United Kingdom,1.0,2.0,1.0,1.0,2.0,2.0,3.0,,,,,,0,Modern (2015-Present),Negative,-0.6705,After Covid
3461,419,Couple Leisure,Economy Class,Airbus A380,3x4x3,1,2023-02-24,Unknown,1.0,4.0,4.0,3.0,4.0,4.0,4.0,,,,,,0,Modern (2015-Present),Negative,-0.4767,After Covid
3462,419,Business,Business Class,Airbus A350,1x2x1,1,2022-12-05,Singapore,,,,,5.0,4.0,,2.0,2.0,3.0,1.0,4.0,0,Modern (2015-Present),Negative,-0.5019,After Covid
3463,419,Leisure,Business Class,Airbus A380,1x2x1,1,2022-11-12,Austria,,,,,2.0,3.0,,1.0,2.0,1.0,1.0,3.0,0,Modern (2015-Present),Negative,-0.3875,After Covid
3464,419,Family Leisure,Economy Class,Boeing 787,3x3x3,0,2020-06-05,Singapore,3.0,3.0,3.0,4.0,4.0,5.0,5.0,,,,,,1,Modern (2015-Present),Positive,0.4767,Covid
3465,419,Business,Economy Class,Boeing 787,3x3x3,1,2020-02-12,Australia,4.0,3.0,1.0,2.0,3.0,3.0,3.0,,,,,,0,Modern (2015-Present),Neutral,-0.0369,Covid
3466,419,Couple Leisure,Premium Economy,Airbus A350,2x4x2,1,2020-02-07,Australia,3.0,3.0,1.0,4.0,2.0,5.0,5.0,,,,,,0,Modern (2015-Present),Negative,-0.9527,Covid
3467,419,Solo Leisure,Economy Class,Boeing 777,3x4x3,1,2020-02-02,Indonesia,5.0,4.0,4.0,4.0,5.0,5.0,3.0,,,,,,1,Modern (2015-Present),Positive,0.7096,Covid
3468,419,Solo Leisure,Economy Class,Boeing 777,3x4x3,0,2020-01-21,Australia,1.0,3.0,1.0,1.0,1.0,4.0,4.0,,,,,,1,Modern (2015-Present),Positive,0.5267,Covid
3469,419,Solo Leisure,Economy Class,Airbus A380,3x4x3,0,2020-01-21,Australia,5.0,1.0,5.0,5.0,1.0,5.0,5.0,,,,,,1,Modern (2015-Present),Positive,0.891,Covid
3470,419,Couple Leisure,Premium Economy,Airbus A350,2x4x2,1,2020-01-21,Australia,1.0,1.0,1.0,1.0,1.0,3.0,4.0,,,,,,0,Modern (2015-Present),Positive,0.1796,Covid
3471,419,Family Leisure,Economy Class,Boeing 777,3x3x3,1,2019-12-02,Singapore,5.0,5.0,5.0,5.0,5.0,5.0,5.0,,,,,,1,Modern (2015-Present),Positive,0.9627,Pre Covid
3472,419,Solo Leisure,Economy Class,Airbus A350,3x3x3,0,2019-10-07,Singapore,1.0,1.0,1.0,3.0,1.0,4.0,2.0,,,,,,0,Modern (2015-Present),Negative,-0.9172,Pre Covid
3473,419,Family Leisure,Economy Class,Boeing 787,3x3x3,1,2019-07-07,Thailand,4.0,3.0,1.0,2.0,3.0,3.0,3.0,,,,,,0,Modern (2015-Present),Positive,0.9556,Pre Covid
3474,419,Leisure,Business Class,Airbus A380,1x2x1,1,2019-05-27,United States,,,,,5.0,5.0,,5.0,5.0,5.0,5.0,5.0,1,Modern (2015-Present),Positive,0.996,Pre Covid
3475,419,Business,Business Class,Airbus A350,1x2x1,1,2019-05-22,Australia,,,,,1.0,4.0,,1.0,1.0,1.0,3.0,2.0,0,Modern (2015-Present),Negative,-0.9155,Pre Covid
3476,419,Solo Leisure,Premium Economy,Airbus A350,2x4x2,1,2019-04-30,Australia,5.0,4.0,5.0,4.0,5.0,5.0,5.0,,,,,,1,Modern (2015-Present),Positive,0.7841,Pre Covid
3477,419,Couple Leisure,Premium Economy,Airbus A380,2x4x2,1,2019-04-28,Australia,3.0,3.0,4.0,1.0,2.0,,3.0,,,,,,1,Modern (2015-Present),Negative,-0.9418,Pre Covid
3478,419,Solo Leisure,Premium Economy,Airbus A350,2x4x2,1,2019-03-02,China,3.0,3.0,3.0,3.0,1.0,,5.0,,,,,,1,Modern (2015-Present),Positive,0.2248,Pre Covid
3479,419,Family Leisure,Economy Class,Airbus A350,3x3x3,1,2019-02-19,Malaysia,4.0,5.0,4.0,4.0,5.0,5.0,5.0,,,,,,1,Modern (2015-Present),Positive,0.8832,Pre Covid
3480,419,Solo Leisure,Economy Class,Airbus A330,2x4x2,1,2019-02-19,Malaysia,4.0,3.0,4.0,4.0,4.0,,3.0,,,,,,1,Modern (2015-Present),Positive,0.4404,Pre Covid
3481,419,Family Leisure,Economy Class,Airbus A350,3x3x3,1,2019-02-10,Malaysia,5.0,5.0,5.0,5.0,5.0,5.0,5.0,,,,,,1,Modern (2015-Present),Positive,0.8555,Pre Covid
3482,419,Solo Leisure,Economy Class,Boeing 777,3x3x3,1,2018-12-27,Malaysia,5.0,5.0,5.0,5.0,5.0,5.0,5.0,,,,,,1,Modern (2015-Present),Positive,0.977,Pre Covid
3483,419,Couple Leisure,Premium Economy,Boeing 777,2x4x2,1,2018-11-23,United Kingdom,1.0,1.0,1.0,2.0,1.0,4.0,3.0,,,,,,0,Modern (2015-Present),Positive,0.8709,Pre Covid
3484,419,Business,Economy Class,Airbus A350,3x3x3,1,2018-11-23,Philippines,5.0,4.0,5.0,4.0,4.0,4.0,5.0,,,,,,1,Modern (2015-Present),Positive,0.8225,Pre Covid
3485,419,Family Leisure,Premium Economy,Airbus A350,2x4x2,1,2018-11-05,Australia,2.0,1.0,1.0,1.0,2.0,4.0,4.0,,,,,,0,Modern (2015-Present),Positive,0.785,Pre Covid
3486,419,Solo Leisure,Economy Class,Airbus A380,3x4x3,0,2018-09-30,United States,4.0,5.0,5.0,4.0,5.0,4.0,5.0,,,,,,1,Modern (2015-Present),Positive,0.4297,Pre Covid
3487,419,Business,Economy Class,Boeing 787,3x3,1,2018-08-12,Philippines,5.0,4.0,4.0,5.0,5.0,5.0,5.0,,,,,,1,Modern (2015-Present),Neutral,-0.0258,Pre Covid
3488,419,Solo Leisure,Premium Economy,Airbus A380,2x4x2,1,2018-06-09,United States,4.0,4.0,4.0,4.0,4.0,3.0,4.0,,,,,,1,Modern (2015-Present),Positive,0.9273,Pre Covid
3489,419,Family Leisure,Economy Class,Airbus A330,2x4x2,1,2018-05-29,Malaysia,3.0,2.0,3.0,3.0,3.0,3.0,2.0,,,,,,1,Modern (2015-Present),Positive,0.9153,Pre Covid
3490,419,Couple Leisure,Premium Economy,Airbus A350,2x4x2,0,2018-02-03,Netherlands,2.0,2.0,2.0,3.0,2.0,4.0,4.0,,,,,,0,Modern (2015-Present),Positive,0.7955,Pre Covid
3491,419,Business,Economy Class,Boeing 777,3x3x3,0,2017-10-29,Singapore,4.0,4.0,4.0,5.0,4.0,,4.0,,,,,,1,Modern (2015-Present),Positive,0.9742,Pre Covid
3492,419,Business,Premium Economy,Boeing 777,2x4x2,0,2017-09-23,United States,4.0,3.0,3.0,3.0,4.0,4.0,4.0,,,,,,1,Modern (2015-Present),Positive,0.4703,Pre Covid
3493,419,Family Leisure,Economy Class,Airbus A330,2x4x2,0,2017-08-08,Taiwan,5.0,5.0,4.0,4.0,5.0,5.0,2.0,,,,,,1,Modern (2015-Present),Positive,0.8122,Pre Covid
3494,419,Solo Leisure,Economy Class,Airbus A330,unknown,0,2017-08-07,Guatemala,5.0,5.0,5.0,5.0,5.0,5.0,5.0,,,,,,1,Modern (2015-Present),Positive,0.8874,Pre Covid
3495,419,Solo Leisure,Premium Economy,Boeing 777,2x4x2,0,2017-08-02,Hong Kong,4.0,3.0,4.0,4.0,4.0,4.0,4.0,,,,,,1,Modern (2015-Present),Positive,0.9637,Pre Covid
3496,419,Solo Leisure,Economy Class,Boeing 777,3x3x3,0,2017-05-25,Singapore,2.0,1.0,1.0,3.0,3.0,,1.0,,,,,,0,Modern (2015-Present),Negative,-0.7283,Pre Covid
3497,419,Solo Leisure,Economy Class,Boeing 777,3x3x3,0,2017-04-18,Russian Federation,3.0,5.0,5.0,4.0,4.0,,3.0,,,,,,1,Modern (2015-Present),Positive,0.9455,Pre Covid
3498,419,Solo Leisure,Economy Class,Airbus A350,3x3x3,0,2017-02-22,United Kingdom,1.0,1.0,1.0,1.0,1.0,5.0,3.0,,,,,,0,Modern (2015-Present),Negative,-0.8805,Pre Covid
3499,419,Couple Leisure,Premium Economy,Boeing 777,2x4x2,0,2017-02-05,Norway,4.0,4.0,4.0,4.0,4.0,5.0,2.0,,,,,,0,Modern (2015-Present),Positive,0.8821,Pre Covid
3500,419,Couple Leisure,Premium Economy,Airbus A380,2x4x2,0,2017-01-08,United States,5.0,5.0,5.0,5.0,4.0,5.0,4.0,,,,,,1,Modern (2015-Present),Positive,0.852,Pre Covid
3501,419,Solo Leisure,Economy Class,Airbus A350,3x3x3,0,2016-11-15,Netherlands,4.0,3.0,4.0,3.0,4.0,4.0,4.0,,,,,,1,Modern (2015-Present),Positive,0.8145,Pre Covid
3502,419,Solo Leisure,Economy Class,Boeing 777,3x3x3,0,2016-08-21,Hong Kong,4.0,4.0,4.0,4.0,3.0,4.0,4.0,,,,,,1,Modern (2015-Present),Positive,0.8654,Pre Covid
3503,419,Solo Leisure,Premium Economy,Boeing 777,2x4x2,0,2016-06-10,New Zealand,4.0,3.0,3.0,3.0,2.0,5.0,5.0,,,,,,1,Modern (2015-Present),Positive,0.1576,Pre Covid
3504,419,Solo Leisure,Premium Economy,Airbus A380,2x4x2,0,2016-05-12,Australia,5.0,5.0,5.0,5.0,5.0,5.0,5.0,,,,,,1,Modern (2015-Present),Positive,0.9522,Pre Covid
3505,419,Solo Leisure,Economy Class,Airbus A380,3x4x3,0,2016-04-21,Australia,4.0,5.0,5.0,5.0,4.0,5.0,5.0,,,,,,1,Modern (2015-Present),Positive,0.9661,Pre Covid
3506,419,Family Leisure,Economy Class,Boeing 777,3x3x3,0,2016-02-13,Indonesia,5.0,5.0,4.0,4.0,3.0,3.0,3.0,,,,,,1,Modern (2015-Present),Positive,0.9607,Pre Covid
3507,419,Family Leisure,Economy Class,Boeing 777,3x3x3,0,2015-11-09,Singapore,4.0,5.0,4.0,5.0,5.0,4.0,5.0,,,,,,1,Modern (2015-Present),Positive,0.8501,Pre Covid
3508,419,Couple Leisure,Economy Class,Airbus A380,3x4x3,0,2015-09-15,Australia,2.0,3.0,3.0,3.0,2.0,3.0,3.0,,,,,,1,Modern (2015-Present),Positive,0.9619,Pre Covid
3509,419,Family Leisure,Economy Class,Boeing 777,3x3,0,2015-08-26,United Kingdom,1.0,1.0,1.0,1.0,3.0,,5.0,,,,,,0,Modern (2015-Present),Negative,-0.8727,Pre Covid
3510,419,Couple Leisure,Economy Class,Boeing 777,3x4x3,0,2015-08-19,New Zealand,5.0,4.0,4.0,4.0,1.0,,1.0,,,,,,0,Modern (2015-Present),Positive,0.5194,Pre Covid
3511,419,Family Leisure,Economy Class,Airbus A380,3x4x3,0,2015-08-15,Australia,1.0,2.0,1.0,3.0,2.0,5.0,5.0,,,,,,1,Modern (2015-Present),Positive,0.7783,Pre Covid
3512,419,Solo Leisure,Economy Class,Airbus A330,2x4x2,0,2015-07-25,Malaysia,5.0,5.0,5.0,5.0,5.0,3.0,4.0,,,,,,1,Modern (2015-Present),Negative,-0.5468,Pre Covid
3513,419,Solo Leisure,Economy Class,Boeing 777,3x3x3,0,2015-07-25,Malaysia,5.0,4.0,5.0,5.0,5.0,,3.0,,,,,,1,Modern (2015-Present),Positive,0.1779,Pre Covid
3514,419,Family Leisure,Economy Class,Airbus A380,3x4x3,0,2015-07-15,United States,4.0,3.0,4.0,3.0,3.0,4.0,4.0,,,,,,1,Modern (2015-Present),Positive,0.9099,Pre Covid
3515,419,Family Leisure,Economy Class,Airbus A380,3x4x3,0,2015-07-13,Singapore,5.0,5.0,5.0,5.0,5.0,5.0,5.0,,,,,,1,Modern (2015-Present),Positive,0.7184,Pre Covid
3516,419,Family Leisure,Economy Class,Boeing 777,3x3x3,0,2015-07-09,Australia,2.0,2.0,2.0,3.0,2.0,2.0,2.0,,,,,,1,Modern (2015-Present),Positive,0.9245,Pre Covid
3517,419,Family Leisure,Economy Class,Boeing 777,3x3x3,0,2015-06-22,Singapore,5.0,4.0,4.0,4.0,4.0,5.0,5.0,,,,,,1,Modern (2015-Present),Positive,0.9732,Pre Covid
3518,419,Solo Leisure,Economy Class,Airbus A330,2x4x2,0,2015-06-18,Indonesia,5.0,4.0,5.0,4.0,4.0,4.0,4.0,,,,,,1,Modern (2015-Present),Positive,0.9149,Pre Covid
3519,419,Solo Leisure,Economy Class,Airbus A380,3x4x3,0,2015-06-17,Australia,4.0,4.0,4.0,5.0,5.0,5.0,5.0,,,,,,1,Modern (2015-Present),Positive,0.9307,Pre Covid
3520,419,Family Leisure,Economy Class,Airbus A330,2x4x2,0,2015-06-13,Singapore,4.0,3.0,3.0,3.0,4.0,5.0,5.0,,,,,,1,Modern (2015-Present),Positive,0.4215,Pre Covid
3521,419,Unknown,Economy Class,Boeing 777,3x3x3,0,2015-01-28,Canada,1.0,2.0,1.0,2.0,,,2.0,,,,,,0,Modern (2015-Present),Positive,0.1154,Pre Covid
3522,419,Unknown,Economy Class,Boeing 777,3x3x3,0,2014-11-19,Singapore,2.0,1.0,1.0,2.0,,,4.0,,,,,,0,Historical (Pre-2015),Positive,0.077,Pre Covid
3523,419,Unknown,Economy Class,Airbus A380,3x4x3,0,2014-11-19,Hong Kong,3.0,3.0,3.0,3.0,,,5.0,,,,,,1,Historical (Pre-2015),Positive,0.8744,Pre Covid
3524,419,Unknown,Economy Class,Boeing 777,3x3x3,0,2014-03-03,India,4.0,3.0,4.0,4.0,,,3.0,,,,,,1,Historical (Pre-2015),Positive,0.8553,Pre Covid
3525,419,Unknown,Economy Class,Airbus A380,3x3x3,0,2014-01-13,United Kingdom,4.0,4.0,3.0,4.0,,,4.0,,,,,,0,Historical (Pre-2015),Negative,-0.3136,Pre Covid
3526,419,Unknown,Economy Class,Airbus A380,3x4x3,0,2014-01-12,United Kingdom,5.0,2.0,3.0,3.0,,,4.0,,,,,,0,Historical (Pre-2015),Negative,-0.2151,Pre Covid
3527,419,Unknown,Economy Class,Airbus A330,2x4x2,0,2014-01-12,Vietnam,5.0,4.0,5.0,5.0,,,5.0,,,,,,1,Historical (Pre-2015),Positive,0.926,Pre Covid
3528,419,Unknown,Economy Class,Airbus A380,2x4x2,0,2013-04-20,Australia,3.0,3.0,3.0,2.0,,,5.0,,,,,,1,Historical (Pre-2015),Positive,0.9527,Pre Covid
3529,419,Unknown,Economy Class,Airbus A380,3x4x3,0,2013-01-22,Australia,4.0,3.0,4.0,3.0,,,3.0,,,,,,1,Historical (Pre-2015),Positive,0.9709,Pre Covid
3530,419,Unknown,Economy Class,Airbus A380,3x4x3,0,2013-01-18,United Kingdom,2.0,4.0,3.0,1.0,,,3.0,,,,,,0,Historical (Pre-2015),Negative,-0.3804,Pre Covid
3531,419,Unknown,Economy Class,Airbus A380,2x4x2,0,2013-01-01,Australia,3.0,3.0,2.0,2.0,,,3.0,,,,,,0,Historical (Pre-2015),Positive,0.6622,Pre Covid
3532,419,Unknown,Economy Class,Airbus A380,3x4x3,0,2012-12-24,France,2.0,1.0,2.0,1.0,,,3.0,,,,,,0,Historical (Pre-2015),Negative,-0.7708,Pre Covid
3533,419,Unknown,Economy Class,Airbus A380,3x4x3,0,2011-10-22,United Kingdom,1.0,1.0,1.0,1.0,,,3.0,,,,,,0,Historical (Pre-2015),Negative,-0.7443,Pre Covid
3534,419,Unknown,Economy Class,Boeing 777,3x3x3,0,2011-10-22,Singapore,3.0,1.0,2.0,3.0,,,4.0,,,,,,0,Historical (Pre-2015),Negative,-0.5261,Pre Covid
3535,419,Unknown,Economy Class,Airbus A330,2x4x2,0,2011-10-22,Indonesia,4.0,3.0,4.0,4.0,,,4.0,,,,,,1,Historical (Pre-2015),Negative,-0.4599,Pre Covid
3536,419,Unknown,Economy Class,Airbus A380,3x3x3,0,2011-09-05,Singapore,3.0,1.0,4.0,3.0,,,4.0,,,,,,0,Historical (Pre-2015),Negative,-0.8996,Pre Covid
3537,419,Unknown,Economy Class,Boeing 777,3x3x3,0,2011-07-28,New Zealand,4.0,4.0,3.0,4.0,,,5.0,,,,,,1,Historical (Pre-2015),Positive,0.8477,Pre Covid
3538,419,Unknown,Economy Class,Airbus A380,3x4x3,0,2011-05-23,United Kingdom,4.0,4.0,4.0,4.0,,,5.0,,,,,,1,Historical (Pre-2015),Positive,0.8217,Pre Covid
3539,419,Unknown,Economy Class,Airbus A330,2x4x2,0,2011-05-23,South Africa,1.0,3.0,3.0,2.0,,,5.0,,,,,,0,Historical (Pre-2015),Negative,-0.3818,Pre Covid
3540,419,Unknown,Economy Class,Airbus A330,2x4x2,0,2011-04-06,Singapore,2.0,3.0,3.0,4.0,,,2.0,,,,,,0,Historical (Pre-2015),Negative,-0.5714,Pre Covid
3541,419,Unknown,Economy Class,Boeing 747,3x4x3,0,2011-04-05,United States,3.0,3.0,3.0,2.0,,,3.0,,,,,,0,Historical (Pre-2015),Positive,0.3612,Pre Covid
3542,419,Unknown,Economy Class,Boeing 777,3x3x3,0,2011-04-05,Canada,2.0,3.0,4.0,3.0,,,4.0,,,,,,0,Historical (Pre-2015),Positive,0.743,Pre Covid
3543,419,Unknown,Economy Class,Airbus A380,2x4x2,0,2010-12-15,Australia,2.0,4.0,4.0,1.0,,,5.0,,,,,,0,Historical (Pre-2015),Positive,0.8367,Pre Covid
3544,419,Unknown,Economy Class,Airbus A380,2x4x2,0,2010-12-15,Australia,3.0,3.0,2.0,2.0,,,4.0,,,,,,0,Historical (Pre-2015),Negative,-0.5574,Pre Covid
3545,419,Unknown,Economy Class,Airbus A380,2x4x2,0,2010-06-22,Singapore,2.0,2.0,3.0,3.0,,,3.0,,,,,,0,Historical (Pre-2015),Negative,-0.43,Pre Covid
3546,419,Unknown,Economy Class,Airbus A380,2x4x2,0,2010-06-06,United Kingdom,3.0,3.0,4.0,3.0,,,5.0,,,,,,1,Historical (Pre-2015),Positive,0.6258,Pre Covid
3547,419,Unknown,Economy Class,Airbus A380,2x4x2,0,2010-01-14,Australia,5.0,3.0,2.0,5.0,,,4.0,,,,,,1,Historical (Pre-2015),Negative,-0.6342,Pre Covid
3548,419,Unknown,Economy Class,Unknown,3x3x3,0,2010-01-14,Australia,4.0,4.0,4.0,3.0,,,2.0,,,,,,1,Historical (Pre-2015),Positive,0.5313,Pre Covid
3549,419,Unknown,Economy Class,Airbus A380,2x4x2,0,2010-01-11,United Kingdom,4.0,3.0,3.0,4.0,,,4.0,,,,,,1,Historical (Pre-2015),Positive,0.8049,Pre Covid
3550,419,Unknown,Economy Class,Airbus A380,2x4x2,0,2010-01-11,Australia,2.0,3.0,3.0,2.0,,,3.0,,,,,,0,Historical (Pre-2015),Negative,-0.8966,Pre Covid
3551,419,Unknown,Economy Class,Unknown,3x3x3,0,2010-01-11,Australia,1.0,2.0,3.0,4.0,,,3.0,,,,,,0,Historical (Pre-2015),Positive,0.3612,Pre Covid
3552,419,Unknown,Economy Class,Unknown,3x3x3,0,2010-01-10,United Kingdom,4.0,3.0,4.0,3.0,,,3.0,,,,,,0,Historical (Pre-2015),Positive,0.7908,Pre Covid
3553,419,Unknown,Economy Class,Airbus A380,2x4x2,0,2009-12-04,Australia,3.0,3.0,3.0,3.0,,,4.0,,,,,,0,Historical (Pre-2015),Positive,0.3017,Pre Covid
3554,419,Unknown,Economy Class,Unknown,3x4x3,0,2009-12-04,United States,4.0,4.0,3.0,4.0,,,4.0,,,,,,1,Historical (Pre-2015),Positive,0.888,Pre Covid
3555,419,Unknown,Economy Class,Airbus A330,2x4x2,0,2009-12-04,United Kingdom,2.0,3.0,2.0,2.0,,,3.0,,,,,,0,Historical (Pre-2015),Negative,-0.1779,Pre Covid
3556,419,Unknown,Economy Class,Airbus A380,3x4x3,0,2009-11-10,Germany,3.0,4.0,3.0,1.0,,,3.0,,,,,,0,Historical (Pre-2015),Negative,-0.6766,Pre Covid
3557,419,Unknown,Economy Class,Airbus A330,2x4x2,0,2009-11-10,Australia,2.0,2.0,3.0,2.0,,,3.0,,,,,,0,Historical (Pre-2015),Negative,-0.0521,Pre Covid
3558,419,Unknown,Economy Class,Airbus A380,2x4x2,0,2009-10-12,Australia,3.0,2.0,3.0,4.0,,,4.0,,,,,,1,Historical (Pre-2015),Positive,0.7024,Pre Covid
3559,419,Unknown,Economy Class,Boeing 777,3x3x3,0,2009-10-06,Singapore,3.0,2.0,3.0,3.0,,,,,,,,,0,Historical (Pre-2015),Negative,-0.4391,Pre Covid
3560,419,Unknown,Economy Class,Airbus A380,2x4x2,0,2009-09-20,Hong Kong,5.0,5.0,5.0,5.0,,,5.0,,,,,,0,Historical (Pre-2015),Positive,0.6411,Pre Covid
3561,419,Unknown,Economy Class,Airbus A380,2x4x2,0,2009-03-03,New Zealand,3.0,4.0,5.0,4.0,,,5.0,,,,,,1,Historical (Pre-2015),Positive,0.8133,Pre Covid
3562,419,Unknown,Economy Class,Boeing 777,3x3x3,0,2009-01-19,New Zealand,5.0,3.0,5.0,5.0,,,5.0,,,,,,1,Historical (Pre-2015),Neutral,0.0,Pre Covid
3563,419,Unknown,Economy Class,Airbus A380,3x4x3,0,2009-01-13,Austria,5.0,4.0,5.0,5.0,,,5.0,,,,,,1,Historical (Pre-2015),Negative,-0.5574,Pre Covid
3564,419,Solo Leisure,Economy Class,Boeing 777,3x4x3,0,2026-06-11,United Kingdom,1.0,2.0,1.0,1.0,1.0,1.0,,,,,,,0,Modern (2015-Present),Negative,-0.7717,After Covid
3565,419,Leisure,Business Class,Boeing 787,2x3x2,1,2025-12-14,Israel,,,,,1.0,2.0,,1.0,2.0,1.0,3.0,2.0,0,Modern (2015-Present),Negative,-0.296,After Covid
3566,419,Business,Business Class,Airbus A380,2x2x2,0,2025-11-02,United States,,,,,1.0,3.0,,2.0,2.0,2.0,2.0,1.0,0,Modern (2015-Present),Negative,-0.6661,After Covid
3567,419,Solo Leisure,Economy Class,Airbus A350,3x3x3,1,2024-12-19,United Kingdom,1.0,1.0,1.0,1.0,1.0,3.0,3.0,,,,,,0,Modern (2015-Present),Negative,-0.9061,After Covid
3568,419,Business,Business Class,Airbus A380,2x4x2,0,2024-10-24,United States,,,,,5.0,,,1.0,4.0,3.0,5.0,1.0,0,Modern (2015-Present),Negative,-0.7756,After Covid
3569,419,Couple Leisure,Economy Class,Airbus A320,3x3,0,2024-09-02,United Kingdom,1.0,1.0,2.0,3.0,1.0,1.0,,,,,,,0,Modern (2015-Present),Negative,-0.4077,After Covid
3570,419,Leisure,Business Class,Boeing 787,2x3x2,1,2024-05-16,Mexico,,,,,5.0,1.0,,1.0,2.0,1.0,3.0,4.0,0,Modern (2015-Present),Negative,-0.9235,After Covid
3571,419,Couple Leisure,Economy Class,Airbus A320,3x3,1,2024-05-07,United Kingdom,1.0,1.0,1.0,3.0,1.0,1.0,,,,,,,0,Modern (2015-Present),Negative,-0.9292,After Covid
3572,419,Leisure,Business Class,Boeing 787,2x3x2,1,2023-05-08,Australia,,,,,1.0,1.0,,1.0,1.0,1.0,1.0,1.0,0,Modern (2015-Present),Negative,-0.7511,After Covid
3573,419,Couple Leisure,Economy Class,Airbus A350,3x3x3,1,2023-04-12,United Kingdom,1.0,1.0,1.0,1.0,1.0,1.0,3.0,,,,,,0,Modern (2015-Present),Negative,-0.8131,After Covid
3574,419,Couple Leisure,Premium Economy,Boeing 777,3x4x3,1,2022-12-20,United Kingdom,4.0,4.0,5.0,1.0,4.0,4.0,1.0,,,,,,0,Modern (2015-Present),Negative,-0.6633,After Covid
3575,419,Couple Leisure,Economy Class,Airbus A380,2x3x2,1,2022-12-08,United Kingdom,1.0,2.0,2.0,2.0,3.0,2.0,2.0,,,,,,0,Modern (2015-Present),Negative,-0.9264,After Covid
3576,419,Solo Leisure,Economy Class,Boeing 777,3x3x3,0,2022-09-11,United Kingdom,5.0,5.0,3.0,4.0,4.0,3.0,3.0,,,,,,1,Modern (2015-Present),Positive,0.9587,After Covid
3577,419,Family Leisure,Economy Class,Airbus A380,unknown,0,2022-04-14,United Kingdom,3.0,4.0,3.0,4.0,5.0,5.0,2.0,,,,,,1,Modern (2015-Present),Positive,0.8553,After Covid
3578,419,Leisure,Business Class,Boeing 787,2x3x2,1,2020-04-25,India,,,,,2.0,5.0,,5.0,5.0,4.0,5.0,5.0,1,Modern (2015-Present),Positive,0.9753,Covid
3579,419,Leisure,Business Class,Boeing 777,1x2x1,1,2020-04-18,India,,,,,5.0,5.0,,4.0,5.0,4.0,5.0,5.0,1,Modern (2015-Present),Positive,0.9955,Covid
3580,419,Couple Leisure,Economy Class,Boeing 777,3x3x3,1,2020-03-05,United Kingdom,3.0,4.0,4.0,4.0,4.0,4.0,4.0,,,,,,1,Modern (2015-Present),Positive,0.3182,Covid
3581,419,Solo Leisure,Economy Class,Boeing 777,3x3x3,1,2020-01-26,United Kingdom,4.0,2.0,3.0,3.0,2.0,,1.0,,,,,,0,Modern (2015-Present),Negative,-0.296,Covid
3582,419,Couple Leisure,Economy Class,Boeing 787,3x3x3,1,2020-01-15,United Kingdom,3.0,2.0,1.0,3.0,3.0,3.0,1.0,,,,,,0,Modern (2015-Present),Negative,-0.6137,Covid
3583,419,Leisure,Business Class,Boeing 777,2x4x2,0,2020-01-09,United Kingdom,,,,,1.0,,,1.0,3.0,1.0,1.0,1.0,0,Modern (2015-Present),Negative,-0.6908,Covid
3584,419,Leisure,Business Class,Boeing 777,2x4x2,1,2020-01-03,Australia,,,,,,,,1.0,1.0,1.0,1.0,1.0,0,Modern (2015-Present),Negative,-0.834,Covid
3585,419,Business,Economy Class,Boeing 747,3x4x3,1,2019-11-30,United Kingdom,1.0,1.0,1.0,1.0,1.0,,,,,,,,0,Modern (2015-Present),Negative,-0.539,Pre Covid
3586,419,Business,Economy Class,Airbus A320,3x3,1,2019-10-09,United Kingdom,1.0,1.0,1.0,1.0,1.0,,,,,,,,0,Modern (2015-Present),Negative,-0.9342,Pre Covid
3587,419,Business,Economy Class,Airbus A321,3x3,1,2019-06-21,United Kingdom,3.0,1.0,2.0,2.0,2.0,,,,,,,,0,Modern (2015-Present),Positive,0.7597,Pre Covid
3588,419,Family Leisure,Economy Class,Boeing 787,3x3x3,1,2019-06-20,United Kingdom,2.0,3.0,1.0,2.0,3.0,3.0,4.0,,,,,,0,Modern (2015-Present),Positive,0.7793,Pre Covid
3589,419,Couple Leisure,Economy Class,Boeing 787,3x3x3,0,2019-05-31,United Kingdom,1.0,2.0,2.0,2.0,1.0,,2.0,,,,,,0,Modern (2015-Present),Negative,-0.8516,Pre Covid
3590,419,Leisure,Business Class,Boeing 787,2x3x2,1,2019-05-27,United States,,,,,5.0,5.0,,4.0,5.0,5.0,5.0,2.0,1,Modern (2015-Present),Positive,0.7704,Pre Covid
3591,419,Couple Leisure,Premium Economy,Boeing 777,2x4x2,1,2019-05-11,United Kingdom,1.0,1.0,1.0,1.0,1.0,1.0,1.0,,,,,,0,Modern (2015-Present),Negative,-0.7096,Pre Covid
3592,419,Family Leisure,Economy Class,Airbus A320,3x3,1,2019-04-23,United Kingdom,1.0,1.0,1.0,2.0,2.0,,2.0,,,,,,0,Modern (2015-Present),Positive,0.4102,Pre Covid
3593,419,Solo Leisure,Economy Class,Airbus A319,3x3,1,2019-04-09,United States,2.0,3.0,2.0,2.0,4.0,,4.0,,,,,,1,Modern (2015-Present),Positive,0.4215,Pre Covid
3594,419,Solo Leisure,Economy Class,Airbus A321,3x3,1,2019-03-12,United Kingdom,4.0,4.0,5.0,4.0,4.0,,,,,,,,1,Modern (2015-Present),Positive,0.9041,Pre Covid
3595,419,Business,Economy Class,Airbus A320,3x3,1,2019-03-11,United Kingdom,5.0,5.0,5.0,5.0,1.0,,,,,,,,1,Modern (2015-Present),Positive,0.8269,Pre Covid
3596,419,Business,Economy Class,Airbus A320,3x3,1,2019-03-11,United Kingdom,5.0,5.0,5.0,5.0,5.0,,,,,,,,1,Modern (2015-Present),Positive,0.913,Pre Covid
3597,419,Business,Business Class,Boeing 777,2x4x2,1,2019-03-10,United Kingdom,,,,,5.0,5.0,,5.0,5.0,5.0,5.0,5.0,1,Modern (2015-Present),Positive,0.9835,Pre Covid
3598,419,Leisure,Business Class,Boeing 777,2x4x2,1,2019-03-09,Germany,,,,,1.0,3.0,,1.0,1.0,1.0,1.0,1.0,0,Modern (2015-Present),Negative,-0.9685,Pre Covid
3599,419,Business,Premium Economy,Boeing 777,2x4x2,1,2019-01-19,United Kingdom,5.0,2.0,2.0,3.0,1.0,1.0,1.0,,,,,,0,Modern (2015-Present),Negative,-0.7286,Pre Covid
3600,419,Couple Leisure,Economy Class,Boeing 777,3x3x3,1,2019-01-02,United Kingdom,1.0,4.0,4.0,4.0,4.0,,2.0,,,,,,0,Modern (2015-Present),Positive,0.9956,Pre Covid
3601,419,Solo Leisure,Economy Class,Boeing 787,3x3x3,1,2018-12-24,United Kingdom,3.0,3.0,2.0,3.0,3.0,3.0,1.0,,,,,,0,Modern (2015-Present),Negative,-0.9094,Pre Covid
3602,419,Business,Economy Class,Airbus A319,3x3,1,2018-12-03,United Kingdom,1.0,1.0,1.0,2.0,1.0,1.0,,,,,,,0,Modern (2015-Present),Negative,-0.6948,Pre Covid
3603,419,Couple Leisure,Premium Economy,Boeing 747,2x4x2,0,2018-10-12,United Kingdom,4.0,3.0,2.0,3.0,3.0,,1.0,,,,,,0,Modern (2015-Present),Negative,-0.8491,Pre Covid
3604,419,Couple Leisure,Premium Economy,Boeing 777,2x4x2,1,2018-09-17,United Kingdom,4.0,2.0,4.0,4.0,1.0,1.0,1.0,,,,,,0,Modern (2015-Present),Positive,0.9816,Pre Covid
3605,419,Family Leisure,Premium Economy,Boeing 777,2x4x2,0,2018-06-09,United Kingdom,5.0,5.0,4.0,3.0,5.0,3.0,3.0,,,,,,1,Modern (2015-Present),Positive,0.9807,Pre Covid
3606,419,Couple Leisure,Economy Class,Airbus A320,3x3,1,2018-05-14,United States,3.0,3.0,3.0,3.0,3.0,,,,,,,,0,Modern (2015-Present),Negative,-0.4385,Pre Covid
3607,419,Couple Leisure,Economy Class,Boeing 787,3x3x3,1,2018-05-13,United States,2.0,2.0,2.0,2.0,2.0,,3.0,,,,,,0,Modern (2015-Present),Positive,0.8137,Pre Covid
3608,419,Couple Leisure,Premium Economy,Boeing 747,2x4x2,1,2018-05-02,United Kingdom,4.0,1.0,2.0,3.0,2.0,1.0,1.0,,,,,,0,Modern (2015-Present),Positive,0.8836,Pre Covid
3609,419,Couple Leisure,Economy Class,Airbus A380,3x4x3,1,2018-03-11,Unknown,1.0,1.0,1.0,1.0,2.0,3.0,3.0,,,,,,0,Modern (2015-Present),Negative,-0.8378,Pre Covid
3610,419,Business,Premium Economy,Airbus A380,2x3x2,0,2018-03-05,Singapore,2.0,1.0,1.0,2.0,1.0,,2.0,,,,,,0,Modern (2015-Present),Negative,-0.659,Pre Covid
3611,419,Solo Leisure,Economy Class,Boeing 777,3x4x3,1,2018-02-25,United Kingdom,4.0,4.0,4.0,3.0,3.0,,4.0,,,,,,1,Modern (2015-Present),Positive,0.8455,Pre Covid
3612,419,Business,Premium Economy,Boeing 777,2x4x2,1,2018-01-17,United Kingdom,4.0,3.0,3.0,3.0,1.0,1.0,1.0,,,,,,1,Modern (2015-Present),Negative,-0.09,Pre Covid
3613,419,Family Leisure,Economy Class,Boeing 777,3x3x3,0,2017-12-17,United Kingdom,3.0,3.0,3.0,3.0,1.0,,1.0,,,,,,0,Modern (2015-Present),Negative,-0.899,Pre Covid
3614,419,Family Leisure,Economy Class,Airbus A320,3x3,1,2017-12-16,United Kingdom,1.0,1.0,1.0,1.0,1.0,,,,,,,,0,Modern (2015-Present),Positive,0.6868,Pre Covid
3615,419,Couple Leisure,Premium Economy,Boeing 777,2x4x2,0,2017-12-15,United Kingdom,5.0,4.0,4.0,4.0,1.0,1.0,1.0,,,,,,0,Modern (2015-Present),Positive,0.5787,Pre Covid
3616,419,Couple Leisure,Economy Class,Airbus A320,3x3,1,2017-12-13,United Kingdom,1.0,1.0,3.0,3.0,1.0,,,,,,,,0,Modern (2015-Present),Negative,-0.4201,Pre Covid
3617,419,Business,Economy Class,Airbus A320,3x3,1,2017-11-29,Cyprus,5.0,5.0,5.0,5.0,3.0,,,,,,,,1,Modern (2015-Present),Positive,0.9707,Pre Covid
3618,419,Solo Leisure,Economy Class,Airbus A380,3x4x3,0,2017-11-14,Hong Kong,4.0,3.0,4.0,4.0,4.0,2.0,3.0,,,,,,1,Modern (2015-Present),Negative,-0.5106,Pre Covid
3619,419,Couple Leisure,Economy Class,Boeing 747,3x4x3,0,2017-10-21,United Kingdom,3.0,2.0,1.0,2.0,1.0,,1.0,,,,,,0,Modern (2015-Present),Positive,0.1508,Pre Covid
3620,419,Couple Leisure,Economy Class,Boeing 767,2x3x2,0,2017-10-09,United Kingdom,2.0,3.0,3.0,5.0,2.0,,1.0,,,,,,1,Modern (2015-Present),Neutral,-0.0,Pre Covid
3621,419,Solo Leisure,Premium Economy,Airbus A380,2x3x2,0,2017-09-17,Hong Kong,5.0,3.0,4.0,3.0,5.0,5.0,3.0,,,,,,0,Modern (2015-Present),Positive,0.9862,Pre Covid
3622,419,Business,Economy Class,Boeing 777,3x3x3,0,2017-09-06,United Kingdom,5.0,2.0,1.0,4.0,1.0,,1.0,,,,,,0,Modern (2015-Present),Negative,-0.2824,Pre Covid
3623,419,Couple Leisure,Economy Class,Airbus A380,2x4x2,0,2017-07-29,Germany,1.0,2.0,2.0,3.0,2.0,,1.0,,,,,,0,Modern (2015-Present),Positive,0.1027,Pre Covid
3624,419,Couple Leisure,Premium Economy,Boeing 747,2x4x2,0,2017-07-23,Singapore,3.0,2.0,3.0,3.0,2.0,,3.0,,,,,,0,Modern (2015-Present),Negative,-0.6963,Pre Covid
3625,419,Business,Premium Economy,Airbus A380,2x3x2,0,2017-06-18,South Africa,4.0,4.0,3.0,4.0,3.0,5.0,5.0,,,,,,0,Modern (2015-Present),Negative,-0.3824,Pre Covid
3626,419,Couple Leisure,Premium Economy,Boeing 747,2x4x2,0,2017-06-04,United Kingdom,2.0,2.0,1.0,2.0,1.0,1.0,1.0,,,,,,0,Modern (2015-Present),Negative,-0.1679,Pre Covid
3627,419,Couple Leisure,Economy Class,Boeing 777,3x4x3,0,2017-05-02,United Kingdom,3.0,4.0,2.0,4.0,4.0,4.0,4.0,,,,,,1,Modern (2015-Present),Positive,0.9545,Pre Covid
3628,419,Couple Leisure,Economy Class,Airbus A380,2x4x2,0,2017-04-27,United Kingdom,5.0,4.0,4.0,5.0,5.0,,5.0,,,,,,1,Modern (2015-Present),Positive,0.9893,Pre Covid
3629,419,Couple Leisure,Economy Class,Boeing 777,3x3x3,0,2017-04-27,United Kingdom,1.0,1.0,2.0,3.0,2.0,,2.0,,,,,,0,Modern (2015-Present),Negative,-0.9316,Pre Covid
3630,419,Business,Economy Class,Boeing 767,2x3x2,0,2017-03-01,Cyprus,2.0,2.0,1.0,2.0,2.0,1.0,2.0,,,,,,0,Modern (2015-Present),Negative,-0.8934,Pre Covid
3631,419,Couple Leisure,Economy Class,Boeing 747,3x4x3,0,2017-02-15,United Kingdom,2.0,3.0,1.0,3.0,3.0,,3.0,,,,,,0,Modern (2015-Present),Positive,0.8458,Pre Covid
3632,419,Business,Premium Economy,Boeing 747,2x4x2,0,2017-01-23,United Kingdom,2.0,1.0,1.0,1.0,1.0,1.0,1.0,,,,,,0,Modern (2015-Present),Negative,-0.9446,Pre Covid
3633,419,Solo Leisure,Economy Class,Airbus A380,2x4x2,0,2017-01-08,Hong Kong,2.0,3.0,3.0,3.0,2.0,3.0,3.0,,,,,,0,Modern (2015-Present),Negative,-0.4398,Pre Covid
3634,419,Business,Premium Economy,Boeing 777,2x4x2,0,2016-12-29,Australia,4.0,5.0,3.0,4.0,3.0,5.0,3.0,,,,,,1,Modern (2015-Present),Positive,0.909,Pre Covid
3635,419,Family Leisure,Premium Economy,Boeing 777,2x4x2,0,2016-12-21,United Kingdom,5.0,5.0,5.0,4.0,3.0,5.0,4.0,,,,,,1,Modern (2015-Present),Positive,0.9136,Pre Covid
3636,419,Business,Economy Class,Boeing 777,unknown,0,2016-12-07,Australia,1.0,4.0,4.0,3.0,2.0,3.0,3.0,,,,,,0,Modern (2015-Present),Negative,-0.1531,Pre Covid
3637,419,Solo Leisure,Economy Class,Airbus A319,3x3,0,2016-12-01,Denmark,1.0,1.0,2.0,1.0,1.0,,,,,,,,0,Modern (2015-Present),Positive,0.6344,Pre Covid
3638,419,Solo Leisure,Economy Class,Airbus A320,3x3,0,2016-10-18,United Kingdom,5.0,5.0,5.0,5.0,4.0,,,,,,,,1,Modern (2015-Present),Positive,0.9272,Pre Covid
3639,419,Couple Leisure,Economy Class,Boeing 747,3x4x3,0,2016-10-02,United States,1.0,1.0,1.0,1.0,1.0,,2.0,,,,,,0,Modern (2015-Present),Negative,-0.9485,Pre Covid
3640,419,Family Leisure,Economy Class,Boeing 787,3x3x3,0,2016-09-07,Canada,1.0,1.0,1.0,1.0,1.0,1.0,1.0,,,,,,0,Modern (2015-Present),Negative,-0.7351,Pre Covid
3641,419,Solo Leisure,Economy Class,Airbus A321,3x3,0,2016-09-07,United Kingdom,1.0,1.0,1.0,1.0,1.0,,,,,,,,0,Modern (2015-Present),Negative,-0.743,Pre Covid
3642,419,Family Leisure,Economy Class,Boeing 767,2x3x2,0,2016-08-20,United Kingdom,1.0,1.0,1.0,2.0,2.0,2.0,2.0,,,,,,0,Modern (2015-Present),Negative,-0.2263,Pre Covid
3643,419,Solo Leisure,Economy Class,Boeing 787,3x3x3,0,2016-08-14,United Kingdom,1.0,2.0,1.0,1.0,1.0,1.0,1.0,,,,,,0,Modern (2015-Present),Negative,-0.8347,Pre Covid
3644,419,Solo Leisure,Economy Class,Airbus A380,3x4x3,0,2016-07-27,Singapore,1.0,1.0,1.0,1.0,1.0,1.0,1.0,,,,,,0,Modern (2015-Present),Negative,-0.5574,Pre Covid
3645,419,Business,Premium Economy,Boeing 777,2x4x2,0,2016-07-24,United Kingdom,4.0,3.0,3.0,3.0,1.0,1.0,1.0,,,,,,0,Modern (2015-Present),Negative,-0.1578,Pre Covid
3646,419,Family Leisure,Economy Class,Airbus A380,3x4x3,0,2016-06-27,United Kingdom,1.0,2.0,3.0,2.0,2.0,,,,,,,,0,Modern (2015-Present),Positive,0.6671,Pre Covid
3647,419,Couple Leisure,Economy Class,Boeing 747,3x4x3,0,2016-06-17,United Kingdom,1.0,2.0,2.0,2.0,1.0,3.0,4.0,,,,,,0,Modern (2015-Present),Negative,-0.6548,Pre Covid
3648,419,Couple Leisure,Premium Economy,Boeing 767,2x3x2,0,2016-06-09,United Kingdom,1.0,2.0,2.0,2.0,2.0,,2.0,,,,,,0,Modern (2015-Present),Negative,-0.9184,Pre Covid
3649,419,Family Leisure,Economy Class,Airbus A380,2x4x2,0,2016-05-01,United States,2.0,2.0,2.0,2.0,2.0,,2.0,,,,,,0,Modern (2015-Present),Positive,0.7672,Pre Covid
3650,419,Couple Leisure,Premium Economy,Boeing 777,2x4x2,0,2016-04-23,United Kingdom,3.0,3.0,1.0,2.0,3.0,,1.0,,,,,,0,Modern (2015-Present),Negative,-0.9795,Pre Covid
3651,419,Business,Economy Class,Airbus A380,3x4x3,0,2016-04-19,United Kingdom,1.0,3.0,4.0,3.0,1.0,2.0,2.0,,,,,,0,Modern (2015-Present),Positive,0.8515,Pre Covid
3652,419,Solo Leisure,Premium Economy,Airbus A380,2x4x2,0,2016-04-19,China,4.0,4.0,4.0,3.0,3.0,,3.0,,,,,,1,Modern (2015-Present),Positive,0.9701,Pre Covid
3653,419,Business,Economy Class,Boeing 777,3x3x3,0,2016-04-18,India,1.0,2.0,1.0,2.0,2.0,3.0,3.0,,,,,,0,Modern (2015-Present),Negative,-0.5975,Pre Covid
3654,419,Family Leisure,Premium Economy,Boeing 777,2x4x2,0,2016-04-03,United Kingdom,3.0,2.0,3.0,3.0,1.0,,2.0,,,,,,0,Modern (2015-Present),Positive,0.6818,Pre Covid
3655,419,Solo Leisure,Economy Class,Boeing 747,3x4x3,0,2016-03-27,United States,3.0,3.0,1.0,1.0,1.0,5.0,5.0,,,,,,0,Modern (2015-Present),Negative,-0.9775,Pre Covid
3656,419,Family Leisure,Economy Class,Boeing 747,3x4x3,0,2016-03-23,United Kingdom,1.0,1.0,3.0,1.0,1.0,,1.0,,,,,,0,Modern (2015-Present),Positive,0.4614,Pre Covid
3657,419,Couple Leisure,Economy Class,Boeing 787,3x3x3,0,2016-03-18,Canada,1.0,1.0,1.0,2.0,1.0,2.0,1.0,,,,,,0,Modern (2015-Present),Negative,-0.1689,Pre Covid
3658,419,Business,Economy Class,Boeing 787,3x3x3,0,2016-02-16,Ireland,1.0,2.0,1.0,2.0,2.0,3.0,1.0,,,,,,0,Modern (2015-Present),Positive,0.7265,Pre Covid
3659,419,Solo Leisure,Economy Class,Boeing 787,3x3x3,0,2016-02-09,United Kingdom,1.0,2.0,2.0,3.0,2.0,4.0,1.0,,,,,,0,Modern (2015-Present),Positive,0.5187,Pre Covid
3660,419,Couple Leisure,Economy Class,Boeing 787,3x3x3,0,2016-02-08,Canada,2.0,2.0,5.0,4.0,3.0,4.0,4.0,,,,,,1,Modern (2015-Present),Positive,0.3257,Pre Covid
3661,419,Family Leisure,Economy Class,Boeing 767,2x3x2,0,2016-02-01,United Kingdom,4.0,3.0,5.0,4.0,3.0,,3.0,,,,,,1,Modern (2015-Present),Positive,0.8934,Pre Covid
3662,419,Couple Leisure,Economy Class,Airbus A320,3x3,0,2016-01-10,United Kingdom,5.0,1.0,4.0,4.0,3.0,,1.0,,,,,,1,Modern (2015-Present),Positive,0.9691,Pre Covid
3663,419,Business,Premium Economy,Boeing 777,2x4x2,0,2015-12-12,United Kingdom,3.0,2.0,3.0,4.0,3.0,,2.0,,,,,,0,Modern (2015-Present),Negative,-0.935,Pre Covid
3664,419,Couple Leisure,Economy Class,Boeing 777,3x3x3,0,2015-11-18,United Kingdom,2.0,2.0,2.0,2.0,3.0,1.0,2.0,,,,,,0,Modern (2015-Present),Negative,-0.7264,Pre Covid
3665,419,Couple Leisure,Economy Class,Airbus A320,3x3,0,2015-11-17,Australia,4.0,3.0,3.0,2.0,1.0,,,,,,,,0,Modern (2015-Present),Positive,0.3299,Pre Covid
3666,419,Business,Premium Economy,Boeing 777,2x4x2,0,2015-11-05,Germany,3.0,1.0,1.0,3.0,3.0,,1.0,,,,,,0,Modern (2015-Present),Negative,-0.9488,Pre Covid
3667,419,Solo Leisure,Premium Economy,Airbus A380,2x3x2,0,2015-11-03,United Kingdom,4.0,4.0,4.0,4.0,3.0,,4.0,,,,,,1,Modern (2015-Present),Positive,0.8777,Pre Covid
3668,419,Business,Economy Class,Airbus A320,3x3,0,2015-11-01,Sweden,2.0,2.0,2.0,2.0,2.0,,,,,,,,0,Modern (2015-Present),Negative,-0.9726,Pre Covid
3669,419,Solo Leisure,Economy Class,Airbus A380,3x4x3,0,2015-10-30,United Kingdom,5.0,5.0,4.0,5.0,4.0,4.0,5.0,,,,,,1,Modern (2015-Present),Positive,0.8873,Pre Covid
3670,419,Solo Leisure,Economy Class,Boeing 747,3x4x3,0,2015-10-30,United Kingdom,3.0,4.0,3.0,4.0,2.0,1.0,3.0,,,,,,1,Modern (2015-Present),Negative,-0.1875,Pre Covid
3671,419,Family Leisure,Economy Class,Airbus A319,3x3,0,2015-10-29,United Kingdom,2.0,1.0,3.0,2.0,4.0,,,,,,,,1,Modern (2015-Present),Negative,-0.6948,Pre Covid
3672,419,Family Leisure,Economy Class,Boeing 777,unknown,0,2015-10-24,Germany,2.0,1.0,2.0,3.0,4.0,,3.0,,,,,,0,Modern (2015-Present),Negative,-0.8093,Pre Covid
3673,419,Solo Leisure,Economy Class,Boeing 787,3x3x3,0,2015-10-23,Canada,1.0,1.0,2.0,2.0,1.0,,3.0,,,,,,1,Modern (2015-Present),Negative,-0.3763,Pre Covid
3674,419,Family Leisure,Economy Class,Boeing 747,3x4x3,0,2015-10-10,United Kingdom,3.0,2.0,4.0,2.0,4.0,,4.0,,,,,,0,Modern (2015-Present),Positive,0.1861,Pre Covid
3675,419,Couple Leisure,Premium Economy,Boeing 777,2x4x2,0,2015-09-27,United Kingdom,5.0,5.0,4.0,5.0,5.0,5.0,5.0,,,,,,1,Modern (2015-Present),Positive,0.9427,Pre Covid
3676,419,Couple Leisure,Economy Class,Boeing 787,3x3x3,0,2015-09-22,Canada,1.0,1.0,1.0,1.0,1.0,3.0,3.0,,,,,,0,Modern (2015-Present),Negative,-0.8195,Pre Covid
3677,419,Solo Leisure,Economy Class,Airbus A320,3x3,0,2015-09-14,United Kingdom,4.0,3.0,3.0,3.0,3.0,,,,,,,,1,Modern (2015-Present),Positive,0.9127,Pre Covid
3678,419,Family Leisure,Premium Economy,Airbus A320,2x2,0,2015-09-07,United Kingdom,1.0,1.0,1.0,1.0,1.0,,,,,,,,0,Modern (2015-Present),Negative,-0.8015,Pre Covid
3679,419,Business,Premium Economy,Boeing 747,2x4x2,0,2015-08-28,United Kingdom,2.0,2.0,2.0,2.0,1.0,,1.0,,,,,,0,Modern (2015-Present),Negative,-0.75,Pre Covid
3680,419,Couple Leisure,Economy Class,Airbus A319,3x3,0,2015-08-25,Canada,1.0,1.0,2.0,2.0,1.0,,,,,,,,0,Modern (2015-Present),Negative,-0.5262,Pre Covid
3681,419,Solo Leisure,Economy Class,Boeing 747,3x4x3,0,2015-08-06,Singapore,3.0,3.0,3.0,3.0,1.0,1.0,1.0,,,,,,0,Modern (2015-Present),Negative,-0.7901,Pre Covid
3682,419,Couple Leisure,Premium Economy,Boeing 767,2x2x2,0,2015-07-27,United Kingdom,3.0,2.0,3.0,1.0,1.0,,,,,,,,0,Modern (2015-Present),Negative,-0.9073,Pre Covid
3683,419,Solo Leisure,Economy Class,Boeing 777,3x3x3,0,2015-07-22,Singapore,2.0,2.0,2.0,3.0,3.0,3.0,3.0,,,,,,0,Modern (2015-Present),Positive,0.5729,Pre Covid
3684,419,Solo Leisure,Economy Class,Boeing 787,3x3x3,0,2015-07-10,United Kingdom,2.0,2.0,1.0,3.0,2.0,,3.0,,,,,,0,Modern (2015-Present),Positive,0.5023,Pre Covid
3685,419,Couple Leisure,Premium Economy,Boeing 747,2x4x2,0,2015-07-08,United States,4.0,4.0,3.0,5.0,5.0,5.0,4.0,,,,,,1,Modern (2015-Present),Positive,0.9743,Pre Covid
3686,419,Solo Leisure,Premium Economy,Airbus A320,2x2,0,2015-07-04,United Kingdom,1.0,2.0,3.0,3.0,2.0,,,,,,,,0,Modern (2015-Present),Negative,-0.642,Pre Covid
3687,419,Solo Leisure,Economy Class,Boeing 777,3x3x3,0,2015-07-03,Thailand,3.0,2.0,2.0,1.0,1.0,,2.0,,,,,,0,Modern (2015-Present),Positive,0.4095,Pre Covid
3688,419,Business,Premium Economy,Airbus A320,2x2,0,2015-06-21,Germany,1.0,3.0,3.0,3.0,2.0,,,,,,,,1,Modern (2015-Present),Neutral,-0.0442,Pre Covid
3689,419,Couple Leisure,Premium Economy,Boeing 747,2x4x2,0,2015-06-20,United Kingdom,5.0,5.0,5.0,5.0,5.0,5.0,5.0,,,,,,1,Modern (2015-Present),Positive,0.5845,Pre Covid
3690,419,Unknown,Economy Class,Airbus A380,2x4x2,0,2015-05-29,United States,1.0,2.0,2.0,1.0,,,2.0,,,,,,0,Modern (2015-Present),Negative,-0.985,Pre Covid
3691,419,Unknown,Economy Class,Boeing 777,3x3x3,0,2015-05-29,Australia,5.0,4.0,2.0,4.0,,,1.0,,,,,,1,Modern (2015-Present),Positive,0.3743,Pre Covid
3692,419,Unknown,Premium Economy,Boeing 777,2x4x2,0,2015-05-29,United Kingdom,2.0,1.0,1.0,3.0,,,2.0,,,,,,0,Modern (2015-Present),Negative,-0.9276,Pre Covid
3693,419,Unknown,Economy Class,Airbus A319,3x3,0,2015-05-29,United Kingdom,1.0,1.0,1.0,1.0,,,1.0,,,,,,0,Modern (2015-Present),Negative,-0.296,Pre Covid
3694,419,Unknown,Economy Class,Airbus A380,2x4x2,0,2015-05-29,Australia,1.0,4.0,1.0,1.0,,,3.0,,,,,,0,Modern (2015-Present),Negative,-0.7645,Pre Covid
3695,419,Unknown,Economy Class,Airbus A380,2x4x2,0,2015-04-02,United Kingdom,1.0,1.0,1.0,1.0,,,3.0,,,,,,0,Modern (2015-Present),Negative,-0.0855,Pre Covid
3696,419,Unknown,Premium Economy,Boeing 747,2x4x2,0,2015-03-22,Canada,2.0,2.0,1.0,1.0,,,1.0,,,,,,0,Modern (2015-Present),Negative,-0.9384,Pre Covid
3697,419,Unknown,Economy Class,Boeing 777,3x3x3,0,2015-03-22,United Kingdom,1.0,1.0,3.0,2.0,,,1.0,,,,,,0,Modern (2015-Present),Negative,-0.5892,Pre Covid
3698,419,Unknown,Premium Economy,Boeing 777,2x4x2,0,2015-03-01,United Kingdom,5.0,3.0,3.0,2.0,,,3.0,,,,,,0,Modern (2015-Present),Negative,-0.8911,Pre Covid
3699,419,Unknown,Premium Economy,Boeing 747,2x4x2,0,2015-02-21,United Kingdom,2.0,1.0,1.0,1.0,,,1.0,,,,,,0,Modern (2015-Present),Negative,-0.7899,Pre Covid
3700,419,Unknown,Economy Class,Boeing 747,2x3x2,0,2015-01-27,United Kingdom,1.0,1.0,1.0,1.0,,,2.0,,,,,,0,Modern (2015-Present),Negative,-0.6124,Pre Covid
3701,419,Unknown,Economy Class,Airbus A380,2x4x2,0,2015-01-27,Italy,1.0,1.0,2.0,1.0,,,3.0,,,,,,0,Modern (2015-Present),Negative,-0.8271,Pre Covid
3702,419,Unknown,Economy Class,Boeing 777,3x4x3,0,2015-01-27,United Kingdom,1.0,1.0,1.0,1.0,,,1.0,,,,,,0,Modern (2015-Present),Negative,-0.7927,Pre Covid
3703,419,Unknown,Premium Economy,Boeing 777,2x4x2,0,2015-01-27,United Kingdom,3.0,5.0,3.0,3.0,,,2.0,,,,,,0,Modern (2015-Present),Negative,-0.705,Pre Covid
3704,419,Unknown,Economy Class,Boeing 777,3x4x3,0,2015-01-27,United Kingdom,5.0,4.0,4.0,4.0,,,4.0,,,,,,1,Modern (2015-Present),Positive,0.9339,Pre Covid
3705,419,Unknown,Economy Class,Boeing 747,3x4x3,0,2015-01-27,United Kingdom,1.0,2.0,2.0,2.0,,,1.0,,,,,,0,Modern (2015-Present),Negative,-0.9457,Pre Covid
3706,419,Unknown,Economy Class,Boeing 787,3x3x3,0,2015-01-27,Italy,1.0,3.0,4.0,1.0,,,5.0,,,,,,1,Modern (2015-Present),Positive,0.8303,Pre Covid
3707,419,Unknown,Premium Economy,Boeing 747,2x4x2,0,2015-01-27,United Kingdom,5.0,4.0,4.0,3.0,,,3.0,,,,,,1,Modern (2015-Present),Positive,0.967,Pre Covid
3708,419,Unknown,Economy Class,Boeing 787,3x3x3,0,2014-11-19,United Kingdom,1.0,3.0,2.0,5.0,,,2.0,,,,,,0,Historical (Pre-2015),Negative,-0.0516,Pre Covid
3709,419,Unknown,Premium Economy,Boeing 747,2x4x2,0,2014-11-19,United Kingdom,1.0,1.0,1.0,2.0,,,2.0,,,,,,0,Historical (Pre-2015),Negative,-0.25,Pre Covid
3710,419,Unknown,Premium Economy,Boeing 777,2x4x2,0,2014-10-27,United States,3.0,4.0,3.0,4.0,,,5.0,,,,,,1,Historical (Pre-2015),Positive,0.9481,Pre Covid
3711,419,Unknown,Premium Economy,Boeing 747,2x4x2,0,2014-10-27,United States,4.0,4.0,3.0,5.0,,,2.0,,,,,,1,Historical (Pre-2015),Positive,0.436,Pre Covid
3712,419,Unknown,Economy Class,Boeing 747,3x4x3,0,2014-10-27,United Kingdom,2.0,4.0,1.0,2.0,,,1.0,,,,,,0,Historical (Pre-2015),Negative,-0.9008,Pre Covid
3713,419,Unknown,Premium Economy,Airbus A380,3x3x3,0,2014-10-27,United Kingdom,3.0,2.0,2.0,3.0,,,4.0,,,,,,0,Historical (Pre-2015),Neutral,-0.0414,Pre Covid
3714,419,Unknown,Economy Class,Boeing 747,3x4x3,0,2014-10-27,United States,1.0,1.0,1.0,2.0,,,4.0,,,,,,0,Historical (Pre-2015),Negative,-0.7783,Pre Covid
3715,419,Unknown,Economy Class,Boeing 747,3x4x3,0,2014-10-27,United Kingdom,1.0,1.0,1.0,1.0,,,2.0,,,,,,0,Historical (Pre-2015),Negative,-0.3898,Pre Covid
3716,419,Unknown,Premium Economy,Boeing 777,2x4x2,0,2014-10-27,United States,5.0,4.0,4.0,4.0,,,2.0,,,,,,1,Historical (Pre-2015),Positive,0.8462,Pre Covid
3717,419,Unknown,Economy Class,Boeing 787,3x3x3,0,2014-10-27,United Kingdom,1.0,3.0,2.0,1.0,,,3.0,,,,,,0,Historical (Pre-2015),Positive,0.6211,Pre Covid
3718,419,Unknown,Economy Class,Boeing 777,3x4x3,0,2014-10-27,Unknown,3.0,4.0,4.0,3.0,,,1.0,,,,,,0,Historical (Pre-2015),Negative,-0.6148,Pre Covid
3719,419,Unknown,Premium Economy,Boeing 777,2x4x2,0,2014-10-27,United Kingdom,5.0,4.0,5.0,4.0,,,5.0,,,,,,1,Historical (Pre-2015),Positive,0.9468,Pre Covid
3720,419,Unknown,Economy Class,Boeing 747,2x4x2,0,2014-10-27,United Kingdom,5.0,2.0,2.0,5.0,,,3.0,,,,,,0,Historical (Pre-2015),Positive,0.5106,Pre Covid
3721,419,Unknown,Economy Class,Boeing 777,3x3x3,0,2014-08-02,United Kingdom,2.0,1.0,1.0,1.0,,,1.0,,,,,,0,Historical (Pre-2015),Negative,-0.8832,Pre Covid
3722,419,Unknown,Premium Economy,Boeing 777,2x4x2,0,2014-08-02,United Kingdom,5.0,5.0,5.0,4.0,,,4.0,,,,,,1,Historical (Pre-2015),Positive,0.8074,Pre Covid
3723,419,Unknown,Premium Economy,Boeing 747,2x4x2,0,2014-07-25,South Africa,4.0,3.0,1.0,5.0,,,5.0,,,,,,1,Historical (Pre-2015),Positive,0.9393,Pre Covid
3724,419,Unknown,Economy Class,Boeing 747,2x4x2,0,2014-07-25,United States,3.0,3.0,3.0,2.0,,,2.0,,,,,,0,Historical (Pre-2015),Negative,-0.6358,Pre Covid
3725,419,Unknown,Economy Class,Boeing 747,3x4x3,0,2014-03-11,United Kingdom,2.0,4.0,1.0,1.0,,,5.0,,,,,,0,Historical (Pre-2015),Negative,-0.6688,Pre Covid
3726,419,Unknown,Premium Economy,Boeing 777,2x4x2,0,2014-03-11,United Kingdom,4.0,2.0,3.0,2.0,,,1.0,,,,,,0,Historical (Pre-2015),Negative,-0.7128,Pre Covid
3727,419,Unknown,Economy Class,Airbus A320,3x3,0,2014-03-03,Austria,2.0,1.0,2.0,4.0,,,3.0,,,,,,0,Historical (Pre-2015),Negative,-0.5286,Pre Covid
3728,419,Unknown,Premium Economy,Boeing 767,2x4x2,0,2014-03-03,United States,5.0,3.0,5.0,5.0,,,5.0,,,,,,1,Historical (Pre-2015),Positive,0.6589,Pre Covid
3729,419,Unknown,Economy Class,Boeing 777,3x3x3,0,2014-01-24,United Kingdom,2.0,2.0,5.0,4.0,,,5.0,,,,,,1,Historical (Pre-2015),Positive,0.9114,Pre Covid
3730,419,Unknown,Premium Economy,Boeing 777,2x4x2,0,2014-01-17,United Kingdom,4.0,4.0,2.0,2.0,,,3.0,,,,,,0,Historical (Pre-2015),Negative,-0.7808,Pre Covid
3731,419,Unknown,Premium Economy,Boeing 777,2x4x2,0,2014-01-17,United Kingdom,2.0,1.0,1.0,3.0,,,1.0,,,,,,0,Historical (Pre-2015),Negative,-0.8735,Pre Covid
3732,419,Unknown,Premium Economy,Boeing 747,2x4x2,0,2014-01-13,Thailand,3.0,2.0,3.0,1.0,,,1.0,,,,,,0,Historical (Pre-2015),Positive,0.9682,Pre Covid
3733,419,Unknown,Economy Class,Boeing 747,3x4x3,0,2014-01-06,Australia,4.0,5.0,2.0,4.0,,,4.0,,,,,,1,Historical (Pre-2015),Positive,0.7876,Pre Covid
3734,419,Unknown,Premium Economy,Boeing 747,2x4x2,0,2014-01-06,United States,3.0,3.0,2.0,4.0,,,1.0,,,,,,0,Historical (Pre-2015),Negative,-0.8968,Pre Covid
3735,419,Unknown,Economy Class,Boeing 777,3x3x3,0,2014-01-06,United States,1.0,2.0,3.0,1.0,,,2.0,,,,,,0,Historical (Pre-2015),Negative,-0.228,Pre Covid
3736,419,Unknown,Economy Class,Boeing 747,3x4x3,0,2013-10-24,United Kingdom,2.0,4.0,1.0,1.0,,,4.0,,,,,,0,Historical (Pre-2015),Positive,0.1102,Pre Covid
3737,419,Unknown,Economy Class,Boeing 747,3x4x3,0,2013-10-11,United Kingdom,5.0,5.0,3.0,3.0,,,1.0,,,,,,0,Historical (Pre-2015),Neutral,-0.0178,Pre Covid
3738,419,Unknown,Premium Economy,Boeing 747,2x4x2,0,2013-10-11,United Kingdom,3.0,1.0,2.0,1.0,,,1.0,,,,,,0,Historical (Pre-2015),Positive,0.8074,Pre Covid
3739,419,Unknown,Economy Class,Airbus A319,3x3,0,2013-09-06,United Kingdom,1.0,2.0,2.0,1.0,,,,,,,,,0,Historical (Pre-2015),Negative,-0.8016,Pre Covid
3740,419,Unknown,Premium Economy,Boeing 777,2x4x2,0,2013-09-06,Unknown,4.0,2.0,3.0,4.0,,,3.0,,,,,,0,Historical (Pre-2015),Positive,0.0603,Pre Covid
3741,419,Unknown,Economy Class,Airbus A380,3x4x3,0,2013-09-06,United Kingdom,5.0,5.0,5.0,5.0,,,5.0,,,,,,1,Historical (Pre-2015),Positive,0.7506,Pre Covid
3742,419,Unknown,Economy Class,Boeing 777,3x3x3,0,2013-09-06,United Kingdom,1.0,1.0,5.0,3.0,,,5.0,,,,,,0,Historical (Pre-2015),Negative,-0.6901,Pre Covid
3743,419,Unknown,Economy Class,Boeing 747,3x4x3,0,2013-09-06,United States,2.0,3.0,3.0,2.0,,,2.0,,,,,,1,Historical (Pre-2015),Neutral,0.0,Pre Covid
3744,419,Unknown,Premium Economy,Boeing 747,2x4x2,0,2013-04-25,Italy,4.0,3.0,3.0,3.0,,,3.0,,,,,,1,Historical (Pre-2015),Negative,-0.8066,Pre Covid
3745,419,Unknown,Premium Economy,Boeing 777,2x4x2,0,2013-04-20,United Kingdom,4.0,2.0,3.0,1.0,,,3.0,,,,,,1,Historical (Pre-2015),Negative,-0.4948,Pre Covid
3746,419,Unknown,Economy Class,Boeing 777,3x3x3,0,2013-01-19,China,3.0,4.0,4.0,2.0,,,4.0,,,,,,0,Historical (Pre-2015),Positive,0.8176,Pre Covid
3747,419,Unknown,Economy Class,Airbus A320,3x3,0,2013-01-19,United Kingdom,1.0,1.0,2.0,2.0,,,2.0,,,,,,0,Historical (Pre-2015),Negative,-0.5994,Pre Covid
3748,419,Unknown,Economy Class,Boeing 747,2x4x2,0,2013-01-01,United Kingdom,4.0,4.0,4.0,4.0,,,3.0,,,,,,1,Historical (Pre-2015),Positive,0.9692,Pre Covid
3749,419,Unknown,Economy Class,Boeing 747,3x4x3,0,2013-01-01,United Kingdom,2.0,3.0,2.0,3.0,,,3.0,,,,,,0,Historical (Pre-2015),Positive,0.7778,Pre Covid
3750,419,Unknown,Premium Economy,Boeing 777,2x4x2,0,2011-09-19,Australia,3.0,3.0,1.0,1.0,,,4.0,,,,,,1,Historical (Pre-2015),Negative,-0.1429,Pre Covid
3751,419,Unknown,Premium Economy,Boeing 747,2x4x2,0,2011-09-05,South Africa,3.0,1.0,3.0,3.0,,,3.0,,,,,,0,Historical (Pre-2015),Positive,0.4499,Pre Covid
3752,419,Unknown,Economy Class,Boeing 777,3x3x3,0,2011-05-21,United Kingdom,2.0,3.0,2.0,4.0,,,3.0,,,,,,0,Historical (Pre-2015),Neutral,0.0,Pre Covid
3753,419,Unknown,Economy Class,Unknown,2x3x2,0,2011-05-14,United Kingdom,3.0,3.0,3.0,5.0,,,2.0,,,,,,1,Historical (Pre-2015),Positive,0.9294,Pre Covid
3754,419,Unknown,Premium Economy,Unknown,2x4x2,0,2011-05-11,United Kingdom,4.0,2.0,2.0,3.0,,,3.0,,,,,,1,Historical (Pre-2015),Positive,0.1557,Pre Covid
3755,419,Unknown,World Traveller Plus,Boeing 777,2x4x2,0,2010-09-21,Australia,3.0,1.0,4.0,4.0,,,5.0,,,,,,0,Historical (Pre-2015),Negative,-0.6689,Pre Covid
3756,419,Unknown,World Traveller Plus,Boeing 777,2x4x2,0,2010-02-03,United Kingdom,5.0,5.0,5.0,4.0,,,4.0,,,,,,1,Historical (Pre-2015),Positive,0.9102,Pre Covid
3757,419,Unknown,Economy Class,Unknown,3x4x3,0,2009-10-14,United States,3.0,3.0,4.0,3.0,,,4.0,,,,,,1,Historical (Pre-2015),Positive,0.6597,Pre Covid
3758,419,Unknown,Economy Class,Boeing 777,2x4x2,0,2009-09-20,United States,4.0,4.0,3.0,2.0,,,1.0,,,,,,0,Historical (Pre-2015),Negative,-0.7391,Pre Covid
3759,419,Unknown,World Traveller Plus,Unknown,2x4x2,0,2009-08-12,United Kingdom,4.0,4.0,3.0,4.0,,,4.0,,,,,,1,Historical (Pre-2015),Positive,0.4927,Pre Covid
3760,419,Unknown,Economy Class,Unknown,3x4x3,0,2009-02-07,United States,4.0,3.0,3.0,4.0,,,4.0,,,,,,1,Historical (Pre-2015),Positive,0.9253,Pre Covid
3761,419,Unknown,World Traveller Plus,Boeing 777,2x3x2,0,2009-01-06,United Kingdom,4.0,5.0,4.0,4.0,,,4.0,,,,,,1,Historical (Pre-2015),Positive,0.6049,Pre Covid
